osm_id,name,highway,waterway,aerialway,barrier,man_made,railway,z_order,other_tags
69716059,Strada della Val Campelle,unclassified,,,,,,3.0,"""service""=>""alley"",""surface""=>""gravel"",""width""=>""4"""
69716059,Strada della Val Campelle,unclassified,,,,,,3.0,"""service""=>""alley"",""surface""=>""gravel"",""width""=>""4"""
69716059,Strada della Val Campelle,unclassified,,,,,,3.0,"""service""=>""alley"",""surface""=>""gravel"",""width""=>""4"""
69716059,Strada della Val Campelle,unclassified,,,,,,3.0,"""service""=>""alley"",""surface""=>""gravel"",""width""=>""4"""
69716059,Strada della Val Campelle,unclassified,,,,,,3.0,"""service""=>""alley"",""surface""=>""gravel"",""width""=>""4"""
69716059,Strada della Val Campelle,unclassified,,,,,,3.0,"""service""=>""alley"",""surface""=>""gravel"",""width""=>""4"""
69716059,Strada della Val Campelle,unclassified,,,,,,3.0,"""service""=>""alley"",""surface""=>""gravel"",""width""=>""4"""
69716059,Strada della Val Campelle,unclassified,,,,,,3.0,"""service""=>""alley"",""surface""=>""gravel"",""width""=>""4"""
69716059,Strada della Val Campelle,unclassified,,,,,,3.0,"""service""=>""alley"",""surface""=>""gravel"",""width""=>""4"""
443090971,,,,,fence,,,10.0,"""fence_type""=>""metal"",""handrail""=>""yes"",""layer""=>""1"""
74481089,Ponte Consèria,unclassified,,,,,,23.0,"""bridge""=>""yes"",""bridge:structure""=>""beam"",""layer""=>""1"",""surface""=>""asphalt"",""width""=>""4"""
443090972,,,,,fence,,,10.0,"""fence_type""=>""metal"",""handrail""=>""yes"",""layer""=>""1"""
69716059,Strada della Val Campelle,unclassified,,,,,,3.0,"""service""=>""alley"",""surface""=>""gravel"",""width""=>""4"""
443090971,,,,,fence,,,10.0,"""fence_type""=>""metal"",""handrail""=>""yes"",""layer""=>""1"""
74481089,Ponte Consèria,unclassified,,,,,,23.0,"""bridge""=>""yes"",""bridge:structure""=>""beam"",""layer""=>""1"",""surface""=>""asphalt"",""width""=>""4"""
443090972,,,,,fence,,,10.0,"""fence_type""=>""metal"",""handrail""=>""yes"",""layer""=>""1"""
1346949933,Torrente Maso di Spinelle della Val Conseria,,stream,,,,,0.0,"""boat""=>""no"""
69716059,Strada della Val Campelle,unclassified,,,,,,3.0,"""service""=>""alley"",""surface""=>""gravel"",""width""=>""4"""
443090971,,,,,fence,,,10.0,"""fence_type""=>""metal"",""handrail""=>""yes"",""layer""=>""1"""
74481089,Ponte Consèria,unclassified,,,,,,23.0,"""bridge""=>""yes"",""bridge:structure""=>""beam"",""layer""=>""1"",""surface""=>""asphalt"",""width""=>""4"""
443090972,,,,,fence,,,10.0,"""fence_type""=>""metal"",""handrail""=>""yes"",""layer""=>""1"""
1346949933,Torrente Maso di Spinelle della Val Conseria,,stream,,,,,0.0,"""boat""=>""no"""
443090971,,,,,fence,,,10.0,"""fence_type""=>""metal"",""handrail""=>""yes"",""layer""=>""1"""
74481089,Ponte Consèria,unclassified,,,,,,23.0,"""bridge""=>""yes"",""bridge:structure""=>""beam"",""layer""=>""1"",""surface""=>""asphalt"",""width""=>""4"""
443090972,,,,,fence,,,10.0,"""fence_type""=>""metal"",""handrail""=>""yes"",""layer""=>""1"""
452136605,Strada Forestale Cinque Croci 1,track,,,,,,0.0,"""bicycle""=>""yes"",""designation""=>""IT-TN:strada_forestale_tipo_b"",""emergency""=>""yes"",""forestry""=>""yes"",""motor_vehicle""=>""private"",""surface""=>""asphalt"",""tracktype""=>""grade1"",""width""=>""2.5"""
318817970,,path,,,,,,0.0,"""access""=>""forestry"",""motor_vehicle""=>""forestry"",""surface""=>""gravel"",""tracktype""=>""grade3"",""width""=>""2"""
443090971,,,,,fence,,,10.0,"""fence_type""=>""metal"",""handrail""=>""yes"",""layer""=>""1"""
74481089,Ponte Consèria,unclassified,,,,,,23.0,"""bridge""=>""yes"",""bridge:structure""=>""beam"",""layer""=>""1"",""surface""=>""asphalt"",""width""=>""4"""
443090972,,,,,fence,,,10.0,"""fence_type""=>""metal"",""handrail""=>""yes"",""layer""=>""1"""
452136605,Strada Forestale Cinque Croci 1,track,,,,,,0.0,"""bicycle""=>""yes"",""designation""=>""IT-TN:strada_forestale_tipo_b"",""emergency""=>""yes"",""forestry""=>""yes"",""motor_vehicle""=>""private"",""surface""=>""asphalt"",""tracktype""=>""grade1"",""width""=>""2.5"""
318817973,,track,,,,,,0.0,"""access""=>""forestry"",""motor_vehicle""=>""forestry"",""surface""=>""gravel"",""tracktype""=>""grade2"",""width""=>""2"""
318817970,,path,,,,,,0.0,"""access""=>""forestry"",""motor_vehicle""=>""forestry"",""surface""=>""gravel"",""tracktype""=>""grade3"",""width""=>""2"""
452136605,Strada Forestale Cinque Croci 1,track,,,,,,0.0,"""bicycle""=>""yes"",""designation""=>""IT-TN:strada_forestale_tipo_b"",""emergency""=>""yes"",""forestry""=>""yes"",""motor_vehicle""=>""private"",""surface""=>""asphalt"",""tracktype""=>""grade1"",""width""=>""2.5"""
318817973,,track,,,,,,0.0,"""access""=>""forestry"",""motor_vehicle""=>""forestry"",""surface""=>""gravel"",""tracktype""=>""grade2"",""width""=>""2"""
318817970,,path,,,,,,0.0,"""access""=>""forestry"",""motor_vehicle""=>""forestry"",""surface""=>""gravel"",""tracktype""=>""grade3"",""width""=>""2"""
452136605,Strada Forestale Cinque Croci 1,track,,,,,,0.0,"""bicycle""=>""yes"",""designation""=>""IT-TN:strada_forestale_tipo_b"",""emergency""=>""yes"",""forestry""=>""yes"",""motor_vehicle""=>""private"",""surface""=>""asphalt"",""tracktype""=>""grade1"",""width""=>""2.5"""
318817973,,track,,,,,,0.0,"""access""=>""forestry"",""motor_vehicle""=>""forestry"",""surface""=>""gravel"",""tracktype""=>""grade2"",""width""=>""2"""
997103491,Val Campelle,,,,,,,0.0,"""natural""=>""valley"",""wikidata""=>""Q28671052"",""wikipedia""=>""it:Val Campelle"""
318817970,,path,,,,,,0.0,"""access""=>""forestry"",""motor_vehicle""=>""forestry"",""surface""=>""gravel"",""tracktype""=>""grade3"",""width""=>""2"""
452136605,Strada Forestale Cinque Croci 1,track,,,,,,0.0,"""bicycle""=>""yes"",""designation""=>""IT-TN:strada_forestale_tipo_b"",""emergency""=>""yes"",""forestry""=>""yes"",""motor_vehicle""=>""private"",""surface""=>""asphalt"",""tracktype""=>""grade1"",""width""=>""2.5"""
997103491,Val Campelle,,,,,,,0.0,"""natural""=>""valley"",""wikidata""=>""Q28671052"",""wikipedia""=>""it:Val Campelle"""
452136605,Strada Forestale Cinque Croci 1,track,,,,,,0.0,"""bicycle""=>""yes"",""designation""=>""IT-TN:strada_forestale_tipo_b"",""emergency""=>""yes"",""forestry""=>""yes"",""motor_vehicle""=>""private"",""surface""=>""asphalt"",""tracktype""=>""grade1"",""width""=>""2.5"""
452136605,Strada Forestale Cinque Croci 1,track,,,,,,0.0,"""bicycle""=>""yes"",""designation""=>""IT-TN:strada_forestale_tipo_b"",""emergency""=>""yes"",""forestry""=>""yes"",""motor_vehicle""=>""private"",""surface""=>""asphalt"",""tracktype""=>""grade1"",""width""=>""2.5"""
225902341,Strada Forestale Cinque Croci 1,track,,,,,,0.0,"""bicycle""=>""yes"",""designation""=>""IT-TN:strada_forestale_tipo_b"",""emergency""=>""yes"",""foot""=>""yes"",""forestry""=>""yes"",""motor_vehicle""=>""private"",""surface""=>""asphalt"",""tracktype""=>""grade1"",""width""=>""2.5"""
171059667,,path,,,,,,0.0,"""bicycle""=>""permissive"",""hiking""=>""yes"",""mtb:scale""=>""2"",""sac_scale""=>""mountain_hiking"",""surface""=>""ground"",""tracktype""=>""grade3"",""trail_visibility""=>""good"""
452136605,Strada Forestale Cinque Croci 1,track,,,,,,0.0,"""bicycle""=>""yes"",""designation""=>""IT-TN:strada_forestale_tipo_b"",""emergency""=>""yes"",""forestry""=>""yes"",""motor_vehicle""=>""private"",""surface""=>""asphalt"",""tracktype""=>""grade1"",""width""=>""2.5"""
225902341,Strada Forestale Cinque Croci 1,track,,,,,,0.0,"""bicycle""=>""yes"",""designation""=>""IT-TN:strada_forestale_tipo_b"",""emergency""=>""yes"",""foot""=>""yes"",""forestry""=>""yes"",""motor_vehicle""=>""private"",""surface""=>""asphalt"",""tracktype""=>""grade1"",""width""=>""2.5"""
171059667,,path,,,,,,0.0,"""bicycle""=>""permissive"",""hiking""=>""yes"",""mtb:scale""=>""2"",""sac_scale""=>""mountain_hiking"",""surface""=>""ground"",""tracktype""=>""grade3"",""trail_visibility""=>""good"""
225902341,Strada Forestale Cinque Croci 1,track,,,,,,0.0,"""bicycle""=>""yes"",""designation""=>""IT-TN:strada_forestale_tipo_b"",""emergency""=>""yes"",""foot""=>""yes"",""forestry""=>""yes"",""motor_vehicle""=>""private"",""surface""=>""asphalt"",""tracktype""=>""grade1"",""width""=>""2.5"""
225902341,Strada Forestale Cinque Croci 1,track,,,,,,0.0,"""bicycle""=>""yes"",""designation""=>""IT-TN:strada_forestale_tipo_b"",""emergency""=>""yes"",""foot""=>""yes"",""forestry""=>""yes"",""motor_vehicle""=>""private"",""surface""=>""asphalt"",""tracktype""=>""grade1"",""width""=>""2.5"""
225902341,Strada Forestale Cinque Croci 1,track,,,,,,0.0,"""bicycle""=>""yes"",""designation""=>""IT-TN:strada_forestale_tipo_b"",""emergency""=>""yes"",""foot""=>""yes"",""forestry""=>""yes"",""motor_vehicle""=>""private"",""surface""=>""asphalt"",""tracktype""=>""grade1"",""width""=>""2.5"""
225902341,Strada Forestale Cinque Croci 1,track,,,,,,0.0,"""bicycle""=>""yes"",""designation""=>""IT-TN:strada_forestale_tipo_b"",""emergency""=>""yes"",""foot""=>""yes"",""forestry""=>""yes"",""motor_vehicle""=>""private"",""surface""=>""asphalt"",""tracktype""=>""grade1"",""width""=>""2.5"""
225902341,Strada Forestale Cinque Croci 1,track,,,,,,0.0,"""bicycle""=>""yes"",""designation""=>""IT-TN:strada_forestale_tipo_b"",""emergency""=>""yes"",""foot""=>""yes"",""forestry""=>""yes"",""motor_vehicle""=>""private"",""surface""=>""asphalt"",""tracktype""=>""grade1"",""width""=>""2.5"""
225902341,Strada Forestale Cinque Croci 1,track,,,,,,0.0,"""bicycle""=>""yes"",""designation""=>""IT-TN:strada_forestale_tipo_b"",""emergency""=>""yes"",""foot""=>""yes"",""forestry""=>""yes"",""motor_vehicle""=>""private"",""surface""=>""asphalt"",""tracktype""=>""grade1"",""width""=>""2.5"""
225902341,Strada Forestale Cinque Croci 1,track,,,,,,0.0,"""bicycle""=>""yes"",""designation""=>""IT-TN:strada_forestale_tipo_b"",""emergency""=>""yes"",""foot""=>""yes"",""forestry""=>""yes"",""motor_vehicle""=>""private"",""surface""=>""asphalt"",""tracktype""=>""grade1"",""width""=>""2.5"""
225902341,Strada Forestale Cinque Croci 1,track,,,,,,0.0,"""bicycle""=>""yes"",""designation""=>""IT-TN:strada_forestale_tipo_b"",""emergency""=>""yes"",""foot""=>""yes"",""forestry""=>""yes"",""motor_vehicle""=>""private"",""surface""=>""asphalt"",""tracktype""=>""grade1"",""width""=>""2.5"""
225902341,Strada Forestale Cinque Croci 1,track,,,,,,0.0,"""bicycle""=>""yes"",""designation""=>""IT-TN:strada_forestale_tipo_b"",""emergency""=>""yes"",""foot""=>""yes"",""forestry""=>""yes"",""motor_vehicle""=>""private"",""surface""=>""asphalt"",""tracktype""=>""grade1"",""width""=>""2.5"""
225902341,Strada Forestale Cinque Croci 1,track,,,,,,0.0,"""bicycle""=>""yes"",""designation""=>""IT-TN:strada_forestale_tipo_b"",""emergency""=>""yes"",""foot""=>""yes"",""forestry""=>""yes"",""motor_vehicle""=>""private"",""surface""=>""asphalt"",""tracktype""=>""grade1"",""width""=>""2.5"""
225902341,Strada Forestale Cinque Croci 1,track,,,,,,0.0,"""bicycle""=>""yes"",""designation""=>""IT-TN:strada_forestale_tipo_b"",""emergency""=>""yes"",""foot""=>""yes"",""forestry""=>""yes"",""motor_vehicle""=>""private"",""surface""=>""asphalt"",""tracktype""=>""grade1"",""width""=>""2.5"""
225902341,Strada Forestale Cinque Croci 1,track,,,,,,0.0,"""bicycle""=>""yes"",""designation""=>""IT-TN:strada_forestale_tipo_b"",""emergency""=>""yes"",""foot""=>""yes"",""forestry""=>""yes"",""motor_vehicle""=>""private"",""surface""=>""asphalt"",""tracktype""=>""grade1"",""width""=>""2.5"""
225902341,Strada Forestale Cinque Croci 1,track,,,,,,0.0,"""bicycle""=>""yes"",""designation""=>""IT-TN:strada_forestale_tipo_b"",""emergency""=>""yes"",""foot""=>""yes"",""forestry""=>""yes"",""motor_vehicle""=>""private"",""surface""=>""asphalt"",""tracktype""=>""grade1"",""width""=>""2.5"""
225902341,Strada Forestale Cinque Croci 1,track,,,,,,0.0,"""bicycle""=>""yes"",""designation""=>""IT-TN:strada_forestale_tipo_b"",""emergency""=>""yes"",""foot""=>""yes"",""forestry""=>""yes"",""motor_vehicle""=>""private"",""surface""=>""asphalt"",""tracktype""=>""grade1"",""width""=>""2.5"""
225902341,Strada Forestale Cinque Croci 1,track,,,,,,0.0,"""bicycle""=>""yes"",""designation""=>""IT-TN:strada_forestale_tipo_b"",""emergency""=>""yes"",""foot""=>""yes"",""forestry""=>""yes"",""motor_vehicle""=>""private"",""surface""=>""asphalt"",""tracktype""=>""grade1"",""width""=>""2.5"""
225902341,Strada Forestale Cinque Croci 1,track,,,,,,0.0,"""bicycle""=>""yes"",""designation""=>""IT-TN:strada_forestale_tipo_b"",""emergency""=>""yes"",""foot""=>""yes"",""forestry""=>""yes"",""motor_vehicle""=>""private"",""surface""=>""asphalt"",""tracktype""=>""grade1"",""width""=>""2.5"""
225902341,Strada Forestale Cinque Croci 1,track,,,,,,0.0,"""bicycle""=>""yes"",""designation""=>""IT-TN:strada_forestale_tipo_b"",""emergency""=>""yes"",""foot""=>""yes"",""forestry""=>""yes"",""motor_vehicle""=>""private"",""surface""=>""asphalt"",""tracktype""=>""grade1"",""width""=>""2.5"""
225902341,Strada Forestale Cinque Croci 1,track,,,,,,0.0,"""bicycle""=>""yes"",""designation""=>""IT-TN:strada_forestale_tipo_b"",""emergency""=>""yes"",""foot""=>""yes"",""forestry""=>""yes"",""motor_vehicle""=>""private"",""surface""=>""asphalt"",""tracktype""=>""grade1"",""width""=>""2.5"""
225902341,Strada Forestale Cinque Croci 1,track,,,,,,0.0,"""bicycle""=>""yes"",""designation""=>""IT-TN:strada_forestale_tipo_b"",""emergency""=>""yes"",""foot""=>""yes"",""forestry""=>""yes"",""motor_vehicle""=>""private"",""surface""=>""asphalt"",""tracktype""=>""grade1"",""width""=>""2.5"""
225902341,Strada Forestale Cinque Croci 1,track,,,,,,0.0,"""bicycle""=>""yes"",""designation""=>""IT-TN:strada_forestale_tipo_b"",""emergency""=>""yes"",""foot""=>""yes"",""forestry""=>""yes"",""motor_vehicle""=>""private"",""surface""=>""asphalt"",""tracktype""=>""grade1"",""width""=>""2.5"""
225902341,Strada Forestale Cinque Croci 1,track,,,,,,0.0,"""bicycle""=>""yes"",""designation""=>""IT-TN:strada_forestale_tipo_b"",""emergency""=>""yes"",""foot""=>""yes"",""forestry""=>""yes"",""motor_vehicle""=>""private"",""surface""=>""asphalt"",""tracktype""=>""grade1"",""width""=>""2.5"""
225902341,Strada Forestale Cinque Croci 1,track,,,,,,0.0,"""bicycle""=>""yes"",""designation""=>""IT-TN:strada_forestale_tipo_b"",""emergency""=>""yes"",""foot""=>""yes"",""forestry""=>""yes"",""motor_vehicle""=>""private"",""surface""=>""asphalt"",""tracktype""=>""grade1"",""width""=>""2.5"""
225902341,Strada Forestale Cinque Croci 1,track,,,,,,0.0,"""bicycle""=>""yes"",""designation""=>""IT-TN:strada_forestale_tipo_b"",""emergency""=>""yes"",""foot""=>""yes"",""forestry""=>""yes"",""motor_vehicle""=>""private"",""surface""=>""asphalt"",""tracktype""=>""grade1"",""width""=>""2.5"""
225902341,Strada Forestale Cinque Croci 1,track,,,,,,0.0,"""bicycle""=>""yes"",""designation""=>""IT-TN:strada_forestale_tipo_b"",""emergency""=>""yes"",""foot""=>""yes"",""forestry""=>""yes"",""motor_vehicle""=>""private"",""surface""=>""asphalt"",""tracktype""=>""grade1"",""width""=>""2.5"""
225902341,Strada Forestale Cinque Croci 1,track,,,,,,0.0,"""bicycle""=>""yes"",""designation""=>""IT-TN:strada_forestale_tipo_b"",""emergency""=>""yes"",""foot""=>""yes"",""forestry""=>""yes"",""motor_vehicle""=>""private"",""surface""=>""asphalt"",""tracktype""=>""grade1"",""width""=>""2.5"""
225902341,Strada Forestale Cinque Croci 1,track,,,,,,0.0,"""bicycle""=>""yes"",""designation""=>""IT-TN:strada_forestale_tipo_b"",""emergency""=>""yes"",""foot""=>""yes"",""forestry""=>""yes"",""motor_vehicle""=>""private"",""surface""=>""asphalt"",""tracktype""=>""grade1"",""width""=>""2.5"""
225902341,Strada Forestale Cinque Croci 1,track,,,,,,0.0,"""bicycle""=>""yes"",""designation""=>""IT-TN:strada_forestale_tipo_b"",""emergency""=>""yes"",""foot""=>""yes"",""forestry""=>""yes"",""motor_vehicle""=>""private"",""surface""=>""asphalt"",""tracktype""=>""grade1"",""width""=>""2.5"""
225902341,Strada Forestale Cinque Croci 1,track,,,,,,0.0,"""bicycle""=>""yes"",""designation""=>""IT-TN:strada_forestale_tipo_b"",""emergency""=>""yes"",""foot""=>""yes"",""forestry""=>""yes"",""motor_vehicle""=>""private"",""surface""=>""asphalt"",""tracktype""=>""grade1"",""width""=>""2.5"""
225902341,Strada Forestale Cinque Croci 1,track,,,,,,0.0,"""bicycle""=>""yes"",""designation""=>""IT-TN:strada_forestale_tipo_b"",""emergency""=>""yes"",""foot""=>""yes"",""forestry""=>""yes"",""motor_vehicle""=>""private"",""surface""=>""asphalt"",""tracktype""=>""grade1"",""width""=>""2.5"""
225902341,Strada Forestale Cinque Croci 1,track,,,,,,0.0,"""bicycle""=>""yes"",""designation""=>""IT-TN:strada_forestale_tipo_b"",""emergency""=>""yes"",""foot""=>""yes"",""forestry""=>""yes"",""motor_vehicle""=>""private"",""surface""=>""asphalt"",""tracktype""=>""grade1"",""width""=>""2.5"""
225902341,Strada Forestale Cinque Croci 1,track,,,,,,0.0,"""bicycle""=>""yes"",""designation""=>""IT-TN:strada_forestale_tipo_b"",""emergency""=>""yes"",""foot""=>""yes"",""forestry""=>""yes"",""motor_vehicle""=>""private"",""surface""=>""asphalt"",""tracktype""=>""grade1"",""width""=>""2.5"""
225902341,Strada Forestale Cinque Croci 1,track,,,,,,0.0,"""bicycle""=>""yes"",""designation""=>""IT-TN:strada_forestale_tipo_b"",""emergency""=>""yes"",""foot""=>""yes"",""forestry""=>""yes"",""motor_vehicle""=>""private"",""surface""=>""asphalt"",""tracktype""=>""grade1"",""width""=>""2.5"""
225902341,Strada Forestale Cinque Croci 1,track,,,,,,0.0,"""bicycle""=>""yes"",""designation""=>""IT-TN:strada_forestale_tipo_b"",""emergency""=>""yes"",""foot""=>""yes"",""forestry""=>""yes"",""motor_vehicle""=>""private"",""surface""=>""asphalt"",""tracktype""=>""grade1"",""width""=>""2.5"""
225902341,Strada Forestale Cinque Croci 1,track,,,,,,0.0,"""bicycle""=>""yes"",""designation""=>""IT-TN:strada_forestale_tipo_b"",""emergency""=>""yes"",""foot""=>""yes"",""forestry""=>""yes"",""motor_vehicle""=>""private"",""surface""=>""asphalt"",""tracktype""=>""grade1"",""width""=>""2.5"""
225902341,Strada Forestale Cinque Croci 1,track,,,,,,0.0,"""bicycle""=>""yes"",""designation""=>""IT-TN:strada_forestale_tipo_b"",""emergency""=>""yes"",""foot""=>""yes"",""forestry""=>""yes"",""motor_vehicle""=>""private"",""surface""=>""asphalt"",""tracktype""=>""grade1"",""width""=>""2.5"""
225902341,Strada Forestale Cinque Croci 1,track,,,,,,0.0,"""bicycle""=>""yes"",""designation""=>""IT-TN:strada_forestale_tipo_b"",""emergency""=>""yes"",""foot""=>""yes"",""forestry""=>""yes"",""motor_vehicle""=>""private"",""surface""=>""asphalt"",""tracktype""=>""grade1"",""width""=>""2.5"""
225902341,Strada Forestale Cinque Croci 1,track,,,,,,0.0,"""bicycle""=>""yes"",""designation""=>""IT-TN:strada_forestale_tipo_b"",""emergency""=>""yes"",""foot""=>""yes"",""forestry""=>""yes"",""motor_vehicle""=>""private"",""surface""=>""asphalt"",""tracktype""=>""grade1"",""width""=>""2.5"""
225902341,Strada Forestale Cinque Croci 1,track,,,,,,0.0,"""bicycle""=>""yes"",""designation""=>""IT-TN:strada_forestale_tipo_b"",""emergency""=>""yes"",""foot""=>""yes"",""forestry""=>""yes"",""motor_vehicle""=>""private"",""surface""=>""asphalt"",""tracktype""=>""grade1"",""width""=>""2.5"""
453977397,Strada Forestale Cinque Croci 1,track,,,,,,0.0,"""bicycle""=>""yes"",""designation""=>""IT-TN:strada_forestale_tipo_b"",""emergency""=>""yes"",""foot""=>""yes"",""forestry""=>""yes"",""motor_vehicle""=>""private"",""surface""=>""asphalt"",""tracktype""=>""grade1"",""width""=>""2.5"""
225902341,Strada Forestale Cinque Croci 1,track,,,,,,0.0,"""bicycle""=>""yes"",""designation""=>""IT-TN:strada_forestale_tipo_b"",""emergency""=>""yes"",""foot""=>""yes"",""forestry""=>""yes"",""motor_vehicle""=>""private"",""surface""=>""asphalt"",""tracktype""=>""grade1"",""width""=>""2.5"""
453977397,Strada Forestale Cinque Croci 1,track,,,,,,0.0,"""bicycle""=>""yes"",""designation""=>""IT-TN:strada_forestale_tipo_b"",""emergency""=>""yes"",""foot""=>""yes"",""forestry""=>""yes"",""motor_vehicle""=>""private"",""surface""=>""asphalt"",""tracktype""=>""grade1"",""width""=>""2.5"""
225902341,Strada Forestale Cinque Croci 1,track,,,,,,0.0,"""bicycle""=>""yes"",""designation""=>""IT-TN:strada_forestale_tipo_b"",""emergency""=>""yes"",""foot""=>""yes"",""forestry""=>""yes"",""motor_vehicle""=>""private"",""surface""=>""asphalt"",""tracktype""=>""grade1"",""width""=>""2.5"""
453977397,Strada Forestale Cinque Croci 1,track,,,,,,0.0,"""bicycle""=>""yes"",""designation""=>""IT-TN:strada_forestale_tipo_b"",""emergency""=>""yes"",""foot""=>""yes"",""forestry""=>""yes"",""motor_vehicle""=>""private"",""surface""=>""asphalt"",""tracktype""=>""grade1"",""width""=>""2.5"""
225902341,Strada Forestale Cinque Croci 1,track,,,,,,0.0,"""bicycle""=>""yes"",""designation""=>""IT-TN:strada_forestale_tipo_b"",""emergency""=>""yes"",""foot""=>""yes"",""forestry""=>""yes"",""motor_vehicle""=>""private"",""surface""=>""asphalt"",""tracktype""=>""grade1"",""width""=>""2.5"""
453977397,Strada Forestale Cinque Croci 1,track,,,,,,0.0,"""bicycle""=>""yes"",""designation""=>""IT-TN:strada_forestale_tipo_b"",""emergency""=>""yes"",""foot""=>""yes"",""forestry""=>""yes"",""motor_vehicle""=>""private"",""surface""=>""asphalt"",""tracktype""=>""grade1"",""width""=>""2.5"""
225902341,Strada Forestale Cinque Croci 1,track,,,,,,0.0,"""bicycle""=>""yes"",""designation""=>""IT-TN:strada_forestale_tipo_b"",""emergency""=>""yes"",""foot""=>""yes"",""forestry""=>""yes"",""motor_vehicle""=>""private"",""surface""=>""asphalt"",""tracktype""=>""grade1"",""width""=>""2.5"""
171059667,,path,,,,,,0.0,"""bicycle""=>""permissive"",""hiking""=>""yes"",""mtb:scale""=>""2"",""sac_scale""=>""mountain_hiking"",""surface""=>""ground"",""tracktype""=>""grade3"",""trail_visibility""=>""good"""
453977397,Strada Forestale Cinque Croci 1,track,,,,,,0.0,"""bicycle""=>""yes"",""designation""=>""IT-TN:strada_forestale_tipo_b"",""emergency""=>""yes"",""foot""=>""yes"",""forestry""=>""yes"",""motor_vehicle""=>""private"",""surface""=>""asphalt"",""tracktype""=>""grade1"",""width""=>""2.5"""
171059665,Strada Forestale Conseria,track,,,,,,0.0,"""bicycle""=>""yes"",""designation""=>""IT-TN:strada_forestale_tipo_a"",""emergency""=>""yes"",""forestry""=>""yes"",""horse""=>""yes"",""motor_vehicle""=>""forestry"",""sac_scale""=>""hiking"",""surface""=>""unpaved"",""tracktype""=>""grade4"",""width""=>""2.5"""
225902341,Strada Forestale Cinque Croci 1,track,,,,,,0.0,"""bicycle""=>""yes"",""designation""=>""IT-TN:strada_forestale_tipo_b"",""emergency""=>""yes"",""foot""=>""yes"",""forestry""=>""yes"",""motor_vehicle""=>""private"",""surface""=>""asphalt"",""tracktype""=>""grade1"",""width""=>""2.5"""
171059667,,path,,,,,,0.0,"""bicycle""=>""permissive"",""hiking""=>""yes"",""mtb:scale""=>""2"",""sac_scale""=>""mountain_hiking"",""surface""=>""ground"",""tracktype""=>""grade3"",""trail_visibility""=>""good"""
453977397,Strada Forestale Cinque Croci 1,track,,,,,,0.0,"""bicycle""=>""yes"",""designation""=>""IT-TN:strada_forestale_tipo_b"",""emergency""=>""yes"",""foot""=>""yes"",""forestry""=>""yes"",""motor_vehicle""=>""private"",""surface""=>""asphalt"",""tracktype""=>""grade1"",""width""=>""2.5"""
171059665,Strada Forestale Conseria,track,,,,,,0.0,"""bicycle""=>""yes"",""designation""=>""IT-TN:strada_forestale_tipo_a"",""emergency""=>""yes"",""forestry""=>""yes"",""horse""=>""yes"",""motor_vehicle""=>""forestry"",""sac_scale""=>""hiking"",""surface""=>""unpaved"",""tracktype""=>""grade4"",""width""=>""2.5"""
225902341,Strada Forestale Cinque Croci 1,track,,,,,,0.0,"""bicycle""=>""yes"",""designation""=>""IT-TN:strada_forestale_tipo_b"",""emergency""=>""yes"",""foot""=>""yes"",""forestry""=>""yes"",""motor_vehicle""=>""private"",""surface""=>""asphalt"",""tracktype""=>""grade1"",""width""=>""2.5"""
171059667,,path,,,,,,0.0,"""bicycle""=>""permissive"",""hiking""=>""yes"",""mtb:scale""=>""2"",""sac_scale""=>""mountain_hiking"",""surface""=>""ground"",""tracktype""=>""grade3"",""trail_visibility""=>""good"""
453977397,Strada Forestale Cinque Croci 1,track,,,,,,0.0,"""bicycle""=>""yes"",""designation""=>""IT-TN:strada_forestale_tipo_b"",""emergency""=>""yes"",""foot""=>""yes"",""forestry""=>""yes"",""motor_vehicle""=>""private"",""surface""=>""asphalt"",""tracktype""=>""grade1"",""width""=>""2.5"""
171059665,Strada Forestale Conseria,track,,,,,,0.0,"""bicycle""=>""yes"",""designation""=>""IT-TN:strada_forestale_tipo_a"",""emergency""=>""yes"",""forestry""=>""yes"",""horse""=>""yes"",""motor_vehicle""=>""forestry"",""sac_scale""=>""hiking"",""surface""=>""unpaved"",""tracktype""=>""grade4"",""width""=>""2.5"""
225902341,Strada Forestale Cinque Croci 1,track,,,,,,0.0,"""bicycle""=>""yes"",""designation""=>""IT-TN:strada_forestale_tipo_b"",""emergency""=>""yes"",""foot""=>""yes"",""forestry""=>""yes"",""motor_vehicle""=>""private"",""surface""=>""asphalt"",""tracktype""=>""grade1"",""width""=>""2.5"""
171059667,,path,,,,,,0.0,"""bicycle""=>""permissive"",""hiking""=>""yes"",""mtb:scale""=>""2"",""sac_scale""=>""mountain_hiking"",""surface""=>""ground"",""tracktype""=>""grade3"",""trail_visibility""=>""good"""
453977397,Strada Forestale Cinque Croci 1,track,,,,,,0.0,"""bicycle""=>""yes"",""designation""=>""IT-TN:strada_forestale_tipo_b"",""emergency""=>""yes"",""foot""=>""yes"",""forestry""=>""yes"",""motor_vehicle""=>""private"",""surface""=>""asphalt"",""tracktype""=>""grade1"",""width""=>""2.5"""
171059665,Strada Forestale Conseria,track,,,,,,0.0,"""bicycle""=>""yes"",""designation""=>""IT-TN:strada_forestale_tipo_a"",""emergency""=>""yes"",""forestry""=>""yes"",""horse""=>""yes"",""motor_vehicle""=>""forestry"",""sac_scale""=>""hiking"",""surface""=>""unpaved"",""tracktype""=>""grade4"",""width""=>""2.5"""
225902341,Strada Forestale Cinque Croci 1,track,,,,,,0.0,"""bicycle""=>""yes"",""designation""=>""IT-TN:strada_forestale_tipo_b"",""emergency""=>""yes"",""foot""=>""yes"",""forestry""=>""yes"",""motor_vehicle""=>""private"",""surface""=>""asphalt"",""tracktype""=>""grade1"",""width""=>""2.5"""
171059667,,path,,,,,,0.0,"""bicycle""=>""permissive"",""hiking""=>""yes"",""mtb:scale""=>""2"",""sac_scale""=>""mountain_hiking"",""surface""=>""ground"",""tracktype""=>""grade3"",""trail_visibility""=>""good"""
453977397,Strada Forestale Cinque Croci 1,track,,,,,,0.0,"""bicycle""=>""yes"",""designation""=>""IT-TN:strada_forestale_tipo_b"",""emergency""=>""yes"",""foot""=>""yes"",""forestry""=>""yes"",""motor_vehicle""=>""private"",""surface""=>""asphalt"",""tracktype""=>""grade1"",""width""=>""2.5"""
171059665,Strada Forestale Conseria,track,,,,,,0.0,"""bicycle""=>""yes"",""designation""=>""IT-TN:strada_forestale_tipo_a"",""emergency""=>""yes"",""forestry""=>""yes"",""horse""=>""yes"",""motor_vehicle""=>""forestry"",""sac_scale""=>""hiking"",""surface""=>""unpaved"",""tracktype""=>""grade4"",""width""=>""2.5"""
225902341,Strada Forestale Cinque Croci 1,track,,,,,,0.0,"""bicycle""=>""yes"",""designation""=>""IT-TN:strada_forestale_tipo_b"",""emergency""=>""yes"",""foot""=>""yes"",""forestry""=>""yes"",""motor_vehicle""=>""private"",""surface""=>""asphalt"",""tracktype""=>""grade1"",""width""=>""2.5"""
453977397,Strada Forestale Cinque Croci 1,track,,,,,,0.0,"""bicycle""=>""yes"",""designation""=>""IT-TN:strada_forestale_tipo_b"",""emergency""=>""yes"",""foot""=>""yes"",""forestry""=>""yes"",""motor_vehicle""=>""private"",""surface""=>""asphalt"",""tracktype""=>""grade1"",""width""=>""2.5"""
225902341,Strada Forestale Cinque Croci 1,track,,,,,,0.0,"""bicycle""=>""yes"",""designation""=>""IT-TN:strada_forestale_tipo_b"",""emergency""=>""yes"",""foot""=>""yes"",""forestry""=>""yes"",""motor_vehicle""=>""private"",""surface""=>""asphalt"",""tracktype""=>""grade1"",""width""=>""2.5"""
453977397,Strada Forestale Cinque Croci 1,track,,,,,,0.0,"""bicycle""=>""yes"",""designation""=>""IT-TN:strada_forestale_tipo_b"",""emergency""=>""yes"",""foot""=>""yes"",""forestry""=>""yes"",""motor_vehicle""=>""private"",""surface""=>""asphalt"",""tracktype""=>""grade1"",""width""=>""2.5"""
453977397,Strada Forestale Cinque Croci 1,track,,,,,,0.0,"""bicycle""=>""yes"",""designation""=>""IT-TN:strada_forestale_tipo_b"",""emergency""=>""yes"",""foot""=>""yes"",""forestry""=>""yes"",""motor_vehicle""=>""private"",""surface""=>""asphalt"",""tracktype""=>""grade1"",""width""=>""2.5"""
453977397,Strada Forestale Cinque Croci 1,track,,,,,,0.0,"""bicycle""=>""yes"",""designation""=>""IT-TN:strada_forestale_tipo_b"",""emergency""=>""yes"",""foot""=>""yes"",""forestry""=>""yes"",""motor_vehicle""=>""private"",""surface""=>""asphalt"",""tracktype""=>""grade1"",""width""=>""2.5"""
453977397,Strada Forestale Cinque Croci 1,track,,,,,,0.0,"""bicycle""=>""yes"",""designation""=>""IT-TN:strada_forestale_tipo_b"",""emergency""=>""yes"",""foot""=>""yes"",""forestry""=>""yes"",""motor_vehicle""=>""private"",""surface""=>""asphalt"",""tracktype""=>""grade1"",""width""=>""2.5"""
453977397,Strada Forestale Cinque Croci 1,track,,,,,,0.0,"""bicycle""=>""yes"",""designation""=>""IT-TN:strada_forestale_tipo_b"",""emergency""=>""yes"",""foot""=>""yes"",""forestry""=>""yes"",""motor_vehicle""=>""private"",""surface""=>""asphalt"",""tracktype""=>""grade1"",""width""=>""2.5"""
453977397,Strada Forestale Cinque Croci 1,track,,,,,,0.0,"""bicycle""=>""yes"",""designation""=>""IT-TN:strada_forestale_tipo_b"",""emergency""=>""yes"",""foot""=>""yes"",""forestry""=>""yes"",""motor_vehicle""=>""private"",""surface""=>""asphalt"",""tracktype""=>""grade1"",""width""=>""2.5"""
453977397,Strada Forestale Cinque Croci 1,track,,,,,,0.0,"""bicycle""=>""yes"",""designation""=>""IT-TN:strada_forestale_tipo_b"",""emergency""=>""yes"",""foot""=>""yes"",""forestry""=>""yes"",""motor_vehicle""=>""private"",""surface""=>""asphalt"",""tracktype""=>""grade1"",""width""=>""2.5"""
453977397,Strada Forestale Cinque Croci 1,track,,,,,,0.0,"""bicycle""=>""yes"",""designation""=>""IT-TN:strada_forestale_tipo_b"",""emergency""=>""yes"",""foot""=>""yes"",""forestry""=>""yes"",""motor_vehicle""=>""private"",""surface""=>""asphalt"",""tracktype""=>""grade1"",""width""=>""2.5"""
453977397,Strada Forestale Cinque Croci 1,track,,,,,,0.0,"""bicycle""=>""yes"",""designation""=>""IT-TN:strada_forestale_tipo_b"",""emergency""=>""yes"",""foot""=>""yes"",""forestry""=>""yes"",""motor_vehicle""=>""private"",""surface""=>""asphalt"",""tracktype""=>""grade1"",""width""=>""2.5"""
453977397,Strada Forestale Cinque Croci 1,track,,,,,,0.0,"""bicycle""=>""yes"",""designation""=>""IT-TN:strada_forestale_tipo_b"",""emergency""=>""yes"",""foot""=>""yes"",""forestry""=>""yes"",""motor_vehicle""=>""private"",""surface""=>""asphalt"",""tracktype""=>""grade1"",""width""=>""2.5"""
453977397,Strada Forestale Cinque Croci 1,track,,,,,,0.0,"""bicycle""=>""yes"",""designation""=>""IT-TN:strada_forestale_tipo_b"",""emergency""=>""yes"",""foot""=>""yes"",""forestry""=>""yes"",""motor_vehicle""=>""private"",""surface""=>""asphalt"",""tracktype""=>""grade1"",""width""=>""2.5"""
453977397,Strada Forestale Cinque Croci 1,track,,,,,,0.0,"""bicycle""=>""yes"",""designation""=>""IT-TN:strada_forestale_tipo_b"",""emergency""=>""yes"",""foot""=>""yes"",""forestry""=>""yes"",""motor_vehicle""=>""private"",""surface""=>""asphalt"",""tracktype""=>""grade1"",""width""=>""2.5"""
453977397,Strada Forestale Cinque Croci 1,track,,,,,,0.0,"""bicycle""=>""yes"",""designation""=>""IT-TN:strada_forestale_tipo_b"",""emergency""=>""yes"",""foot""=>""yes"",""forestry""=>""yes"",""motor_vehicle""=>""private"",""surface""=>""asphalt"",""tracktype""=>""grade1"",""width""=>""2.5"""
453977397,Strada Forestale Cinque Croci 1,track,,,,,,0.0,"""bicycle""=>""yes"",""designation""=>""IT-TN:strada_forestale_tipo_b"",""emergency""=>""yes"",""foot""=>""yes"",""forestry""=>""yes"",""motor_vehicle""=>""private"",""surface""=>""asphalt"",""tracktype""=>""grade1"",""width""=>""2.5"""
453977397,Strada Forestale Cinque Croci 1,track,,,,,,0.0,"""bicycle""=>""yes"",""designation""=>""IT-TN:strada_forestale_tipo_b"",""emergency""=>""yes"",""foot""=>""yes"",""forestry""=>""yes"",""motor_vehicle""=>""private"",""surface""=>""asphalt"",""tracktype""=>""grade1"",""width""=>""2.5"""
453977397,Strada Forestale Cinque Croci 1,track,,,,,,0.0,"""bicycle""=>""yes"",""designation""=>""IT-TN:strada_forestale_tipo_b"",""emergency""=>""yes"",""foot""=>""yes"",""forestry""=>""yes"",""motor_vehicle""=>""private"",""surface""=>""asphalt"",""tracktype""=>""grade1"",""width""=>""2.5"""
453977397,Strada Forestale Cinque Croci 1,track,,,,,,0.0,"""bicycle""=>""yes"",""designation""=>""IT-TN:strada_forestale_tipo_b"",""emergency""=>""yes"",""foot""=>""yes"",""forestry""=>""yes"",""motor_vehicle""=>""private"",""surface""=>""asphalt"",""tracktype""=>""grade1"",""width""=>""2.5"""
453977397,Strada Forestale Cinque Croci 1,track,,,,,,0.0,"""bicycle""=>""yes"",""designation""=>""IT-TN:strada_forestale_tipo_b"",""emergency""=>""yes"",""foot""=>""yes"",""forestry""=>""yes"",""motor_vehicle""=>""private"",""surface""=>""asphalt"",""tracktype""=>""grade1"",""width""=>""2.5"""
453977397,Strada Forestale Cinque Croci 1,track,,,,,,0.0,"""bicycle""=>""yes"",""designation""=>""IT-TN:strada_forestale_tipo_b"",""emergency""=>""yes"",""foot""=>""yes"",""forestry""=>""yes"",""motor_vehicle""=>""private"",""surface""=>""asphalt"",""tracktype""=>""grade1"",""width""=>""2.5"""
453977397,Strada Forestale Cinque Croci 1,track,,,,,,0.0,"""bicycle""=>""yes"",""designation""=>""IT-TN:strada_forestale_tipo_b"",""emergency""=>""yes"",""foot""=>""yes"",""forestry""=>""yes"",""motor_vehicle""=>""private"",""surface""=>""asphalt"",""tracktype""=>""grade1"",""width""=>""2.5"""
453977397,Strada Forestale Cinque Croci 1,track,,,,,,0.0,"""bicycle""=>""yes"",""designation""=>""IT-TN:strada_forestale_tipo_b"",""emergency""=>""yes"",""foot""=>""yes"",""forestry""=>""yes"",""motor_vehicle""=>""private"",""surface""=>""asphalt"",""tracktype""=>""grade1"",""width""=>""2.5"""
453977397,Strada Forestale Cinque Croci 1,track,,,,,,0.0,"""bicycle""=>""yes"",""designation""=>""IT-TN:strada_forestale_tipo_b"",""emergency""=>""yes"",""foot""=>""yes"",""forestry""=>""yes"",""motor_vehicle""=>""private"",""surface""=>""asphalt"",""tracktype""=>""grade1"",""width""=>""2.5"""
453977397,Strada Forestale Cinque Croci 1,track,,,,,,0.0,"""bicycle""=>""yes"",""designation""=>""IT-TN:strada_forestale_tipo_b"",""emergency""=>""yes"",""foot""=>""yes"",""forestry""=>""yes"",""motor_vehicle""=>""private"",""surface""=>""asphalt"",""tracktype""=>""grade1"",""width""=>""2.5"""
453977397,Strada Forestale Cinque Croci 1,track,,,,,,0.0,"""bicycle""=>""yes"",""designation""=>""IT-TN:strada_forestale_tipo_b"",""emergency""=>""yes"",""foot""=>""yes"",""forestry""=>""yes"",""motor_vehicle""=>""private"",""surface""=>""asphalt"",""tracktype""=>""grade1"",""width""=>""2.5"""
453977397,Strada Forestale Cinque Croci 1,track,,,,,,0.0,"""bicycle""=>""yes"",""designation""=>""IT-TN:strada_forestale_tipo_b"",""emergency""=>""yes"",""foot""=>""yes"",""forestry""=>""yes"",""motor_vehicle""=>""private"",""surface""=>""asphalt"",""tracktype""=>""grade1"",""width""=>""2.5"""
453977397,Strada Forestale Cinque Croci 1,track,,,,,,0.0,"""bicycle""=>""yes"",""designation""=>""IT-TN:strada_forestale_tipo_b"",""emergency""=>""yes"",""foot""=>""yes"",""forestry""=>""yes"",""motor_vehicle""=>""private"",""surface""=>""asphalt"",""tracktype""=>""grade1"",""width""=>""2.5"""
453977397,Strada Forestale Cinque Croci 1,track,,,,,,0.0,"""bicycle""=>""yes"",""designation""=>""IT-TN:strada_forestale_tipo_b"",""emergency""=>""yes"",""foot""=>""yes"",""forestry""=>""yes"",""motor_vehicle""=>""private"",""surface""=>""asphalt"",""tracktype""=>""grade1"",""width""=>""2.5"""
1141323936,Strada Forestale Cinque Croci 1,track,,,,,,0.0,"""bicycle""=>""yes"",""designation""=>""IT-TN:strada_forestale_tipo_b"",""emergency""=>""yes"",""foot""=>""yes"",""forestry""=>""yes"",""motor_vehicle""=>""private"",""surface""=>""asphalt"",""tracktype""=>""grade1"",""width""=>""2.5"""
1141323935,,path,,,,,,0.0,"""trail_visibility""=>""intermediate"""
453977397,Strada Forestale Cinque Croci 1,track,,,,,,0.0,"""bicycle""=>""yes"",""designation""=>""IT-TN:strada_forestale_tipo_b"",""emergency""=>""yes"",""foot""=>""yes"",""forestry""=>""yes"",""motor_vehicle""=>""private"",""surface""=>""asphalt"",""tracktype""=>""grade1"",""width""=>""2.5"""
1141323936,Strada Forestale Cinque Croci 1,track,,,,,,0.0,"""bicycle""=>""yes"",""designation""=>""IT-TN:strada_forestale_tipo_b"",""emergency""=>""yes"",""foot""=>""yes"",""forestry""=>""yes"",""motor_vehicle""=>""private"",""surface""=>""asphalt"",""tracktype""=>""grade1"",""width""=>""2.5"""
1141323935,,path,,,,,,0.0,"""trail_visibility""=>""intermediate"""
453977397,Strada Forestale Cinque Croci 1,track,,,,,,0.0,"""bicycle""=>""yes"",""designation""=>""IT-TN:strada_forestale_tipo_b"",""emergency""=>""yes"",""foot""=>""yes"",""forestry""=>""yes"",""motor_vehicle""=>""private"",""surface""=>""asphalt"",""tracktype""=>""grade1"",""width""=>""2.5"""
1141323936,Strada Forestale Cinque Croci 1,track,,,,,,0.0,"""bicycle""=>""yes"",""designation""=>""IT-TN:strada_forestale_tipo_b"",""emergency""=>""yes"",""foot""=>""yes"",""forestry""=>""yes"",""motor_vehicle""=>""private"",""surface""=>""asphalt"",""tracktype""=>""grade1"",""width""=>""2.5"""
1141323936,Strada Forestale Cinque Croci 1,track,,,,,,0.0,"""bicycle""=>""yes"",""designation""=>""IT-TN:strada_forestale_tipo_b"",""emergency""=>""yes"",""foot""=>""yes"",""forestry""=>""yes"",""motor_vehicle""=>""private"",""surface""=>""asphalt"",""tracktype""=>""grade1"",""width""=>""2.5"""
1141323936,Strada Forestale Cinque Croci 1,track,,,,,,0.0,"""bicycle""=>""yes"",""designation""=>""IT-TN:strada_forestale_tipo_b"",""emergency""=>""yes"",""foot""=>""yes"",""forestry""=>""yes"",""motor_vehicle""=>""private"",""surface""=>""asphalt"",""tracktype""=>""grade1"",""width""=>""2.5"""
453977395,Strada Forestale Valsorda 1,track,,,,,,0.0,"""bicycle""=>""yes"",""designation""=>""IT-TN:strada_forestale_tipo_b"",""emergency""=>""yes"",""foot""=>""yes"",""forestry""=>""yes"",""motor_vehicle""=>""private"",""surface""=>""gravel"",""tracktype""=>""grade2"",""width""=>""2.5"""
1141323936,Strada Forestale Cinque Croci 1,track,,,,,,0.0,"""bicycle""=>""yes"",""designation""=>""IT-TN:strada_forestale_tipo_b"",""emergency""=>""yes"",""foot""=>""yes"",""forestry""=>""yes"",""motor_vehicle""=>""private"",""surface""=>""asphalt"",""tracktype""=>""grade1"",""width""=>""2.5"""
453977395,Strada Forestale Valsorda 1,track,,,,,,0.0,"""bicycle""=>""yes"",""designation""=>""IT-TN:strada_forestale_tipo_b"",""emergency""=>""yes"",""foot""=>""yes"",""forestry""=>""yes"",""motor_vehicle""=>""private"",""surface""=>""gravel"",""tracktype""=>""grade2"",""width""=>""2.5"""
27987717,,,,,,,,0.0,"""admin_level""=>""8"",""boundary""=>""administrative"",""name:left""=>""Scurelle"",""name:right""=>""Pieve Tesino"""
453977395,Strada Forestale Valsorda 1,track,,,,,,0.0,"""bicycle""=>""yes"",""designation""=>""IT-TN:strada_forestale_tipo_b"",""emergency""=>""yes"",""foot""=>""yes"",""forestry""=>""yes"",""motor_vehicle""=>""private"",""surface""=>""gravel"",""tracktype""=>""grade2"",""width""=>""2.5"""
27987717,,,,,,,,0.0,"""admin_level""=>""8"",""boundary""=>""administrative"",""name:left""=>""Scurelle"",""name:right""=>""Pieve Tesino"""
453977395,Strada Forestale Valsorda 1,track,,,,,,0.0,"""bicycle""=>""yes"",""designation""=>""IT-TN:strada_forestale_tipo_b"",""emergency""=>""yes"",""foot""=>""yes"",""forestry""=>""yes"",""motor_vehicle""=>""private"",""surface""=>""gravel"",""tracktype""=>""grade2"",""width""=>""2.5"""
453977395,Strada Forestale Valsorda 1,track,,,,,,0.0,"""bicycle""=>""yes"",""designation""=>""IT-TN:strada_forestale_tipo_b"",""emergency""=>""yes"",""foot""=>""yes"",""forestry""=>""yes"",""motor_vehicle""=>""private"",""surface""=>""gravel"",""tracktype""=>""grade2"",""width""=>""2.5"""
453977395,Strada Forestale Valsorda 1,track,,,,,,0.0,"""bicycle""=>""yes"",""designation""=>""IT-TN:strada_forestale_tipo_b"",""emergency""=>""yes"",""foot""=>""yes"",""forestry""=>""yes"",""motor_vehicle""=>""private"",""surface""=>""gravel"",""tracktype""=>""grade2"",""width""=>""2.5"""
453977395,Strada Forestale Valsorda 1,track,,,,,,0.0,"""bicycle""=>""yes"",""designation""=>""IT-TN:strada_forestale_tipo_b"",""emergency""=>""yes"",""foot""=>""yes"",""forestry""=>""yes"",""motor_vehicle""=>""private"",""surface""=>""gravel"",""tracktype""=>""grade2"",""width""=>""2.5"""
453977395,Strada Forestale Valsorda 1,track,,,,,,0.0,"""bicycle""=>""yes"",""designation""=>""IT-TN:strada_forestale_tipo_b"",""emergency""=>""yes"",""foot""=>""yes"",""forestry""=>""yes"",""motor_vehicle""=>""private"",""surface""=>""gravel"",""tracktype""=>""grade2"",""width""=>""2.5"""
,,,,,,,,,
,,,,,,,,,
,,,,,,,,,
259059453,,path,,,,,,0.0,"""bicycle""=>""permissive"",""foot""=>""yes"",""hiking""=>""yes"",""mtb:scale""=>""2"",""sac_scale""=>""mountain_hiking"",""smoothness""=>""excellent"",""surface""=>""ground"",""tracktype""=>""grade3"",""trail_visibility""=>""good"""
259059453,,path,,,,,,0.0,"""bicycle""=>""permissive"",""foot""=>""yes"",""hiking""=>""yes"",""mtb:scale""=>""2"",""sac_scale""=>""mountain_hiking"",""smoothness""=>""excellent"",""surface""=>""ground"",""tracktype""=>""grade3"",""trail_visibility""=>""good"""
259059453,,path,,,,,,0.0,"""bicycle""=>""permissive"",""foot""=>""yes"",""hiking""=>""yes"",""mtb:scale""=>""2"",""sac_scale""=>""mountain_hiking"",""smoothness""=>""excellent"",""surface""=>""ground"",""tracktype""=>""grade3"",""trail_visibility""=>""good"""
259059453,,path,,,,,,0.0,"""bicycle""=>""permissive"",""foot""=>""yes"",""hiking""=>""yes"",""mtb:scale""=>""2"",""sac_scale""=>""mountain_hiking"",""smoothness""=>""excellent"",""surface""=>""ground"",""tracktype""=>""grade3"",""trail_visibility""=>""good"""
259059453,,path,,,,,,0.0,"""bicycle""=>""permissive"",""foot""=>""yes"",""hiking""=>""yes"",""mtb:scale""=>""2"",""sac_scale""=>""mountain_hiking"",""smoothness""=>""excellent"",""surface""=>""ground"",""tracktype""=>""grade3"",""trail_visibility""=>""good"""
259059453,,path,,,,,,0.0,"""bicycle""=>""permissive"",""foot""=>""yes"",""hiking""=>""yes"",""mtb:scale""=>""2"",""sac_scale""=>""mountain_hiking"",""smoothness""=>""excellent"",""surface""=>""ground"",""tracktype""=>""grade3"",""trail_visibility""=>""good"""
259059453,,path,,,,,,0.0,"""bicycle""=>""permissive"",""foot""=>""yes"",""hiking""=>""yes"",""mtb:scale""=>""2"",""sac_scale""=>""mountain_hiking"",""smoothness""=>""excellent"",""surface""=>""ground"",""tracktype""=>""grade3"",""trail_visibility""=>""good"""
259059453,,path,,,,,,0.0,"""bicycle""=>""permissive"",""foot""=>""yes"",""hiking""=>""yes"",""mtb:scale""=>""2"",""sac_scale""=>""mountain_hiking"",""smoothness""=>""excellent"",""surface""=>""ground"",""tracktype""=>""grade3"",""trail_visibility""=>""good"""
259059453,,path,,,,,,0.0,"""bicycle""=>""permissive"",""foot""=>""yes"",""hiking""=>""yes"",""mtb:scale""=>""2"",""sac_scale""=>""mountain_hiking"",""smoothness""=>""excellent"",""surface""=>""ground"",""tracktype""=>""grade3"",""trail_visibility""=>""good"""
259059453,,path,,,,,,0.0,"""bicycle""=>""permissive"",""foot""=>""yes"",""hiking""=>""yes"",""mtb:scale""=>""2"",""sac_scale""=>""mountain_hiking"",""smoothness""=>""excellent"",""surface""=>""ground"",""tracktype""=>""grade3"",""trail_visibility""=>""good"""
259059453,,path,,,,,,0.0,"""bicycle""=>""permissive"",""foot""=>""yes"",""hiking""=>""yes"",""mtb:scale""=>""2"",""sac_scale""=>""mountain_hiking"",""smoothness""=>""excellent"",""surface""=>""ground"",""tracktype""=>""grade3"",""trail_visibility""=>""good"""
259059453,,path,,,,,,0.0,"""bicycle""=>""permissive"",""foot""=>""yes"",""hiking""=>""yes"",""mtb:scale""=>""2"",""sac_scale""=>""mountain_hiking"",""smoothness""=>""excellent"",""surface""=>""ground"",""tracktype""=>""grade3"",""trail_visibility""=>""good"""
259059453,,path,,,,,,0.0,"""bicycle""=>""permissive"",""foot""=>""yes"",""hiking""=>""yes"",""mtb:scale""=>""2"",""sac_scale""=>""mountain_hiking"",""smoothness""=>""excellent"",""surface""=>""ground"",""tracktype""=>""grade3"",""trail_visibility""=>""good"""
259059453,,path,,,,,,0.0,"""bicycle""=>""permissive"",""foot""=>""yes"",""hiking""=>""yes"",""mtb:scale""=>""2"",""sac_scale""=>""mountain_hiking"",""smoothness""=>""excellent"",""surface""=>""ground"",""tracktype""=>""grade3"",""trail_visibility""=>""good"""
259059453,,path,,,,,,0.0,"""bicycle""=>""permissive"",""foot""=>""yes"",""hiking""=>""yes"",""mtb:scale""=>""2"",""sac_scale""=>""mountain_hiking"",""smoothness""=>""excellent"",""surface""=>""ground"",""tracktype""=>""grade3"",""trail_visibility""=>""good"""
259059453,,path,,,,,,0.0,"""bicycle""=>""permissive"",""foot""=>""yes"",""hiking""=>""yes"",""mtb:scale""=>""2"",""sac_scale""=>""mountain_hiking"",""smoothness""=>""excellent"",""surface""=>""ground"",""tracktype""=>""grade3"",""trail_visibility""=>""good"""
259059453,,path,,,,,,0.0,"""bicycle""=>""permissive"",""foot""=>""yes"",""hiking""=>""yes"",""mtb:scale""=>""2"",""sac_scale""=>""mountain_hiking"",""smoothness""=>""excellent"",""surface""=>""ground"",""tracktype""=>""grade3"",""trail_visibility""=>""good"""
259059453,,path,,,,,,0.0,"""bicycle""=>""permissive"",""foot""=>""yes"",""hiking""=>""yes"",""mtb:scale""=>""2"",""sac_scale""=>""mountain_hiking"",""smoothness""=>""excellent"",""surface""=>""ground"",""tracktype""=>""grade3"",""trail_visibility""=>""good"""
259059453,,path,,,,,,0.0,"""bicycle""=>""permissive"",""foot""=>""yes"",""hiking""=>""yes"",""mtb:scale""=>""2"",""sac_scale""=>""mountain_hiking"",""smoothness""=>""excellent"",""surface""=>""ground"",""tracktype""=>""grade3"",""trail_visibility""=>""good"""
259059453,,path,,,,,,0.0,"""bicycle""=>""permissive"",""foot""=>""yes"",""hiking""=>""yes"",""mtb:scale""=>""2"",""sac_scale""=>""mountain_hiking"",""smoothness""=>""excellent"",""surface""=>""ground"",""tracktype""=>""grade3"",""trail_visibility""=>""good"""
259059453,,path,,,,,,0.0,"""bicycle""=>""permissive"",""foot""=>""yes"",""hiking""=>""yes"",""mtb:scale""=>""2"",""sac_scale""=>""mountain_hiking"",""smoothness""=>""excellent"",""surface""=>""ground"",""tracktype""=>""grade3"",""trail_visibility""=>""good"""
259059453,,path,,,,,,0.0,"""bicycle""=>""permissive"",""foot""=>""yes"",""hiking""=>""yes"",""mtb:scale""=>""2"",""sac_scale""=>""mountain_hiking"",""smoothness""=>""excellent"",""surface""=>""ground"",""tracktype""=>""grade3"",""trail_visibility""=>""good"""
259059453,,path,,,,,,0.0,"""bicycle""=>""permissive"",""foot""=>""yes"",""hiking""=>""yes"",""mtb:scale""=>""2"",""sac_scale""=>""mountain_hiking"",""smoothness""=>""excellent"",""surface""=>""ground"",""tracktype""=>""grade3"",""trail_visibility""=>""good"""
259059453,,path,,,,,,0.0,"""bicycle""=>""permissive"",""foot""=>""yes"",""hiking""=>""yes"",""mtb:scale""=>""2"",""sac_scale""=>""mountain_hiking"",""smoothness""=>""excellent"",""surface""=>""ground"",""tracktype""=>""grade3"",""trail_visibility""=>""good"""
259059453,,path,,,,,,0.0,"""bicycle""=>""permissive"",""foot""=>""yes"",""hiking""=>""yes"",""mtb:scale""=>""2"",""sac_scale""=>""mountain_hiking"",""smoothness""=>""excellent"",""surface""=>""ground"",""tracktype""=>""grade3"",""trail_visibility""=>""good"""
259059453,,path,,,,,,0.0,"""bicycle""=>""permissive"",""foot""=>""yes"",""hiking""=>""yes"",""mtb:scale""=>""2"",""sac_scale""=>""mountain_hiking"",""smoothness""=>""excellent"",""surface""=>""ground"",""tracktype""=>""grade3"",""trail_visibility""=>""good"""
259059453,,path,,,,,,0.0,"""bicycle""=>""permissive"",""foot""=>""yes"",""hiking""=>""yes"",""mtb:scale""=>""2"",""sac_scale""=>""mountain_hiking"",""smoothness""=>""excellent"",""surface""=>""ground"",""tracktype""=>""grade3"",""trail_visibility""=>""good"""
259059453,,path,,,,,,0.0,"""bicycle""=>""permissive"",""foot""=>""yes"",""hiking""=>""yes"",""mtb:scale""=>""2"",""sac_scale""=>""mountain_hiking"",""smoothness""=>""excellent"",""surface""=>""ground"",""tracktype""=>""grade3"",""trail_visibility""=>""good"""
259059453,,path,,,,,,0.0,"""bicycle""=>""permissive"",""foot""=>""yes"",""hiking""=>""yes"",""mtb:scale""=>""2"",""sac_scale""=>""mountain_hiking"",""smoothness""=>""excellent"",""surface""=>""ground"",""tracktype""=>""grade3"",""trail_visibility""=>""good"""
259059453,,path,,,,,,0.0,"""bicycle""=>""permissive"",""foot""=>""yes"",""hiking""=>""yes"",""mtb:scale""=>""2"",""sac_scale""=>""mountain_hiking"",""smoothness""=>""excellent"",""surface""=>""ground"",""tracktype""=>""grade3"",""trail_visibility""=>""good"""
259059453,,path,,,,,,0.0,"""bicycle""=>""permissive"",""foot""=>""yes"",""hiking""=>""yes"",""mtb:scale""=>""2"",""sac_scale""=>""mountain_hiking"",""smoothness""=>""excellent"",""surface""=>""ground"",""tracktype""=>""grade3"",""trail_visibility""=>""good"""
27987739,,,,,,,,0.0,"""admin_level""=>""8"",""boundary""=>""administrative"",""name:left""=>""Telve"",""name:right""=>""Pieve Tesino"""
259059453,,path,,,,,,0.0,"""bicycle""=>""permissive"",""foot""=>""yes"",""hiking""=>""yes"",""mtb:scale""=>""2"",""sac_scale""=>""mountain_hiking"",""smoothness""=>""excellent"",""surface""=>""ground"",""tracktype""=>""grade3"",""trail_visibility""=>""good"""
27987739,,,,,,,,0.0,"""admin_level""=>""8"",""boundary""=>""administrative"",""name:left""=>""Telve"",""name:right""=>""Pieve Tesino"""
259059453,,path,,,,,,0.0,"""bicycle""=>""permissive"",""foot""=>""yes"",""hiking""=>""yes"",""mtb:scale""=>""2"",""sac_scale""=>""mountain_hiking"",""smoothness""=>""excellent"",""surface""=>""ground"",""tracktype""=>""grade3"",""trail_visibility""=>""good"""
259059453,,path,,,,,,0.0,"""bicycle""=>""permissive"",""foot""=>""yes"",""hiking""=>""yes"",""mtb:scale""=>""2"",""sac_scale""=>""mountain_hiking"",""smoothness""=>""excellent"",""surface""=>""ground"",""tracktype""=>""grade3"",""trail_visibility""=>""good"""
259059453,,path,,,,,,0.0,"""bicycle""=>""permissive"",""foot""=>""yes"",""hiking""=>""yes"",""mtb:scale""=>""2"",""sac_scale""=>""mountain_hiking"",""smoothness""=>""excellent"",""surface""=>""ground"",""tracktype""=>""grade3"",""trail_visibility""=>""good"""
259059453,,path,,,,,,0.0,"""bicycle""=>""permissive"",""foot""=>""yes"",""hiking""=>""yes"",""mtb:scale""=>""2"",""sac_scale""=>""mountain_hiking"",""smoothness""=>""excellent"",""surface""=>""ground"",""tracktype""=>""grade3"",""trail_visibility""=>""good"""
259059453,,path,,,,,,0.0,"""bicycle""=>""permissive"",""foot""=>""yes"",""hiking""=>""yes"",""mtb:scale""=>""2"",""sac_scale""=>""mountain_hiking"",""smoothness""=>""excellent"",""surface""=>""ground"",""tracktype""=>""grade3"",""trail_visibility""=>""good"""
259059453,,path,,,,,,0.0,"""bicycle""=>""permissive"",""foot""=>""yes"",""hiking""=>""yes"",""mtb:scale""=>""2"",""sac_scale""=>""mountain_hiking"",""smoothness""=>""excellent"",""surface""=>""ground"",""tracktype""=>""grade3"",""trail_visibility""=>""good"""
27987739,,,,,,,,0.0,"""admin_level""=>""8"",""boundary""=>""administrative"",""name:left""=>""Telve"",""name:right""=>""Pieve Tesino"""
259059453,,path,,,,,,0.0,"""bicycle""=>""permissive"",""foot""=>""yes"",""hiking""=>""yes"",""mtb:scale""=>""2"",""sac_scale""=>""mountain_hiking"",""smoothness""=>""excellent"",""surface""=>""ground"",""tracktype""=>""grade3"",""trail_visibility""=>""good"""
26204659,Rio Valsorda,,stream,,,,,0.0,"""boat""=>""no"""
259059453,,path,,,,,,0.0,"""bicycle""=>""permissive"",""foot""=>""yes"",""hiking""=>""yes"",""mtb:scale""=>""2"",""sac_scale""=>""mountain_hiking"",""smoothness""=>""excellent"",""surface""=>""ground"",""tracktype""=>""grade3"",""trail_visibility""=>""good"""
26204659,Rio Valsorda,,stream,,,,,0.0,"""boat""=>""no"""
259059453,,path,,,,,,0.0,"""bicycle""=>""permissive"",""foot""=>""yes"",""hiking""=>""yes"",""mtb:scale""=>""2"",""sac_scale""=>""mountain_hiking"",""smoothness""=>""excellent"",""surface""=>""ground"",""tracktype""=>""grade3"",""trail_visibility""=>""good"""
27987739,,,,,,,,0.0,"""admin_level""=>""8"",""boundary""=>""administrative"",""name:left""=>""Telve"",""name:right""=>""Pieve Tesino"""
259059453,,path,,,,,,0.0,"""bicycle""=>""permissive"",""foot""=>""yes"",""hiking""=>""yes"",""mtb:scale""=>""2"",""sac_scale""=>""mountain_hiking"",""smoothness""=>""excellent"",""surface""=>""ground"",""tracktype""=>""grade3"",""trail_visibility""=>""good"""
27987739,,,,,,,,0.0,"""admin_level""=>""8"",""boundary""=>""administrative"",""name:left""=>""Telve"",""name:right""=>""Pieve Tesino"""
259059453,,path,,,,,,0.0,"""bicycle""=>""permissive"",""foot""=>""yes"",""hiking""=>""yes"",""mtb:scale""=>""2"",""sac_scale""=>""mountain_hiking"",""smoothness""=>""excellent"",""surface""=>""ground"",""tracktype""=>""grade3"",""trail_visibility""=>""good"""
26204659,Rio Valsorda,,stream,,,,,0.0,"""boat""=>""no"""
27987739,,,,,,,,0.0,"""admin_level""=>""8"",""boundary""=>""administrative"",""name:left""=>""Telve"",""name:right""=>""Pieve Tesino"""
259059453,,path,,,,,,0.0,"""bicycle""=>""permissive"",""foot""=>""yes"",""hiking""=>""yes"",""mtb:scale""=>""2"",""sac_scale""=>""mountain_hiking"",""smoothness""=>""excellent"",""surface""=>""ground"",""tracktype""=>""grade3"",""trail_visibility""=>""good"""
26204659,Rio Valsorda,,stream,,,,,0.0,"""boat""=>""no"""
27987739,,,,,,,,0.0,"""admin_level""=>""8"",""boundary""=>""administrative"",""name:left""=>""Telve"",""name:right""=>""Pieve Tesino"""
259059453,,path,,,,,,0.0,"""bicycle""=>""permissive"",""foot""=>""yes"",""hiking""=>""yes"",""mtb:scale""=>""2"",""sac_scale""=>""mountain_hiking"",""smoothness""=>""excellent"",""surface""=>""ground"",""tracktype""=>""grade3"",""trail_visibility""=>""good"""
27987739,,,,,,,,0.0,"""admin_level""=>""8"",""boundary""=>""administrative"",""name:left""=>""Telve"",""name:right""=>""Pieve Tesino"""
259059453,,path,,,,,,0.0,"""bicycle""=>""permissive"",""foot""=>""yes"",""hiking""=>""yes"",""mtb:scale""=>""2"",""sac_scale""=>""mountain_hiking"",""smoothness""=>""excellent"",""surface""=>""ground"",""tracktype""=>""grade3"",""trail_visibility""=>""good"""
27987739,,,,,,,,0.0,"""admin_level""=>""8"",""boundary""=>""administrative"",""name:left""=>""Telve"",""name:right""=>""Pieve Tesino"""
259059453,,path,,,,,,0.0,"""bicycle""=>""permissive"",""foot""=>""yes"",""hiking""=>""yes"",""mtb:scale""=>""2"",""sac_scale""=>""mountain_hiking"",""smoothness""=>""excellent"",""surface""=>""ground"",""tracktype""=>""grade3"",""trail_visibility""=>""good"""
27987739,,,,,,,,0.0,"""admin_level""=>""8"",""boundary""=>""administrative"",""name:left""=>""Telve"",""name:right""=>""Pieve Tesino"""
259059453,,path,,,,,,0.0,"""bicycle""=>""permissive"",""foot""=>""yes"",""hiking""=>""yes"",""mtb:scale""=>""2"",""sac_scale""=>""mountain_hiking"",""smoothness""=>""excellent"",""surface""=>""ground"",""tracktype""=>""grade3"",""trail_visibility""=>""good"""
26204659,Rio Valsorda,,stream,,,,,0.0,"""boat""=>""no"""
27987739,,,,,,,,0.0,"""admin_level""=>""8"",""boundary""=>""administrative"",""name:left""=>""Telve"",""name:right""=>""Pieve Tesino"""
259059453,,path,,,,,,0.0,"""bicycle""=>""permissive"",""foot""=>""yes"",""hiking""=>""yes"",""mtb:scale""=>""2"",""sac_scale""=>""mountain_hiking"",""smoothness""=>""excellent"",""surface""=>""ground"",""tracktype""=>""grade3"",""trail_visibility""=>""good"""
26204659,Rio Valsorda,,stream,,,,,0.0,"""boat""=>""no"""
997543458,Valsorda,,,,,,,0.0,"""natural""=>""valley"""
27987739,,,,,,,,0.0,"""admin_level""=>""8"",""boundary""=>""administrative"",""name:left""=>""Telve"",""name:right""=>""Pieve Tesino"""
259059453,,path,,,,,,0.0,"""bicycle""=>""permissive"",""foot""=>""yes"",""hiking""=>""yes"",""mtb:scale""=>""2"",""sac_scale""=>""mountain_hiking"",""smoothness""=>""excellent"",""surface""=>""ground"",""tracktype""=>""grade3"",""trail_visibility""=>""good"""
26204659,Rio Valsorda,,stream,,,,,0.0,"""boat""=>""no"""
997543458,Valsorda,,,,,,,0.0,"""natural""=>""valley"""
27987739,,,,,,,,0.0,"""admin_level""=>""8"",""boundary""=>""administrative"",""name:left""=>""Telve"",""name:right""=>""Pieve Tesino"""
259059453,,path,,,,,,0.0,"""bicycle""=>""permissive"",""foot""=>""yes"",""hiking""=>""yes"",""mtb:scale""=>""2"",""sac_scale""=>""mountain_hiking"",""smoothness""=>""excellent"",""surface""=>""ground"",""tracktype""=>""grade3"",""trail_visibility""=>""good"""
26204659,Rio Valsorda,,stream,,,,,0.0,"""boat""=>""no"""
997543458,Valsorda,,,,,,,0.0,"""natural""=>""valley"""
27987739,,,,,,,,0.0,"""admin_level""=>""8"",""boundary""=>""administrative"",""name:left""=>""Telve"",""name:right""=>""Pieve Tesino"""
443091015,,,stream,,,,,0.0,"""boat""=>""no"""
259059453,,path,,,,,,0.0,"""bicycle""=>""permissive"",""foot""=>""yes"",""hiking""=>""yes"",""mtb:scale""=>""2"",""sac_scale""=>""mountain_hiking"",""smoothness""=>""excellent"",""surface""=>""ground"",""tracktype""=>""grade3"",""trail_visibility""=>""good"""
26204659,Rio Valsorda,,stream,,,,,0.0,"""boat""=>""no"""
997543458,Valsorda,,,,,,,0.0,"""natural""=>""valley"""
27987739,,,,,,,,0.0,"""admin_level""=>""8"",""boundary""=>""administrative"",""name:left""=>""Telve"",""name:right""=>""Pieve Tesino"""
443091015,,,stream,,,,,0.0,"""boat""=>""no"""
259059453,,path,,,,,,0.0,"""bicycle""=>""permissive"",""foot""=>""yes"",""hiking""=>""yes"",""mtb:scale""=>""2"",""sac_scale""=>""mountain_hiking"",""smoothness""=>""excellent"",""surface""=>""ground"",""tracktype""=>""grade3"",""trail_visibility""=>""good"""
26204659,Rio Valsorda,,stream,,,,,0.0,"""boat""=>""no"""
997543458,Valsorda,,,,,,,0.0,"""natural""=>""valley"""
27987739,,,,,,,,0.0,"""admin_level""=>""8"",""boundary""=>""administrative"",""name:left""=>""Telve"",""name:right""=>""Pieve Tesino"""
259059453,,path,,,,,,0.0,"""bicycle""=>""permissive"",""foot""=>""yes"",""hiking""=>""yes"",""mtb:scale""=>""2"",""sac_scale""=>""mountain_hiking"",""smoothness""=>""excellent"",""surface""=>""ground"",""tracktype""=>""grade3"",""trail_visibility""=>""good"""
26204659,Rio Valsorda,,stream,,,,,0.0,"""boat""=>""no"""
997543458,Valsorda,,,,,,,0.0,"""natural""=>""valley"""
27987739,,,,,,,,0.0,"""admin_level""=>""8"",""boundary""=>""administrative"",""name:left""=>""Telve"",""name:right""=>""Pieve Tesino"""
259059453,,path,,,,,,0.0,"""bicycle""=>""permissive"",""foot""=>""yes"",""hiking""=>""yes"",""mtb:scale""=>""2"",""sac_scale""=>""mountain_hiking"",""smoothness""=>""excellent"",""surface""=>""ground"",""tracktype""=>""grade3"",""trail_visibility""=>""good"""
997543458,Valsorda,,,,,,,0.0,"""natural""=>""valley"""
27987739,,,,,,,,0.0,"""admin_level""=>""8"",""boundary""=>""administrative"",""name:left""=>""Telve"",""name:right""=>""Pieve Tesino"""
259059453,,path,,,,,,0.0,"""bicycle""=>""permissive"",""foot""=>""yes"",""hiking""=>""yes"",""mtb:scale""=>""2"",""sac_scale""=>""mountain_hiking"",""smoothness""=>""excellent"",""surface""=>""ground"",""tracktype""=>""grade3"",""trail_visibility""=>""good"""
997543458,Valsorda,,,,,,,0.0,"""natural""=>""valley"""
27987739,,,,,,,,0.0,"""admin_level""=>""8"",""boundary""=>""administrative"",""name:left""=>""Telve"",""name:right""=>""Pieve Tesino"""
259059453,,path,,,,,,0.0,"""bicycle""=>""permissive"",""foot""=>""yes"",""hiking""=>""yes"",""mtb:scale""=>""2"",""sac_scale""=>""mountain_hiking"",""smoothness""=>""excellent"",""surface""=>""ground"",""tracktype""=>""grade3"",""trail_visibility""=>""good"""
26204659,Rio Valsorda,,stream,,,,,0.0,"""boat""=>""no"""
997543458,Valsorda,,,,,,,0.0,"""natural""=>""valley"""
27987739,,,,,,,,0.0,"""admin_level""=>""8"",""boundary""=>""administrative"",""name:left""=>""Telve"",""name:right""=>""Pieve Tesino"""
259059453,,path,,,,,,0.0,"""bicycle""=>""permissive"",""foot""=>""yes"",""hiking""=>""yes"",""mtb:scale""=>""2"",""sac_scale""=>""mountain_hiking"",""smoothness""=>""excellent"",""surface""=>""ground"",""tracktype""=>""grade3"",""trail_visibility""=>""good"""
26204659,Rio Valsorda,,stream,,,,,0.0,"""boat""=>""no"""
27987739,,,,,,,,0.0,"""admin_level""=>""8"",""boundary""=>""administrative"",""name:left""=>""Telve"",""name:right""=>""Pieve Tesino"""
259059453,,path,,,,,,0.0,"""bicycle""=>""permissive"",""foot""=>""yes"",""hiking""=>""yes"",""mtb:scale""=>""2"",""sac_scale""=>""mountain_hiking"",""smoothness""=>""excellent"",""surface""=>""ground"",""tracktype""=>""grade3"",""trail_visibility""=>""good"""
26204659,Rio Valsorda,,stream,,,,,0.0,"""boat""=>""no"""
27987739,,,,,,,,0.0,"""admin_level""=>""8"",""boundary""=>""administrative"",""name:left""=>""Telve"",""name:right""=>""Pieve Tesino"""
259059453,,path,,,,,,0.0,"""bicycle""=>""permissive"",""foot""=>""yes"",""hiking""=>""yes"",""mtb:scale""=>""2"",""sac_scale""=>""mountain_hiking"",""smoothness""=>""excellent"",""surface""=>""ground"",""tracktype""=>""grade3"",""trail_visibility""=>""good"""
26204659,Rio Valsorda,,stream,,,,,0.0,"""boat""=>""no"""
27987739,,,,,,,,0.0,"""admin_level""=>""8"",""boundary""=>""administrative"",""name:left""=>""Telve"",""name:right""=>""Pieve Tesino"""
259059453,,path,,,,,,0.0,"""bicycle""=>""permissive"",""foot""=>""yes"",""hiking""=>""yes"",""mtb:scale""=>""2"",""sac_scale""=>""mountain_hiking"",""smoothness""=>""excellent"",""surface""=>""ground"",""tracktype""=>""grade3"",""trail_visibility""=>""good"""
26204659,Rio Valsorda,,stream,,,,,0.0,"""boat""=>""no"""
27987739,,,,,,,,0.0,"""admin_level""=>""8"",""boundary""=>""administrative"",""name:left""=>""Telve"",""name:right""=>""Pieve Tesino"""
259059453,,path,,,,,,0.0,"""bicycle""=>""permissive"",""foot""=>""yes"",""hiking""=>""yes"",""mtb:scale""=>""2"",""sac_scale""=>""mountain_hiking"",""smoothness""=>""excellent"",""surface""=>""ground"",""tracktype""=>""grade3"",""trail_visibility""=>""good"""
26204659,Rio Valsorda,,stream,,,,,0.0,"""boat""=>""no"""
27987739,,,,,,,,0.0,"""admin_level""=>""8"",""boundary""=>""administrative"",""name:left""=>""Telve"",""name:right""=>""Pieve Tesino"""
259059453,,path,,,,,,0.0,"""bicycle""=>""permissive"",""foot""=>""yes"",""hiking""=>""yes"",""mtb:scale""=>""2"",""sac_scale""=>""mountain_hiking"",""smoothness""=>""excellent"",""surface""=>""ground"",""tracktype""=>""grade3"",""trail_visibility""=>""good"""
26204659,Rio Valsorda,,stream,,,,,0.0,"""boat""=>""no"""
27987739,,,,,,,,0.0,"""admin_level""=>""8"",""boundary""=>""administrative"",""name:left""=>""Telve"",""name:right""=>""Pieve Tesino"""
259059453,,path,,,,,,0.0,"""bicycle""=>""permissive"",""foot""=>""yes"",""hiking""=>""yes"",""mtb:scale""=>""2"",""sac_scale""=>""mountain_hiking"",""smoothness""=>""excellent"",""surface""=>""ground"",""tracktype""=>""grade3"",""trail_visibility""=>""good"""
26204659,Rio Valsorda,,stream,,,,,0.0,"""boat""=>""no"""
27987739,,,,,,,,0.0,"""admin_level""=>""8"",""boundary""=>""administrative"",""name:left""=>""Telve"",""name:right""=>""Pieve Tesino"""
259059453,,path,,,,,,0.0,"""bicycle""=>""permissive"",""foot""=>""yes"",""hiking""=>""yes"",""mtb:scale""=>""2"",""sac_scale""=>""mountain_hiking"",""smoothness""=>""excellent"",""surface""=>""ground"",""tracktype""=>""grade3"",""trail_visibility""=>""good"""
26204659,Rio Valsorda,,stream,,,,,0.0,"""boat""=>""no"""
27987739,,,,,,,,0.0,"""admin_level""=>""8"",""boundary""=>""administrative"",""name:left""=>""Telve"",""name:right""=>""Pieve Tesino"""
259059453,,path,,,,,,0.0,"""bicycle""=>""permissive"",""foot""=>""yes"",""hiking""=>""yes"",""mtb:scale""=>""2"",""sac_scale""=>""mountain_hiking"",""smoothness""=>""excellent"",""surface""=>""ground"",""tracktype""=>""grade3"",""trail_visibility""=>""good"""
26204659,Rio Valsorda,,stream,,,,,0.0,"""boat""=>""no"""
259059453,,path,,,,,,0.0,"""bicycle""=>""permissive"",""foot""=>""yes"",""hiking""=>""yes"",""mtb:scale""=>""2"",""sac_scale""=>""mountain_hiking"",""smoothness""=>""excellent"",""surface""=>""ground"",""tracktype""=>""grade3"",""trail_visibility""=>""good"""
26204659,Rio Valsorda,,stream,,,,,0.0,"""boat""=>""no"""
997543458,Valsorda,,,,,,,0.0,"""natural""=>""valley"""
259059453,,path,,,,,,0.0,"""bicycle""=>""permissive"",""foot""=>""yes"",""hiking""=>""yes"",""mtb:scale""=>""2"",""sac_scale""=>""mountain_hiking"",""smoothness""=>""excellent"",""surface""=>""ground"",""tracktype""=>""grade3"",""trail_visibility""=>""good"""
26204659,Rio Valsorda,,stream,,,,,0.0,"""boat""=>""no"""
997543458,Valsorda,,,,,,,0.0,"""natural""=>""valley"""
259059453,,path,,,,,,0.0,"""bicycle""=>""permissive"",""foot""=>""yes"",""hiking""=>""yes"",""mtb:scale""=>""2"",""sac_scale""=>""mountain_hiking"",""smoothness""=>""excellent"",""surface""=>""ground"",""tracktype""=>""grade3"",""trail_visibility""=>""good"""
997543458,Valsorda,,,,,,,0.0,"""natural""=>""valley"""
259059453,,path,,,,,,0.0,"""bicycle""=>""permissive"",""foot""=>""yes"",""hiking""=>""yes"",""mtb:scale""=>""2"",""sac_scale""=>""mountain_hiking"",""smoothness""=>""excellent"",""surface""=>""ground"",""tracktype""=>""grade3"",""trail_visibility""=>""good"""
997543458,Valsorda,,,,,,,0.0,"""natural""=>""valley"""
259059453,,path,,,,,,0.0,"""bicycle""=>""permissive"",""foot""=>""yes"",""hiking""=>""yes"",""mtb:scale""=>""2"",""sac_scale""=>""mountain_hiking"",""smoothness""=>""excellent"",""surface""=>""ground"",""tracktype""=>""grade3"",""trail_visibility""=>""good"""
997543458,Valsorda,,,,,,,0.0,"""natural""=>""valley"""
259059453,,path,,,,,,0.0,"""bicycle""=>""permissive"",""foot""=>""yes"",""hiking""=>""yes"",""mtb:scale""=>""2"",""sac_scale""=>""mountain_hiking"",""smoothness""=>""excellent"",""surface""=>""ground"",""tracktype""=>""grade3"",""trail_visibility""=>""good"""
26204659,Rio Valsorda,,stream,,,,,0.0,"""boat""=>""no"""
259059453,,path,,,,,,0.0,"""bicycle""=>""permissive"",""foot""=>""yes"",""hiking""=>""yes"",""mtb:scale""=>""2"",""sac_scale""=>""mountain_hiking"",""smoothness""=>""excellent"",""surface""=>""ground"",""tracktype""=>""grade3"",""trail_visibility""=>""good"""
26204659,Rio Valsorda,,stream,,,,,0.0,"""boat""=>""no"""
259059453,,path,,,,,,0.0,"""bicycle""=>""permissive"",""foot""=>""yes"",""hiking""=>""yes"",""mtb:scale""=>""2"",""sac_scale""=>""mountain_hiking"",""smoothness""=>""excellent"",""surface""=>""ground"",""tracktype""=>""grade3"",""trail_visibility""=>""good"""
259059453,,path,,,,,,0.0,"""bicycle""=>""permissive"",""foot""=>""yes"",""hiking""=>""yes"",""mtb:scale""=>""2"",""sac_scale""=>""mountain_hiking"",""smoothness""=>""excellent"",""surface""=>""ground"",""tracktype""=>""grade3"",""trail_visibility""=>""good"""
259059453,,path,,,,,,0.0,"""bicycle""=>""permissive"",""foot""=>""yes"",""hiking""=>""yes"",""mtb:scale""=>""2"",""sac_scale""=>""mountain_hiking"",""smoothness""=>""excellent"",""surface""=>""ground"",""tracktype""=>""grade3"",""trail_visibility""=>""good"""
259059453,,path,,,,,,0.0,"""bicycle""=>""permissive"",""foot""=>""yes"",""hiking""=>""yes"",""mtb:scale""=>""2"",""sac_scale""=>""mountain_hiking"",""smoothness""=>""excellent"",""surface""=>""ground"",""tracktype""=>""grade3"",""trail_visibility""=>""good"""
259059453,,path,,,,,,0.0,"""bicycle""=>""permissive"",""foot""=>""yes"",""hiking""=>""yes"",""mtb:scale""=>""2"",""sac_scale""=>""mountain_hiking"",""smoothness""=>""excellent"",""surface""=>""ground"",""tracktype""=>""grade3"",""trail_visibility""=>""good"""
443091017,,,stream,,,,,0.0,"""boat""=>""no"""
259059453,,path,,,,,,0.0,"""bicycle""=>""permissive"",""foot""=>""yes"",""hiking""=>""yes"",""mtb:scale""=>""2"",""sac_scale""=>""mountain_hiking"",""smoothness""=>""excellent"",""surface""=>""ground"",""tracktype""=>""grade3"",""trail_visibility""=>""good"""
443091017,,,stream,,,,,0.0,"""boat""=>""no"""
259059453,,path,,,,,,0.0,"""bicycle""=>""permissive"",""foot""=>""yes"",""hiking""=>""yes"",""mtb:scale""=>""2"",""sac_scale""=>""mountain_hiking"",""smoothness""=>""excellent"",""surface""=>""ground"",""tracktype""=>""grade3"",""trail_visibility""=>""good"""
443091017,,,stream,,,,,0.0,"""boat""=>""no"""
259059453,,path,,,,,,0.0,"""bicycle""=>""permissive"",""foot""=>""yes"",""hiking""=>""yes"",""mtb:scale""=>""2"",""sac_scale""=>""mountain_hiking"",""smoothness""=>""excellent"",""surface""=>""ground"",""tracktype""=>""grade3"",""trail_visibility""=>""good"""
259059453,,path,,,,,,0.0,"""bicycle""=>""permissive"",""foot""=>""yes"",""hiking""=>""yes"",""mtb:scale""=>""2"",""sac_scale""=>""mountain_hiking"",""smoothness""=>""excellent"",""surface""=>""ground"",""tracktype""=>""grade3"",""trail_visibility""=>""good"""
259059453,,path,,,,,,0.0,"""bicycle""=>""permissive"",""foot""=>""yes"",""hiking""=>""yes"",""mtb:scale""=>""2"",""sac_scale""=>""mountain_hiking"",""smoothness""=>""excellent"",""surface""=>""ground"",""tracktype""=>""grade3"",""trail_visibility""=>""good"""
259059453,,path,,,,,,0.0,"""bicycle""=>""permissive"",""foot""=>""yes"",""hiking""=>""yes"",""mtb:scale""=>""2"",""sac_scale""=>""mountain_hiking"",""smoothness""=>""excellent"",""surface""=>""ground"",""tracktype""=>""grade3"",""trail_visibility""=>""good"""
259059453,,path,,,,,,0.0,"""bicycle""=>""permissive"",""foot""=>""yes"",""hiking""=>""yes"",""mtb:scale""=>""2"",""sac_scale""=>""mountain_hiking"",""smoothness""=>""excellent"",""surface""=>""ground"",""tracktype""=>""grade3"",""trail_visibility""=>""good"""
259059453,,path,,,,,,0.0,"""bicycle""=>""permissive"",""foot""=>""yes"",""hiking""=>""yes"",""mtb:scale""=>""2"",""sac_scale""=>""mountain_hiking"",""smoothness""=>""excellent"",""surface""=>""ground"",""tracktype""=>""grade3"",""trail_visibility""=>""good"""
259059453,,path,,,,,,0.0,"""bicycle""=>""permissive"",""foot""=>""yes"",""hiking""=>""yes"",""mtb:scale""=>""2"",""sac_scale""=>""mountain_hiking"",""smoothness""=>""excellent"",""surface""=>""ground"",""tracktype""=>""grade3"",""trail_visibility""=>""good"""
997543458,Valsorda,,,,,,,0.0,"""natural""=>""valley"""
259059453,,path,,,,,,0.0,"""bicycle""=>""permissive"",""foot""=>""yes"",""hiking""=>""yes"",""mtb:scale""=>""2"",""sac_scale""=>""mountain_hiking"",""smoothness""=>""excellent"",""surface""=>""ground"",""tracktype""=>""grade3"",""trail_visibility""=>""good"""
997543458,Valsorda,,,,,,,0.0,"""natural""=>""valley"""
259059453,,path,,,,,,0.0,"""bicycle""=>""permissive"",""foot""=>""yes"",""hiking""=>""yes"",""mtb:scale""=>""2"",""sac_scale""=>""mountain_hiking"",""smoothness""=>""excellent"",""surface""=>""ground"",""tracktype""=>""grade3"",""trail_visibility""=>""good"""
997543458,Valsorda,,,,,,,0.0,"""natural""=>""valley"""
259059453,,path,,,,,,0.0,"""bicycle""=>""permissive"",""foot""=>""yes"",""hiking""=>""yes"",""mtb:scale""=>""2"",""sac_scale""=>""mountain_hiking"",""smoothness""=>""excellent"",""surface""=>""ground"",""tracktype""=>""grade3"",""trail_visibility""=>""good"""
997543458,Valsorda,,,,,,,0.0,"""natural""=>""valley"""
259059453,,path,,,,,,0.0,"""bicycle""=>""permissive"",""foot""=>""yes"",""hiking""=>""yes"",""mtb:scale""=>""2"",""sac_scale""=>""mountain_hiking"",""smoothness""=>""excellent"",""surface""=>""ground"",""tracktype""=>""grade3"",""trail_visibility""=>""good"""
997543458,Valsorda,,,,,,,0.0,"""natural""=>""valley"""
259059453,,path,,,,,,0.0,"""bicycle""=>""permissive"",""foot""=>""yes"",""hiking""=>""yes"",""mtb:scale""=>""2"",""sac_scale""=>""mountain_hiking"",""smoothness""=>""excellent"",""surface""=>""ground"",""tracktype""=>""grade3"",""trail_visibility""=>""good"""
997543458,Valsorda,,,,,,,0.0,"""natural""=>""valley"""
259059453,,path,,,,,,0.0,"""bicycle""=>""permissive"",""foot""=>""yes"",""hiking""=>""yes"",""mtb:scale""=>""2"",""sac_scale""=>""mountain_hiking"",""smoothness""=>""excellent"",""surface""=>""ground"",""tracktype""=>""grade3"",""trail_visibility""=>""good"""
997543458,Valsorda,,,,,,,0.0,"""natural""=>""valley"""
259059453,,path,,,,,,0.0,"""bicycle""=>""permissive"",""foot""=>""yes"",""hiking""=>""yes"",""mtb:scale""=>""2"",""sac_scale""=>""mountain_hiking"",""smoothness""=>""excellent"",""surface""=>""ground"",""tracktype""=>""grade3"",""trail_visibility""=>""good"""
997543458,Valsorda,,,,,,,0.0,"""natural""=>""valley"""
259059453,,path,,,,,,0.0,"""bicycle""=>""permissive"",""foot""=>""yes"",""hiking""=>""yes"",""mtb:scale""=>""2"",""sac_scale""=>""mountain_hiking"",""smoothness""=>""excellent"",""surface""=>""ground"",""tracktype""=>""grade3"",""trail_visibility""=>""good"""
997543458,Valsorda,,,,,,,0.0,"""natural""=>""valley"""
259059453,,path,,,,,,0.0,"""bicycle""=>""permissive"",""foot""=>""yes"",""hiking""=>""yes"",""mtb:scale""=>""2"",""sac_scale""=>""mountain_hiking"",""smoothness""=>""excellent"",""surface""=>""ground"",""tracktype""=>""grade3"",""trail_visibility""=>""good"""
997543458,Valsorda,,,,,,,0.0,"""natural""=>""valley"""
259059453,,path,,,,,,0.0,"""bicycle""=>""permissive"",""foot""=>""yes"",""hiking""=>""yes"",""mtb:scale""=>""2"",""sac_scale""=>""mountain_hiking"",""smoothness""=>""excellent"",""surface""=>""ground"",""tracktype""=>""grade3"",""trail_visibility""=>""good"""
997543458,Valsorda,,,,,,,0.0,"""natural""=>""valley"""
259059453,,path,,,,,,0.0,"""bicycle""=>""permissive"",""foot""=>""yes"",""hiking""=>""yes"",""mtb:scale""=>""2"",""sac_scale""=>""mountain_hiking"",""smoothness""=>""excellent"",""surface""=>""ground"",""tracktype""=>""grade3"",""trail_visibility""=>""good"""
259059453,,path,,,,,,0.0,"""bicycle""=>""permissive"",""foot""=>""yes"",""hiking""=>""yes"",""mtb:scale""=>""2"",""sac_scale""=>""mountain_hiking"",""smoothness""=>""excellent"",""surface""=>""ground"",""tracktype""=>""grade3"",""trail_visibility""=>""good"""
259059453,,path,,,,,,0.0,"""bicycle""=>""permissive"",""foot""=>""yes"",""hiking""=>""yes"",""mtb:scale""=>""2"",""sac_scale""=>""mountain_hiking"",""smoothness""=>""excellent"",""surface""=>""ground"",""tracktype""=>""grade3"",""trail_visibility""=>""good"""
259059453,,path,,,,,,0.0,"""bicycle""=>""permissive"",""foot""=>""yes"",""hiking""=>""yes"",""mtb:scale""=>""2"",""sac_scale""=>""mountain_hiking"",""smoothness""=>""excellent"",""surface""=>""ground"",""tracktype""=>""grade3"",""trail_visibility""=>""good"""
997543458,Valsorda,,,,,,,0.0,"""natural""=>""valley"""
259059453,,path,,,,,,0.0,"""bicycle""=>""permissive"",""foot""=>""yes"",""hiking""=>""yes"",""mtb:scale""=>""2"",""sac_scale""=>""mountain_hiking"",""smoothness""=>""excellent"",""surface""=>""ground"",""tracktype""=>""grade3"",""trail_visibility""=>""good"""
997543458,Valsorda,,,,,,,0.0,"""natural""=>""valley"""
259059453,,path,,,,,,0.0,"""bicycle""=>""permissive"",""foot""=>""yes"",""hiking""=>""yes"",""mtb:scale""=>""2"",""sac_scale""=>""mountain_hiking"",""smoothness""=>""excellent"",""surface""=>""ground"",""tracktype""=>""grade3"",""trail_visibility""=>""good"""
443091025,,,stream,,,,,0.0,"""boat""=>""no"""
259059453,,path,,,,,,0.0,"""bicycle""=>""permissive"",""foot""=>""yes"",""hiking""=>""yes"",""mtb:scale""=>""2"",""sac_scale""=>""mountain_hiking"",""smoothness""=>""excellent"",""surface""=>""ground"",""tracktype""=>""grade3"",""trail_visibility""=>""good"""
26204659,Rio Valsorda,,stream,,,,,0.0,"""boat""=>""no"""
,,,,,,,,,
,,,,,,,,,
,,,,,,,,,
,,,,,,,,,
,,,,,,,,,
259059453,,path,,,,,,0.0,"""bicycle""=>""permissive"",""foot""=>""yes"",""hiking""=>""yes"",""mtb:scale""=>""2"",""sac_scale""=>""mountain_hiking"",""smoothness""=>""excellent"",""surface""=>""ground"",""tracktype""=>""grade3"",""trail_visibility""=>""good"""
259059453,,path,,,,,,0.0,"""bicycle""=>""permissive"",""foot""=>""yes"",""hiking""=>""yes"",""mtb:scale""=>""2"",""sac_scale""=>""mountain_hiking"",""smoothness""=>""excellent"",""surface""=>""ground"",""tracktype""=>""grade3"",""trail_visibility""=>""good"""
259059453,,path,,,,,,0.0,"""bicycle""=>""permissive"",""foot""=>""yes"",""hiking""=>""yes"",""mtb:scale""=>""2"",""sac_scale""=>""mountain_hiking"",""smoothness""=>""excellent"",""surface""=>""ground"",""tracktype""=>""grade3"",""trail_visibility""=>""good"""
259059453,,path,,,,,,0.0,"""bicycle""=>""permissive"",""foot""=>""yes"",""hiking""=>""yes"",""mtb:scale""=>""2"",""sac_scale""=>""mountain_hiking"",""smoothness""=>""excellent"",""surface""=>""ground"",""tracktype""=>""grade3"",""trail_visibility""=>""good"""
27987739,,,,,,,,0.0,"""admin_level""=>""8"",""boundary""=>""administrative"",""name:left""=>""Telve"",""name:right""=>""Pieve Tesino"""
259059453,,path,,,,,,0.0,"""bicycle""=>""permissive"",""foot""=>""yes"",""hiking""=>""yes"",""mtb:scale""=>""2"",""sac_scale""=>""mountain_hiking"",""smoothness""=>""excellent"",""surface""=>""ground"",""tracktype""=>""grade3"",""trail_visibility""=>""good"""
27987739,,,,,,,,0.0,"""admin_level""=>""8"",""boundary""=>""administrative"",""name:left""=>""Telve"",""name:right""=>""Pieve Tesino"""
259059453,,path,,,,,,0.0,"""bicycle""=>""permissive"",""foot""=>""yes"",""hiking""=>""yes"",""mtb:scale""=>""2"",""sac_scale""=>""mountain_hiking"",""smoothness""=>""excellent"",""surface""=>""ground"",""tracktype""=>""grade3"",""trail_visibility""=>""good"""
26204659,Rio Valsorda,,stream,,,,,0.0,"""boat""=>""no"""
27987739,,,,,,,,0.0,"""admin_level""=>""8"",""boundary""=>""administrative"",""name:left""=>""Telve"",""name:right""=>""Pieve Tesino"""
259059453,,path,,,,,,0.0,"""bicycle""=>""permissive"",""foot""=>""yes"",""hiking""=>""yes"",""mtb:scale""=>""2"",""sac_scale""=>""mountain_hiking"",""smoothness""=>""excellent"",""surface""=>""ground"",""tracktype""=>""grade3"",""trail_visibility""=>""good"""
27987739,,,,,,,,0.0,"""admin_level""=>""8"",""boundary""=>""administrative"",""name:left""=>""Telve"",""name:right""=>""Pieve Tesino"""
259059453,,path,,,,,,0.0,"""bicycle""=>""permissive"",""foot""=>""yes"",""hiking""=>""yes"",""mtb:scale""=>""2"",""sac_scale""=>""mountain_hiking"",""smoothness""=>""excellent"",""surface""=>""ground"",""tracktype""=>""grade3"",""trail_visibility""=>""good"""
27987739,,,,,,,,0.0,"""admin_level""=>""8"",""boundary""=>""administrative"",""name:left""=>""Telve"",""name:right""=>""Pieve Tesino"""
259059453,,path,,,,,,0.0,"""bicycle""=>""permissive"",""foot""=>""yes"",""hiking""=>""yes"",""mtb:scale""=>""2"",""sac_scale""=>""mountain_hiking"",""smoothness""=>""excellent"",""surface""=>""ground"",""tracktype""=>""grade3"",""trail_visibility""=>""good"""
27987739,,,,,,,,0.0,"""admin_level""=>""8"",""boundary""=>""administrative"",""name:left""=>""Telve"",""name:right""=>""Pieve Tesino"""
259059453,,path,,,,,,0.0,"""bicycle""=>""permissive"",""foot""=>""yes"",""hiking""=>""yes"",""mtb:scale""=>""2"",""sac_scale""=>""mountain_hiking"",""smoothness""=>""excellent"",""surface""=>""ground"",""tracktype""=>""grade3"",""trail_visibility""=>""good"""
27987739,,,,,,,,0.0,"""admin_level""=>""8"",""boundary""=>""administrative"",""name:left""=>""Telve"",""name:right""=>""Pieve Tesino"""
259059453,,path,,,,,,0.0,"""bicycle""=>""permissive"",""foot""=>""yes"",""hiking""=>""yes"",""mtb:scale""=>""2"",""sac_scale""=>""mountain_hiking"",""smoothness""=>""excellent"",""surface""=>""ground"",""tracktype""=>""grade3"",""trail_visibility""=>""good"""
259059453,,path,,,,,,0.0,"""bicycle""=>""permissive"",""foot""=>""yes"",""hiking""=>""yes"",""mtb:scale""=>""2"",""sac_scale""=>""mountain_hiking"",""smoothness""=>""excellent"",""surface""=>""ground"",""tracktype""=>""grade3"",""trail_visibility""=>""good"""
259059453,,path,,,,,,0.0,"""bicycle""=>""permissive"",""foot""=>""yes"",""hiking""=>""yes"",""mtb:scale""=>""2"",""sac_scale""=>""mountain_hiking"",""smoothness""=>""excellent"",""surface""=>""ground"",""tracktype""=>""grade3"",""trail_visibility""=>""good"""
26204659,Rio Valsorda,,stream,,,,,0.0,"""boat""=>""no"""
259059453,,path,,,,,,0.0,"""bicycle""=>""permissive"",""foot""=>""yes"",""hiking""=>""yes"",""mtb:scale""=>""2"",""sac_scale""=>""mountain_hiking"",""smoothness""=>""excellent"",""surface""=>""ground"",""tracktype""=>""grade3"",""trail_visibility""=>""good"""
26204659,Rio Valsorda,,stream,,,,,0.0,"""boat""=>""no"""
259059453,,path,,,,,,0.0,"""bicycle""=>""permissive"",""foot""=>""yes"",""hiking""=>""yes"",""mtb:scale""=>""2"",""sac_scale""=>""mountain_hiking"",""smoothness""=>""excellent"",""surface""=>""ground"",""tracktype""=>""grade3"",""trail_visibility""=>""good"""
26204659,Rio Valsorda,,stream,,,,,0.0,"""boat""=>""no"""
259059453,,path,,,,,,0.0,"""bicycle""=>""permissive"",""foot""=>""yes"",""hiking""=>""yes"",""mtb:scale""=>""2"",""sac_scale""=>""mountain_hiking"",""smoothness""=>""excellent"",""surface""=>""ground"",""tracktype""=>""grade3"",""trail_visibility""=>""good"""
26204659,Rio Valsorda,,stream,,,,,0.0,"""boat""=>""no"""
259059453,,path,,,,,,0.0,"""bicycle""=>""permissive"",""foot""=>""yes"",""hiking""=>""yes"",""mtb:scale""=>""2"",""sac_scale""=>""mountain_hiking"",""smoothness""=>""excellent"",""surface""=>""ground"",""tracktype""=>""grade3"",""trail_visibility""=>""good"""
26204659,Rio Valsorda,,stream,,,,,0.0,"""boat""=>""no"""
259059453,,path,,,,,,0.0,"""bicycle""=>""permissive"",""foot""=>""yes"",""hiking""=>""yes"",""mtb:scale""=>""2"",""sac_scale""=>""mountain_hiking"",""smoothness""=>""excellent"",""surface""=>""ground"",""tracktype""=>""grade3"",""trail_visibility""=>""good"""
26204659,Rio Valsorda,,stream,,,,,0.0,"""boat""=>""no"""
259059453,,path,,,,,,0.0,"""bicycle""=>""permissive"",""foot""=>""yes"",""hiking""=>""yes"",""mtb:scale""=>""2"",""sac_scale""=>""mountain_hiking"",""smoothness""=>""excellent"",""surface""=>""ground"",""tracktype""=>""grade3"",""trail_visibility""=>""good"""
259059453,,path,,,,,,0.0,"""bicycle""=>""permissive"",""foot""=>""yes"",""hiking""=>""yes"",""mtb:scale""=>""2"",""sac_scale""=>""mountain_hiking"",""smoothness""=>""excellent"",""surface""=>""ground"",""tracktype""=>""grade3"",""trail_visibility""=>""good"""
259059453,,path,,,,,,0.0,"""bicycle""=>""permissive"",""foot""=>""yes"",""hiking""=>""yes"",""mtb:scale""=>""2"",""sac_scale""=>""mountain_hiking"",""smoothness""=>""excellent"",""surface""=>""ground"",""tracktype""=>""grade3"",""trail_visibility""=>""good"""
26204659,Rio Valsorda,,stream,,,,,0.0,"""boat""=>""no"""
259059453,,path,,,,,,0.0,"""bicycle""=>""permissive"",""foot""=>""yes"",""hiking""=>""yes"",""mtb:scale""=>""2"",""sac_scale""=>""mountain_hiking"",""smoothness""=>""excellent"",""surface""=>""ground"",""tracktype""=>""grade3"",""trail_visibility""=>""good"""
259059451,,path,,,,,,20.0,"""bicycle""=>""permissive"",""bridge""=>""yes"",""foot""=>""designated"",""layer""=>""1"",""mtb:scale""=>""1"",""smoothness""=>""excellent"",""surface""=>""wood"",""trail_visibility""=>""excellent"""
26204659,Rio Valsorda,,stream,,,,,0.0,"""boat""=>""no"""
26204659,Rio Valsorda,,stream,,,,,0.0,"""boat""=>""no"""
26204659,Rio Valsorda,,stream,,,,,0.0,"""boat""=>""no"""
81628056,,path,,,,,,0.0,"""foot""=>""yes"",""hiking""=>""yes"",""mtb:scale""=>""2"",""sac_scale""=>""mountain_hiking"",""smoothness""=>""excellent"",""surface""=>""ground"",""tracktype""=>""grade3"",""trail_visibility""=>""good"""
26204659,Rio Valsorda,,stream,,,,,0.0,"""boat""=>""no"""
81628056,,path,,,,,,0.0,"""foot""=>""yes"",""hiking""=>""yes"",""mtb:scale""=>""2"",""sac_scale""=>""mountain_hiking"",""smoothness""=>""excellent"",""surface""=>""ground"",""tracktype""=>""grade3"",""trail_visibility""=>""good"""
26204659,Rio Valsorda,,stream,,,,,0.0,"""boat""=>""no"""
81628056,,path,,,,,,0.0,"""foot""=>""yes"",""hiking""=>""yes"",""mtb:scale""=>""2"",""sac_scale""=>""mountain_hiking"",""smoothness""=>""excellent"",""surface""=>""ground"",""tracktype""=>""grade3"",""trail_visibility""=>""good"""
26204659,Rio Valsorda,,stream,,,,,0.0,"""boat""=>""no"""
81628056,,path,,,,,,0.0,"""foot""=>""yes"",""hiking""=>""yes"",""mtb:scale""=>""2"",""sac_scale""=>""mountain_hiking"",""smoothness""=>""excellent"",""surface""=>""ground"",""tracktype""=>""grade3"",""trail_visibility""=>""good"""
26204659,Rio Valsorda,,stream,,,,,0.0,"""boat""=>""no"""
81628056,,path,,,,,,0.0,"""foot""=>""yes"",""hiking""=>""yes"",""mtb:scale""=>""2"",""sac_scale""=>""mountain_hiking"",""smoothness""=>""excellent"",""surface""=>""ground"",""tracktype""=>""grade3"",""trail_visibility""=>""good"""
81628056,,path,,,,,,0.0,"""foot""=>""yes"",""hiking""=>""yes"",""mtb:scale""=>""2"",""sac_scale""=>""mountain_hiking"",""smoothness""=>""excellent"",""surface""=>""ground"",""tracktype""=>""grade3"",""trail_visibility""=>""good"""
81628056,,path,,,,,,0.0,"""foot""=>""yes"",""hiking""=>""yes"",""mtb:scale""=>""2"",""sac_scale""=>""mountain_hiking"",""smoothness""=>""excellent"",""surface""=>""ground"",""tracktype""=>""grade3"",""trail_visibility""=>""good"""
81628056,,path,,,,,,0.0,"""foot""=>""yes"",""hiking""=>""yes"",""mtb:scale""=>""2"",""sac_scale""=>""mountain_hiking"",""smoothness""=>""excellent"",""surface""=>""ground"",""tracktype""=>""grade3"",""trail_visibility""=>""good"""
81628056,,path,,,,,,0.0,"""foot""=>""yes"",""hiking""=>""yes"",""mtb:scale""=>""2"",""sac_scale""=>""mountain_hiking"",""smoothness""=>""excellent"",""surface""=>""ground"",""tracktype""=>""grade3"",""trail_visibility""=>""good"""
,,,,,,,,,
,,,,,,,,,
,,,,,,,,,
81628056,,path,,,,,,0.0,"""foot""=>""yes"",""hiking""=>""yes"",""mtb:scale""=>""2"",""sac_scale""=>""mountain_hiking"",""smoothness""=>""excellent"",""surface""=>""ground"",""tracktype""=>""grade3"",""trail_visibility""=>""good"""
81628056,,path,,,,,,0.0,"""foot""=>""yes"",""hiking""=>""yes"",""mtb:scale""=>""2"",""sac_scale""=>""mountain_hiking"",""smoothness""=>""excellent"",""surface""=>""ground"",""tracktype""=>""grade3"",""trail_visibility""=>""good"""
81628056,,path,,,,,,0.0,"""foot""=>""yes"",""hiking""=>""yes"",""mtb:scale""=>""2"",""sac_scale""=>""mountain_hiking"",""smoothness""=>""excellent"",""surface""=>""ground"",""tracktype""=>""grade3"",""trail_visibility""=>""good"""
81628056,,path,,,,,,0.0,"""foot""=>""yes"",""hiking""=>""yes"",""mtb:scale""=>""2"",""sac_scale""=>""mountain_hiking"",""smoothness""=>""excellent"",""surface""=>""ground"",""tracktype""=>""grade3"",""trail_visibility""=>""good"""
81628056,,path,,,,,,0.0,"""foot""=>""yes"",""hiking""=>""yes"",""mtb:scale""=>""2"",""sac_scale""=>""mountain_hiking"",""smoothness""=>""excellent"",""surface""=>""ground"",""tracktype""=>""grade3"",""trail_visibility""=>""good"""
81628056,,path,,,,,,0.0,"""foot""=>""yes"",""hiking""=>""yes"",""mtb:scale""=>""2"",""sac_scale""=>""mountain_hiking"",""smoothness""=>""excellent"",""surface""=>""ground"",""tracktype""=>""grade3"",""trail_visibility""=>""good"""
81628056,,path,,,,,,0.0,"""foot""=>""yes"",""hiking""=>""yes"",""mtb:scale""=>""2"",""sac_scale""=>""mountain_hiking"",""smoothness""=>""excellent"",""surface""=>""ground"",""tracktype""=>""grade3"",""trail_visibility""=>""good"""
81628056,,path,,,,,,0.0,"""foot""=>""yes"",""hiking""=>""yes"",""mtb:scale""=>""2"",""sac_scale""=>""mountain_hiking"",""smoothness""=>""excellent"",""surface""=>""ground"",""tracktype""=>""grade3"",""trail_visibility""=>""good"""
81628056,,path,,,,,,0.0,"""foot""=>""yes"",""hiking""=>""yes"",""mtb:scale""=>""2"",""sac_scale""=>""mountain_hiking"",""smoothness""=>""excellent"",""surface""=>""ground"",""tracktype""=>""grade3"",""trail_visibility""=>""good"""
81628056,,path,,,,,,0.0,"""foot""=>""yes"",""hiking""=>""yes"",""mtb:scale""=>""2"",""sac_scale""=>""mountain_hiking"",""smoothness""=>""excellent"",""surface""=>""ground"",""tracktype""=>""grade3"",""trail_visibility""=>""good"""
81628056,,path,,,,,,0.0,"""foot""=>""yes"",""hiking""=>""yes"",""mtb:scale""=>""2"",""sac_scale""=>""mountain_hiking"",""smoothness""=>""excellent"",""surface""=>""ground"",""tracktype""=>""grade3"",""trail_visibility""=>""good"""
81628056,,path,,,,,,0.0,"""foot""=>""yes"",""hiking""=>""yes"",""mtb:scale""=>""2"",""sac_scale""=>""mountain_hiking"",""smoothness""=>""excellent"",""surface""=>""ground"",""tracktype""=>""grade3"",""trail_visibility""=>""good"""
81628056,,path,,,,,,0.0,"""foot""=>""yes"",""hiking""=>""yes"",""mtb:scale""=>""2"",""sac_scale""=>""mountain_hiking"",""smoothness""=>""excellent"",""surface""=>""ground"",""tracktype""=>""grade3"",""trail_visibility""=>""good"""
81628056,,path,,,,,,0.0,"""foot""=>""yes"",""hiking""=>""yes"",""mtb:scale""=>""2"",""sac_scale""=>""mountain_hiking"",""smoothness""=>""excellent"",""surface""=>""ground"",""tracktype""=>""grade3"",""trail_visibility""=>""good"""
81628056,,path,,,,,,0.0,"""foot""=>""yes"",""hiking""=>""yes"",""mtb:scale""=>""2"",""sac_scale""=>""mountain_hiking"",""smoothness""=>""excellent"",""surface""=>""ground"",""tracktype""=>""grade3"",""trail_visibility""=>""good"""
81628056,,path,,,,,,0.0,"""foot""=>""yes"",""hiking""=>""yes"",""mtb:scale""=>""2"",""sac_scale""=>""mountain_hiking"",""smoothness""=>""excellent"",""surface""=>""ground"",""tracktype""=>""grade3"",""trail_visibility""=>""good"""
81628056,,path,,,,,,0.0,"""foot""=>""yes"",""hiking""=>""yes"",""mtb:scale""=>""2"",""sac_scale""=>""mountain_hiking"",""smoothness""=>""excellent"",""surface""=>""ground"",""tracktype""=>""grade3"",""trail_visibility""=>""good"""
81628056,,path,,,,,,0.0,"""foot""=>""yes"",""hiking""=>""yes"",""mtb:scale""=>""2"",""sac_scale""=>""mountain_hiking"",""smoothness""=>""excellent"",""surface""=>""ground"",""tracktype""=>""grade3"",""trail_visibility""=>""good"""
81628056,,path,,,,,,0.0,"""foot""=>""yes"",""hiking""=>""yes"",""mtb:scale""=>""2"",""sac_scale""=>""mountain_hiking"",""smoothness""=>""excellent"",""surface""=>""ground"",""tracktype""=>""grade3"",""trail_visibility""=>""good"""
81628056,,path,,,,,,0.0,"""foot""=>""yes"",""hiking""=>""yes"",""mtb:scale""=>""2"",""sac_scale""=>""mountain_hiking"",""smoothness""=>""excellent"",""surface""=>""ground"",""tracktype""=>""grade3"",""trail_visibility""=>""good"""
81628056,,path,,,,,,0.0,"""foot""=>""yes"",""hiking""=>""yes"",""mtb:scale""=>""2"",""sac_scale""=>""mountain_hiking"",""smoothness""=>""excellent"",""surface""=>""ground"",""tracktype""=>""grade3"",""trail_visibility""=>""good"""
81628056,,path,,,,,,0.0,"""foot""=>""yes"",""hiking""=>""yes"",""mtb:scale""=>""2"",""sac_scale""=>""mountain_hiking"",""smoothness""=>""excellent"",""surface""=>""ground"",""tracktype""=>""grade3"",""trail_visibility""=>""good"""
81628056,,path,,,,,,0.0,"""foot""=>""yes"",""hiking""=>""yes"",""mtb:scale""=>""2"",""sac_scale""=>""mountain_hiking"",""smoothness""=>""excellent"",""surface""=>""ground"",""tracktype""=>""grade3"",""trail_visibility""=>""good"""
81628056,,path,,,,,,0.0,"""foot""=>""yes"",""hiking""=>""yes"",""mtb:scale""=>""2"",""sac_scale""=>""mountain_hiking"",""smoothness""=>""excellent"",""surface""=>""ground"",""tracktype""=>""grade3"",""trail_visibility""=>""good"""
81628056,,path,,,,,,0.0,"""foot""=>""yes"",""hiking""=>""yes"",""mtb:scale""=>""2"",""sac_scale""=>""mountain_hiking"",""smoothness""=>""excellent"",""surface""=>""ground"",""tracktype""=>""grade3"",""trail_visibility""=>""good"""
81628056,,path,,,,,,0.0,"""foot""=>""yes"",""hiking""=>""yes"",""mtb:scale""=>""2"",""sac_scale""=>""mountain_hiking"",""smoothness""=>""excellent"",""surface""=>""ground"",""tracktype""=>""grade3"",""trail_visibility""=>""good"""
81628056,,path,,,,,,0.0,"""foot""=>""yes"",""hiking""=>""yes"",""mtb:scale""=>""2"",""sac_scale""=>""mountain_hiking"",""smoothness""=>""excellent"",""surface""=>""ground"",""tracktype""=>""grade3"",""trail_visibility""=>""good"""
81628056,,path,,,,,,0.0,"""foot""=>""yes"",""hiking""=>""yes"",""mtb:scale""=>""2"",""sac_scale""=>""mountain_hiking"",""smoothness""=>""excellent"",""surface""=>""ground"",""tracktype""=>""grade3"",""trail_visibility""=>""good"""
81628056,,path,,,,,,0.0,"""foot""=>""yes"",""hiking""=>""yes"",""mtb:scale""=>""2"",""sac_scale""=>""mountain_hiking"",""smoothness""=>""excellent"",""surface""=>""ground"",""tracktype""=>""grade3"",""trail_visibility""=>""good"""
81628056,,path,,,,,,0.0,"""foot""=>""yes"",""hiking""=>""yes"",""mtb:scale""=>""2"",""sac_scale""=>""mountain_hiking"",""smoothness""=>""excellent"",""surface""=>""ground"",""tracktype""=>""grade3"",""trail_visibility""=>""good"""
81628056,,path,,,,,,0.0,"""foot""=>""yes"",""hiking""=>""yes"",""mtb:scale""=>""2"",""sac_scale""=>""mountain_hiking"",""smoothness""=>""excellent"",""surface""=>""ground"",""tracktype""=>""grade3"",""trail_visibility""=>""good"""
81628056,,path,,,,,,0.0,"""foot""=>""yes"",""hiking""=>""yes"",""mtb:scale""=>""2"",""sac_scale""=>""mountain_hiking"",""smoothness""=>""excellent"",""surface""=>""ground"",""tracktype""=>""grade3"",""trail_visibility""=>""good"""
81628056,,path,,,,,,0.0,"""foot""=>""yes"",""hiking""=>""yes"",""mtb:scale""=>""2"",""sac_scale""=>""mountain_hiking"",""smoothness""=>""excellent"",""surface""=>""ground"",""tracktype""=>""grade3"",""trail_visibility""=>""good"""
81628056,,path,,,,,,0.0,"""foot""=>""yes"",""hiking""=>""yes"",""mtb:scale""=>""2"",""sac_scale""=>""mountain_hiking"",""smoothness""=>""excellent"",""surface""=>""ground"",""tracktype""=>""grade3"",""trail_visibility""=>""good"""
81628056,,path,,,,,,0.0,"""foot""=>""yes"",""hiking""=>""yes"",""mtb:scale""=>""2"",""sac_scale""=>""mountain_hiking"",""smoothness""=>""excellent"",""surface""=>""ground"",""tracktype""=>""grade3"",""trail_visibility""=>""good"""
81628056,,path,,,,,,0.0,"""foot""=>""yes"",""hiking""=>""yes"",""mtb:scale""=>""2"",""sac_scale""=>""mountain_hiking"",""smoothness""=>""excellent"",""surface""=>""ground"",""tracktype""=>""grade3"",""trail_visibility""=>""good"""
81628056,,path,,,,,,0.0,"""foot""=>""yes"",""hiking""=>""yes"",""mtb:scale""=>""2"",""sac_scale""=>""mountain_hiking"",""smoothness""=>""excellent"",""surface""=>""ground"",""tracktype""=>""grade3"",""trail_visibility""=>""good"""
81628056,,path,,,,,,0.0,"""foot""=>""yes"",""hiking""=>""yes"",""mtb:scale""=>""2"",""sac_scale""=>""mountain_hiking"",""smoothness""=>""excellent"",""surface""=>""ground"",""tracktype""=>""grade3"",""trail_visibility""=>""good"""
81628056,,path,,,,,,0.0,"""foot""=>""yes"",""hiking""=>""yes"",""mtb:scale""=>""2"",""sac_scale""=>""mountain_hiking"",""smoothness""=>""excellent"",""surface""=>""ground"",""tracktype""=>""grade3"",""trail_visibility""=>""good"""
81628056,,path,,,,,,0.0,"""foot""=>""yes"",""hiking""=>""yes"",""mtb:scale""=>""2"",""sac_scale""=>""mountain_hiking"",""smoothness""=>""excellent"",""surface""=>""ground"",""tracktype""=>""grade3"",""trail_visibility""=>""good"""
81628056,,path,,,,,,0.0,"""foot""=>""yes"",""hiking""=>""yes"",""mtb:scale""=>""2"",""sac_scale""=>""mountain_hiking"",""smoothness""=>""excellent"",""surface""=>""ground"",""tracktype""=>""grade3"",""trail_visibility""=>""good"""
81628056,,path,,,,,,0.0,"""foot""=>""yes"",""hiking""=>""yes"",""mtb:scale""=>""2"",""sac_scale""=>""mountain_hiking"",""smoothness""=>""excellent"",""surface""=>""ground"",""tracktype""=>""grade3"",""trail_visibility""=>""good"""
81628056,,path,,,,,,0.0,"""foot""=>""yes"",""hiking""=>""yes"",""mtb:scale""=>""2"",""sac_scale""=>""mountain_hiking"",""smoothness""=>""excellent"",""surface""=>""ground"",""tracktype""=>""grade3"",""trail_visibility""=>""good"""
81628056,,path,,,,,,0.0,"""foot""=>""yes"",""hiking""=>""yes"",""mtb:scale""=>""2"",""sac_scale""=>""mountain_hiking"",""smoothness""=>""excellent"",""surface""=>""ground"",""tracktype""=>""grade3"",""trail_visibility""=>""good"""
81628056,,path,,,,,,0.0,"""foot""=>""yes"",""hiking""=>""yes"",""mtb:scale""=>""2"",""sac_scale""=>""mountain_hiking"",""smoothness""=>""excellent"",""surface""=>""ground"",""tracktype""=>""grade3"",""trail_visibility""=>""good"""
81628056,,path,,,,,,0.0,"""foot""=>""yes"",""hiking""=>""yes"",""mtb:scale""=>""2"",""sac_scale""=>""mountain_hiking"",""smoothness""=>""excellent"",""surface""=>""ground"",""tracktype""=>""grade3"",""trail_visibility""=>""good"""
81628056,,path,,,,,,0.0,"""foot""=>""yes"",""hiking""=>""yes"",""mtb:scale""=>""2"",""sac_scale""=>""mountain_hiking"",""smoothness""=>""excellent"",""surface""=>""ground"",""tracktype""=>""grade3"",""trail_visibility""=>""good"""
81628056,,path,,,,,,0.0,"""foot""=>""yes"",""hiking""=>""yes"",""mtb:scale""=>""2"",""sac_scale""=>""mountain_hiking"",""smoothness""=>""excellent"",""surface""=>""ground"",""tracktype""=>""grade3"",""trail_visibility""=>""good"""
81628056,,path,,,,,,0.0,"""foot""=>""yes"",""hiking""=>""yes"",""mtb:scale""=>""2"",""sac_scale""=>""mountain_hiking"",""smoothness""=>""excellent"",""surface""=>""ground"",""tracktype""=>""grade3"",""trail_visibility""=>""good"""
81628056,,path,,,,,,0.0,"""foot""=>""yes"",""hiking""=>""yes"",""mtb:scale""=>""2"",""sac_scale""=>""mountain_hiking"",""smoothness""=>""excellent"",""surface""=>""ground"",""tracktype""=>""grade3"",""trail_visibility""=>""good"""
81628056,,path,,,,,,0.0,"""foot""=>""yes"",""hiking""=>""yes"",""mtb:scale""=>""2"",""sac_scale""=>""mountain_hiking"",""smoothness""=>""excellent"",""surface""=>""ground"",""tracktype""=>""grade3"",""trail_visibility""=>""good"""
81628056,,path,,,,,,0.0,"""foot""=>""yes"",""hiking""=>""yes"",""mtb:scale""=>""2"",""sac_scale""=>""mountain_hiking"",""smoothness""=>""excellent"",""surface""=>""ground"",""tracktype""=>""grade3"",""trail_visibility""=>""good"""
81628056,,path,,,,,,0.0,"""foot""=>""yes"",""hiking""=>""yes"",""mtb:scale""=>""2"",""sac_scale""=>""mountain_hiking"",""smoothness""=>""excellent"",""surface""=>""ground"",""tracktype""=>""grade3"",""trail_visibility""=>""good"""
81628056,,path,,,,,,0.0,"""foot""=>""yes"",""hiking""=>""yes"",""mtb:scale""=>""2"",""sac_scale""=>""mountain_hiking"",""smoothness""=>""excellent"",""surface""=>""ground"",""tracktype""=>""grade3"",""trail_visibility""=>""good"""
81628056,,path,,,,,,0.0,"""foot""=>""yes"",""hiking""=>""yes"",""mtb:scale""=>""2"",""sac_scale""=>""mountain_hiking"",""smoothness""=>""excellent"",""surface""=>""ground"",""tracktype""=>""grade3"",""trail_visibility""=>""good"""
81628056,,path,,,,,,0.0,"""foot""=>""yes"",""hiking""=>""yes"",""mtb:scale""=>""2"",""sac_scale""=>""mountain_hiking"",""smoothness""=>""excellent"",""surface""=>""ground"",""tracktype""=>""grade3"",""trail_visibility""=>""good"""
81628056,,path,,,,,,0.0,"""foot""=>""yes"",""hiking""=>""yes"",""mtb:scale""=>""2"",""sac_scale""=>""mountain_hiking"",""smoothness""=>""excellent"",""surface""=>""ground"",""tracktype""=>""grade3"",""trail_visibility""=>""good"""
81628056,,path,,,,,,0.0,"""foot""=>""yes"",""hiking""=>""yes"",""mtb:scale""=>""2"",""sac_scale""=>""mountain_hiking"",""smoothness""=>""excellent"",""surface""=>""ground"",""tracktype""=>""grade3"",""trail_visibility""=>""good"""
81628056,,path,,,,,,0.0,"""foot""=>""yes"",""hiking""=>""yes"",""mtb:scale""=>""2"",""sac_scale""=>""mountain_hiking"",""smoothness""=>""excellent"",""surface""=>""ground"",""tracktype""=>""grade3"",""trail_visibility""=>""good"""
81628056,,path,,,,,,0.0,"""foot""=>""yes"",""hiking""=>""yes"",""mtb:scale""=>""2"",""sac_scale""=>""mountain_hiking"",""smoothness""=>""excellent"",""surface""=>""ground"",""tracktype""=>""grade3"",""trail_visibility""=>""good"""
81628056,,path,,,,,,0.0,"""foot""=>""yes"",""hiking""=>""yes"",""mtb:scale""=>""2"",""sac_scale""=>""mountain_hiking"",""smoothness""=>""excellent"",""surface""=>""ground"",""tracktype""=>""grade3"",""trail_visibility""=>""good"""
81628056,,path,,,,,,0.0,"""foot""=>""yes"",""hiking""=>""yes"",""mtb:scale""=>""2"",""sac_scale""=>""mountain_hiking"",""smoothness""=>""excellent"",""surface""=>""ground"",""tracktype""=>""grade3"",""trail_visibility""=>""good"""
81628056,,path,,,,,,0.0,"""foot""=>""yes"",""hiking""=>""yes"",""mtb:scale""=>""2"",""sac_scale""=>""mountain_hiking"",""smoothness""=>""excellent"",""surface""=>""ground"",""tracktype""=>""grade3"",""trail_visibility""=>""good"""
81628056,,path,,,,,,0.0,"""foot""=>""yes"",""hiking""=>""yes"",""mtb:scale""=>""2"",""sac_scale""=>""mountain_hiking"",""smoothness""=>""excellent"",""surface""=>""ground"",""tracktype""=>""grade3"",""trail_visibility""=>""good"""
81628056,,path,,,,,,0.0,"""foot""=>""yes"",""hiking""=>""yes"",""mtb:scale""=>""2"",""sac_scale""=>""mountain_hiking"",""smoothness""=>""excellent"",""surface""=>""ground"",""tracktype""=>""grade3"",""trail_visibility""=>""good"""
81628056,,path,,,,,,0.0,"""foot""=>""yes"",""hiking""=>""yes"",""mtb:scale""=>""2"",""sac_scale""=>""mountain_hiking"",""smoothness""=>""excellent"",""surface""=>""ground"",""tracktype""=>""grade3"",""trail_visibility""=>""good"""
81628056,,path,,,,,,0.0,"""foot""=>""yes"",""hiking""=>""yes"",""mtb:scale""=>""2"",""sac_scale""=>""mountain_hiking"",""smoothness""=>""excellent"",""surface""=>""ground"",""tracktype""=>""grade3"",""trail_visibility""=>""good"""
81628056,,path,,,,,,0.0,"""foot""=>""yes"",""hiking""=>""yes"",""mtb:scale""=>""2"",""sac_scale""=>""mountain_hiking"",""smoothness""=>""excellent"",""surface""=>""ground"",""tracktype""=>""grade3"",""trail_visibility""=>""good"""
81628056,,path,,,,,,0.0,"""foot""=>""yes"",""hiking""=>""yes"",""mtb:scale""=>""2"",""sac_scale""=>""mountain_hiking"",""smoothness""=>""excellent"",""surface""=>""ground"",""tracktype""=>""grade3"",""trail_visibility""=>""good"""
81628056,,path,,,,,,0.0,"""foot""=>""yes"",""hiking""=>""yes"",""mtb:scale""=>""2"",""sac_scale""=>""mountain_hiking"",""smoothness""=>""excellent"",""surface""=>""ground"",""tracktype""=>""grade3"",""trail_visibility""=>""good"""
81628056,,path,,,,,,0.0,"""foot""=>""yes"",""hiking""=>""yes"",""mtb:scale""=>""2"",""sac_scale""=>""mountain_hiking"",""smoothness""=>""excellent"",""surface""=>""ground"",""tracktype""=>""grade3"",""trail_visibility""=>""good"""
81628056,,path,,,,,,0.0,"""foot""=>""yes"",""hiking""=>""yes"",""mtb:scale""=>""2"",""sac_scale""=>""mountain_hiking"",""smoothness""=>""excellent"",""surface""=>""ground"",""tracktype""=>""grade3"",""trail_visibility""=>""good"""
81628056,,path,,,,,,0.0,"""foot""=>""yes"",""hiking""=>""yes"",""mtb:scale""=>""2"",""sac_scale""=>""mountain_hiking"",""smoothness""=>""excellent"",""surface""=>""ground"",""tracktype""=>""grade3"",""trail_visibility""=>""good"""
81628056,,path,,,,,,0.0,"""foot""=>""yes"",""hiking""=>""yes"",""mtb:scale""=>""2"",""sac_scale""=>""mountain_hiking"",""smoothness""=>""excellent"",""surface""=>""ground"",""tracktype""=>""grade3"",""trail_visibility""=>""good"""
81628056,,path,,,,,,0.0,"""foot""=>""yes"",""hiking""=>""yes"",""mtb:scale""=>""2"",""sac_scale""=>""mountain_hiking"",""smoothness""=>""excellent"",""surface""=>""ground"",""tracktype""=>""grade3"",""trail_visibility""=>""good"""
81628056,,path,,,,,,0.0,"""foot""=>""yes"",""hiking""=>""yes"",""mtb:scale""=>""2"",""sac_scale""=>""mountain_hiking"",""smoothness""=>""excellent"",""surface""=>""ground"",""tracktype""=>""grade3"",""trail_visibility""=>""good"""
81628056,,path,,,,,,0.0,"""foot""=>""yes"",""hiking""=>""yes"",""mtb:scale""=>""2"",""sac_scale""=>""mountain_hiking"",""smoothness""=>""excellent"",""surface""=>""ground"",""tracktype""=>""grade3"",""trail_visibility""=>""good"""
81628056,,path,,,,,,0.0,"""foot""=>""yes"",""hiking""=>""yes"",""mtb:scale""=>""2"",""sac_scale""=>""mountain_hiking"",""smoothness""=>""excellent"",""surface""=>""ground"",""tracktype""=>""grade3"",""trail_visibility""=>""good"""
81628056,,path,,,,,,0.0,"""foot""=>""yes"",""hiking""=>""yes"",""mtb:scale""=>""2"",""sac_scale""=>""mountain_hiking"",""smoothness""=>""excellent"",""surface""=>""ground"",""tracktype""=>""grade3"",""trail_visibility""=>""good"""
81628056,,path,,,,,,0.0,"""foot""=>""yes"",""hiking""=>""yes"",""mtb:scale""=>""2"",""sac_scale""=>""mountain_hiking"",""smoothness""=>""excellent"",""surface""=>""ground"",""tracktype""=>""grade3"",""trail_visibility""=>""good"""
81628056,,path,,,,,,0.0,"""foot""=>""yes"",""hiking""=>""yes"",""mtb:scale""=>""2"",""sac_scale""=>""mountain_hiking"",""smoothness""=>""excellent"",""surface""=>""ground"",""tracktype""=>""grade3"",""trail_visibility""=>""good"""
81628056,,path,,,,,,0.0,"""foot""=>""yes"",""hiking""=>""yes"",""mtb:scale""=>""2"",""sac_scale""=>""mountain_hiking"",""smoothness""=>""excellent"",""surface""=>""ground"",""tracktype""=>""grade3"",""trail_visibility""=>""good"""
81628056,,path,,,,,,0.0,"""foot""=>""yes"",""hiking""=>""yes"",""mtb:scale""=>""2"",""sac_scale""=>""mountain_hiking"",""smoothness""=>""excellent"",""surface""=>""ground"",""tracktype""=>""grade3"",""trail_visibility""=>""good"""
81628056,,path,,,,,,0.0,"""foot""=>""yes"",""hiking""=>""yes"",""mtb:scale""=>""2"",""sac_scale""=>""mountain_hiking"",""smoothness""=>""excellent"",""surface""=>""ground"",""tracktype""=>""grade3"",""trail_visibility""=>""good"""
81628056,,path,,,,,,0.0,"""foot""=>""yes"",""hiking""=>""yes"",""mtb:scale""=>""2"",""sac_scale""=>""mountain_hiking"",""smoothness""=>""excellent"",""surface""=>""ground"",""tracktype""=>""grade3"",""trail_visibility""=>""good"""
81628056,,path,,,,,,0.0,"""foot""=>""yes"",""hiking""=>""yes"",""mtb:scale""=>""2"",""sac_scale""=>""mountain_hiking"",""smoothness""=>""excellent"",""surface""=>""ground"",""tracktype""=>""grade3"",""trail_visibility""=>""good"""
81628056,,path,,,,,,0.0,"""foot""=>""yes"",""hiking""=>""yes"",""mtb:scale""=>""2"",""sac_scale""=>""mountain_hiking"",""smoothness""=>""excellent"",""surface""=>""ground"",""tracktype""=>""grade3"",""trail_visibility""=>""good"""
81628056,,path,,,,,,0.0,"""foot""=>""yes"",""hiking""=>""yes"",""mtb:scale""=>""2"",""sac_scale""=>""mountain_hiking"",""smoothness""=>""excellent"",""surface""=>""ground"",""tracktype""=>""grade3"",""trail_visibility""=>""good"""
81628056,,path,,,,,,0.0,"""foot""=>""yes"",""hiking""=>""yes"",""mtb:scale""=>""2"",""sac_scale""=>""mountain_hiking"",""smoothness""=>""excellent"",""surface""=>""ground"",""tracktype""=>""grade3"",""trail_visibility""=>""good"""
81628056,,path,,,,,,0.0,"""foot""=>""yes"",""hiking""=>""yes"",""mtb:scale""=>""2"",""sac_scale""=>""mountain_hiking"",""smoothness""=>""excellent"",""surface""=>""ground"",""tracktype""=>""grade3"",""trail_visibility""=>""good"""
81628056,,path,,,,,,0.0,"""foot""=>""yes"",""hiking""=>""yes"",""mtb:scale""=>""2"",""sac_scale""=>""mountain_hiking"",""smoothness""=>""excellent"",""surface""=>""ground"",""tracktype""=>""grade3"",""trail_visibility""=>""good"""
81628056,,path,,,,,,0.0,"""foot""=>""yes"",""hiking""=>""yes"",""mtb:scale""=>""2"",""sac_scale""=>""mountain_hiking"",""smoothness""=>""excellent"",""surface""=>""ground"",""tracktype""=>""grade3"",""trail_visibility""=>""good"""
81628056,,path,,,,,,0.0,"""foot""=>""yes"",""hiking""=>""yes"",""mtb:scale""=>""2"",""sac_scale""=>""mountain_hiking"",""smoothness""=>""excellent"",""surface""=>""ground"",""tracktype""=>""grade3"",""trail_visibility""=>""good"""
81628056,,path,,,,,,0.0,"""foot""=>""yes"",""hiking""=>""yes"",""mtb:scale""=>""2"",""sac_scale""=>""mountain_hiking"",""smoothness""=>""excellent"",""surface""=>""ground"",""tracktype""=>""grade3"",""trail_visibility""=>""good"""
81628056,,path,,,,,,0.0,"""foot""=>""yes"",""hiking""=>""yes"",""mtb:scale""=>""2"",""sac_scale""=>""mountain_hiking"",""smoothness""=>""excellent"",""surface""=>""ground"",""tracktype""=>""grade3"",""trail_visibility""=>""good"""
81628056,,path,,,,,,0.0,"""foot""=>""yes"",""hiking""=>""yes"",""mtb:scale""=>""2"",""sac_scale""=>""mountain_hiking"",""smoothness""=>""excellent"",""surface""=>""ground"",""tracktype""=>""grade3"",""trail_visibility""=>""good"""
81628056,,path,,,,,,0.0,"""foot""=>""yes"",""hiking""=>""yes"",""mtb:scale""=>""2"",""sac_scale""=>""mountain_hiking"",""smoothness""=>""excellent"",""surface""=>""ground"",""tracktype""=>""grade3"",""trail_visibility""=>""good"""
81628056,,path,,,,,,0.0,"""foot""=>""yes"",""hiking""=>""yes"",""mtb:scale""=>""2"",""sac_scale""=>""mountain_hiking"",""smoothness""=>""excellent"",""surface""=>""ground"",""tracktype""=>""grade3"",""trail_visibility""=>""good"""
81628056,,path,,,,,,0.0,"""foot""=>""yes"",""hiking""=>""yes"",""mtb:scale""=>""2"",""sac_scale""=>""mountain_hiking"",""smoothness""=>""excellent"",""surface""=>""ground"",""tracktype""=>""grade3"",""trail_visibility""=>""good"""
81628056,,path,,,,,,0.0,"""foot""=>""yes"",""hiking""=>""yes"",""mtb:scale""=>""2"",""sac_scale""=>""mountain_hiking"",""smoothness""=>""excellent"",""surface""=>""ground"",""tracktype""=>""grade3"",""trail_visibility""=>""good"""
81628056,,path,,,,,,0.0,"""foot""=>""yes"",""hiking""=>""yes"",""mtb:scale""=>""2"",""sac_scale""=>""mountain_hiking"",""smoothness""=>""excellent"",""surface""=>""ground"",""tracktype""=>""grade3"",""trail_visibility""=>""good"""
81628056,,path,,,,,,0.0,"""foot""=>""yes"",""hiking""=>""yes"",""mtb:scale""=>""2"",""sac_scale""=>""mountain_hiking"",""smoothness""=>""excellent"",""surface""=>""ground"",""tracktype""=>""grade3"",""trail_visibility""=>""good"""
81628056,,path,,,,,,0.0,"""foot""=>""yes"",""hiking""=>""yes"",""mtb:scale""=>""2"",""sac_scale""=>""mountain_hiking"",""smoothness""=>""excellent"",""surface""=>""ground"",""tracktype""=>""grade3"",""trail_visibility""=>""good"""
81628056,,path,,,,,,0.0,"""foot""=>""yes"",""hiking""=>""yes"",""mtb:scale""=>""2"",""sac_scale""=>""mountain_hiking"",""smoothness""=>""excellent"",""surface""=>""ground"",""tracktype""=>""grade3"",""trail_visibility""=>""good"""
81628056,,path,,,,,,0.0,"""foot""=>""yes"",""hiking""=>""yes"",""mtb:scale""=>""2"",""sac_scale""=>""mountain_hiking"",""smoothness""=>""excellent"",""surface""=>""ground"",""tracktype""=>""grade3"",""trail_visibility""=>""good"""
81628056,,path,,,,,,0.0,"""foot""=>""yes"",""hiking""=>""yes"",""mtb:scale""=>""2"",""sac_scale""=>""mountain_hiking"",""smoothness""=>""excellent"",""surface""=>""ground"",""tracktype""=>""grade3"",""trail_visibility""=>""good"""
81628056,,path,,,,,,0.0,"""foot""=>""yes"",""hiking""=>""yes"",""mtb:scale""=>""2"",""sac_scale""=>""mountain_hiking"",""smoothness""=>""excellent"",""surface""=>""ground"",""tracktype""=>""grade3"",""trail_visibility""=>""good"""
81628056,,path,,,,,,0.0,"""foot""=>""yes"",""hiking""=>""yes"",""mtb:scale""=>""2"",""sac_scale""=>""mountain_hiking"",""smoothness""=>""excellent"",""surface""=>""ground"",""tracktype""=>""grade3"",""trail_visibility""=>""good"""
81628056,,path,,,,,,0.0,"""foot""=>""yes"",""hiking""=>""yes"",""mtb:scale""=>""2"",""sac_scale""=>""mountain_hiking"",""smoothness""=>""excellent"",""surface""=>""ground"",""tracktype""=>""grade3"",""trail_visibility""=>""good"""
81628056,,path,,,,,,0.0,"""foot""=>""yes"",""hiking""=>""yes"",""mtb:scale""=>""2"",""sac_scale""=>""mountain_hiking"",""smoothness""=>""excellent"",""surface""=>""ground"",""tracktype""=>""grade3"",""trail_visibility""=>""good"""
81628056,,path,,,,,,0.0,"""foot""=>""yes"",""hiking""=>""yes"",""mtb:scale""=>""2"",""sac_scale""=>""mountain_hiking"",""smoothness""=>""excellent"",""surface""=>""ground"",""tracktype""=>""grade3"",""trail_visibility""=>""good"""
81628056,,path,,,,,,0.0,"""foot""=>""yes"",""hiking""=>""yes"",""mtb:scale""=>""2"",""sac_scale""=>""mountain_hiking"",""smoothness""=>""excellent"",""surface""=>""ground"",""tracktype""=>""grade3"",""trail_visibility""=>""good"""
81628056,,path,,,,,,0.0,"""foot""=>""yes"",""hiking""=>""yes"",""mtb:scale""=>""2"",""sac_scale""=>""mountain_hiking"",""smoothness""=>""excellent"",""surface""=>""ground"",""tracktype""=>""grade3"",""trail_visibility""=>""good"""
81628056,,path,,,,,,0.0,"""foot""=>""yes"",""hiking""=>""yes"",""mtb:scale""=>""2"",""sac_scale""=>""mountain_hiking"",""smoothness""=>""excellent"",""surface""=>""ground"",""tracktype""=>""grade3"",""trail_visibility""=>""good"""
81628056,,path,,,,,,0.0,"""foot""=>""yes"",""hiking""=>""yes"",""mtb:scale""=>""2"",""sac_scale""=>""mountain_hiking"",""smoothness""=>""excellent"",""surface""=>""ground"",""tracktype""=>""grade3"",""trail_visibility""=>""good"""
81628056,,path,,,,,,0.0,"""foot""=>""yes"",""hiking""=>""yes"",""mtb:scale""=>""2"",""sac_scale""=>""mountain_hiking"",""smoothness""=>""excellent"",""surface""=>""ground"",""tracktype""=>""grade3"",""trail_visibility""=>""good"""
81628056,,path,,,,,,0.0,"""foot""=>""yes"",""hiking""=>""yes"",""mtb:scale""=>""2"",""sac_scale""=>""mountain_hiking"",""smoothness""=>""excellent"",""surface""=>""ground"",""tracktype""=>""grade3"",""trail_visibility""=>""good"""
81628056,,path,,,,,,0.0,"""foot""=>""yes"",""hiking""=>""yes"",""mtb:scale""=>""2"",""sac_scale""=>""mountain_hiking"",""smoothness""=>""excellent"",""surface""=>""ground"",""tracktype""=>""grade3"",""trail_visibility""=>""good"""
81628056,,path,,,,,,0.0,"""foot""=>""yes"",""hiking""=>""yes"",""mtb:scale""=>""2"",""sac_scale""=>""mountain_hiking"",""smoothness""=>""excellent"",""surface""=>""ground"",""tracktype""=>""grade3"",""trail_visibility""=>""good"""
81628056,,path,,,,,,0.0,"""foot""=>""yes"",""hiking""=>""yes"",""mtb:scale""=>""2"",""sac_scale""=>""mountain_hiking"",""smoothness""=>""excellent"",""surface""=>""ground"",""tracktype""=>""grade3"",""trail_visibility""=>""good"""
81628056,,path,,,,,,0.0,"""foot""=>""yes"",""hiking""=>""yes"",""mtb:scale""=>""2"",""sac_scale""=>""mountain_hiking"",""smoothness""=>""excellent"",""surface""=>""ground"",""tracktype""=>""grade3"",""trail_visibility""=>""good"""
81628056,,path,,,,,,0.0,"""foot""=>""yes"",""hiking""=>""yes"",""mtb:scale""=>""2"",""sac_scale""=>""mountain_hiking"",""smoothness""=>""excellent"",""surface""=>""ground"",""tracktype""=>""grade3"",""trail_visibility""=>""good"""
81628056,,path,,,,,,0.0,"""foot""=>""yes"",""hiking""=>""yes"",""mtb:scale""=>""2"",""sac_scale""=>""mountain_hiking"",""smoothness""=>""excellent"",""surface""=>""ground"",""tracktype""=>""grade3"",""trail_visibility""=>""good"""
81628056,,path,,,,,,0.0,"""foot""=>""yes"",""hiking""=>""yes"",""mtb:scale""=>""2"",""sac_scale""=>""mountain_hiking"",""smoothness""=>""excellent"",""surface""=>""ground"",""tracktype""=>""grade3"",""trail_visibility""=>""good"""
81628056,,path,,,,,,0.0,"""foot""=>""yes"",""hiking""=>""yes"",""mtb:scale""=>""2"",""sac_scale""=>""mountain_hiking"",""smoothness""=>""excellent"",""surface""=>""ground"",""tracktype""=>""grade3"",""trail_visibility""=>""good"""
81628056,,path,,,,,,0.0,"""foot""=>""yes"",""hiking""=>""yes"",""mtb:scale""=>""2"",""sac_scale""=>""mountain_hiking"",""smoothness""=>""excellent"",""surface""=>""ground"",""tracktype""=>""grade3"",""trail_visibility""=>""good"""
81628056,,path,,,,,,0.0,"""foot""=>""yes"",""hiking""=>""yes"",""mtb:scale""=>""2"",""sac_scale""=>""mountain_hiking"",""smoothness""=>""excellent"",""surface""=>""ground"",""tracktype""=>""grade3"",""trail_visibility""=>""good"""
81628056,,path,,,,,,0.0,"""foot""=>""yes"",""hiking""=>""yes"",""mtb:scale""=>""2"",""sac_scale""=>""mountain_hiking"",""smoothness""=>""excellent"",""surface""=>""ground"",""tracktype""=>""grade3"",""trail_visibility""=>""good"""
81628056,,path,,,,,,0.0,"""foot""=>""yes"",""hiking""=>""yes"",""mtb:scale""=>""2"",""sac_scale""=>""mountain_hiking"",""smoothness""=>""excellent"",""surface""=>""ground"",""tracktype""=>""grade3"",""trail_visibility""=>""good"""
81628056,,path,,,,,,0.0,"""foot""=>""yes"",""hiking""=>""yes"",""mtb:scale""=>""2"",""sac_scale""=>""mountain_hiking"",""smoothness""=>""excellent"",""surface""=>""ground"",""tracktype""=>""grade3"",""trail_visibility""=>""good"""
81628056,,path,,,,,,0.0,"""foot""=>""yes"",""hiking""=>""yes"",""mtb:scale""=>""2"",""sac_scale""=>""mountain_hiking"",""smoothness""=>""excellent"",""surface""=>""ground"",""tracktype""=>""grade3"",""trail_visibility""=>""good"""
81628056,,path,,,,,,0.0,"""foot""=>""yes"",""hiking""=>""yes"",""mtb:scale""=>""2"",""sac_scale""=>""mountain_hiking"",""smoothness""=>""excellent"",""surface""=>""ground"",""tracktype""=>""grade3"",""trail_visibility""=>""good"""
81628056,,path,,,,,,0.0,"""foot""=>""yes"",""hiking""=>""yes"",""mtb:scale""=>""2"",""sac_scale""=>""mountain_hiking"",""smoothness""=>""excellent"",""surface""=>""ground"",""tracktype""=>""grade3"",""trail_visibility""=>""good"""
81628056,,path,,,,,,0.0,"""foot""=>""yes"",""hiking""=>""yes"",""mtb:scale""=>""2"",""sac_scale""=>""mountain_hiking"",""smoothness""=>""excellent"",""surface""=>""ground"",""tracktype""=>""grade3"",""trail_visibility""=>""good"""
81628056,,path,,,,,,0.0,"""foot""=>""yes"",""hiking""=>""yes"",""mtb:scale""=>""2"",""sac_scale""=>""mountain_hiking"",""smoothness""=>""excellent"",""surface""=>""ground"",""tracktype""=>""grade3"",""trail_visibility""=>""good"""
81628056,,path,,,,,,0.0,"""foot""=>""yes"",""hiking""=>""yes"",""mtb:scale""=>""2"",""sac_scale""=>""mountain_hiking"",""smoothness""=>""excellent"",""surface""=>""ground"",""tracktype""=>""grade3"",""trail_visibility""=>""good"""
81628056,,path,,,,,,0.0,"""foot""=>""yes"",""hiking""=>""yes"",""mtb:scale""=>""2"",""sac_scale""=>""mountain_hiking"",""smoothness""=>""excellent"",""surface""=>""ground"",""tracktype""=>""grade3"",""trail_visibility""=>""good"""
81628056,,path,,,,,,0.0,"""foot""=>""yes"",""hiking""=>""yes"",""mtb:scale""=>""2"",""sac_scale""=>""mountain_hiking"",""smoothness""=>""excellent"",""surface""=>""ground"",""tracktype""=>""grade3"",""trail_visibility""=>""good"""
81628056,,path,,,,,,0.0,"""foot""=>""yes"",""hiking""=>""yes"",""mtb:scale""=>""2"",""sac_scale""=>""mountain_hiking"",""smoothness""=>""excellent"",""surface""=>""ground"",""tracktype""=>""grade3"",""trail_visibility""=>""good"""
81628056,,path,,,,,,0.0,"""foot""=>""yes"",""hiking""=>""yes"",""mtb:scale""=>""2"",""sac_scale""=>""mountain_hiking"",""smoothness""=>""excellent"",""surface""=>""ground"",""tracktype""=>""grade3"",""trail_visibility""=>""good"""
81628056,,path,,,,,,0.0,"""foot""=>""yes"",""hiking""=>""yes"",""mtb:scale""=>""2"",""sac_scale""=>""mountain_hiking"",""smoothness""=>""excellent"",""surface""=>""ground"",""tracktype""=>""grade3"",""trail_visibility""=>""good"""
81628056,,path,,,,,,0.0,"""foot""=>""yes"",""hiking""=>""yes"",""mtb:scale""=>""2"",""sac_scale""=>""mountain_hiking"",""smoothness""=>""excellent"",""surface""=>""ground"",""tracktype""=>""grade3"",""trail_visibility""=>""good"""
81628056,,path,,,,,,0.0,"""foot""=>""yes"",""hiking""=>""yes"",""mtb:scale""=>""2"",""sac_scale""=>""mountain_hiking"",""smoothness""=>""excellent"",""surface""=>""ground"",""tracktype""=>""grade3"",""trail_visibility""=>""good"""
81628056,,path,,,,,,0.0,"""foot""=>""yes"",""hiking""=>""yes"",""mtb:scale""=>""2"",""sac_scale""=>""mountain_hiking"",""smoothness""=>""excellent"",""surface""=>""ground"",""tracktype""=>""grade3"",""trail_visibility""=>""good"""
81628056,,path,,,,,,0.0,"""foot""=>""yes"",""hiking""=>""yes"",""mtb:scale""=>""2"",""sac_scale""=>""mountain_hiking"",""smoothness""=>""excellent"",""surface""=>""ground"",""tracktype""=>""grade3"",""trail_visibility""=>""good"""
81628056,,path,,,,,,0.0,"""foot""=>""yes"",""hiking""=>""yes"",""mtb:scale""=>""2"",""sac_scale""=>""mountain_hiking"",""smoothness""=>""excellent"",""surface""=>""ground"",""tracktype""=>""grade3"",""trail_visibility""=>""good"""
81628056,,path,,,,,,0.0,"""foot""=>""yes"",""hiking""=>""yes"",""mtb:scale""=>""2"",""sac_scale""=>""mountain_hiking"",""smoothness""=>""excellent"",""surface""=>""ground"",""tracktype""=>""grade3"",""trail_visibility""=>""good"""
81628056,,path,,,,,,0.0,"""foot""=>""yes"",""hiking""=>""yes"",""mtb:scale""=>""2"",""sac_scale""=>""mountain_hiking"",""smoothness""=>""excellent"",""surface""=>""ground"",""tracktype""=>""grade3"",""trail_visibility""=>""good"""
81628056,,path,,,,,,0.0,"""foot""=>""yes"",""hiking""=>""yes"",""mtb:scale""=>""2"",""sac_scale""=>""mountain_hiking"",""smoothness""=>""excellent"",""surface""=>""ground"",""tracktype""=>""grade3"",""trail_visibility""=>""good"""
81628056,,path,,,,,,0.0,"""foot""=>""yes"",""hiking""=>""yes"",""mtb:scale""=>""2"",""sac_scale""=>""mountain_hiking"",""smoothness""=>""excellent"",""surface""=>""ground"",""tracktype""=>""grade3"",""trail_visibility""=>""good"""
81628056,,path,,,,,,0.0,"""foot""=>""yes"",""hiking""=>""yes"",""mtb:scale""=>""2"",""sac_scale""=>""mountain_hiking"",""smoothness""=>""excellent"",""surface""=>""ground"",""tracktype""=>""grade3"",""trail_visibility""=>""good"""
81628056,,path,,,,,,0.0,"""foot""=>""yes"",""hiking""=>""yes"",""mtb:scale""=>""2"",""sac_scale""=>""mountain_hiking"",""smoothness""=>""excellent"",""surface""=>""ground"",""tracktype""=>""grade3"",""trail_visibility""=>""good"""
81628056,,path,,,,,,0.0,"""foot""=>""yes"",""hiking""=>""yes"",""mtb:scale""=>""2"",""sac_scale""=>""mountain_hiking"",""smoothness""=>""excellent"",""surface""=>""ground"",""tracktype""=>""grade3"",""trail_visibility""=>""good"""
81628056,,path,,,,,,0.0,"""foot""=>""yes"",""hiking""=>""yes"",""mtb:scale""=>""2"",""sac_scale""=>""mountain_hiking"",""smoothness""=>""excellent"",""surface""=>""ground"",""tracktype""=>""grade3"",""trail_visibility""=>""good"""
81628056,,path,,,,,,0.0,"""foot""=>""yes"",""hiking""=>""yes"",""mtb:scale""=>""2"",""sac_scale""=>""mountain_hiking"",""smoothness""=>""excellent"",""surface""=>""ground"",""tracktype""=>""grade3"",""trail_visibility""=>""good"""
81628056,,path,,,,,,0.0,"""foot""=>""yes"",""hiking""=>""yes"",""mtb:scale""=>""2"",""sac_scale""=>""mountain_hiking"",""smoothness""=>""excellent"",""surface""=>""ground"",""tracktype""=>""grade3"",""trail_visibility""=>""good"""
81628056,,path,,,,,,0.0,"""foot""=>""yes"",""hiking""=>""yes"",""mtb:scale""=>""2"",""sac_scale""=>""mountain_hiking"",""smoothness""=>""excellent"",""surface""=>""ground"",""tracktype""=>""grade3"",""trail_visibility""=>""good"""
81628056,,path,,,,,,0.0,"""foot""=>""yes"",""hiking""=>""yes"",""mtb:scale""=>""2"",""sac_scale""=>""mountain_hiking"",""smoothness""=>""excellent"",""surface""=>""ground"",""tracktype""=>""grade3"",""trail_visibility""=>""good"""
81628056,,path,,,,,,0.0,"""foot""=>""yes"",""hiking""=>""yes"",""mtb:scale""=>""2"",""sac_scale""=>""mountain_hiking"",""smoothness""=>""excellent"",""surface""=>""ground"",""tracktype""=>""grade3"",""trail_visibility""=>""good"""
81628056,,path,,,,,,0.0,"""foot""=>""yes"",""hiking""=>""yes"",""mtb:scale""=>""2"",""sac_scale""=>""mountain_hiking"",""smoothness""=>""excellent"",""surface""=>""ground"",""tracktype""=>""grade3"",""trail_visibility""=>""good"""
81628056,,path,,,,,,0.0,"""foot""=>""yes"",""hiking""=>""yes"",""mtb:scale""=>""2"",""sac_scale""=>""mountain_hiking"",""smoothness""=>""excellent"",""surface""=>""ground"",""tracktype""=>""grade3"",""trail_visibility""=>""good"""
81628056,,path,,,,,,0.0,"""foot""=>""yes"",""hiking""=>""yes"",""mtb:scale""=>""2"",""sac_scale""=>""mountain_hiking"",""smoothness""=>""excellent"",""surface""=>""ground"",""tracktype""=>""grade3"",""trail_visibility""=>""good"""
81628056,,path,,,,,,0.0,"""foot""=>""yes"",""hiking""=>""yes"",""mtb:scale""=>""2"",""sac_scale""=>""mountain_hiking"",""smoothness""=>""excellent"",""surface""=>""ground"",""tracktype""=>""grade3"",""trail_visibility""=>""good"""
81628056,,path,,,,,,0.0,"""foot""=>""yes"",""hiking""=>""yes"",""mtb:scale""=>""2"",""sac_scale""=>""mountain_hiking"",""smoothness""=>""excellent"",""surface""=>""ground"",""tracktype""=>""grade3"",""trail_visibility""=>""good"""
81628056,,path,,,,,,0.0,"""foot""=>""yes"",""hiking""=>""yes"",""mtb:scale""=>""2"",""sac_scale""=>""mountain_hiking"",""smoothness""=>""excellent"",""surface""=>""ground"",""tracktype""=>""grade3"",""trail_visibility""=>""good"""
81628056,,path,,,,,,0.0,"""foot""=>""yes"",""hiking""=>""yes"",""mtb:scale""=>""2"",""sac_scale""=>""mountain_hiking"",""smoothness""=>""excellent"",""surface""=>""ground"",""tracktype""=>""grade3"",""trail_visibility""=>""good"""
81628056,,path,,,,,,0.0,"""foot""=>""yes"",""hiking""=>""yes"",""mtb:scale""=>""2"",""sac_scale""=>""mountain_hiking"",""smoothness""=>""excellent"",""surface""=>""ground"",""tracktype""=>""grade3"",""trail_visibility""=>""good"""
81628056,,path,,,,,,0.0,"""foot""=>""yes"",""hiking""=>""yes"",""mtb:scale""=>""2"",""sac_scale""=>""mountain_hiking"",""smoothness""=>""excellent"",""surface""=>""ground"",""tracktype""=>""grade3"",""trail_visibility""=>""good"""
81628056,,path,,,,,,0.0,"""foot""=>""yes"",""hiking""=>""yes"",""mtb:scale""=>""2"",""sac_scale""=>""mountain_hiking"",""smoothness""=>""excellent"",""surface""=>""ground"",""tracktype""=>""grade3"",""trail_visibility""=>""good"""
81628056,,path,,,,,,0.0,"""foot""=>""yes"",""hiking""=>""yes"",""mtb:scale""=>""2"",""sac_scale""=>""mountain_hiking"",""smoothness""=>""excellent"",""surface""=>""ground"",""tracktype""=>""grade3"",""trail_visibility""=>""good"""
443026719,,,stream,,,,,0.0,"""boat""=>""no"""
81628056,,path,,,,,,0.0,"""foot""=>""yes"",""hiking""=>""yes"",""mtb:scale""=>""2"",""sac_scale""=>""mountain_hiking"",""smoothness""=>""excellent"",""surface""=>""ground"",""tracktype""=>""grade3"",""trail_visibility""=>""good"""
443026719,,,stream,,,,,0.0,"""boat""=>""no"""
81628056,,path,,,,,,0.0,"""foot""=>""yes"",""hiking""=>""yes"",""mtb:scale""=>""2"",""sac_scale""=>""mountain_hiking"",""smoothness""=>""excellent"",""surface""=>""ground"",""tracktype""=>""grade3"",""trail_visibility""=>""good"""
443026719,,,stream,,,,,0.0,"""boat""=>""no"""
81628056,,path,,,,,,0.0,"""foot""=>""yes"",""hiking""=>""yes"",""mtb:scale""=>""2"",""sac_scale""=>""mountain_hiking"",""smoothness""=>""excellent"",""surface""=>""ground"",""tracktype""=>""grade3"",""trail_visibility""=>""good"""
81628056,,path,,,,,,0.0,"""foot""=>""yes"",""hiking""=>""yes"",""mtb:scale""=>""2"",""sac_scale""=>""mountain_hiking"",""smoothness""=>""excellent"",""surface""=>""ground"",""tracktype""=>""grade3"",""trail_visibility""=>""good"""
81628056,,path,,,,,,0.0,"""foot""=>""yes"",""hiking""=>""yes"",""mtb:scale""=>""2"",""sac_scale""=>""mountain_hiking"",""smoothness""=>""excellent"",""surface""=>""ground"",""tracktype""=>""grade3"",""trail_visibility""=>""good"""
81628056,,path,,,,,,0.0,"""foot""=>""yes"",""hiking""=>""yes"",""mtb:scale""=>""2"",""sac_scale""=>""mountain_hiking"",""smoothness""=>""excellent"",""surface""=>""ground"",""tracktype""=>""grade3"",""trail_visibility""=>""good"""
81628056,,path,,,,,,0.0,"""foot""=>""yes"",""hiking""=>""yes"",""mtb:scale""=>""2"",""sac_scale""=>""mountain_hiking"",""smoothness""=>""excellent"",""surface""=>""ground"",""tracktype""=>""grade3"",""trail_visibility""=>""good"""
443026731,,,stream,,,,,0.0,"""boat""=>""no"""
81628056,,path,,,,,,0.0,"""foot""=>""yes"",""hiking""=>""yes"",""mtb:scale""=>""2"",""sac_scale""=>""mountain_hiking"",""smoothness""=>""excellent"",""surface""=>""ground"",""tracktype""=>""grade3"",""trail_visibility""=>""good"""
443026731,,,stream,,,,,0.0,"""boat""=>""no"""
81628056,,path,,,,,,0.0,"""foot""=>""yes"",""hiking""=>""yes"",""mtb:scale""=>""2"",""sac_scale""=>""mountain_hiking"",""smoothness""=>""excellent"",""surface""=>""ground"",""tracktype""=>""grade3"",""trail_visibility""=>""good"""
443026731,,,stream,,,,,0.0,"""boat""=>""no"""
81628056,,path,,,,,,0.0,"""foot""=>""yes"",""hiking""=>""yes"",""mtb:scale""=>""2"",""sac_scale""=>""mountain_hiking"",""smoothness""=>""excellent"",""surface""=>""ground"",""tracktype""=>""grade3"",""trail_visibility""=>""good"""
479376029,,path,,,,,,0.0,"""foot""=>""yes"",""hiking""=>""yes"",""mtb:scale""=>""2"",""sac_scale""=>""mountain_hiking"",""smoothness""=>""excellent"",""surface""=>""ground"",""tracktype""=>""grade3"",""trail_visibility""=>""good"""
449704545,,path,,,,,,0.0,"""bicycle""=>""no"",""foot""=>""yes"",""hiking""=>""yes"",""mtb:scale""=>""2"",""sac_scale""=>""mountain_hiking"",""smoothness""=>""excellent"",""surface""=>""grass"",""tracktype""=>""grade3"",""trail_visibility""=>""good"""
443026731,,,stream,,,,,0.0,"""boat""=>""no"""
81628056,,path,,,,,,0.0,"""foot""=>""yes"",""hiking""=>""yes"",""mtb:scale""=>""2"",""sac_scale""=>""mountain_hiking"",""smoothness""=>""excellent"",""surface""=>""ground"",""tracktype""=>""grade3"",""trail_visibility""=>""good"""
479376029,,path,,,,,,0.0,"""foot""=>""yes"",""hiking""=>""yes"",""mtb:scale""=>""2"",""sac_scale""=>""mountain_hiking"",""smoothness""=>""excellent"",""surface""=>""ground"",""tracktype""=>""grade3"",""trail_visibility""=>""good"""
449704545,,path,,,,,,0.0,"""bicycle""=>""no"",""foot""=>""yes"",""hiking""=>""yes"",""mtb:scale""=>""2"",""sac_scale""=>""mountain_hiking"",""smoothness""=>""excellent"",""surface""=>""grass"",""tracktype""=>""grade3"",""trail_visibility""=>""good"""
443026731,,,stream,,,,,0.0,"""boat""=>""no"""
81628056,,path,,,,,,0.0,"""foot""=>""yes"",""hiking""=>""yes"",""mtb:scale""=>""2"",""sac_scale""=>""mountain_hiking"",""smoothness""=>""excellent"",""surface""=>""ground"",""tracktype""=>""grade3"",""trail_visibility""=>""good"""
479376029,,path,,,,,,0.0,"""foot""=>""yes"",""hiking""=>""yes"",""mtb:scale""=>""2"",""sac_scale""=>""mountain_hiking"",""smoothness""=>""excellent"",""surface""=>""ground"",""tracktype""=>""grade3"",""trail_visibility""=>""good"""
449704545,,path,,,,,,0.0,"""bicycle""=>""no"",""foot""=>""yes"",""hiking""=>""yes"",""mtb:scale""=>""2"",""sac_scale""=>""mountain_hiking"",""smoothness""=>""excellent"",""surface""=>""grass"",""tracktype""=>""grade3"",""trail_visibility""=>""good"""
443026731,,,stream,,,,,0.0,"""boat""=>""no"""
81628056,,path,,,,,,0.0,"""foot""=>""yes"",""hiking""=>""yes"",""mtb:scale""=>""2"",""sac_scale""=>""mountain_hiking"",""smoothness""=>""excellent"",""surface""=>""ground"",""tracktype""=>""grade3"",""trail_visibility""=>""good"""
479376029,,path,,,,,,0.0,"""foot""=>""yes"",""hiking""=>""yes"",""mtb:scale""=>""2"",""sac_scale""=>""mountain_hiking"",""smoothness""=>""excellent"",""surface""=>""ground"",""tracktype""=>""grade3"",""trail_visibility""=>""good"""
449704545,,path,,,,,,0.0,"""bicycle""=>""no"",""foot""=>""yes"",""hiking""=>""yes"",""mtb:scale""=>""2"",""sac_scale""=>""mountain_hiking"",""smoothness""=>""excellent"",""surface""=>""grass"",""tracktype""=>""grade3"",""trail_visibility""=>""good"""
479376029,,path,,,,,,0.0,"""foot""=>""yes"",""hiking""=>""yes"",""mtb:scale""=>""2"",""sac_scale""=>""mountain_hiking"",""smoothness""=>""excellent"",""surface""=>""ground"",""tracktype""=>""grade3"",""trail_visibility""=>""good"""
449704545,,path,,,,,,0.0,"""bicycle""=>""no"",""foot""=>""yes"",""hiking""=>""yes"",""mtb:scale""=>""2"",""sac_scale""=>""mountain_hiking"",""smoothness""=>""excellent"",""surface""=>""grass"",""tracktype""=>""grade3"",""trail_visibility""=>""good"""
479376029,,path,,,,,,0.0,"""foot""=>""yes"",""hiking""=>""yes"",""mtb:scale""=>""2"",""sac_scale""=>""mountain_hiking"",""smoothness""=>""excellent"",""surface""=>""ground"",""tracktype""=>""grade3"",""trail_visibility""=>""good"""
479376029,,path,,,,,,0.0,"""foot""=>""yes"",""hiking""=>""yes"",""mtb:scale""=>""2"",""sac_scale""=>""mountain_hiking"",""smoothness""=>""excellent"",""surface""=>""ground"",""tracktype""=>""grade3"",""trail_visibility""=>""good"""
479376029,,path,,,,,,0.0,"""foot""=>""yes"",""hiking""=>""yes"",""mtb:scale""=>""2"",""sac_scale""=>""mountain_hiking"",""smoothness""=>""excellent"",""surface""=>""ground"",""tracktype""=>""grade3"",""trail_visibility""=>""good"""
479376029,,path,,,,,,0.0,"""foot""=>""yes"",""hiking""=>""yes"",""mtb:scale""=>""2"",""sac_scale""=>""mountain_hiking"",""smoothness""=>""excellent"",""surface""=>""ground"",""tracktype""=>""grade3"",""trail_visibility""=>""good"""
479376029,,path,,,,,,0.0,"""foot""=>""yes"",""hiking""=>""yes"",""mtb:scale""=>""2"",""sac_scale""=>""mountain_hiking"",""smoothness""=>""excellent"",""surface""=>""ground"",""tracktype""=>""grade3"",""trail_visibility""=>""good"""
479376029,,path,,,,,,0.0,"""foot""=>""yes"",""hiking""=>""yes"",""mtb:scale""=>""2"",""sac_scale""=>""mountain_hiking"",""smoothness""=>""excellent"",""surface""=>""ground"",""tracktype""=>""grade3"",""trail_visibility""=>""good"""
479376029,,path,,,,,,0.0,"""foot""=>""yes"",""hiking""=>""yes"",""mtb:scale""=>""2"",""sac_scale""=>""mountain_hiking"",""smoothness""=>""excellent"",""surface""=>""ground"",""tracktype""=>""grade3"",""trail_visibility""=>""good"""
479376029,,path,,,,,,0.0,"""foot""=>""yes"",""hiking""=>""yes"",""mtb:scale""=>""2"",""sac_scale""=>""mountain_hiking"",""smoothness""=>""excellent"",""surface""=>""ground"",""tracktype""=>""grade3"",""trail_visibility""=>""good"""
479376029,,path,,,,,,0.0,"""foot""=>""yes"",""hiking""=>""yes"",""mtb:scale""=>""2"",""sac_scale""=>""mountain_hiking"",""smoothness""=>""excellent"",""surface""=>""ground"",""tracktype""=>""grade3"",""trail_visibility""=>""good"""
479376029,,path,,,,,,0.0,"""foot""=>""yes"",""hiking""=>""yes"",""mtb:scale""=>""2"",""sac_scale""=>""mountain_hiking"",""smoothness""=>""excellent"",""surface""=>""ground"",""tracktype""=>""grade3"",""trail_visibility""=>""good"""
479376029,,path,,,,,,0.0,"""foot""=>""yes"",""hiking""=>""yes"",""mtb:scale""=>""2"",""sac_scale""=>""mountain_hiking"",""smoothness""=>""excellent"",""surface""=>""ground"",""tracktype""=>""grade3"",""trail_visibility""=>""good"""
479376029,,path,,,,,,0.0,"""foot""=>""yes"",""hiking""=>""yes"",""mtb:scale""=>""2"",""sac_scale""=>""mountain_hiking"",""smoothness""=>""excellent"",""surface""=>""ground"",""tracktype""=>""grade3"",""trail_visibility""=>""good"""
479376029,,path,,,,,,0.0,"""foot""=>""yes"",""hiking""=>""yes"",""mtb:scale""=>""2"",""sac_scale""=>""mountain_hiking"",""smoothness""=>""excellent"",""surface""=>""ground"",""tracktype""=>""grade3"",""trail_visibility""=>""good"""
453977394,Strada Forestale Valsorda 2,track,,,,,,0.0,"""bicycle""=>""yes"",""designation""=>""IT-TN:strada_forestale_tipo_b"",""disabled""=>""yes"",""emergency""=>""yes"",""foot""=>""yes"",""forestry""=>""yes"",""horse""=>""yes"",""motor_vehicle""=>""private"",""surface""=>""compacted"",""tracktype""=>""grade2"""
479376029,,path,,,,,,0.0,"""foot""=>""yes"",""hiking""=>""yes"",""mtb:scale""=>""2"",""sac_scale""=>""mountain_hiking"",""smoothness""=>""excellent"",""surface""=>""ground"",""tracktype""=>""grade3"",""trail_visibility""=>""good"""
453977394,Strada Forestale Valsorda 2,track,,,,,,0.0,"""bicycle""=>""yes"",""designation""=>""IT-TN:strada_forestale_tipo_b"",""disabled""=>""yes"",""emergency""=>""yes"",""foot""=>""yes"",""forestry""=>""yes"",""horse""=>""yes"",""motor_vehicle""=>""private"",""surface""=>""compacted"",""tracktype""=>""grade2"""
479376029,,path,,,,,,0.0,"""foot""=>""yes"",""hiking""=>""yes"",""mtb:scale""=>""2"",""sac_scale""=>""mountain_hiking"",""smoothness""=>""excellent"",""surface""=>""ground"",""tracktype""=>""grade3"",""trail_visibility""=>""good"""
453977394,Strada Forestale Valsorda 2,track,,,,,,0.0,"""bicycle""=>""yes"",""designation""=>""IT-TN:strada_forestale_tipo_b"",""disabled""=>""yes"",""emergency""=>""yes"",""foot""=>""yes"",""forestry""=>""yes"",""horse""=>""yes"",""motor_vehicle""=>""private"",""surface""=>""compacted"",""tracktype""=>""grade2"""
,,,,,,,,,
,,,,,,,,,
,,,,,,,,,
,,,,,,,,,
,,,,,,,,,
,,,,,,,,,
,,,,,,,,,
,,,,,,,,,
449704545,,path,,,,,,0.0,"""bicycle""=>""no"",""foot""=>""yes"",""hiking""=>""yes"",""mtb:scale""=>""2"",""sac_scale""=>""mountain_hiking"",""smoothness""=>""excellent"",""surface""=>""grass"",""tracktype""=>""grade3"",""trail_visibility""=>""good"""
449704545,,path,,,,,,0.0,"""bicycle""=>""no"",""foot""=>""yes"",""hiking""=>""yes"",""mtb:scale""=>""2"",""sac_scale""=>""mountain_hiking"",""smoothness""=>""excellent"",""surface""=>""grass"",""tracktype""=>""grade3"",""trail_visibility""=>""good"""
449704545,,path,,,,,,0.0,"""bicycle""=>""no"",""foot""=>""yes"",""hiking""=>""yes"",""mtb:scale""=>""2"",""sac_scale""=>""mountain_hiking"",""smoothness""=>""excellent"",""surface""=>""grass"",""tracktype""=>""grade3"",""trail_visibility""=>""good"""
449704545,,path,,,,,,0.0,"""bicycle""=>""no"",""foot""=>""yes"",""hiking""=>""yes"",""mtb:scale""=>""2"",""sac_scale""=>""mountain_hiking"",""smoothness""=>""excellent"",""surface""=>""grass"",""tracktype""=>""grade3"",""trail_visibility""=>""good"""
449704545,,path,,,,,,0.0,"""bicycle""=>""no"",""foot""=>""yes"",""hiking""=>""yes"",""mtb:scale""=>""2"",""sac_scale""=>""mountain_hiking"",""smoothness""=>""excellent"",""surface""=>""grass"",""tracktype""=>""grade3"",""trail_visibility""=>""good"""
449704545,,path,,,,,,0.0,"""bicycle""=>""no"",""foot""=>""yes"",""hiking""=>""yes"",""mtb:scale""=>""2"",""sac_scale""=>""mountain_hiking"",""smoothness""=>""excellent"",""surface""=>""grass"",""tracktype""=>""grade3"",""trail_visibility""=>""good"""
449704545,,path,,,,,,0.0,"""bicycle""=>""no"",""foot""=>""yes"",""hiking""=>""yes"",""mtb:scale""=>""2"",""sac_scale""=>""mountain_hiking"",""smoothness""=>""excellent"",""surface""=>""grass"",""tracktype""=>""grade3"",""trail_visibility""=>""good"""
449704545,,path,,,,,,0.0,"""bicycle""=>""no"",""foot""=>""yes"",""hiking""=>""yes"",""mtb:scale""=>""2"",""sac_scale""=>""mountain_hiking"",""smoothness""=>""excellent"",""surface""=>""grass"",""tracktype""=>""grade3"",""trail_visibility""=>""good"""
449704545,,path,,,,,,0.0,"""bicycle""=>""no"",""foot""=>""yes"",""hiking""=>""yes"",""mtb:scale""=>""2"",""sac_scale""=>""mountain_hiking"",""smoothness""=>""excellent"",""surface""=>""grass"",""tracktype""=>""grade3"",""trail_visibility""=>""good"""
449704545,,path,,,,,,0.0,"""bicycle""=>""no"",""foot""=>""yes"",""hiking""=>""yes"",""mtb:scale""=>""2"",""sac_scale""=>""mountain_hiking"",""smoothness""=>""excellent"",""surface""=>""grass"",""tracktype""=>""grade3"",""trail_visibility""=>""good"""
449704545,,path,,,,,,0.0,"""bicycle""=>""no"",""foot""=>""yes"",""hiking""=>""yes"",""mtb:scale""=>""2"",""sac_scale""=>""mountain_hiking"",""smoothness""=>""excellent"",""surface""=>""grass"",""tracktype""=>""grade3"",""trail_visibility""=>""good"""
449704545,,path,,,,,,0.0,"""bicycle""=>""no"",""foot""=>""yes"",""hiking""=>""yes"",""mtb:scale""=>""2"",""sac_scale""=>""mountain_hiking"",""smoothness""=>""excellent"",""surface""=>""grass"",""tracktype""=>""grade3"",""trail_visibility""=>""good"""
449704545,,path,,,,,,0.0,"""bicycle""=>""no"",""foot""=>""yes"",""hiking""=>""yes"",""mtb:scale""=>""2"",""sac_scale""=>""mountain_hiking"",""smoothness""=>""excellent"",""surface""=>""grass"",""tracktype""=>""grade3"",""trail_visibility""=>""good"""
449704545,,path,,,,,,0.0,"""bicycle""=>""no"",""foot""=>""yes"",""hiking""=>""yes"",""mtb:scale""=>""2"",""sac_scale""=>""mountain_hiking"",""smoothness""=>""excellent"",""surface""=>""grass"",""tracktype""=>""grade3"",""trail_visibility""=>""good"""
449704545,,path,,,,,,0.0,"""bicycle""=>""no"",""foot""=>""yes"",""hiking""=>""yes"",""mtb:scale""=>""2"",""sac_scale""=>""mountain_hiking"",""smoothness""=>""excellent"",""surface""=>""grass"",""tracktype""=>""grade3"",""trail_visibility""=>""good"""
449704545,,path,,,,,,0.0,"""bicycle""=>""no"",""foot""=>""yes"",""hiking""=>""yes"",""mtb:scale""=>""2"",""sac_scale""=>""mountain_hiking"",""smoothness""=>""excellent"",""surface""=>""grass"",""tracktype""=>""grade3"",""trail_visibility""=>""good"""
449704545,,path,,,,,,0.0,"""bicycle""=>""no"",""foot""=>""yes"",""hiking""=>""yes"",""mtb:scale""=>""2"",""sac_scale""=>""mountain_hiking"",""smoothness""=>""excellent"",""surface""=>""grass"",""tracktype""=>""grade3"",""trail_visibility""=>""good"""
449704545,,path,,,,,,0.0,"""bicycle""=>""no"",""foot""=>""yes"",""hiking""=>""yes"",""mtb:scale""=>""2"",""sac_scale""=>""mountain_hiking"",""smoothness""=>""excellent"",""surface""=>""grass"",""tracktype""=>""grade3"",""trail_visibility""=>""good"""
449704545,,path,,,,,,0.0,"""bicycle""=>""no"",""foot""=>""yes"",""hiking""=>""yes"",""mtb:scale""=>""2"",""sac_scale""=>""mountain_hiking"",""smoothness""=>""excellent"",""surface""=>""grass"",""tracktype""=>""grade3"",""trail_visibility""=>""good"""
449704545,,path,,,,,,0.0,"""bicycle""=>""no"",""foot""=>""yes"",""hiking""=>""yes"",""mtb:scale""=>""2"",""sac_scale""=>""mountain_hiking"",""smoothness""=>""excellent"",""surface""=>""grass"",""tracktype""=>""grade3"",""trail_visibility""=>""good"""
,,,,,,,,,
,,,,,,,,,
,,,,,,,,,
,,,,,,,,,
,,,,,,,,,
,,,,,,,,,
,,,,,,,,,
,,,,,,,,,
,,,,,,,,,
,,,,,,,,,
,,,,,,,,,
,,,,,,,,,
,,,,,,,,,
,,,,,,,,,
,,,,,,,,,
,,,,,,,,,
,,,,,,,,,
,,,,,,,,,
,,,,,,,,,
,,,,,,,,,
,,,,,,,,,
,,,,,,,,,
,,,,,,,,,
,,,,,,,,,
449704545,,path,,,,,,0.0,"""bicycle""=>""no"",""foot""=>""yes"",""hiking""=>""yes"",""mtb:scale""=>""2"",""sac_scale""=>""mountain_hiking"",""smoothness""=>""excellent"",""surface""=>""grass"",""tracktype""=>""grade3"",""trail_visibility""=>""good"""
449704545,,path,,,,,,0.0,"""bicycle""=>""no"",""foot""=>""yes"",""hiking""=>""yes"",""mtb:scale""=>""2"",""sac_scale""=>""mountain_hiking"",""smoothness""=>""excellent"",""surface""=>""grass"",""tracktype""=>""grade3"",""trail_visibility""=>""good"""
449704545,,path,,,,,,0.0,"""bicycle""=>""no"",""foot""=>""yes"",""hiking""=>""yes"",""mtb:scale""=>""2"",""sac_scale""=>""mountain_hiking"",""smoothness""=>""excellent"",""surface""=>""grass"",""tracktype""=>""grade3"",""trail_visibility""=>""good"""
449704545,,path,,,,,,0.0,"""bicycle""=>""no"",""foot""=>""yes"",""hiking""=>""yes"",""mtb:scale""=>""2"",""sac_scale""=>""mountain_hiking"",""smoothness""=>""excellent"",""surface""=>""grass"",""tracktype""=>""grade3"",""trail_visibility""=>""good"""
449704545,,path,,,,,,0.0,"""bicycle""=>""no"",""foot""=>""yes"",""hiking""=>""yes"",""mtb:scale""=>""2"",""sac_scale""=>""mountain_hiking"",""smoothness""=>""excellent"",""surface""=>""grass"",""tracktype""=>""grade3"",""trail_visibility""=>""good"""
449704545,,path,,,,,,0.0,"""bicycle""=>""no"",""foot""=>""yes"",""hiking""=>""yes"",""mtb:scale""=>""2"",""sac_scale""=>""mountain_hiking"",""smoothness""=>""excellent"",""surface""=>""grass"",""tracktype""=>""grade3"",""trail_visibility""=>""good"""
449704545,,path,,,,,,0.0,"""bicycle""=>""no"",""foot""=>""yes"",""hiking""=>""yes"",""mtb:scale""=>""2"",""sac_scale""=>""mountain_hiking"",""smoothness""=>""excellent"",""surface""=>""grass"",""tracktype""=>""grade3"",""trail_visibility""=>""good"""
449704545,,path,,,,,,0.0,"""bicycle""=>""no"",""foot""=>""yes"",""hiking""=>""yes"",""mtb:scale""=>""2"",""sac_scale""=>""mountain_hiking"",""smoothness""=>""excellent"",""surface""=>""grass"",""tracktype""=>""grade3"",""trail_visibility""=>""good"""
449704545,,path,,,,,,0.0,"""bicycle""=>""no"",""foot""=>""yes"",""hiking""=>""yes"",""mtb:scale""=>""2"",""sac_scale""=>""mountain_hiking"",""smoothness""=>""excellent"",""surface""=>""grass"",""tracktype""=>""grade3"",""trail_visibility""=>""good"""
449704545,,path,,,,,,0.0,"""bicycle""=>""no"",""foot""=>""yes"",""hiking""=>""yes"",""mtb:scale""=>""2"",""sac_scale""=>""mountain_hiking"",""smoothness""=>""excellent"",""surface""=>""grass"",""tracktype""=>""grade3"",""trail_visibility""=>""good"""
449704545,,path,,,,,,0.0,"""bicycle""=>""no"",""foot""=>""yes"",""hiking""=>""yes"",""mtb:scale""=>""2"",""sac_scale""=>""mountain_hiking"",""smoothness""=>""excellent"",""surface""=>""grass"",""tracktype""=>""grade3"",""trail_visibility""=>""good"""
443026724,,,stream,,,,,0.0,"""boat""=>""no"""
449704545,,path,,,,,,0.0,"""bicycle""=>""no"",""foot""=>""yes"",""hiking""=>""yes"",""mtb:scale""=>""2"",""sac_scale""=>""mountain_hiking"",""smoothness""=>""excellent"",""surface""=>""grass"",""tracktype""=>""grade3"",""trail_visibility""=>""good"""
443026724,,,stream,,,,,0.0,"""boat""=>""no"""
449704545,,path,,,,,,0.0,"""bicycle""=>""no"",""foot""=>""yes"",""hiking""=>""yes"",""mtb:scale""=>""2"",""sac_scale""=>""mountain_hiking"",""smoothness""=>""excellent"",""surface""=>""grass"",""tracktype""=>""grade3"",""trail_visibility""=>""good"""
449704545,,path,,,,,,0.0,"""bicycle""=>""no"",""foot""=>""yes"",""hiking""=>""yes"",""mtb:scale""=>""2"",""sac_scale""=>""mountain_hiking"",""smoothness""=>""excellent"",""surface""=>""grass"",""tracktype""=>""grade3"",""trail_visibility""=>""good"""
449704545,,path,,,,,,0.0,"""bicycle""=>""no"",""foot""=>""yes"",""hiking""=>""yes"",""mtb:scale""=>""2"",""sac_scale""=>""mountain_hiking"",""smoothness""=>""excellent"",""surface""=>""grass"",""tracktype""=>""grade3"",""trail_visibility""=>""good"""
449704545,,path,,,,,,0.0,"""bicycle""=>""no"",""foot""=>""yes"",""hiking""=>""yes"",""mtb:scale""=>""2"",""sac_scale""=>""mountain_hiking"",""smoothness""=>""excellent"",""surface""=>""grass"",""tracktype""=>""grade3"",""trail_visibility""=>""good"""
449704545,,path,,,,,,0.0,"""bicycle""=>""no"",""foot""=>""yes"",""hiking""=>""yes"",""mtb:scale""=>""2"",""sac_scale""=>""mountain_hiking"",""smoothness""=>""excellent"",""surface""=>""grass"",""tracktype""=>""grade3"",""trail_visibility""=>""good"""
449704545,,path,,,,,,0.0,"""bicycle""=>""no"",""foot""=>""yes"",""hiking""=>""yes"",""mtb:scale""=>""2"",""sac_scale""=>""mountain_hiking"",""smoothness""=>""excellent"",""surface""=>""grass"",""tracktype""=>""grade3"",""trail_visibility""=>""good"""
449704545,,path,,,,,,0.0,"""bicycle""=>""no"",""foot""=>""yes"",""hiking""=>""yes"",""mtb:scale""=>""2"",""sac_scale""=>""mountain_hiking"",""smoothness""=>""excellent"",""surface""=>""grass"",""tracktype""=>""grade3"",""trail_visibility""=>""good"""
449704545,,path,,,,,,0.0,"""bicycle""=>""no"",""foot""=>""yes"",""hiking""=>""yes"",""mtb:scale""=>""2"",""sac_scale""=>""mountain_hiking"",""smoothness""=>""excellent"",""surface""=>""grass"",""tracktype""=>""grade3"",""trail_visibility""=>""good"""
449704545,,path,,,,,,0.0,"""bicycle""=>""no"",""foot""=>""yes"",""hiking""=>""yes"",""mtb:scale""=>""2"",""sac_scale""=>""mountain_hiking"",""smoothness""=>""excellent"",""surface""=>""grass"",""tracktype""=>""grade3"",""trail_visibility""=>""good"""
449704545,,path,,,,,,0.0,"""bicycle""=>""no"",""foot""=>""yes"",""hiking""=>""yes"",""mtb:scale""=>""2"",""sac_scale""=>""mountain_hiking"",""smoothness""=>""excellent"",""surface""=>""grass"",""tracktype""=>""grade3"",""trail_visibility""=>""good"""
449704545,,path,,,,,,0.0,"""bicycle""=>""no"",""foot""=>""yes"",""hiking""=>""yes"",""mtb:scale""=>""2"",""sac_scale""=>""mountain_hiking"",""smoothness""=>""excellent"",""surface""=>""grass"",""tracktype""=>""grade3"",""trail_visibility""=>""good"""
449704545,,path,,,,,,0.0,"""bicycle""=>""no"",""foot""=>""yes"",""hiking""=>""yes"",""mtb:scale""=>""2"",""sac_scale""=>""mountain_hiking"",""smoothness""=>""excellent"",""surface""=>""grass"",""tracktype""=>""grade3"",""trail_visibility""=>""good"""
479376036,,path,,,,,,0.0,"""bicycle""=>""no"",""foot""=>""yes"",""hiking""=>""yes"",""mtb:scale""=>""2"",""sac_scale""=>""mountain_hiking"",""smoothness""=>""excellent"",""surface""=>""ground"",""tracktype""=>""grade3"",""trail_visibility""=>""good"""
449704545,,path,,,,,,0.0,"""bicycle""=>""no"",""foot""=>""yes"",""hiking""=>""yes"",""mtb:scale""=>""2"",""sac_scale""=>""mountain_hiking"",""smoothness""=>""excellent"",""surface""=>""grass"",""tracktype""=>""grade3"",""trail_visibility""=>""good"""
479376036,,path,,,,,,0.0,"""bicycle""=>""no"",""foot""=>""yes"",""hiking""=>""yes"",""mtb:scale""=>""2"",""sac_scale""=>""mountain_hiking"",""smoothness""=>""excellent"",""surface""=>""ground"",""tracktype""=>""grade3"",""trail_visibility""=>""good"""
449704545,,path,,,,,,0.0,"""bicycle""=>""no"",""foot""=>""yes"",""hiking""=>""yes"",""mtb:scale""=>""2"",""sac_scale""=>""mountain_hiking"",""smoothness""=>""excellent"",""surface""=>""grass"",""tracktype""=>""grade3"",""trail_visibility""=>""good"""
479376036,,path,,,,,,0.0,"""bicycle""=>""no"",""foot""=>""yes"",""hiking""=>""yes"",""mtb:scale""=>""2"",""sac_scale""=>""mountain_hiking"",""smoothness""=>""excellent"",""surface""=>""ground"",""tracktype""=>""grade3"",""trail_visibility""=>""good"""
81628067,,path,,,,,,0.0,"""bicycle""=>""no"",""foot""=>""yes"",""hiking""=>""yes"",""mtb:scale""=>""2"",""sac_scale""=>""mountain_hiking"",""smoothness""=>""excellent"",""surface""=>""ground"",""tracktype""=>""grade3"",""trail_visibility""=>""good"""
449704545,,path,,,,,,0.0,"""bicycle""=>""no"",""foot""=>""yes"",""hiking""=>""yes"",""mtb:scale""=>""2"",""sac_scale""=>""mountain_hiking"",""smoothness""=>""excellent"",""surface""=>""grass"",""tracktype""=>""grade3"",""trail_visibility""=>""good"""
479376036,,path,,,,,,0.0,"""bicycle""=>""no"",""foot""=>""yes"",""hiking""=>""yes"",""mtb:scale""=>""2"",""sac_scale""=>""mountain_hiking"",""smoothness""=>""excellent"",""surface""=>""ground"",""tracktype""=>""grade3"",""trail_visibility""=>""good"""
81628067,,path,,,,,,0.0,"""bicycle""=>""no"",""foot""=>""yes"",""hiking""=>""yes"",""mtb:scale""=>""2"",""sac_scale""=>""mountain_hiking"",""smoothness""=>""excellent"",""surface""=>""ground"",""tracktype""=>""grade3"",""trail_visibility""=>""good"""
81628067,,path,,,,,,0.0,"""bicycle""=>""no"",""foot""=>""yes"",""hiking""=>""yes"",""mtb:scale""=>""2"",""sac_scale""=>""mountain_hiking"",""smoothness""=>""excellent"",""surface""=>""ground"",""tracktype""=>""grade3"",""trail_visibility""=>""good"""
81628067,,path,,,,,,0.0,"""bicycle""=>""no"",""foot""=>""yes"",""hiking""=>""yes"",""mtb:scale""=>""2"",""sac_scale""=>""mountain_hiking"",""smoothness""=>""excellent"",""surface""=>""ground"",""tracktype""=>""grade3"",""trail_visibility""=>""good"""
81628067,,path,,,,,,0.0,"""bicycle""=>""no"",""foot""=>""yes"",""hiking""=>""yes"",""mtb:scale""=>""2"",""sac_scale""=>""mountain_hiking"",""smoothness""=>""excellent"",""surface""=>""ground"",""tracktype""=>""grade3"",""trail_visibility""=>""good"""
81628067,,path,,,,,,0.0,"""bicycle""=>""no"",""foot""=>""yes"",""hiking""=>""yes"",""mtb:scale""=>""2"",""sac_scale""=>""mountain_hiking"",""smoothness""=>""excellent"",""surface""=>""ground"",""tracktype""=>""grade3"",""trail_visibility""=>""good"""
81628067,,path,,,,,,0.0,"""bicycle""=>""no"",""foot""=>""yes"",""hiking""=>""yes"",""mtb:scale""=>""2"",""sac_scale""=>""mountain_hiking"",""smoothness""=>""excellent"",""surface""=>""ground"",""tracktype""=>""grade3"",""trail_visibility""=>""good"""
81628067,,path,,,,,,0.0,"""bicycle""=>""no"",""foot""=>""yes"",""hiking""=>""yes"",""mtb:scale""=>""2"",""sac_scale""=>""mountain_hiking"",""smoothness""=>""excellent"",""surface""=>""ground"",""tracktype""=>""grade3"",""trail_visibility""=>""good"""
81628067,,path,,,,,,0.0,"""bicycle""=>""no"",""foot""=>""yes"",""hiking""=>""yes"",""mtb:scale""=>""2"",""sac_scale""=>""mountain_hiking"",""smoothness""=>""excellent"",""surface""=>""ground"",""tracktype""=>""grade3"",""trail_visibility""=>""good"""
81628067,,path,,,,,,0.0,"""bicycle""=>""no"",""foot""=>""yes"",""hiking""=>""yes"",""mtb:scale""=>""2"",""sac_scale""=>""mountain_hiking"",""smoothness""=>""excellent"",""surface""=>""ground"",""tracktype""=>""grade3"",""trail_visibility""=>""good"""
81628067,,path,,,,,,0.0,"""bicycle""=>""no"",""foot""=>""yes"",""hiking""=>""yes"",""mtb:scale""=>""2"",""sac_scale""=>""mountain_hiking"",""smoothness""=>""excellent"",""surface""=>""ground"",""tracktype""=>""grade3"",""trail_visibility""=>""good"""
81628067,,path,,,,,,0.0,"""bicycle""=>""no"",""foot""=>""yes"",""hiking""=>""yes"",""mtb:scale""=>""2"",""sac_scale""=>""mountain_hiking"",""smoothness""=>""excellent"",""surface""=>""ground"",""tracktype""=>""grade3"",""trail_visibility""=>""good"""
81628067,,path,,,,,,0.0,"""bicycle""=>""no"",""foot""=>""yes"",""hiking""=>""yes"",""mtb:scale""=>""2"",""sac_scale""=>""mountain_hiking"",""smoothness""=>""excellent"",""surface""=>""ground"",""tracktype""=>""grade3"",""trail_visibility""=>""good"""
81628067,,path,,,,,,0.0,"""bicycle""=>""no"",""foot""=>""yes"",""hiking""=>""yes"",""mtb:scale""=>""2"",""sac_scale""=>""mountain_hiking"",""smoothness""=>""excellent"",""surface""=>""ground"",""tracktype""=>""grade3"",""trail_visibility""=>""good"""
81628067,,path,,,,,,0.0,"""bicycle""=>""no"",""foot""=>""yes"",""hiking""=>""yes"",""mtb:scale""=>""2"",""sac_scale""=>""mountain_hiking"",""smoothness""=>""excellent"",""surface""=>""ground"",""tracktype""=>""grade3"",""trail_visibility""=>""good"""
81628067,,path,,,,,,0.0,"""bicycle""=>""no"",""foot""=>""yes"",""hiking""=>""yes"",""mtb:scale""=>""2"",""sac_scale""=>""mountain_hiking"",""smoothness""=>""excellent"",""surface""=>""ground"",""tracktype""=>""grade3"",""trail_visibility""=>""good"""
81628067,,path,,,,,,0.0,"""bicycle""=>""no"",""foot""=>""yes"",""hiking""=>""yes"",""mtb:scale""=>""2"",""sac_scale""=>""mountain_hiking"",""smoothness""=>""excellent"",""surface""=>""ground"",""tracktype""=>""grade3"",""trail_visibility""=>""good"""
81628067,,path,,,,,,0.0,"""bicycle""=>""no"",""foot""=>""yes"",""hiking""=>""yes"",""mtb:scale""=>""2"",""sac_scale""=>""mountain_hiking"",""smoothness""=>""excellent"",""surface""=>""ground"",""tracktype""=>""grade3"",""trail_visibility""=>""good"""
81628067,,path,,,,,,0.0,"""bicycle""=>""no"",""foot""=>""yes"",""hiking""=>""yes"",""mtb:scale""=>""2"",""sac_scale""=>""mountain_hiking"",""smoothness""=>""excellent"",""surface""=>""ground"",""tracktype""=>""grade3"",""trail_visibility""=>""good"""
81628067,,path,,,,,,0.0,"""bicycle""=>""no"",""foot""=>""yes"",""hiking""=>""yes"",""mtb:scale""=>""2"",""sac_scale""=>""mountain_hiking"",""smoothness""=>""excellent"",""surface""=>""ground"",""tracktype""=>""grade3"",""trail_visibility""=>""good"""
81628067,,path,,,,,,0.0,"""bicycle""=>""no"",""foot""=>""yes"",""hiking""=>""yes"",""mtb:scale""=>""2"",""sac_scale""=>""mountain_hiking"",""smoothness""=>""excellent"",""surface""=>""ground"",""tracktype""=>""grade3"",""trail_visibility""=>""good"""
81628067,,path,,,,,,0.0,"""bicycle""=>""no"",""foot""=>""yes"",""hiking""=>""yes"",""mtb:scale""=>""2"",""sac_scale""=>""mountain_hiking"",""smoothness""=>""excellent"",""surface""=>""ground"",""tracktype""=>""grade3"",""trail_visibility""=>""good"""
81628067,,path,,,,,,0.0,"""bicycle""=>""no"",""foot""=>""yes"",""hiking""=>""yes"",""mtb:scale""=>""2"",""sac_scale""=>""mountain_hiking"",""smoothness""=>""excellent"",""surface""=>""ground"",""tracktype""=>""grade3"",""trail_visibility""=>""good"""
81628067,,path,,,,,,0.0,"""bicycle""=>""no"",""foot""=>""yes"",""hiking""=>""yes"",""mtb:scale""=>""2"",""sac_scale""=>""mountain_hiking"",""smoothness""=>""excellent"",""surface""=>""ground"",""tracktype""=>""grade3"",""trail_visibility""=>""good"""
81628067,,path,,,,,,0.0,"""bicycle""=>""no"",""foot""=>""yes"",""hiking""=>""yes"",""mtb:scale""=>""2"",""sac_scale""=>""mountain_hiking"",""smoothness""=>""excellent"",""surface""=>""ground"",""tracktype""=>""grade3"",""trail_visibility""=>""good"""
81628067,,path,,,,,,0.0,"""bicycle""=>""no"",""foot""=>""yes"",""hiking""=>""yes"",""mtb:scale""=>""2"",""sac_scale""=>""mountain_hiking"",""smoothness""=>""excellent"",""surface""=>""ground"",""tracktype""=>""grade3"",""trail_visibility""=>""good"""
81628067,,path,,,,,,0.0,"""bicycle""=>""no"",""foot""=>""yes"",""hiking""=>""yes"",""mtb:scale""=>""2"",""sac_scale""=>""mountain_hiking"",""smoothness""=>""excellent"",""surface""=>""ground"",""tracktype""=>""grade3"",""trail_visibility""=>""good"""
81628067,,path,,,,,,0.0,"""bicycle""=>""no"",""foot""=>""yes"",""hiking""=>""yes"",""mtb:scale""=>""2"",""sac_scale""=>""mountain_hiking"",""smoothness""=>""excellent"",""surface""=>""ground"",""tracktype""=>""grade3"",""trail_visibility""=>""good"""
81628067,,path,,,,,,0.0,"""bicycle""=>""no"",""foot""=>""yes"",""hiking""=>""yes"",""mtb:scale""=>""2"",""sac_scale""=>""mountain_hiking"",""smoothness""=>""excellent"",""surface""=>""ground"",""tracktype""=>""grade3"",""trail_visibility""=>""good"""
81628067,,path,,,,,,0.0,"""bicycle""=>""no"",""foot""=>""yes"",""hiking""=>""yes"",""mtb:scale""=>""2"",""sac_scale""=>""mountain_hiking"",""smoothness""=>""excellent"",""surface""=>""ground"",""tracktype""=>""grade3"",""trail_visibility""=>""good"""
81628067,,path,,,,,,0.0,"""bicycle""=>""no"",""foot""=>""yes"",""hiking""=>""yes"",""mtb:scale""=>""2"",""sac_scale""=>""mountain_hiking"",""smoothness""=>""excellent"",""surface""=>""ground"",""tracktype""=>""grade3"",""trail_visibility""=>""good"""
81628067,,path,,,,,,0.0,"""bicycle""=>""no"",""foot""=>""yes"",""hiking""=>""yes"",""mtb:scale""=>""2"",""sac_scale""=>""mountain_hiking"",""smoothness""=>""excellent"",""surface""=>""ground"",""tracktype""=>""grade3"",""trail_visibility""=>""good"""
81628067,,path,,,,,,0.0,"""bicycle""=>""no"",""foot""=>""yes"",""hiking""=>""yes"",""mtb:scale""=>""2"",""sac_scale""=>""mountain_hiking"",""smoothness""=>""excellent"",""surface""=>""ground"",""tracktype""=>""grade3"",""trail_visibility""=>""good"""
81628067,,path,,,,,,0.0,"""bicycle""=>""no"",""foot""=>""yes"",""hiking""=>""yes"",""mtb:scale""=>""2"",""sac_scale""=>""mountain_hiking"",""smoothness""=>""excellent"",""surface""=>""ground"",""tracktype""=>""grade3"",""trail_visibility""=>""good"""
81628067,,path,,,,,,0.0,"""bicycle""=>""no"",""foot""=>""yes"",""hiking""=>""yes"",""mtb:scale""=>""2"",""sac_scale""=>""mountain_hiking"",""smoothness""=>""excellent"",""surface""=>""ground"",""tracktype""=>""grade3"",""trail_visibility""=>""good"""
81628067,,path,,,,,,0.0,"""bicycle""=>""no"",""foot""=>""yes"",""hiking""=>""yes"",""mtb:scale""=>""2"",""sac_scale""=>""mountain_hiking"",""smoothness""=>""excellent"",""surface""=>""ground"",""tracktype""=>""grade3"",""trail_visibility""=>""good"""
81628067,,path,,,,,,0.0,"""bicycle""=>""no"",""foot""=>""yes"",""hiking""=>""yes"",""mtb:scale""=>""2"",""sac_scale""=>""mountain_hiking"",""smoothness""=>""excellent"",""surface""=>""ground"",""tracktype""=>""grade3"",""trail_visibility""=>""good"""
81628067,,path,,,,,,0.0,"""bicycle""=>""no"",""foot""=>""yes"",""hiking""=>""yes"",""mtb:scale""=>""2"",""sac_scale""=>""mountain_hiking"",""smoothness""=>""excellent"",""surface""=>""ground"",""tracktype""=>""grade3"",""trail_visibility""=>""good"""
81628067,,path,,,,,,0.0,"""bicycle""=>""no"",""foot""=>""yes"",""hiking""=>""yes"",""mtb:scale""=>""2"",""sac_scale""=>""mountain_hiking"",""smoothness""=>""excellent"",""surface""=>""ground"",""tracktype""=>""grade3"",""trail_visibility""=>""good"""
81628067,,path,,,,,,0.0,"""bicycle""=>""no"",""foot""=>""yes"",""hiking""=>""yes"",""mtb:scale""=>""2"",""sac_scale""=>""mountain_hiking"",""smoothness""=>""excellent"",""surface""=>""ground"",""tracktype""=>""grade3"",""trail_visibility""=>""good"""
81628067,,path,,,,,,0.0,"""bicycle""=>""no"",""foot""=>""yes"",""hiking""=>""yes"",""mtb:scale""=>""2"",""sac_scale""=>""mountain_hiking"",""smoothness""=>""excellent"",""surface""=>""ground"",""tracktype""=>""grade3"",""trail_visibility""=>""good"""
81628067,,path,,,,,,0.0,"""bicycle""=>""no"",""foot""=>""yes"",""hiking""=>""yes"",""mtb:scale""=>""2"",""sac_scale""=>""mountain_hiking"",""smoothness""=>""excellent"",""surface""=>""ground"",""tracktype""=>""grade3"",""trail_visibility""=>""good"""
81628067,,path,,,,,,0.0,"""bicycle""=>""no"",""foot""=>""yes"",""hiking""=>""yes"",""mtb:scale""=>""2"",""sac_scale""=>""mountain_hiking"",""smoothness""=>""excellent"",""surface""=>""ground"",""tracktype""=>""grade3"",""trail_visibility""=>""good"""
81628067,,path,,,,,,0.0,"""bicycle""=>""no"",""foot""=>""yes"",""hiking""=>""yes"",""mtb:scale""=>""2"",""sac_scale""=>""mountain_hiking"",""smoothness""=>""excellent"",""surface""=>""ground"",""tracktype""=>""grade3"",""trail_visibility""=>""good"""
81628067,,path,,,,,,0.0,"""bicycle""=>""no"",""foot""=>""yes"",""hiking""=>""yes"",""mtb:scale""=>""2"",""sac_scale""=>""mountain_hiking"",""smoothness""=>""excellent"",""surface""=>""ground"",""tracktype""=>""grade3"",""trail_visibility""=>""good"""
81628067,,path,,,,,,0.0,"""bicycle""=>""no"",""foot""=>""yes"",""hiking""=>""yes"",""mtb:scale""=>""2"",""sac_scale""=>""mountain_hiking"",""smoothness""=>""excellent"",""surface""=>""ground"",""tracktype""=>""grade3"",""trail_visibility""=>""good"""
81628067,,path,,,,,,0.0,"""bicycle""=>""no"",""foot""=>""yes"",""hiking""=>""yes"",""mtb:scale""=>""2"",""sac_scale""=>""mountain_hiking"",""smoothness""=>""excellent"",""surface""=>""ground"",""tracktype""=>""grade3"",""trail_visibility""=>""good"""
81628067,,path,,,,,,0.0,"""bicycle""=>""no"",""foot""=>""yes"",""hiking""=>""yes"",""mtb:scale""=>""2"",""sac_scale""=>""mountain_hiking"",""smoothness""=>""excellent"",""surface""=>""ground"",""tracktype""=>""grade3"",""trail_visibility""=>""good"""
81628067,,path,,,,,,0.0,"""bicycle""=>""no"",""foot""=>""yes"",""hiking""=>""yes"",""mtb:scale""=>""2"",""sac_scale""=>""mountain_hiking"",""smoothness""=>""excellent"",""surface""=>""ground"",""tracktype""=>""grade3"",""trail_visibility""=>""good"""
81628067,,path,,,,,,0.0,"""bicycle""=>""no"",""foot""=>""yes"",""hiking""=>""yes"",""mtb:scale""=>""2"",""sac_scale""=>""mountain_hiking"",""smoothness""=>""excellent"",""surface""=>""ground"",""tracktype""=>""grade3"",""trail_visibility""=>""good"""
443026725,,,stream,,,,,0.0,"""boat""=>""no"""
81628067,,path,,,,,,0.0,"""bicycle""=>""no"",""foot""=>""yes"",""hiking""=>""yes"",""mtb:scale""=>""2"",""sac_scale""=>""mountain_hiking"",""smoothness""=>""excellent"",""surface""=>""ground"",""tracktype""=>""grade3"",""trail_visibility""=>""good"""
443026725,,,stream,,,,,0.0,"""boat""=>""no"""
81628067,,path,,,,,,0.0,"""bicycle""=>""no"",""foot""=>""yes"",""hiking""=>""yes"",""mtb:scale""=>""2"",""sac_scale""=>""mountain_hiking"",""smoothness""=>""excellent"",""surface""=>""ground"",""tracktype""=>""grade3"",""trail_visibility""=>""good"""
443026725,,,stream,,,,,0.0,"""boat""=>""no"""
81628067,,path,,,,,,0.0,"""bicycle""=>""no"",""foot""=>""yes"",""hiking""=>""yes"",""mtb:scale""=>""2"",""sac_scale""=>""mountain_hiking"",""smoothness""=>""excellent"",""surface""=>""ground"",""tracktype""=>""grade3"",""trail_visibility""=>""good"""
81628067,,path,,,,,,0.0,"""bicycle""=>""no"",""foot""=>""yes"",""hiking""=>""yes"",""mtb:scale""=>""2"",""sac_scale""=>""mountain_hiking"",""smoothness""=>""excellent"",""surface""=>""ground"",""tracktype""=>""grade3"",""trail_visibility""=>""good"""
81628067,,path,,,,,,0.0,"""bicycle""=>""no"",""foot""=>""yes"",""hiking""=>""yes"",""mtb:scale""=>""2"",""sac_scale""=>""mountain_hiking"",""smoothness""=>""excellent"",""surface""=>""ground"",""tracktype""=>""grade3"",""trail_visibility""=>""good"""
81628067,,path,,,,,,0.0,"""bicycle""=>""no"",""foot""=>""yes"",""hiking""=>""yes"",""mtb:scale""=>""2"",""sac_scale""=>""mountain_hiking"",""smoothness""=>""excellent"",""surface""=>""ground"",""tracktype""=>""grade3"",""trail_visibility""=>""good"""
81628067,,path,,,,,,0.0,"""bicycle""=>""no"",""foot""=>""yes"",""hiking""=>""yes"",""mtb:scale""=>""2"",""sac_scale""=>""mountain_hiking"",""smoothness""=>""excellent"",""surface""=>""ground"",""tracktype""=>""grade3"",""trail_visibility""=>""good"""
81628067,,path,,,,,,0.0,"""bicycle""=>""no"",""foot""=>""yes"",""hiking""=>""yes"",""mtb:scale""=>""2"",""sac_scale""=>""mountain_hiking"",""smoothness""=>""excellent"",""surface""=>""ground"",""tracktype""=>""grade3"",""trail_visibility""=>""good"""
81628067,,path,,,,,,0.0,"""bicycle""=>""no"",""foot""=>""yes"",""hiking""=>""yes"",""mtb:scale""=>""2"",""sac_scale""=>""mountain_hiking"",""smoothness""=>""excellent"",""surface""=>""ground"",""tracktype""=>""grade3"",""trail_visibility""=>""good"""
81628067,,path,,,,,,0.0,"""bicycle""=>""no"",""foot""=>""yes"",""hiking""=>""yes"",""mtb:scale""=>""2"",""sac_scale""=>""mountain_hiking"",""smoothness""=>""excellent"",""surface""=>""ground"",""tracktype""=>""grade3"",""trail_visibility""=>""good"""
81628067,,path,,,,,,0.0,"""bicycle""=>""no"",""foot""=>""yes"",""hiking""=>""yes"",""mtb:scale""=>""2"",""sac_scale""=>""mountain_hiking"",""smoothness""=>""excellent"",""surface""=>""ground"",""tracktype""=>""grade3"",""trail_visibility""=>""good"""
81628067,,path,,,,,,0.0,"""bicycle""=>""no"",""foot""=>""yes"",""hiking""=>""yes"",""mtb:scale""=>""2"",""sac_scale""=>""mountain_hiking"",""smoothness""=>""excellent"",""surface""=>""ground"",""tracktype""=>""grade3"",""trail_visibility""=>""good"""
81628067,,path,,,,,,0.0,"""bicycle""=>""no"",""foot""=>""yes"",""hiking""=>""yes"",""mtb:scale""=>""2"",""sac_scale""=>""mountain_hiking"",""smoothness""=>""excellent"",""surface""=>""ground"",""tracktype""=>""grade3"",""trail_visibility""=>""good"""
81628067,,path,,,,,,0.0,"""bicycle""=>""no"",""foot""=>""yes"",""hiking""=>""yes"",""mtb:scale""=>""2"",""sac_scale""=>""mountain_hiking"",""smoothness""=>""excellent"",""surface""=>""ground"",""tracktype""=>""grade3"",""trail_visibility""=>""good"""
81628067,,path,,,,,,0.0,"""bicycle""=>""no"",""foot""=>""yes"",""hiking""=>""yes"",""mtb:scale""=>""2"",""sac_scale""=>""mountain_hiking"",""smoothness""=>""excellent"",""surface""=>""ground"",""tracktype""=>""grade3"",""trail_visibility""=>""good"""
81628067,,path,,,,,,0.0,"""bicycle""=>""no"",""foot""=>""yes"",""hiking""=>""yes"",""mtb:scale""=>""2"",""sac_scale""=>""mountain_hiking"",""smoothness""=>""excellent"",""surface""=>""ground"",""tracktype""=>""grade3"",""trail_visibility""=>""good"""
81628067,,path,,,,,,0.0,"""bicycle""=>""no"",""foot""=>""yes"",""hiking""=>""yes"",""mtb:scale""=>""2"",""sac_scale""=>""mountain_hiking"",""smoothness""=>""excellent"",""surface""=>""ground"",""tracktype""=>""grade3"",""trail_visibility""=>""good"""
81628067,,path,,,,,,0.0,"""bicycle""=>""no"",""foot""=>""yes"",""hiking""=>""yes"",""mtb:scale""=>""2"",""sac_scale""=>""mountain_hiking"",""smoothness""=>""excellent"",""surface""=>""ground"",""tracktype""=>""grade3"",""trail_visibility""=>""good"""
81628067,,path,,,,,,0.0,"""bicycle""=>""no"",""foot""=>""yes"",""hiking""=>""yes"",""mtb:scale""=>""2"",""sac_scale""=>""mountain_hiking"",""smoothness""=>""excellent"",""surface""=>""ground"",""tracktype""=>""grade3"",""trail_visibility""=>""good"""
81628067,,path,,,,,,0.0,"""bicycle""=>""no"",""foot""=>""yes"",""hiking""=>""yes"",""mtb:scale""=>""2"",""sac_scale""=>""mountain_hiking"",""smoothness""=>""excellent"",""surface""=>""ground"",""tracktype""=>""grade3"",""trail_visibility""=>""good"""
81628067,,path,,,,,,0.0,"""bicycle""=>""no"",""foot""=>""yes"",""hiking""=>""yes"",""mtb:scale""=>""2"",""sac_scale""=>""mountain_hiking"",""smoothness""=>""excellent"",""surface""=>""ground"",""tracktype""=>""grade3"",""trail_visibility""=>""good"""
81628067,,path,,,,,,0.0,"""bicycle""=>""no"",""foot""=>""yes"",""hiking""=>""yes"",""mtb:scale""=>""2"",""sac_scale""=>""mountain_hiking"",""smoothness""=>""excellent"",""surface""=>""ground"",""tracktype""=>""grade3"",""trail_visibility""=>""good"""
81628067,,path,,,,,,0.0,"""bicycle""=>""no"",""foot""=>""yes"",""hiking""=>""yes"",""mtb:scale""=>""2"",""sac_scale""=>""mountain_hiking"",""smoothness""=>""excellent"",""surface""=>""ground"",""tracktype""=>""grade3"",""trail_visibility""=>""good"""
81628067,,path,,,,,,0.0,"""bicycle""=>""no"",""foot""=>""yes"",""hiking""=>""yes"",""mtb:scale""=>""2"",""sac_scale""=>""mountain_hiking"",""smoothness""=>""excellent"",""surface""=>""ground"",""tracktype""=>""grade3"",""trail_visibility""=>""good"""
81628067,,path,,,,,,0.0,"""bicycle""=>""no"",""foot""=>""yes"",""hiking""=>""yes"",""mtb:scale""=>""2"",""sac_scale""=>""mountain_hiking"",""smoothness""=>""excellent"",""surface""=>""ground"",""tracktype""=>""grade3"",""trail_visibility""=>""good"""
81628067,,path,,,,,,0.0,"""bicycle""=>""no"",""foot""=>""yes"",""hiking""=>""yes"",""mtb:scale""=>""2"",""sac_scale""=>""mountain_hiking"",""smoothness""=>""excellent"",""surface""=>""ground"",""tracktype""=>""grade3"",""trail_visibility""=>""good"""
81628067,,path,,,,,,0.0,"""bicycle""=>""no"",""foot""=>""yes"",""hiking""=>""yes"",""mtb:scale""=>""2"",""sac_scale""=>""mountain_hiking"",""smoothness""=>""excellent"",""surface""=>""ground"",""tracktype""=>""grade3"",""trail_visibility""=>""good"""
81628067,,path,,,,,,0.0,"""bicycle""=>""no"",""foot""=>""yes"",""hiking""=>""yes"",""mtb:scale""=>""2"",""sac_scale""=>""mountain_hiking"",""smoothness""=>""excellent"",""surface""=>""ground"",""tracktype""=>""grade3"",""trail_visibility""=>""good"""
81628067,,path,,,,,,0.0,"""bicycle""=>""no"",""foot""=>""yes"",""hiking""=>""yes"",""mtb:scale""=>""2"",""sac_scale""=>""mountain_hiking"",""smoothness""=>""excellent"",""surface""=>""ground"",""tracktype""=>""grade3"",""trail_visibility""=>""good"""
81628067,,path,,,,,,0.0,"""bicycle""=>""no"",""foot""=>""yes"",""hiking""=>""yes"",""mtb:scale""=>""2"",""sac_scale""=>""mountain_hiking"",""smoothness""=>""excellent"",""surface""=>""ground"",""tracktype""=>""grade3"",""trail_visibility""=>""good"""
81628067,,path,,,,,,0.0,"""bicycle""=>""no"",""foot""=>""yes"",""hiking""=>""yes"",""mtb:scale""=>""2"",""sac_scale""=>""mountain_hiking"",""smoothness""=>""excellent"",""surface""=>""ground"",""tracktype""=>""grade3"",""trail_visibility""=>""good"""
81628067,,path,,,,,,0.0,"""bicycle""=>""no"",""foot""=>""yes"",""hiking""=>""yes"",""mtb:scale""=>""2"",""sac_scale""=>""mountain_hiking"",""smoothness""=>""excellent"",""surface""=>""ground"",""tracktype""=>""grade3"",""trail_visibility""=>""good"""
81628067,,path,,,,,,0.0,"""bicycle""=>""no"",""foot""=>""yes"",""hiking""=>""yes"",""mtb:scale""=>""2"",""sac_scale""=>""mountain_hiking"",""smoothness""=>""excellent"",""surface""=>""ground"",""tracktype""=>""grade3"",""trail_visibility""=>""good"""
81628067,,path,,,,,,0.0,"""bicycle""=>""no"",""foot""=>""yes"",""hiking""=>""yes"",""mtb:scale""=>""2"",""sac_scale""=>""mountain_hiking"",""smoothness""=>""excellent"",""surface""=>""ground"",""tracktype""=>""grade3"",""trail_visibility""=>""good"""
81628067,,path,,,,,,0.0,"""bicycle""=>""no"",""foot""=>""yes"",""hiking""=>""yes"",""mtb:scale""=>""2"",""sac_scale""=>""mountain_hiking"",""smoothness""=>""excellent"",""surface""=>""ground"",""tracktype""=>""grade3"",""trail_visibility""=>""good"""
81628067,,path,,,,,,0.0,"""bicycle""=>""no"",""foot""=>""yes"",""hiking""=>""yes"",""mtb:scale""=>""2"",""sac_scale""=>""mountain_hiking"",""smoothness""=>""excellent"",""surface""=>""ground"",""tracktype""=>""grade3"",""trail_visibility""=>""good"""
81628067,,path,,,,,,0.0,"""bicycle""=>""no"",""foot""=>""yes"",""hiking""=>""yes"",""mtb:scale""=>""2"",""sac_scale""=>""mountain_hiking"",""smoothness""=>""excellent"",""surface""=>""ground"",""tracktype""=>""grade3"",""trail_visibility""=>""good"""
81628067,,path,,,,,,0.0,"""bicycle""=>""no"",""foot""=>""yes"",""hiking""=>""yes"",""mtb:scale""=>""2"",""sac_scale""=>""mountain_hiking"",""smoothness""=>""excellent"",""surface""=>""ground"",""tracktype""=>""grade3"",""trail_visibility""=>""good"""
81628067,,path,,,,,,0.0,"""bicycle""=>""no"",""foot""=>""yes"",""hiking""=>""yes"",""mtb:scale""=>""2"",""sac_scale""=>""mountain_hiking"",""smoothness""=>""excellent"",""surface""=>""ground"",""tracktype""=>""grade3"",""trail_visibility""=>""good"""
81628067,,path,,,,,,0.0,"""bicycle""=>""no"",""foot""=>""yes"",""hiking""=>""yes"",""mtb:scale""=>""2"",""sac_scale""=>""mountain_hiking"",""smoothness""=>""excellent"",""surface""=>""ground"",""tracktype""=>""grade3"",""trail_visibility""=>""good"""
81628067,,path,,,,,,0.0,"""bicycle""=>""no"",""foot""=>""yes"",""hiking""=>""yes"",""mtb:scale""=>""2"",""sac_scale""=>""mountain_hiking"",""smoothness""=>""excellent"",""surface""=>""ground"",""tracktype""=>""grade3"",""trail_visibility""=>""good"""
81628067,,path,,,,,,0.0,"""bicycle""=>""no"",""foot""=>""yes"",""hiking""=>""yes"",""mtb:scale""=>""2"",""sac_scale""=>""mountain_hiking"",""smoothness""=>""excellent"",""surface""=>""ground"",""tracktype""=>""grade3"",""trail_visibility""=>""good"""
81628067,,path,,,,,,0.0,"""bicycle""=>""no"",""foot""=>""yes"",""hiking""=>""yes"",""mtb:scale""=>""2"",""sac_scale""=>""mountain_hiking"",""smoothness""=>""excellent"",""surface""=>""ground"",""tracktype""=>""grade3"",""trail_visibility""=>""good"""
81628067,,path,,,,,,0.0,"""bicycle""=>""no"",""foot""=>""yes"",""hiking""=>""yes"",""mtb:scale""=>""2"",""sac_scale""=>""mountain_hiking"",""smoothness""=>""excellent"",""surface""=>""ground"",""tracktype""=>""grade3"",""trail_visibility""=>""good"""
443026751,,,stream,,,,,0.0,"""boat""=>""no"""
81628067,,path,,,,,,0.0,"""bicycle""=>""no"",""foot""=>""yes"",""hiking""=>""yes"",""mtb:scale""=>""2"",""sac_scale""=>""mountain_hiking"",""smoothness""=>""excellent"",""surface""=>""ground"",""tracktype""=>""grade3"",""trail_visibility""=>""good"""
443026751,,,stream,,,,,0.0,"""boat""=>""no"""
81628067,,path,,,,,,0.0,"""bicycle""=>""no"",""foot""=>""yes"",""hiking""=>""yes"",""mtb:scale""=>""2"",""sac_scale""=>""mountain_hiking"",""smoothness""=>""excellent"",""surface""=>""ground"",""tracktype""=>""grade3"",""trail_visibility""=>""good"""
443026751,,,stream,,,,,0.0,"""boat""=>""no"""
81628067,,path,,,,,,0.0,"""bicycle""=>""no"",""foot""=>""yes"",""hiking""=>""yes"",""mtb:scale""=>""2"",""sac_scale""=>""mountain_hiking"",""smoothness""=>""excellent"",""surface""=>""ground"",""tracktype""=>""grade3"",""trail_visibility""=>""good"""
443026751,,,stream,,,,,0.0,"""boat""=>""no"""
81628067,,path,,,,,,0.0,"""bicycle""=>""no"",""foot""=>""yes"",""hiking""=>""yes"",""mtb:scale""=>""2"",""sac_scale""=>""mountain_hiking"",""smoothness""=>""excellent"",""surface""=>""ground"",""tracktype""=>""grade3"",""trail_visibility""=>""good"""
443026751,,,stream,,,,,0.0,"""boat""=>""no"""
81628067,,path,,,,,,0.0,"""bicycle""=>""no"",""foot""=>""yes"",""hiking""=>""yes"",""mtb:scale""=>""2"",""sac_scale""=>""mountain_hiking"",""smoothness""=>""excellent"",""surface""=>""ground"",""tracktype""=>""grade3"",""trail_visibility""=>""good"""
81628067,,path,,,,,,0.0,"""bicycle""=>""no"",""foot""=>""yes"",""hiking""=>""yes"",""mtb:scale""=>""2"",""sac_scale""=>""mountain_hiking"",""smoothness""=>""excellent"",""surface""=>""ground"",""tracktype""=>""grade3"",""trail_visibility""=>""good"""
81628067,,path,,,,,,0.0,"""bicycle""=>""no"",""foot""=>""yes"",""hiking""=>""yes"",""mtb:scale""=>""2"",""sac_scale""=>""mountain_hiking"",""smoothness""=>""excellent"",""surface""=>""ground"",""tracktype""=>""grade3"",""trail_visibility""=>""good"""
81628067,,path,,,,,,0.0,"""bicycle""=>""no"",""foot""=>""yes"",""hiking""=>""yes"",""mtb:scale""=>""2"",""sac_scale""=>""mountain_hiking"",""smoothness""=>""excellent"",""surface""=>""ground"",""tracktype""=>""grade3"",""trail_visibility""=>""good"""
81628067,,path,,,,,,0.0,"""bicycle""=>""no"",""foot""=>""yes"",""hiking""=>""yes"",""mtb:scale""=>""2"",""sac_scale""=>""mountain_hiking"",""smoothness""=>""excellent"",""surface""=>""ground"",""tracktype""=>""grade3"",""trail_visibility""=>""good"""
81628067,,path,,,,,,0.0,"""bicycle""=>""no"",""foot""=>""yes"",""hiking""=>""yes"",""mtb:scale""=>""2"",""sac_scale""=>""mountain_hiking"",""smoothness""=>""excellent"",""surface""=>""ground"",""tracktype""=>""grade3"",""trail_visibility""=>""good"""
81628067,,path,,,,,,0.0,"""bicycle""=>""no"",""foot""=>""yes"",""hiking""=>""yes"",""mtb:scale""=>""2"",""sac_scale""=>""mountain_hiking"",""smoothness""=>""excellent"",""surface""=>""ground"",""tracktype""=>""grade3"",""trail_visibility""=>""good"""
81628067,,path,,,,,,0.0,"""bicycle""=>""no"",""foot""=>""yes"",""hiking""=>""yes"",""mtb:scale""=>""2"",""sac_scale""=>""mountain_hiking"",""smoothness""=>""excellent"",""surface""=>""ground"",""tracktype""=>""grade3"",""trail_visibility""=>""good"""
81628067,,path,,,,,,0.0,"""bicycle""=>""no"",""foot""=>""yes"",""hiking""=>""yes"",""mtb:scale""=>""2"",""sac_scale""=>""mountain_hiking"",""smoothness""=>""excellent"",""surface""=>""ground"",""tracktype""=>""grade3"",""trail_visibility""=>""good"""
81628067,,path,,,,,,0.0,"""bicycle""=>""no"",""foot""=>""yes"",""hiking""=>""yes"",""mtb:scale""=>""2"",""sac_scale""=>""mountain_hiking"",""smoothness""=>""excellent"",""surface""=>""ground"",""tracktype""=>""grade3"",""trail_visibility""=>""good"""
81628067,,path,,,,,,0.0,"""bicycle""=>""no"",""foot""=>""yes"",""hiking""=>""yes"",""mtb:scale""=>""2"",""sac_scale""=>""mountain_hiking"",""smoothness""=>""excellent"",""surface""=>""ground"",""tracktype""=>""grade3"",""trail_visibility""=>""good"""
81628067,,path,,,,,,0.0,"""bicycle""=>""no"",""foot""=>""yes"",""hiking""=>""yes"",""mtb:scale""=>""2"",""sac_scale""=>""mountain_hiking"",""smoothness""=>""excellent"",""surface""=>""ground"",""tracktype""=>""grade3"",""trail_visibility""=>""good"""
81628067,,path,,,,,,0.0,"""bicycle""=>""no"",""foot""=>""yes"",""hiking""=>""yes"",""mtb:scale""=>""2"",""sac_scale""=>""mountain_hiking"",""smoothness""=>""excellent"",""surface""=>""ground"",""tracktype""=>""grade3"",""trail_visibility""=>""good"""
81628067,,path,,,,,,0.0,"""bicycle""=>""no"",""foot""=>""yes"",""hiking""=>""yes"",""mtb:scale""=>""2"",""sac_scale""=>""mountain_hiking"",""smoothness""=>""excellent"",""surface""=>""ground"",""tracktype""=>""grade3"",""trail_visibility""=>""good"""
81628067,,path,,,,,,0.0,"""bicycle""=>""no"",""foot""=>""yes"",""hiking""=>""yes"",""mtb:scale""=>""2"",""sac_scale""=>""mountain_hiking"",""smoothness""=>""excellent"",""surface""=>""ground"",""tracktype""=>""grade3"",""trail_visibility""=>""good"""
81628067,,path,,,,,,0.0,"""bicycle""=>""no"",""foot""=>""yes"",""hiking""=>""yes"",""mtb:scale""=>""2"",""sac_scale""=>""mountain_hiking"",""smoothness""=>""excellent"",""surface""=>""ground"",""tracktype""=>""grade3"",""trail_visibility""=>""good"""
81628067,,path,,,,,,0.0,"""bicycle""=>""no"",""foot""=>""yes"",""hiking""=>""yes"",""mtb:scale""=>""2"",""sac_scale""=>""mountain_hiking"",""smoothness""=>""excellent"",""surface""=>""ground"",""tracktype""=>""grade3"",""trail_visibility""=>""good"""
81628067,,path,,,,,,0.0,"""bicycle""=>""no"",""foot""=>""yes"",""hiking""=>""yes"",""mtb:scale""=>""2"",""sac_scale""=>""mountain_hiking"",""smoothness""=>""excellent"",""surface""=>""ground"",""tracktype""=>""grade3"",""trail_visibility""=>""good"""
81628067,,path,,,,,,0.0,"""bicycle""=>""no"",""foot""=>""yes"",""hiking""=>""yes"",""mtb:scale""=>""2"",""sac_scale""=>""mountain_hiking"",""smoothness""=>""excellent"",""surface""=>""ground"",""tracktype""=>""grade3"",""trail_visibility""=>""good"""
81628067,,path,,,,,,0.0,"""bicycle""=>""no"",""foot""=>""yes"",""hiking""=>""yes"",""mtb:scale""=>""2"",""sac_scale""=>""mountain_hiking"",""smoothness""=>""excellent"",""surface""=>""ground"",""tracktype""=>""grade3"",""trail_visibility""=>""good"""
81628067,,path,,,,,,0.0,"""bicycle""=>""no"",""foot""=>""yes"",""hiking""=>""yes"",""mtb:scale""=>""2"",""sac_scale""=>""mountain_hiking"",""smoothness""=>""excellent"",""surface""=>""ground"",""tracktype""=>""grade3"",""trail_visibility""=>""good"""
81628067,,path,,,,,,0.0,"""bicycle""=>""no"",""foot""=>""yes"",""hiking""=>""yes"",""mtb:scale""=>""2"",""sac_scale""=>""mountain_hiking"",""smoothness""=>""excellent"",""surface""=>""ground"",""tracktype""=>""grade3"",""trail_visibility""=>""good"""
81628067,,path,,,,,,0.0,"""bicycle""=>""no"",""foot""=>""yes"",""hiking""=>""yes"",""mtb:scale""=>""2"",""sac_scale""=>""mountain_hiking"",""smoothness""=>""excellent"",""surface""=>""ground"",""tracktype""=>""grade3"",""trail_visibility""=>""good"""
81628067,,path,,,,,,0.0,"""bicycle""=>""no"",""foot""=>""yes"",""hiking""=>""yes"",""mtb:scale""=>""2"",""sac_scale""=>""mountain_hiking"",""smoothness""=>""excellent"",""surface""=>""ground"",""tracktype""=>""grade3"",""trail_visibility""=>""good"""
81628067,,path,,,,,,0.0,"""bicycle""=>""no"",""foot""=>""yes"",""hiking""=>""yes"",""mtb:scale""=>""2"",""sac_scale""=>""mountain_hiking"",""smoothness""=>""excellent"",""surface""=>""ground"",""tracktype""=>""grade3"",""trail_visibility""=>""good"""
81628067,,path,,,,,,0.0,"""bicycle""=>""no"",""foot""=>""yes"",""hiking""=>""yes"",""mtb:scale""=>""2"",""sac_scale""=>""mountain_hiking"",""smoothness""=>""excellent"",""surface""=>""ground"",""tracktype""=>""grade3"",""trail_visibility""=>""good"""
81628067,,path,,,,,,0.0,"""bicycle""=>""no"",""foot""=>""yes"",""hiking""=>""yes"",""mtb:scale""=>""2"",""sac_scale""=>""mountain_hiking"",""smoothness""=>""excellent"",""surface""=>""ground"",""tracktype""=>""grade3"",""trail_visibility""=>""good"""
81628067,,path,,,,,,0.0,"""bicycle""=>""no"",""foot""=>""yes"",""hiking""=>""yes"",""mtb:scale""=>""2"",""sac_scale""=>""mountain_hiking"",""smoothness""=>""excellent"",""surface""=>""ground"",""tracktype""=>""grade3"",""trail_visibility""=>""good"""
81628067,,path,,,,,,0.0,"""bicycle""=>""no"",""foot""=>""yes"",""hiking""=>""yes"",""mtb:scale""=>""2"",""sac_scale""=>""mountain_hiking"",""smoothness""=>""excellent"",""surface""=>""ground"",""tracktype""=>""grade3"",""trail_visibility""=>""good"""
81628067,,path,,,,,,0.0,"""bicycle""=>""no"",""foot""=>""yes"",""hiking""=>""yes"",""mtb:scale""=>""2"",""sac_scale""=>""mountain_hiking"",""smoothness""=>""excellent"",""surface""=>""ground"",""tracktype""=>""grade3"",""trail_visibility""=>""good"""
81628067,,path,,,,,,0.0,"""bicycle""=>""no"",""foot""=>""yes"",""hiking""=>""yes"",""mtb:scale""=>""2"",""sac_scale""=>""mountain_hiking"",""smoothness""=>""excellent"",""surface""=>""ground"",""tracktype""=>""grade3"",""trail_visibility""=>""good"""
81628067,,path,,,,,,0.0,"""bicycle""=>""no"",""foot""=>""yes"",""hiking""=>""yes"",""mtb:scale""=>""2"",""sac_scale""=>""mountain_hiking"",""smoothness""=>""excellent"",""surface""=>""ground"",""tracktype""=>""grade3"",""trail_visibility""=>""good"""
81628067,,path,,,,,,0.0,"""bicycle""=>""no"",""foot""=>""yes"",""hiking""=>""yes"",""mtb:scale""=>""2"",""sac_scale""=>""mountain_hiking"",""smoothness""=>""excellent"",""surface""=>""ground"",""tracktype""=>""grade3"",""trail_visibility""=>""good"""
81628067,,path,,,,,,0.0,"""bicycle""=>""no"",""foot""=>""yes"",""hiking""=>""yes"",""mtb:scale""=>""2"",""sac_scale""=>""mountain_hiking"",""smoothness""=>""excellent"",""surface""=>""ground"",""tracktype""=>""grade3"",""trail_visibility""=>""good"""
81628067,,path,,,,,,0.0,"""bicycle""=>""no"",""foot""=>""yes"",""hiking""=>""yes"",""mtb:scale""=>""2"",""sac_scale""=>""mountain_hiking"",""smoothness""=>""excellent"",""surface""=>""ground"",""tracktype""=>""grade3"",""trail_visibility""=>""good"""
81628067,,path,,,,,,0.0,"""bicycle""=>""no"",""foot""=>""yes"",""hiking""=>""yes"",""mtb:scale""=>""2"",""sac_scale""=>""mountain_hiking"",""smoothness""=>""excellent"",""surface""=>""ground"",""tracktype""=>""grade3"",""trail_visibility""=>""good"""
81628067,,path,,,,,,0.0,"""bicycle""=>""no"",""foot""=>""yes"",""hiking""=>""yes"",""mtb:scale""=>""2"",""sac_scale""=>""mountain_hiking"",""smoothness""=>""excellent"",""surface""=>""ground"",""tracktype""=>""grade3"",""trail_visibility""=>""good"""
81628067,,path,,,,,,0.0,"""bicycle""=>""no"",""foot""=>""yes"",""hiking""=>""yes"",""mtb:scale""=>""2"",""sac_scale""=>""mountain_hiking"",""smoothness""=>""excellent"",""surface""=>""ground"",""tracktype""=>""grade3"",""trail_visibility""=>""good"""
81628067,,path,,,,,,0.0,"""bicycle""=>""no"",""foot""=>""yes"",""hiking""=>""yes"",""mtb:scale""=>""2"",""sac_scale""=>""mountain_hiking"",""smoothness""=>""excellent"",""surface""=>""ground"",""tracktype""=>""grade3"",""trail_visibility""=>""good"""
81628067,,path,,,,,,0.0,"""bicycle""=>""no"",""foot""=>""yes"",""hiking""=>""yes"",""mtb:scale""=>""2"",""sac_scale""=>""mountain_hiking"",""smoothness""=>""excellent"",""surface""=>""ground"",""tracktype""=>""grade3"",""trail_visibility""=>""good"""
81628067,,path,,,,,,0.0,"""bicycle""=>""no"",""foot""=>""yes"",""hiking""=>""yes"",""mtb:scale""=>""2"",""sac_scale""=>""mountain_hiking"",""smoothness""=>""excellent"",""surface""=>""ground"",""tracktype""=>""grade3"",""trail_visibility""=>""good"""
443026721,,,stream,,,,,0.0,"""boat""=>""no"""
81628067,,path,,,,,,0.0,"""bicycle""=>""no"",""foot""=>""yes"",""hiking""=>""yes"",""mtb:scale""=>""2"",""sac_scale""=>""mountain_hiking"",""smoothness""=>""excellent"",""surface""=>""ground"",""tracktype""=>""grade3"",""trail_visibility""=>""good"""
443026721,,,stream,,,,,0.0,"""boat""=>""no"""
81628067,,path,,,,,,0.0,"""bicycle""=>""no"",""foot""=>""yes"",""hiking""=>""yes"",""mtb:scale""=>""2"",""sac_scale""=>""mountain_hiking"",""smoothness""=>""excellent"",""surface""=>""ground"",""tracktype""=>""grade3"",""trail_visibility""=>""good"""
443026721,,,stream,,,,,0.0,"""boat""=>""no"""
81628067,,path,,,,,,0.0,"""bicycle""=>""no"",""foot""=>""yes"",""hiking""=>""yes"",""mtb:scale""=>""2"",""sac_scale""=>""mountain_hiking"",""smoothness""=>""excellent"",""surface""=>""ground"",""tracktype""=>""grade3"",""trail_visibility""=>""good"""
443026721,,,stream,,,,,0.0,"""boat""=>""no"""
81628067,,path,,,,,,0.0,"""bicycle""=>""no"",""foot""=>""yes"",""hiking""=>""yes"",""mtb:scale""=>""2"",""sac_scale""=>""mountain_hiking"",""smoothness""=>""excellent"",""surface""=>""ground"",""tracktype""=>""grade3"",""trail_visibility""=>""good"""
443026721,,,stream,,,,,0.0,"""boat""=>""no"""
81628067,,path,,,,,,0.0,"""bicycle""=>""no"",""foot""=>""yes"",""hiking""=>""yes"",""mtb:scale""=>""2"",""sac_scale""=>""mountain_hiking"",""smoothness""=>""excellent"",""surface""=>""ground"",""tracktype""=>""grade3"",""trail_visibility""=>""good"""
443026721,,,stream,,,,,0.0,"""boat""=>""no"""
81628067,,path,,,,,,0.0,"""bicycle""=>""no"",""foot""=>""yes"",""hiking""=>""yes"",""mtb:scale""=>""2"",""sac_scale""=>""mountain_hiking"",""smoothness""=>""excellent"",""surface""=>""ground"",""tracktype""=>""grade3"",""trail_visibility""=>""good"""
443026721,,,stream,,,,,0.0,"""boat""=>""no"""
81628067,,path,,,,,,0.0,"""bicycle""=>""no"",""foot""=>""yes"",""hiking""=>""yes"",""mtb:scale""=>""2"",""sac_scale""=>""mountain_hiking"",""smoothness""=>""excellent"",""surface""=>""ground"",""tracktype""=>""grade3"",""trail_visibility""=>""good"""
443026721,,,stream,,,,,0.0,"""boat""=>""no"""
81628067,,path,,,,,,0.0,"""bicycle""=>""no"",""foot""=>""yes"",""hiking""=>""yes"",""mtb:scale""=>""2"",""sac_scale""=>""mountain_hiking"",""smoothness""=>""excellent"",""surface""=>""ground"",""tracktype""=>""grade3"",""trail_visibility""=>""good"""
81628067,,path,,,,,,0.0,"""bicycle""=>""no"",""foot""=>""yes"",""hiking""=>""yes"",""mtb:scale""=>""2"",""sac_scale""=>""mountain_hiking"",""smoothness""=>""excellent"",""surface""=>""ground"",""tracktype""=>""grade3"",""trail_visibility""=>""good"""
81628067,,path,,,,,,0.0,"""bicycle""=>""no"",""foot""=>""yes"",""hiking""=>""yes"",""mtb:scale""=>""2"",""sac_scale""=>""mountain_hiking"",""smoothness""=>""excellent"",""surface""=>""ground"",""tracktype""=>""grade3"",""trail_visibility""=>""good"""
81628067,,path,,,,,,0.0,"""bicycle""=>""no"",""foot""=>""yes"",""hiking""=>""yes"",""mtb:scale""=>""2"",""sac_scale""=>""mountain_hiking"",""smoothness""=>""excellent"",""surface""=>""ground"",""tracktype""=>""grade3"",""trail_visibility""=>""good"""
81628067,,path,,,,,,0.0,"""bicycle""=>""no"",""foot""=>""yes"",""hiking""=>""yes"",""mtb:scale""=>""2"",""sac_scale""=>""mountain_hiking"",""smoothness""=>""excellent"",""surface""=>""ground"",""tracktype""=>""grade3"",""trail_visibility""=>""good"""
81628067,,path,,,,,,0.0,"""bicycle""=>""no"",""foot""=>""yes"",""hiking""=>""yes"",""mtb:scale""=>""2"",""sac_scale""=>""mountain_hiking"",""smoothness""=>""excellent"",""surface""=>""ground"",""tracktype""=>""grade3"",""trail_visibility""=>""good"""
81628067,,path,,,,,,0.0,"""bicycle""=>""no"",""foot""=>""yes"",""hiking""=>""yes"",""mtb:scale""=>""2"",""sac_scale""=>""mountain_hiking"",""smoothness""=>""excellent"",""surface""=>""ground"",""tracktype""=>""grade3"",""trail_visibility""=>""good"""
81628067,,path,,,,,,0.0,"""bicycle""=>""no"",""foot""=>""yes"",""hiking""=>""yes"",""mtb:scale""=>""2"",""sac_scale""=>""mountain_hiking"",""smoothness""=>""excellent"",""surface""=>""ground"",""tracktype""=>""grade3"",""trail_visibility""=>""good"""
81628067,,path,,,,,,0.0,"""bicycle""=>""no"",""foot""=>""yes"",""hiking""=>""yes"",""mtb:scale""=>""2"",""sac_scale""=>""mountain_hiking"",""smoothness""=>""excellent"",""surface""=>""ground"",""tracktype""=>""grade3"",""trail_visibility""=>""good"""
81628067,,path,,,,,,0.0,"""bicycle""=>""no"",""foot""=>""yes"",""hiking""=>""yes"",""mtb:scale""=>""2"",""sac_scale""=>""mountain_hiking"",""smoothness""=>""excellent"",""surface""=>""ground"",""tracktype""=>""grade3"",""trail_visibility""=>""good"""
81628067,,path,,,,,,0.0,"""bicycle""=>""no"",""foot""=>""yes"",""hiking""=>""yes"",""mtb:scale""=>""2"",""sac_scale""=>""mountain_hiking"",""smoothness""=>""excellent"",""surface""=>""ground"",""tracktype""=>""grade3"",""trail_visibility""=>""good"""
81628067,,path,,,,,,0.0,"""bicycle""=>""no"",""foot""=>""yes"",""hiking""=>""yes"",""mtb:scale""=>""2"",""sac_scale""=>""mountain_hiking"",""smoothness""=>""excellent"",""surface""=>""ground"",""tracktype""=>""grade3"",""trail_visibility""=>""good"""
81628067,,path,,,,,,0.0,"""bicycle""=>""no"",""foot""=>""yes"",""hiking""=>""yes"",""mtb:scale""=>""2"",""sac_scale""=>""mountain_hiking"",""smoothness""=>""excellent"",""surface""=>""ground"",""tracktype""=>""grade3"",""trail_visibility""=>""good"""
81628067,,path,,,,,,0.0,"""bicycle""=>""no"",""foot""=>""yes"",""hiking""=>""yes"",""mtb:scale""=>""2"",""sac_scale""=>""mountain_hiking"",""smoothness""=>""excellent"",""surface""=>""ground"",""tracktype""=>""grade3"",""trail_visibility""=>""good"""
81628067,,path,,,,,,0.0,"""bicycle""=>""no"",""foot""=>""yes"",""hiking""=>""yes"",""mtb:scale""=>""2"",""sac_scale""=>""mountain_hiking"",""smoothness""=>""excellent"",""surface""=>""ground"",""tracktype""=>""grade3"",""trail_visibility""=>""good"""
81628067,,path,,,,,,0.0,"""bicycle""=>""no"",""foot""=>""yes"",""hiking""=>""yes"",""mtb:scale""=>""2"",""sac_scale""=>""mountain_hiking"",""smoothness""=>""excellent"",""surface""=>""ground"",""tracktype""=>""grade3"",""trail_visibility""=>""good"""
81628067,,path,,,,,,0.0,"""bicycle""=>""no"",""foot""=>""yes"",""hiking""=>""yes"",""mtb:scale""=>""2"",""sac_scale""=>""mountain_hiking"",""smoothness""=>""excellent"",""surface""=>""ground"",""tracktype""=>""grade3"",""trail_visibility""=>""good"""
81628067,,path,,,,,,0.0,"""bicycle""=>""no"",""foot""=>""yes"",""hiking""=>""yes"",""mtb:scale""=>""2"",""sac_scale""=>""mountain_hiking"",""smoothness""=>""excellent"",""surface""=>""ground"",""tracktype""=>""grade3"",""trail_visibility""=>""good"""
81628067,,path,,,,,,0.0,"""bicycle""=>""no"",""foot""=>""yes"",""hiking""=>""yes"",""mtb:scale""=>""2"",""sac_scale""=>""mountain_hiking"",""smoothness""=>""excellent"",""surface""=>""ground"",""tracktype""=>""grade3"",""trail_visibility""=>""good"""
81628067,,path,,,,,,0.0,"""bicycle""=>""no"",""foot""=>""yes"",""hiking""=>""yes"",""mtb:scale""=>""2"",""sac_scale""=>""mountain_hiking"",""smoothness""=>""excellent"",""surface""=>""ground"",""tracktype""=>""grade3"",""trail_visibility""=>""good"""
81628067,,path,,,,,,0.0,"""bicycle""=>""no"",""foot""=>""yes"",""hiking""=>""yes"",""mtb:scale""=>""2"",""sac_scale""=>""mountain_hiking"",""smoothness""=>""excellent"",""surface""=>""ground"",""tracktype""=>""grade3"",""trail_visibility""=>""good"""
81628067,,path,,,,,,0.0,"""bicycle""=>""no"",""foot""=>""yes"",""hiking""=>""yes"",""mtb:scale""=>""2"",""sac_scale""=>""mountain_hiking"",""smoothness""=>""excellent"",""surface""=>""ground"",""tracktype""=>""grade3"",""trail_visibility""=>""good"""
81628067,,path,,,,,,0.0,"""bicycle""=>""no"",""foot""=>""yes"",""hiking""=>""yes"",""mtb:scale""=>""2"",""sac_scale""=>""mountain_hiking"",""smoothness""=>""excellent"",""surface""=>""ground"",""tracktype""=>""grade3"",""trail_visibility""=>""good"""
81628067,,path,,,,,,0.0,"""bicycle""=>""no"",""foot""=>""yes"",""hiking""=>""yes"",""mtb:scale""=>""2"",""sac_scale""=>""mountain_hiking"",""smoothness""=>""excellent"",""surface""=>""ground"",""tracktype""=>""grade3"",""trail_visibility""=>""good"""
81628067,,path,,,,,,0.0,"""bicycle""=>""no"",""foot""=>""yes"",""hiking""=>""yes"",""mtb:scale""=>""2"",""sac_scale""=>""mountain_hiking"",""smoothness""=>""excellent"",""surface""=>""ground"",""tracktype""=>""grade3"",""trail_visibility""=>""good"""
81628067,,path,,,,,,0.0,"""bicycle""=>""no"",""foot""=>""yes"",""hiking""=>""yes"",""mtb:scale""=>""2"",""sac_scale""=>""mountain_hiking"",""smoothness""=>""excellent"",""surface""=>""ground"",""tracktype""=>""grade3"",""trail_visibility""=>""good"""
453977386,,path,,,,,,0.0,"""bicycle""=>""permissive"",""foot""=>""yes"",""hiking""=>""yes"",""mtb:scale""=>""2"",""sac_scale""=>""mountain_hiking"",""smoothness""=>""excellent"",""surface""=>""ground"",""tracktype""=>""grade3"",""trail_visibility""=>""good"""
69349907,,path,,,,,,0.0,"""bicycle""=>""permissive"",""foot""=>""yes"",""hiking""=>""yes"",""mtb:scale""=>""2"",""sac_scale""=>""mountain_hiking"",""smoothness""=>""excellent"",""surface""=>""ground"",""tracktype""=>""grade5"",""trail_visibility""=>""good"""
81628067,,path,,,,,,0.0,"""bicycle""=>""no"",""foot""=>""yes"",""hiking""=>""yes"",""mtb:scale""=>""2"",""sac_scale""=>""mountain_hiking"",""smoothness""=>""excellent"",""surface""=>""ground"",""tracktype""=>""grade3"",""trail_visibility""=>""good"""
453977386,,path,,,,,,0.0,"""bicycle""=>""permissive"",""foot""=>""yes"",""hiking""=>""yes"",""mtb:scale""=>""2"",""sac_scale""=>""mountain_hiking"",""smoothness""=>""excellent"",""surface""=>""ground"",""tracktype""=>""grade3"",""trail_visibility""=>""good"""
66321914,,path,,,,,,0.0,
69349907,,path,,,,,,0.0,"""bicycle""=>""permissive"",""foot""=>""yes"",""hiking""=>""yes"",""mtb:scale""=>""2"",""sac_scale""=>""mountain_hiking"",""smoothness""=>""excellent"",""surface""=>""ground"",""tracktype""=>""grade5"",""trail_visibility""=>""good"""
81628067,,path,,,,,,0.0,"""bicycle""=>""no"",""foot""=>""yes"",""hiking""=>""yes"",""mtb:scale""=>""2"",""sac_scale""=>""mountain_hiking"",""smoothness""=>""excellent"",""surface""=>""ground"",""tracktype""=>""grade3"",""trail_visibility""=>""good"""
453977386,,path,,,,,,0.0,"""bicycle""=>""permissive"",""foot""=>""yes"",""hiking""=>""yes"",""mtb:scale""=>""2"",""sac_scale""=>""mountain_hiking"",""smoothness""=>""excellent"",""surface""=>""ground"",""tracktype""=>""grade3"",""trail_visibility""=>""good"""
66321914,,path,,,,,,0.0,
66321914,,path,,,,,,0.0,
,,,,,,,,,
69349907,,path,,,,,,0.0,"""bicycle""=>""permissive"",""foot""=>""yes"",""hiking""=>""yes"",""mtb:scale""=>""2"",""sac_scale""=>""mountain_hiking"",""smoothness""=>""excellent"",""surface""=>""ground"",""tracktype""=>""grade5"",""trail_visibility""=>""good"""
69349907,,path,,,,,,0.0,"""bicycle""=>""permissive"",""foot""=>""yes"",""hiking""=>""yes"",""mtb:scale""=>""2"",""sac_scale""=>""mountain_hiking"",""smoothness""=>""excellent"",""surface""=>""ground"",""tracktype""=>""grade5"",""trail_visibility""=>""good"""
69349907,,path,,,,,,0.0,"""bicycle""=>""permissive"",""foot""=>""yes"",""hiking""=>""yes"",""mtb:scale""=>""2"",""sac_scale""=>""mountain_hiking"",""smoothness""=>""excellent"",""surface""=>""ground"",""tracktype""=>""grade5"",""trail_visibility""=>""good"""
69349907,,path,,,,,,0.0,"""bicycle""=>""permissive"",""foot""=>""yes"",""hiking""=>""yes"",""mtb:scale""=>""2"",""sac_scale""=>""mountain_hiking"",""smoothness""=>""excellent"",""surface""=>""ground"",""tracktype""=>""grade5"",""trail_visibility""=>""good"""
69349907,,path,,,,,,0.0,"""bicycle""=>""permissive"",""foot""=>""yes"",""hiking""=>""yes"",""mtb:scale""=>""2"",""sac_scale""=>""mountain_hiking"",""smoothness""=>""excellent"",""surface""=>""ground"",""tracktype""=>""grade5"",""trail_visibility""=>""good"""
69349907,,path,,,,,,0.0,"""bicycle""=>""permissive"",""foot""=>""yes"",""hiking""=>""yes"",""mtb:scale""=>""2"",""sac_scale""=>""mountain_hiking"",""smoothness""=>""excellent"",""surface""=>""ground"",""tracktype""=>""grade5"",""trail_visibility""=>""good"""
69349907,,path,,,,,,0.0,"""bicycle""=>""permissive"",""foot""=>""yes"",""hiking""=>""yes"",""mtb:scale""=>""2"",""sac_scale""=>""mountain_hiking"",""smoothness""=>""excellent"",""surface""=>""ground"",""tracktype""=>""grade5"",""trail_visibility""=>""good"""
69349907,,path,,,,,,0.0,"""bicycle""=>""permissive"",""foot""=>""yes"",""hiking""=>""yes"",""mtb:scale""=>""2"",""sac_scale""=>""mountain_hiking"",""smoothness""=>""excellent"",""surface""=>""ground"",""tracktype""=>""grade5"",""trail_visibility""=>""good"""
69349907,,path,,,,,,0.0,"""bicycle""=>""permissive"",""foot""=>""yes"",""hiking""=>""yes"",""mtb:scale""=>""2"",""sac_scale""=>""mountain_hiking"",""smoothness""=>""excellent"",""surface""=>""ground"",""tracktype""=>""grade5"",""trail_visibility""=>""good"""
69349907,,path,,,,,,0.0,"""bicycle""=>""permissive"",""foot""=>""yes"",""hiking""=>""yes"",""mtb:scale""=>""2"",""sac_scale""=>""mountain_hiking"",""smoothness""=>""excellent"",""surface""=>""ground"",""tracktype""=>""grade5"",""trail_visibility""=>""good"""
69349907,,path,,,,,,0.0,"""bicycle""=>""permissive"",""foot""=>""yes"",""hiking""=>""yes"",""mtb:scale""=>""2"",""sac_scale""=>""mountain_hiking"",""smoothness""=>""excellent"",""surface""=>""ground"",""tracktype""=>""grade5"",""trail_visibility""=>""good"""
69349907,,path,,,,,,0.0,"""bicycle""=>""permissive"",""foot""=>""yes"",""hiking""=>""yes"",""mtb:scale""=>""2"",""sac_scale""=>""mountain_hiking"",""smoothness""=>""excellent"",""surface""=>""ground"",""tracktype""=>""grade5"",""trail_visibility""=>""good"""
69349907,,path,,,,,,0.0,"""bicycle""=>""permissive"",""foot""=>""yes"",""hiking""=>""yes"",""mtb:scale""=>""2"",""sac_scale""=>""mountain_hiking"",""smoothness""=>""excellent"",""surface""=>""ground"",""tracktype""=>""grade5"",""trail_visibility""=>""good"""
69349907,,path,,,,,,0.0,"""bicycle""=>""permissive"",""foot""=>""yes"",""hiking""=>""yes"",""mtb:scale""=>""2"",""sac_scale""=>""mountain_hiking"",""smoothness""=>""excellent"",""surface""=>""ground"",""tracktype""=>""grade5"",""trail_visibility""=>""good"""
69349907,,path,,,,,,0.0,"""bicycle""=>""permissive"",""foot""=>""yes"",""hiking""=>""yes"",""mtb:scale""=>""2"",""sac_scale""=>""mountain_hiking"",""smoothness""=>""excellent"",""surface""=>""ground"",""tracktype""=>""grade5"",""trail_visibility""=>""good"""
69349907,,path,,,,,,0.0,"""bicycle""=>""permissive"",""foot""=>""yes"",""hiking""=>""yes"",""mtb:scale""=>""2"",""sac_scale""=>""mountain_hiking"",""smoothness""=>""excellent"",""surface""=>""ground"",""tracktype""=>""grade5"",""trail_visibility""=>""good"""
69349907,,path,,,,,,0.0,"""bicycle""=>""permissive"",""foot""=>""yes"",""hiking""=>""yes"",""mtb:scale""=>""2"",""sac_scale""=>""mountain_hiking"",""smoothness""=>""excellent"",""surface""=>""ground"",""tracktype""=>""grade5"",""trail_visibility""=>""good"""
69349907,,path,,,,,,0.0,"""bicycle""=>""permissive"",""foot""=>""yes"",""hiking""=>""yes"",""mtb:scale""=>""2"",""sac_scale""=>""mountain_hiking"",""smoothness""=>""excellent"",""surface""=>""ground"",""tracktype""=>""grade5"",""trail_visibility""=>""good"""
69349907,,path,,,,,,0.0,"""bicycle""=>""permissive"",""foot""=>""yes"",""hiking""=>""yes"",""mtb:scale""=>""2"",""sac_scale""=>""mountain_hiking"",""smoothness""=>""excellent"",""surface""=>""ground"",""tracktype""=>""grade5"",""trail_visibility""=>""good"""
69349907,,path,,,,,,0.0,"""bicycle""=>""permissive"",""foot""=>""yes"",""hiking""=>""yes"",""mtb:scale""=>""2"",""sac_scale""=>""mountain_hiking"",""smoothness""=>""excellent"",""surface""=>""ground"",""tracktype""=>""grade5"",""trail_visibility""=>""good"""
69349907,,path,,,,,,0.0,"""bicycle""=>""permissive"",""foot""=>""yes"",""hiking""=>""yes"",""mtb:scale""=>""2"",""sac_scale""=>""mountain_hiking"",""smoothness""=>""excellent"",""surface""=>""ground"",""tracktype""=>""grade5"",""trail_visibility""=>""good"""
69349907,,path,,,,,,0.0,"""bicycle""=>""permissive"",""foot""=>""yes"",""hiking""=>""yes"",""mtb:scale""=>""2"",""sac_scale""=>""mountain_hiking"",""smoothness""=>""excellent"",""surface""=>""ground"",""tracktype""=>""grade5"",""trail_visibility""=>""good"""
69349907,,path,,,,,,0.0,"""bicycle""=>""permissive"",""foot""=>""yes"",""hiking""=>""yes"",""mtb:scale""=>""2"",""sac_scale""=>""mountain_hiking"",""smoothness""=>""excellent"",""surface""=>""ground"",""tracktype""=>""grade5"",""trail_visibility""=>""good"""
69349907,,path,,,,,,0.0,"""bicycle""=>""permissive"",""foot""=>""yes"",""hiking""=>""yes"",""mtb:scale""=>""2"",""sac_scale""=>""mountain_hiking"",""smoothness""=>""excellent"",""surface""=>""ground"",""tracktype""=>""grade5"",""trail_visibility""=>""good"""
69349907,,path,,,,,,0.0,"""bicycle""=>""permissive"",""foot""=>""yes"",""hiking""=>""yes"",""mtb:scale""=>""2"",""sac_scale""=>""mountain_hiking"",""smoothness""=>""excellent"",""surface""=>""ground"",""tracktype""=>""grade5"",""trail_visibility""=>""good"""
69349907,,path,,,,,,0.0,"""bicycle""=>""permissive"",""foot""=>""yes"",""hiking""=>""yes"",""mtb:scale""=>""2"",""sac_scale""=>""mountain_hiking"",""smoothness""=>""excellent"",""surface""=>""ground"",""tracktype""=>""grade5"",""trail_visibility""=>""good"""
69349907,,path,,,,,,0.0,"""bicycle""=>""permissive"",""foot""=>""yes"",""hiking""=>""yes"",""mtb:scale""=>""2"",""sac_scale""=>""mountain_hiking"",""smoothness""=>""excellent"",""surface""=>""ground"",""tracktype""=>""grade5"",""trail_visibility""=>""good"""
69349907,,path,,,,,,0.0,"""bicycle""=>""permissive"",""foot""=>""yes"",""hiking""=>""yes"",""mtb:scale""=>""2"",""sac_scale""=>""mountain_hiking"",""smoothness""=>""excellent"",""surface""=>""ground"",""tracktype""=>""grade5"",""trail_visibility""=>""good"""
69349907,,path,,,,,,0.0,"""bicycle""=>""permissive"",""foot""=>""yes"",""hiking""=>""yes"",""mtb:scale""=>""2"",""sac_scale""=>""mountain_hiking"",""smoothness""=>""excellent"",""surface""=>""ground"",""tracktype""=>""grade5"",""trail_visibility""=>""good"""
69349907,,path,,,,,,0.0,"""bicycle""=>""permissive"",""foot""=>""yes"",""hiking""=>""yes"",""mtb:scale""=>""2"",""sac_scale""=>""mountain_hiking"",""smoothness""=>""excellent"",""surface""=>""ground"",""tracktype""=>""grade5"",""trail_visibility""=>""good"""
69349907,,path,,,,,,0.0,"""bicycle""=>""permissive"",""foot""=>""yes"",""hiking""=>""yes"",""mtb:scale""=>""2"",""sac_scale""=>""mountain_hiking"",""smoothness""=>""excellent"",""surface""=>""ground"",""tracktype""=>""grade5"",""trail_visibility""=>""good"""
69349907,,path,,,,,,0.0,"""bicycle""=>""permissive"",""foot""=>""yes"",""hiking""=>""yes"",""mtb:scale""=>""2"",""sac_scale""=>""mountain_hiking"",""smoothness""=>""excellent"",""surface""=>""ground"",""tracktype""=>""grade5"",""trail_visibility""=>""good"""
69349907,,path,,,,,,0.0,"""bicycle""=>""permissive"",""foot""=>""yes"",""hiking""=>""yes"",""mtb:scale""=>""2"",""sac_scale""=>""mountain_hiking"",""smoothness""=>""excellent"",""surface""=>""ground"",""tracktype""=>""grade5"",""trail_visibility""=>""good"""
69349907,,path,,,,,,0.0,"""bicycle""=>""permissive"",""foot""=>""yes"",""hiking""=>""yes"",""mtb:scale""=>""2"",""sac_scale""=>""mountain_hiking"",""smoothness""=>""excellent"",""surface""=>""ground"",""tracktype""=>""grade5"",""trail_visibility""=>""good"""
69349907,,path,,,,,,0.0,"""bicycle""=>""permissive"",""foot""=>""yes"",""hiking""=>""yes"",""mtb:scale""=>""2"",""sac_scale""=>""mountain_hiking"",""smoothness""=>""excellent"",""surface""=>""ground"",""tracktype""=>""grade5"",""trail_visibility""=>""good"""
69349907,,path,,,,,,0.0,"""bicycle""=>""permissive"",""foot""=>""yes"",""hiking""=>""yes"",""mtb:scale""=>""2"",""sac_scale""=>""mountain_hiking"",""smoothness""=>""excellent"",""surface""=>""ground"",""tracktype""=>""grade5"",""trail_visibility""=>""good"""
69349907,,path,,,,,,0.0,"""bicycle""=>""permissive"",""foot""=>""yes"",""hiking""=>""yes"",""mtb:scale""=>""2"",""sac_scale""=>""mountain_hiking"",""smoothness""=>""excellent"",""surface""=>""ground"",""tracktype""=>""grade5"",""trail_visibility""=>""good"""
69349907,,path,,,,,,0.0,"""bicycle""=>""permissive"",""foot""=>""yes"",""hiking""=>""yes"",""mtb:scale""=>""2"",""sac_scale""=>""mountain_hiking"",""smoothness""=>""excellent"",""surface""=>""ground"",""tracktype""=>""grade5"",""trail_visibility""=>""good"""
69349907,,path,,,,,,0.0,"""bicycle""=>""permissive"",""foot""=>""yes"",""hiking""=>""yes"",""mtb:scale""=>""2"",""sac_scale""=>""mountain_hiking"",""smoothness""=>""excellent"",""surface""=>""ground"",""tracktype""=>""grade5"",""trail_visibility""=>""good"""
69349907,,path,,,,,,0.0,"""bicycle""=>""permissive"",""foot""=>""yes"",""hiking""=>""yes"",""mtb:scale""=>""2"",""sac_scale""=>""mountain_hiking"",""smoothness""=>""excellent"",""surface""=>""ground"",""tracktype""=>""grade5"",""trail_visibility""=>""good"""
69349907,,path,,,,,,0.0,"""bicycle""=>""permissive"",""foot""=>""yes"",""hiking""=>""yes"",""mtb:scale""=>""2"",""sac_scale""=>""mountain_hiking"",""smoothness""=>""excellent"",""surface""=>""ground"",""tracktype""=>""grade5"",""trail_visibility""=>""good"""
69349907,,path,,,,,,0.0,"""bicycle""=>""permissive"",""foot""=>""yes"",""hiking""=>""yes"",""mtb:scale""=>""2"",""sac_scale""=>""mountain_hiking"",""smoothness""=>""excellent"",""surface""=>""ground"",""tracktype""=>""grade5"",""trail_visibility""=>""good"""
69349907,,path,,,,,,0.0,"""bicycle""=>""permissive"",""foot""=>""yes"",""hiking""=>""yes"",""mtb:scale""=>""2"",""sac_scale""=>""mountain_hiking"",""smoothness""=>""excellent"",""surface""=>""ground"",""tracktype""=>""grade5"",""trail_visibility""=>""good"""
69349907,,path,,,,,,0.0,"""bicycle""=>""permissive"",""foot""=>""yes"",""hiking""=>""yes"",""mtb:scale""=>""2"",""sac_scale""=>""mountain_hiking"",""smoothness""=>""excellent"",""surface""=>""ground"",""tracktype""=>""grade5"",""trail_visibility""=>""good"""
69349907,,path,,,,,,0.0,"""bicycle""=>""permissive"",""foot""=>""yes"",""hiking""=>""yes"",""mtb:scale""=>""2"",""sac_scale""=>""mountain_hiking"",""smoothness""=>""excellent"",""surface""=>""ground"",""tracktype""=>""grade5"",""trail_visibility""=>""good"""
69349907,,path,,,,,,0.0,"""bicycle""=>""permissive"",""foot""=>""yes"",""hiking""=>""yes"",""mtb:scale""=>""2"",""sac_scale""=>""mountain_hiking"",""smoothness""=>""excellent"",""surface""=>""ground"",""tracktype""=>""grade5"",""trail_visibility""=>""good"""
69349907,,path,,,,,,0.0,"""bicycle""=>""permissive"",""foot""=>""yes"",""hiking""=>""yes"",""mtb:scale""=>""2"",""sac_scale""=>""mountain_hiking"",""smoothness""=>""excellent"",""surface""=>""ground"",""tracktype""=>""grade5"",""trail_visibility""=>""good"""
69349907,,path,,,,,,0.0,"""bicycle""=>""permissive"",""foot""=>""yes"",""hiking""=>""yes"",""mtb:scale""=>""2"",""sac_scale""=>""mountain_hiking"",""smoothness""=>""excellent"",""surface""=>""ground"",""tracktype""=>""grade5"",""trail_visibility""=>""good"""
69349907,,path,,,,,,0.0,"""bicycle""=>""permissive"",""foot""=>""yes"",""hiking""=>""yes"",""mtb:scale""=>""2"",""sac_scale""=>""mountain_hiking"",""smoothness""=>""excellent"",""surface""=>""ground"",""tracktype""=>""grade5"",""trail_visibility""=>""good"""
69349907,,path,,,,,,0.0,"""bicycle""=>""permissive"",""foot""=>""yes"",""hiking""=>""yes"",""mtb:scale""=>""2"",""sac_scale""=>""mountain_hiking"",""smoothness""=>""excellent"",""surface""=>""ground"",""tracktype""=>""grade5"",""trail_visibility""=>""good"""
69349907,,path,,,,,,0.0,"""bicycle""=>""permissive"",""foot""=>""yes"",""hiking""=>""yes"",""mtb:scale""=>""2"",""sac_scale""=>""mountain_hiking"",""smoothness""=>""excellent"",""surface""=>""ground"",""tracktype""=>""grade5"",""trail_visibility""=>""good"""
69349907,,path,,,,,,0.0,"""bicycle""=>""permissive"",""foot""=>""yes"",""hiking""=>""yes"",""mtb:scale""=>""2"",""sac_scale""=>""mountain_hiking"",""smoothness""=>""excellent"",""surface""=>""ground"",""tracktype""=>""grade5"",""trail_visibility""=>""good"""
69349907,,path,,,,,,0.0,"""bicycle""=>""permissive"",""foot""=>""yes"",""hiking""=>""yes"",""mtb:scale""=>""2"",""sac_scale""=>""mountain_hiking"",""smoothness""=>""excellent"",""surface""=>""ground"",""tracktype""=>""grade5"",""trail_visibility""=>""good"""
69349907,,path,,,,,,0.0,"""bicycle""=>""permissive"",""foot""=>""yes"",""hiking""=>""yes"",""mtb:scale""=>""2"",""sac_scale""=>""mountain_hiking"",""smoothness""=>""excellent"",""surface""=>""ground"",""tracktype""=>""grade5"",""trail_visibility""=>""good"""
69349907,,path,,,,,,0.0,"""bicycle""=>""permissive"",""foot""=>""yes"",""hiking""=>""yes"",""mtb:scale""=>""2"",""sac_scale""=>""mountain_hiking"",""smoothness""=>""excellent"",""surface""=>""ground"",""tracktype""=>""grade5"",""trail_visibility""=>""good"""
69349907,,path,,,,,,0.0,"""bicycle""=>""permissive"",""foot""=>""yes"",""hiking""=>""yes"",""mtb:scale""=>""2"",""sac_scale""=>""mountain_hiking"",""smoothness""=>""excellent"",""surface""=>""ground"",""tracktype""=>""grade5"",""trail_visibility""=>""good"""
69349907,,path,,,,,,0.0,"""bicycle""=>""permissive"",""foot""=>""yes"",""hiking""=>""yes"",""mtb:scale""=>""2"",""sac_scale""=>""mountain_hiking"",""smoothness""=>""excellent"",""surface""=>""ground"",""tracktype""=>""grade5"",""trail_visibility""=>""good"""
69349907,,path,,,,,,0.0,"""bicycle""=>""permissive"",""foot""=>""yes"",""hiking""=>""yes"",""mtb:scale""=>""2"",""sac_scale""=>""mountain_hiking"",""smoothness""=>""excellent"",""surface""=>""ground"",""tracktype""=>""grade5"",""trail_visibility""=>""good"""
69349907,,path,,,,,,0.0,"""bicycle""=>""permissive"",""foot""=>""yes"",""hiking""=>""yes"",""mtb:scale""=>""2"",""sac_scale""=>""mountain_hiking"",""smoothness""=>""excellent"",""surface""=>""ground"",""tracktype""=>""grade5"",""trail_visibility""=>""good"""
69349907,,path,,,,,,0.0,"""bicycle""=>""permissive"",""foot""=>""yes"",""hiking""=>""yes"",""mtb:scale""=>""2"",""sac_scale""=>""mountain_hiking"",""smoothness""=>""excellent"",""surface""=>""ground"",""tracktype""=>""grade5"",""trail_visibility""=>""good"""
69349907,,path,,,,,,0.0,"""bicycle""=>""permissive"",""foot""=>""yes"",""hiking""=>""yes"",""mtb:scale""=>""2"",""sac_scale""=>""mountain_hiking"",""smoothness""=>""excellent"",""surface""=>""ground"",""tracktype""=>""grade5"",""trail_visibility""=>""good"""
69349907,,path,,,,,,0.0,"""bicycle""=>""permissive"",""foot""=>""yes"",""hiking""=>""yes"",""mtb:scale""=>""2"",""sac_scale""=>""mountain_hiking"",""smoothness""=>""excellent"",""surface""=>""ground"",""tracktype""=>""grade5"",""trail_visibility""=>""good"""
69349907,,path,,,,,,0.0,"""bicycle""=>""permissive"",""foot""=>""yes"",""hiking""=>""yes"",""mtb:scale""=>""2"",""sac_scale""=>""mountain_hiking"",""smoothness""=>""excellent"",""surface""=>""ground"",""tracktype""=>""grade5"",""trail_visibility""=>""good"""
69349907,,path,,,,,,0.0,"""bicycle""=>""permissive"",""foot""=>""yes"",""hiking""=>""yes"",""mtb:scale""=>""2"",""sac_scale""=>""mountain_hiking"",""smoothness""=>""excellent"",""surface""=>""ground"",""tracktype""=>""grade5"",""trail_visibility""=>""good"""
69349907,,path,,,,,,0.0,"""bicycle""=>""permissive"",""foot""=>""yes"",""hiking""=>""yes"",""mtb:scale""=>""2"",""sac_scale""=>""mountain_hiking"",""smoothness""=>""excellent"",""surface""=>""ground"",""tracktype""=>""grade5"",""trail_visibility""=>""good"""
69349907,,path,,,,,,0.0,"""bicycle""=>""permissive"",""foot""=>""yes"",""hiking""=>""yes"",""mtb:scale""=>""2"",""sac_scale""=>""mountain_hiking"",""smoothness""=>""excellent"",""surface""=>""ground"",""tracktype""=>""grade5"",""trail_visibility""=>""good"""
69349907,,path,,,,,,0.0,"""bicycle""=>""permissive"",""foot""=>""yes"",""hiking""=>""yes"",""mtb:scale""=>""2"",""sac_scale""=>""mountain_hiking"",""smoothness""=>""excellent"",""surface""=>""ground"",""tracktype""=>""grade5"",""trail_visibility""=>""good"""
453977384,,path,,,,,,0.0,
69349907,,path,,,,,,0.0,"""bicycle""=>""permissive"",""foot""=>""yes"",""hiking""=>""yes"",""mtb:scale""=>""2"",""sac_scale""=>""mountain_hiking"",""smoothness""=>""excellent"",""surface""=>""ground"",""tracktype""=>""grade5"",""trail_visibility""=>""good"""
453977384,,path,,,,,,0.0,
453977385,,path,,,,,,0.0,"""bicycle""=>""permissive"",""foot""=>""yes"",""hiking""=>""yes"",""mtb:scale""=>""2"",""sac_scale""=>""mountain_hiking"",""smoothness""=>""excellent"",""surface""=>""ground"",""tracktype""=>""grade3"",""trail_visibility""=>""good"""
69349907,,path,,,,,,0.0,"""bicycle""=>""permissive"",""foot""=>""yes"",""hiking""=>""yes"",""mtb:scale""=>""2"",""sac_scale""=>""mountain_hiking"",""smoothness""=>""excellent"",""surface""=>""ground"",""tracktype""=>""grade5"",""trail_visibility""=>""good"""
453977384,,path,,,,,,0.0,
453977385,,path,,,,,,0.0,"""bicycle""=>""permissive"",""foot""=>""yes"",""hiking""=>""yes"",""mtb:scale""=>""2"",""sac_scale""=>""mountain_hiking"",""smoothness""=>""excellent"",""surface""=>""ground"",""tracktype""=>""grade3"",""trail_visibility""=>""good"""
453977385,,path,,,,,,0.0,"""bicycle""=>""permissive"",""foot""=>""yes"",""hiking""=>""yes"",""mtb:scale""=>""2"",""sac_scale""=>""mountain_hiking"",""smoothness""=>""excellent"",""surface""=>""ground"",""tracktype""=>""grade3"",""trail_visibility""=>""good"""
453977385,,path,,,,,,0.0,"""bicycle""=>""permissive"",""foot""=>""yes"",""hiking""=>""yes"",""mtb:scale""=>""2"",""sac_scale""=>""mountain_hiking"",""smoothness""=>""excellent"",""surface""=>""ground"",""tracktype""=>""grade3"",""trail_visibility""=>""good"""
453977385,,path,,,,,,0.0,"""bicycle""=>""permissive"",""foot""=>""yes"",""hiking""=>""yes"",""mtb:scale""=>""2"",""sac_scale""=>""mountain_hiking"",""smoothness""=>""excellent"",""surface""=>""ground"",""tracktype""=>""grade3"",""trail_visibility""=>""good"""
453977385,,path,,,,,,0.0,"""bicycle""=>""permissive"",""foot""=>""yes"",""hiking""=>""yes"",""mtb:scale""=>""2"",""sac_scale""=>""mountain_hiking"",""smoothness""=>""excellent"",""surface""=>""ground"",""tracktype""=>""grade3"",""trail_visibility""=>""good"""
453977385,,path,,,,,,0.0,"""bicycle""=>""permissive"",""foot""=>""yes"",""hiking""=>""yes"",""mtb:scale""=>""2"",""sac_scale""=>""mountain_hiking"",""smoothness""=>""excellent"",""surface""=>""ground"",""tracktype""=>""grade3"",""trail_visibility""=>""good"""
453977385,,path,,,,,,0.0,"""bicycle""=>""permissive"",""foot""=>""yes"",""hiking""=>""yes"",""mtb:scale""=>""2"",""sac_scale""=>""mountain_hiking"",""smoothness""=>""excellent"",""surface""=>""ground"",""tracktype""=>""grade3"",""trail_visibility""=>""good"""
453977385,,path,,,,,,0.0,"""bicycle""=>""permissive"",""foot""=>""yes"",""hiking""=>""yes"",""mtb:scale""=>""2"",""sac_scale""=>""mountain_hiking"",""smoothness""=>""excellent"",""surface""=>""ground"",""tracktype""=>""grade3"",""trail_visibility""=>""good"""
453977385,,path,,,,,,0.0,"""bicycle""=>""permissive"",""foot""=>""yes"",""hiking""=>""yes"",""mtb:scale""=>""2"",""sac_scale""=>""mountain_hiking"",""smoothness""=>""excellent"",""surface""=>""ground"",""tracktype""=>""grade3"",""trail_visibility""=>""good"""
453977385,,path,,,,,,0.0,"""bicycle""=>""permissive"",""foot""=>""yes"",""hiking""=>""yes"",""mtb:scale""=>""2"",""sac_scale""=>""mountain_hiking"",""smoothness""=>""excellent"",""surface""=>""ground"",""tracktype""=>""grade3"",""trail_visibility""=>""good"""
453977385,,path,,,,,,0.0,"""bicycle""=>""permissive"",""foot""=>""yes"",""hiking""=>""yes"",""mtb:scale""=>""2"",""sac_scale""=>""mountain_hiking"",""smoothness""=>""excellent"",""surface""=>""ground"",""tracktype""=>""grade3"",""trail_visibility""=>""good"""
453977385,,path,,,,,,0.0,"""bicycle""=>""permissive"",""foot""=>""yes"",""hiking""=>""yes"",""mtb:scale""=>""2"",""sac_scale""=>""mountain_hiking"",""smoothness""=>""excellent"",""surface""=>""ground"",""tracktype""=>""grade3"",""trail_visibility""=>""good"""
453977385,,path,,,,,,0.0,"""bicycle""=>""permissive"",""foot""=>""yes"",""hiking""=>""yes"",""mtb:scale""=>""2"",""sac_scale""=>""mountain_hiking"",""smoothness""=>""excellent"",""surface""=>""ground"",""tracktype""=>""grade3"",""trail_visibility""=>""good"""
453977385,,path,,,,,,0.0,"""bicycle""=>""permissive"",""foot""=>""yes"",""hiking""=>""yes"",""mtb:scale""=>""2"",""sac_scale""=>""mountain_hiking"",""smoothness""=>""excellent"",""surface""=>""ground"",""tracktype""=>""grade3"",""trail_visibility""=>""good"""
453977385,,path,,,,,,0.0,"""bicycle""=>""permissive"",""foot""=>""yes"",""hiking""=>""yes"",""mtb:scale""=>""2"",""sac_scale""=>""mountain_hiking"",""smoothness""=>""excellent"",""surface""=>""ground"",""tracktype""=>""grade3"",""trail_visibility""=>""good"""
453977385,,path,,,,,,0.0,"""bicycle""=>""permissive"",""foot""=>""yes"",""hiking""=>""yes"",""mtb:scale""=>""2"",""sac_scale""=>""mountain_hiking"",""smoothness""=>""excellent"",""surface""=>""ground"",""tracktype""=>""grade3"",""trail_visibility""=>""good"""
453977385,,path,,,,,,0.0,"""bicycle""=>""permissive"",""foot""=>""yes"",""hiking""=>""yes"",""mtb:scale""=>""2"",""sac_scale""=>""mountain_hiking"",""smoothness""=>""excellent"",""surface""=>""ground"",""tracktype""=>""grade3"",""trail_visibility""=>""good"""
453977385,,path,,,,,,0.0,"""bicycle""=>""permissive"",""foot""=>""yes"",""hiking""=>""yes"",""mtb:scale""=>""2"",""sac_scale""=>""mountain_hiking"",""smoothness""=>""excellent"",""surface""=>""ground"",""tracktype""=>""grade3"",""trail_visibility""=>""good"""
453977385,,path,,,,,,0.0,"""bicycle""=>""permissive"",""foot""=>""yes"",""hiking""=>""yes"",""mtb:scale""=>""2"",""sac_scale""=>""mountain_hiking"",""smoothness""=>""excellent"",""surface""=>""ground"",""tracktype""=>""grade3"",""trail_visibility""=>""good"""
453977385,,path,,,,,,0.0,"""bicycle""=>""permissive"",""foot""=>""yes"",""hiking""=>""yes"",""mtb:scale""=>""2"",""sac_scale""=>""mountain_hiking"",""smoothness""=>""excellent"",""surface""=>""ground"",""tracktype""=>""grade3"",""trail_visibility""=>""good"""
453977385,,path,,,,,,0.0,"""bicycle""=>""permissive"",""foot""=>""yes"",""hiking""=>""yes"",""mtb:scale""=>""2"",""sac_scale""=>""mountain_hiking"",""smoothness""=>""excellent"",""surface""=>""ground"",""tracktype""=>""grade3"",""trail_visibility""=>""good"""
453977385,,path,,,,,,0.0,"""bicycle""=>""permissive"",""foot""=>""yes"",""hiking""=>""yes"",""mtb:scale""=>""2"",""sac_scale""=>""mountain_hiking"",""smoothness""=>""excellent"",""surface""=>""ground"",""tracktype""=>""grade3"",""trail_visibility""=>""good"""
453977385,,path,,,,,,0.0,"""bicycle""=>""permissive"",""foot""=>""yes"",""hiking""=>""yes"",""mtb:scale""=>""2"",""sac_scale""=>""mountain_hiking"",""smoothness""=>""excellent"",""surface""=>""ground"",""tracktype""=>""grade3"",""trail_visibility""=>""good"""
453977385,,path,,,,,,0.0,"""bicycle""=>""permissive"",""foot""=>""yes"",""hiking""=>""yes"",""mtb:scale""=>""2"",""sac_scale""=>""mountain_hiking"",""smoothness""=>""excellent"",""surface""=>""ground"",""tracktype""=>""grade3"",""trail_visibility""=>""good"""
453977385,,path,,,,,,0.0,"""bicycle""=>""permissive"",""foot""=>""yes"",""hiking""=>""yes"",""mtb:scale""=>""2"",""sac_scale""=>""mountain_hiking"",""smoothness""=>""excellent"",""surface""=>""ground"",""tracktype""=>""grade3"",""trail_visibility""=>""good"""
453977385,,path,,,,,,0.0,"""bicycle""=>""permissive"",""foot""=>""yes"",""hiking""=>""yes"",""mtb:scale""=>""2"",""sac_scale""=>""mountain_hiking"",""smoothness""=>""excellent"",""surface""=>""ground"",""tracktype""=>""grade3"",""trail_visibility""=>""good"""
453977385,,path,,,,,,0.0,"""bicycle""=>""permissive"",""foot""=>""yes"",""hiking""=>""yes"",""mtb:scale""=>""2"",""sac_scale""=>""mountain_hiking"",""smoothness""=>""excellent"",""surface""=>""ground"",""tracktype""=>""grade3"",""trail_visibility""=>""good"""
453977385,,path,,,,,,0.0,"""bicycle""=>""permissive"",""foot""=>""yes"",""hiking""=>""yes"",""mtb:scale""=>""2"",""sac_scale""=>""mountain_hiking"",""smoothness""=>""excellent"",""surface""=>""ground"",""tracktype""=>""grade3"",""trail_visibility""=>""good"""
453977385,,path,,,,,,0.0,"""bicycle""=>""permissive"",""foot""=>""yes"",""hiking""=>""yes"",""mtb:scale""=>""2"",""sac_scale""=>""mountain_hiking"",""smoothness""=>""excellent"",""surface""=>""ground"",""tracktype""=>""grade3"",""trail_visibility""=>""good"""
453977385,,path,,,,,,0.0,"""bicycle""=>""permissive"",""foot""=>""yes"",""hiking""=>""yes"",""mtb:scale""=>""2"",""sac_scale""=>""mountain_hiking"",""smoothness""=>""excellent"",""surface""=>""ground"",""tracktype""=>""grade3"",""trail_visibility""=>""good"""
453977385,,path,,,,,,0.0,"""bicycle""=>""permissive"",""foot""=>""yes"",""hiking""=>""yes"",""mtb:scale""=>""2"",""sac_scale""=>""mountain_hiking"",""smoothness""=>""excellent"",""surface""=>""ground"",""tracktype""=>""grade3"",""trail_visibility""=>""good"""
453977385,,path,,,,,,0.0,"""bicycle""=>""permissive"",""foot""=>""yes"",""hiking""=>""yes"",""mtb:scale""=>""2"",""sac_scale""=>""mountain_hiking"",""smoothness""=>""excellent"",""surface""=>""ground"",""tracktype""=>""grade3"",""trail_visibility""=>""good"""
453977385,,path,,,,,,0.0,"""bicycle""=>""permissive"",""foot""=>""yes"",""hiking""=>""yes"",""mtb:scale""=>""2"",""sac_scale""=>""mountain_hiking"",""smoothness""=>""excellent"",""surface""=>""ground"",""tracktype""=>""grade3"",""trail_visibility""=>""good"""
453977385,,path,,,,,,0.0,"""bicycle""=>""permissive"",""foot""=>""yes"",""hiking""=>""yes"",""mtb:scale""=>""2"",""sac_scale""=>""mountain_hiking"",""smoothness""=>""excellent"",""surface""=>""ground"",""tracktype""=>""grade3"",""trail_visibility""=>""good"""
453977385,,path,,,,,,0.0,"""bicycle""=>""permissive"",""foot""=>""yes"",""hiking""=>""yes"",""mtb:scale""=>""2"",""sac_scale""=>""mountain_hiking"",""smoothness""=>""excellent"",""surface""=>""ground"",""tracktype""=>""grade3"",""trail_visibility""=>""good"""
453977385,,path,,,,,,0.0,"""bicycle""=>""permissive"",""foot""=>""yes"",""hiking""=>""yes"",""mtb:scale""=>""2"",""sac_scale""=>""mountain_hiking"",""smoothness""=>""excellent"",""surface""=>""ground"",""tracktype""=>""grade3"",""trail_visibility""=>""good"""
453977385,,path,,,,,,0.0,"""bicycle""=>""permissive"",""foot""=>""yes"",""hiking""=>""yes"",""mtb:scale""=>""2"",""sac_scale""=>""mountain_hiking"",""smoothness""=>""excellent"",""surface""=>""ground"",""tracktype""=>""grade3"",""trail_visibility""=>""good"""
453977385,,path,,,,,,0.0,"""bicycle""=>""permissive"",""foot""=>""yes"",""hiking""=>""yes"",""mtb:scale""=>""2"",""sac_scale""=>""mountain_hiking"",""smoothness""=>""excellent"",""surface""=>""ground"",""tracktype""=>""grade3"",""trail_visibility""=>""good"""
453977385,,path,,,,,,0.0,"""bicycle""=>""permissive"",""foot""=>""yes"",""hiking""=>""yes"",""mtb:scale""=>""2"",""sac_scale""=>""mountain_hiking"",""smoothness""=>""excellent"",""surface""=>""ground"",""tracktype""=>""grade3"",""trail_visibility""=>""good"""
453977385,,path,,,,,,0.0,"""bicycle""=>""permissive"",""foot""=>""yes"",""hiking""=>""yes"",""mtb:scale""=>""2"",""sac_scale""=>""mountain_hiking"",""smoothness""=>""excellent"",""surface""=>""ground"",""tracktype""=>""grade3"",""trail_visibility""=>""good"""
453977385,,path,,,,,,0.0,"""bicycle""=>""permissive"",""foot""=>""yes"",""hiking""=>""yes"",""mtb:scale""=>""2"",""sac_scale""=>""mountain_hiking"",""smoothness""=>""excellent"",""surface""=>""ground"",""tracktype""=>""grade3"",""trail_visibility""=>""good"""
453977385,,path,,,,,,0.0,"""bicycle""=>""permissive"",""foot""=>""yes"",""hiking""=>""yes"",""mtb:scale""=>""2"",""sac_scale""=>""mountain_hiking"",""smoothness""=>""excellent"",""surface""=>""ground"",""tracktype""=>""grade3"",""trail_visibility""=>""good"""
453977385,,path,,,,,,0.0,"""bicycle""=>""permissive"",""foot""=>""yes"",""hiking""=>""yes"",""mtb:scale""=>""2"",""sac_scale""=>""mountain_hiking"",""smoothness""=>""excellent"",""surface""=>""ground"",""tracktype""=>""grade3"",""trail_visibility""=>""good"""
453977385,,path,,,,,,0.0,"""bicycle""=>""permissive"",""foot""=>""yes"",""hiking""=>""yes"",""mtb:scale""=>""2"",""sac_scale""=>""mountain_hiking"",""smoothness""=>""excellent"",""surface""=>""ground"",""tracktype""=>""grade3"",""trail_visibility""=>""good"""
453977385,,path,,,,,,0.0,"""bicycle""=>""permissive"",""foot""=>""yes"",""hiking""=>""yes"",""mtb:scale""=>""2"",""sac_scale""=>""mountain_hiking"",""smoothness""=>""excellent"",""surface""=>""ground"",""tracktype""=>""grade3"",""trail_visibility""=>""good"""
453977385,,path,,,,,,0.0,"""bicycle""=>""permissive"",""foot""=>""yes"",""hiking""=>""yes"",""mtb:scale""=>""2"",""sac_scale""=>""mountain_hiking"",""smoothness""=>""excellent"",""surface""=>""ground"",""tracktype""=>""grade3"",""trail_visibility""=>""good"""
453977385,,path,,,,,,0.0,"""bicycle""=>""permissive"",""foot""=>""yes"",""hiking""=>""yes"",""mtb:scale""=>""2"",""sac_scale""=>""mountain_hiking"",""smoothness""=>""excellent"",""surface""=>""ground"",""tracktype""=>""grade3"",""trail_visibility""=>""good"""
453977385,,path,,,,,,0.0,"""bicycle""=>""permissive"",""foot""=>""yes"",""hiking""=>""yes"",""mtb:scale""=>""2"",""sac_scale""=>""mountain_hiking"",""smoothness""=>""excellent"",""surface""=>""ground"",""tracktype""=>""grade3"",""trail_visibility""=>""good"""
453977385,,path,,,,,,0.0,"""bicycle""=>""permissive"",""foot""=>""yes"",""hiking""=>""yes"",""mtb:scale""=>""2"",""sac_scale""=>""mountain_hiking"",""smoothness""=>""excellent"",""surface""=>""ground"",""tracktype""=>""grade3"",""trail_visibility""=>""good"""
453977385,,path,,,,,,0.0,"""bicycle""=>""permissive"",""foot""=>""yes"",""hiking""=>""yes"",""mtb:scale""=>""2"",""sac_scale""=>""mountain_hiking"",""smoothness""=>""excellent"",""surface""=>""ground"",""tracktype""=>""grade3"",""trail_visibility""=>""good"""
453977385,,path,,,,,,0.0,"""bicycle""=>""permissive"",""foot""=>""yes"",""hiking""=>""yes"",""mtb:scale""=>""2"",""sac_scale""=>""mountain_hiking"",""smoothness""=>""excellent"",""surface""=>""ground"",""tracktype""=>""grade3"",""trail_visibility""=>""good"""
453977385,,path,,,,,,0.0,"""bicycle""=>""permissive"",""foot""=>""yes"",""hiking""=>""yes"",""mtb:scale""=>""2"",""sac_scale""=>""mountain_hiking"",""smoothness""=>""excellent"",""surface""=>""ground"",""tracktype""=>""grade3"",""trail_visibility""=>""good"""
453977385,,path,,,,,,0.0,"""bicycle""=>""permissive"",""foot""=>""yes"",""hiking""=>""yes"",""mtb:scale""=>""2"",""sac_scale""=>""mountain_hiking"",""smoothness""=>""excellent"",""surface""=>""ground"",""tracktype""=>""grade3"",""trail_visibility""=>""good"""
453977385,,path,,,,,,0.0,"""bicycle""=>""permissive"",""foot""=>""yes"",""hiking""=>""yes"",""mtb:scale""=>""2"",""sac_scale""=>""mountain_hiking"",""smoothness""=>""excellent"",""surface""=>""ground"",""tracktype""=>""grade3"",""trail_visibility""=>""good"""
453977385,,path,,,,,,0.0,"""bicycle""=>""permissive"",""foot""=>""yes"",""hiking""=>""yes"",""mtb:scale""=>""2"",""sac_scale""=>""mountain_hiking"",""smoothness""=>""excellent"",""surface""=>""ground"",""tracktype""=>""grade3"",""trail_visibility""=>""good"""
,,,,,,,,,
695665153,,path,,,,,,0.0,"""trail_visibility""=>""horrible"""
695665153,,path,,,,,,0.0,"""trail_visibility""=>""horrible"""
695665153,,path,,,,,,0.0,"""trail_visibility""=>""horrible"""
695665153,,path,,,,,,0.0,"""trail_visibility""=>""horrible"""
695665153,,path,,,,,,0.0,"""trail_visibility""=>""horrible"""
453977385,,path,,,,,,0.0,"""bicycle""=>""permissive"",""foot""=>""yes"",""hiking""=>""yes"",""mtb:scale""=>""2"",""sac_scale""=>""mountain_hiking"",""smoothness""=>""excellent"",""surface""=>""ground"",""tracktype""=>""grade3"",""trail_visibility""=>""good"""
695665153,,path,,,,,,0.0,"""trail_visibility""=>""horrible"""
453977385,,path,,,,,,0.0,"""bicycle""=>""permissive"",""foot""=>""yes"",""hiking""=>""yes"",""mtb:scale""=>""2"",""sac_scale""=>""mountain_hiking"",""smoothness""=>""excellent"",""surface""=>""ground"",""tracktype""=>""grade3"",""trail_visibility""=>""good"""
695665153,,path,,,,,,0.0,"""trail_visibility""=>""horrible"""
453977385,,path,,,,,,0.0,"""bicycle""=>""permissive"",""foot""=>""yes"",""hiking""=>""yes"",""mtb:scale""=>""2"",""sac_scale""=>""mountain_hiking"",""smoothness""=>""excellent"",""surface""=>""ground"",""tracktype""=>""grade3"",""trail_visibility""=>""good"""
453977385,,path,,,,,,0.0,"""bicycle""=>""permissive"",""foot""=>""yes"",""hiking""=>""yes"",""mtb:scale""=>""2"",""sac_scale""=>""mountain_hiking"",""smoothness""=>""excellent"",""surface""=>""ground"",""tracktype""=>""grade3"",""trail_visibility""=>""good"""
453977385,,path,,,,,,0.0,"""bicycle""=>""permissive"",""foot""=>""yes"",""hiking""=>""yes"",""mtb:scale""=>""2"",""sac_scale""=>""mountain_hiking"",""smoothness""=>""excellent"",""surface""=>""ground"",""tracktype""=>""grade3"",""trail_visibility""=>""good"""
453977385,,path,,,,,,0.0,"""bicycle""=>""permissive"",""foot""=>""yes"",""hiking""=>""yes"",""mtb:scale""=>""2"",""sac_scale""=>""mountain_hiking"",""smoothness""=>""excellent"",""surface""=>""ground"",""tracktype""=>""grade3"",""trail_visibility""=>""good"""
453977385,,path,,,,,,0.0,"""bicycle""=>""permissive"",""foot""=>""yes"",""hiking""=>""yes"",""mtb:scale""=>""2"",""sac_scale""=>""mountain_hiking"",""smoothness""=>""excellent"",""surface""=>""ground"",""tracktype""=>""grade3"",""trail_visibility""=>""good"""
453977385,,path,,,,,,0.0,"""bicycle""=>""permissive"",""foot""=>""yes"",""hiking""=>""yes"",""mtb:scale""=>""2"",""sac_scale""=>""mountain_hiking"",""smoothness""=>""excellent"",""surface""=>""ground"",""tracktype""=>""grade3"",""trail_visibility""=>""good"""
453977385,,path,,,,,,0.0,"""bicycle""=>""permissive"",""foot""=>""yes"",""hiking""=>""yes"",""mtb:scale""=>""2"",""sac_scale""=>""mountain_hiking"",""smoothness""=>""excellent"",""surface""=>""ground"",""tracktype""=>""grade3"",""trail_visibility""=>""good"""
453977385,,path,,,,,,0.0,"""bicycle""=>""permissive"",""foot""=>""yes"",""hiking""=>""yes"",""mtb:scale""=>""2"",""sac_scale""=>""mountain_hiking"",""smoothness""=>""excellent"",""surface""=>""ground"",""tracktype""=>""grade3"",""trail_visibility""=>""good"""
453977385,,path,,,,,,0.0,"""bicycle""=>""permissive"",""foot""=>""yes"",""hiking""=>""yes"",""mtb:scale""=>""2"",""sac_scale""=>""mountain_hiking"",""smoothness""=>""excellent"",""surface""=>""ground"",""tracktype""=>""grade3"",""trail_visibility""=>""good"""
453977385,,path,,,,,,0.0,"""bicycle""=>""permissive"",""foot""=>""yes"",""hiking""=>""yes"",""mtb:scale""=>""2"",""sac_scale""=>""mountain_hiking"",""smoothness""=>""excellent"",""surface""=>""ground"",""tracktype""=>""grade3"",""trail_visibility""=>""good"""
453977385,,path,,,,,,0.0,"""bicycle""=>""permissive"",""foot""=>""yes"",""hiking""=>""yes"",""mtb:scale""=>""2"",""sac_scale""=>""mountain_hiking"",""smoothness""=>""excellent"",""surface""=>""ground"",""tracktype""=>""grade3"",""trail_visibility""=>""good"""
453977385,,path,,,,,,0.0,"""bicycle""=>""permissive"",""foot""=>""yes"",""hiking""=>""yes"",""mtb:scale""=>""2"",""sac_scale""=>""mountain_hiking"",""smoothness""=>""excellent"",""surface""=>""ground"",""tracktype""=>""grade3"",""trail_visibility""=>""good"""
453977385,,path,,,,,,0.0,"""bicycle""=>""permissive"",""foot""=>""yes"",""hiking""=>""yes"",""mtb:scale""=>""2"",""sac_scale""=>""mountain_hiking"",""smoothness""=>""excellent"",""surface""=>""ground"",""tracktype""=>""grade3"",""trail_visibility""=>""good"""
453977385,,path,,,,,,0.0,"""bicycle""=>""permissive"",""foot""=>""yes"",""hiking""=>""yes"",""mtb:scale""=>""2"",""sac_scale""=>""mountain_hiking"",""smoothness""=>""excellent"",""surface""=>""ground"",""tracktype""=>""grade3"",""trail_visibility""=>""good"""
113824071,,,,,,,,0.0,"""admin_level""=>""7"",""boundary""=>""administrative"",""name:left""=>""Pieve Tesino"",""name:right""=>""Castello-Molina di Fiemme"""
453977385,,path,,,,,,0.0,"""bicycle""=>""permissive"",""foot""=>""yes"",""hiking""=>""yes"",""mtb:scale""=>""2"",""sac_scale""=>""mountain_hiking"",""smoothness""=>""excellent"",""surface""=>""ground"",""tracktype""=>""grade3"",""trail_visibility""=>""good"""
113824071,,,,,,,,0.0,"""admin_level""=>""7"",""boundary""=>""administrative"",""name:left""=>""Pieve Tesino"",""name:right""=>""Castello-Molina di Fiemme"""
453977385,,path,,,,,,0.0,"""bicycle""=>""permissive"",""foot""=>""yes"",""hiking""=>""yes"",""mtb:scale""=>""2"",""sac_scale""=>""mountain_hiking"",""smoothness""=>""excellent"",""surface""=>""ground"",""tracktype""=>""grade3"",""trail_visibility""=>""good"""
113824071,,,,,,,,0.0,"""admin_level""=>""7"",""boundary""=>""administrative"",""name:left""=>""Pieve Tesino"",""name:right""=>""Castello-Molina di Fiemme"""
453977385,,path,,,,,,0.0,"""bicycle""=>""permissive"",""foot""=>""yes"",""hiking""=>""yes"",""mtb:scale""=>""2"",""sac_scale""=>""mountain_hiking"",""smoothness""=>""excellent"",""surface""=>""ground"",""tracktype""=>""grade3"",""trail_visibility""=>""good"""
453977385,,path,,,,,,0.0,"""bicycle""=>""permissive"",""foot""=>""yes"",""hiking""=>""yes"",""mtb:scale""=>""2"",""sac_scale""=>""mountain_hiking"",""smoothness""=>""excellent"",""surface""=>""ground"",""tracktype""=>""grade3"",""trail_visibility""=>""good"""
453977385,,path,,,,,,0.0,"""bicycle""=>""permissive"",""foot""=>""yes"",""hiking""=>""yes"",""mtb:scale""=>""2"",""sac_scale""=>""mountain_hiking"",""smoothness""=>""excellent"",""surface""=>""ground"",""tracktype""=>""grade3"",""trail_visibility""=>""good"""
453977385,,path,,,,,,0.0,"""bicycle""=>""permissive"",""foot""=>""yes"",""hiking""=>""yes"",""mtb:scale""=>""2"",""sac_scale""=>""mountain_hiking"",""smoothness""=>""excellent"",""surface""=>""ground"",""tracktype""=>""grade3"",""trail_visibility""=>""good"""
453977385,,path,,,,,,0.0,"""bicycle""=>""permissive"",""foot""=>""yes"",""hiking""=>""yes"",""mtb:scale""=>""2"",""sac_scale""=>""mountain_hiking"",""smoothness""=>""excellent"",""surface""=>""ground"",""tracktype""=>""grade3"",""trail_visibility""=>""good"""
453977385,,path,,,,,,0.0,"""bicycle""=>""permissive"",""foot""=>""yes"",""hiking""=>""yes"",""mtb:scale""=>""2"",""sac_scale""=>""mountain_hiking"",""smoothness""=>""excellent"",""surface""=>""ground"",""tracktype""=>""grade3"",""trail_visibility""=>""good"""
453977385,,path,,,,,,0.0,"""bicycle""=>""permissive"",""foot""=>""yes"",""hiking""=>""yes"",""mtb:scale""=>""2"",""sac_scale""=>""mountain_hiking"",""smoothness""=>""excellent"",""surface""=>""ground"",""tracktype""=>""grade3"",""trail_visibility""=>""good"""
453977385,,path,,,,,,0.0,"""bicycle""=>""permissive"",""foot""=>""yes"",""hiking""=>""yes"",""mtb:scale""=>""2"",""sac_scale""=>""mountain_hiking"",""smoothness""=>""excellent"",""surface""=>""ground"",""tracktype""=>""grade3"",""trail_visibility""=>""good"""
,,,,,,,,,
,,,,,,,,,
,,,,,,,,,
,,,,,,,,,
160738809,,path,,,,,,0.0,"""bicycle""=>""permissive"",""foot""=>""yes"",""hiking""=>""yes"",""mtb:scale""=>""2"",""sac_scale""=>""mountain_hiking"",""smoothness""=>""excellent"",""surface""=>""ground"",""tracktype""=>""grade3"",""trail_visibility""=>""good"""
160738809,,path,,,,,,0.0,"""bicycle""=>""permissive"",""foot""=>""yes"",""hiking""=>""yes"",""mtb:scale""=>""2"",""sac_scale""=>""mountain_hiking"",""smoothness""=>""excellent"",""surface""=>""ground"",""tracktype""=>""grade3"",""trail_visibility""=>""good"""
160738809,,path,,,,,,0.0,"""bicycle""=>""permissive"",""foot""=>""yes"",""hiking""=>""yes"",""mtb:scale""=>""2"",""sac_scale""=>""mountain_hiking"",""smoothness""=>""excellent"",""surface""=>""ground"",""tracktype""=>""grade3"",""trail_visibility""=>""good"""
160738809,,path,,,,,,0.0,"""bicycle""=>""permissive"",""foot""=>""yes"",""hiking""=>""yes"",""mtb:scale""=>""2"",""sac_scale""=>""mountain_hiking"",""smoothness""=>""excellent"",""surface""=>""ground"",""tracktype""=>""grade3"",""trail_visibility""=>""good"""
160738809,,path,,,,,,0.0,"""bicycle""=>""permissive"",""foot""=>""yes"",""hiking""=>""yes"",""mtb:scale""=>""2"",""sac_scale""=>""mountain_hiking"",""smoothness""=>""excellent"",""surface""=>""ground"",""tracktype""=>""grade3"",""trail_visibility""=>""good"""
160738809,,path,,,,,,0.0,"""bicycle""=>""permissive"",""foot""=>""yes"",""hiking""=>""yes"",""mtb:scale""=>""2"",""sac_scale""=>""mountain_hiking"",""smoothness""=>""excellent"",""surface""=>""ground"",""tracktype""=>""grade3"",""trail_visibility""=>""good"""
160738809,,path,,,,,,0.0,"""bicycle""=>""permissive"",""foot""=>""yes"",""hiking""=>""yes"",""mtb:scale""=>""2"",""sac_scale""=>""mountain_hiking"",""smoothness""=>""excellent"",""surface""=>""ground"",""tracktype""=>""grade3"",""trail_visibility""=>""good"""
160738809,,path,,,,,,0.0,"""bicycle""=>""permissive"",""foot""=>""yes"",""hiking""=>""yes"",""mtb:scale""=>""2"",""sac_scale""=>""mountain_hiking"",""smoothness""=>""excellent"",""surface""=>""ground"",""tracktype""=>""grade3"",""trail_visibility""=>""good"""
160738809,,path,,,,,,0.0,"""bicycle""=>""permissive"",""foot""=>""yes"",""hiking""=>""yes"",""mtb:scale""=>""2"",""sac_scale""=>""mountain_hiking"",""smoothness""=>""excellent"",""surface""=>""ground"",""tracktype""=>""grade3"",""trail_visibility""=>""good"""
160738809,,path,,,,,,0.0,"""bicycle""=>""permissive"",""foot""=>""yes"",""hiking""=>""yes"",""mtb:scale""=>""2"",""sac_scale""=>""mountain_hiking"",""smoothness""=>""excellent"",""surface""=>""ground"",""tracktype""=>""grade3"",""trail_visibility""=>""good"""
160738809,,path,,,,,,0.0,"""bicycle""=>""permissive"",""foot""=>""yes"",""hiking""=>""yes"",""mtb:scale""=>""2"",""sac_scale""=>""mountain_hiking"",""smoothness""=>""excellent"",""surface""=>""ground"",""tracktype""=>""grade3"",""trail_visibility""=>""good"""
160738809,,path,,,,,,0.0,"""bicycle""=>""permissive"",""foot""=>""yes"",""hiking""=>""yes"",""mtb:scale""=>""2"",""sac_scale""=>""mountain_hiking"",""smoothness""=>""excellent"",""surface""=>""ground"",""tracktype""=>""grade3"",""trail_visibility""=>""good"""
160738809,,path,,,,,,0.0,"""bicycle""=>""permissive"",""foot""=>""yes"",""hiking""=>""yes"",""mtb:scale""=>""2"",""sac_scale""=>""mountain_hiking"",""smoothness""=>""excellent"",""surface""=>""ground"",""tracktype""=>""grade3"",""trail_visibility""=>""good"""
160738809,,path,,,,,,0.0,"""bicycle""=>""permissive"",""foot""=>""yes"",""hiking""=>""yes"",""mtb:scale""=>""2"",""sac_scale""=>""mountain_hiking"",""smoothness""=>""excellent"",""surface""=>""ground"",""tracktype""=>""grade3"",""trail_visibility""=>""good"""
160738809,,path,,,,,,0.0,"""bicycle""=>""permissive"",""foot""=>""yes"",""hiking""=>""yes"",""mtb:scale""=>""2"",""sac_scale""=>""mountain_hiking"",""smoothness""=>""excellent"",""surface""=>""ground"",""tracktype""=>""grade3"",""trail_visibility""=>""good"""
160738809,,path,,,,,,0.0,"""bicycle""=>""permissive"",""foot""=>""yes"",""hiking""=>""yes"",""mtb:scale""=>""2"",""sac_scale""=>""mountain_hiking"",""smoothness""=>""excellent"",""surface""=>""ground"",""tracktype""=>""grade3"",""trail_visibility""=>""good"""
160738809,,path,,,,,,0.0,"""bicycle""=>""permissive"",""foot""=>""yes"",""hiking""=>""yes"",""mtb:scale""=>""2"",""sac_scale""=>""mountain_hiking"",""smoothness""=>""excellent"",""surface""=>""ground"",""tracktype""=>""grade3"",""trail_visibility""=>""good"""
160738809,,path,,,,,,0.0,"""bicycle""=>""permissive"",""foot""=>""yes"",""hiking""=>""yes"",""mtb:scale""=>""2"",""sac_scale""=>""mountain_hiking"",""smoothness""=>""excellent"",""surface""=>""ground"",""tracktype""=>""grade3"",""trail_visibility""=>""good"""
160738809,,path,,,,,,0.0,"""bicycle""=>""permissive"",""foot""=>""yes"",""hiking""=>""yes"",""mtb:scale""=>""2"",""sac_scale""=>""mountain_hiking"",""smoothness""=>""excellent"",""surface""=>""ground"",""tracktype""=>""grade3"",""trail_visibility""=>""good"""
160738809,,path,,,,,,0.0,"""bicycle""=>""permissive"",""foot""=>""yes"",""hiking""=>""yes"",""mtb:scale""=>""2"",""sac_scale""=>""mountain_hiking"",""smoothness""=>""excellent"",""surface""=>""ground"",""tracktype""=>""grade3"",""trail_visibility""=>""good"""
160738809,,path,,,,,,0.0,"""bicycle""=>""permissive"",""foot""=>""yes"",""hiking""=>""yes"",""mtb:scale""=>""2"",""sac_scale""=>""mountain_hiking"",""smoothness""=>""excellent"",""surface""=>""ground"",""tracktype""=>""grade3"",""trail_visibility""=>""good"""
160738809,,path,,,,,,0.0,"""bicycle""=>""permissive"",""foot""=>""yes"",""hiking""=>""yes"",""mtb:scale""=>""2"",""sac_scale""=>""mountain_hiking"",""smoothness""=>""excellent"",""surface""=>""ground"",""tracktype""=>""grade3"",""trail_visibility""=>""good"""
160738809,,path,,,,,,0.0,"""bicycle""=>""permissive"",""foot""=>""yes"",""hiking""=>""yes"",""mtb:scale""=>""2"",""sac_scale""=>""mountain_hiking"",""smoothness""=>""excellent"",""surface""=>""ground"",""tracktype""=>""grade3"",""trail_visibility""=>""good"""
160738809,,path,,,,,,0.0,"""bicycle""=>""permissive"",""foot""=>""yes"",""hiking""=>""yes"",""mtb:scale""=>""2"",""sac_scale""=>""mountain_hiking"",""smoothness""=>""excellent"",""surface""=>""ground"",""tracktype""=>""grade3"",""trail_visibility""=>""good"""
160738809,,path,,,,,,0.0,"""bicycle""=>""permissive"",""foot""=>""yes"",""hiking""=>""yes"",""mtb:scale""=>""2"",""sac_scale""=>""mountain_hiking"",""smoothness""=>""excellent"",""surface""=>""ground"",""tracktype""=>""grade3"",""trail_visibility""=>""good"""
160738809,,path,,,,,,0.0,"""bicycle""=>""permissive"",""foot""=>""yes"",""hiking""=>""yes"",""mtb:scale""=>""2"",""sac_scale""=>""mountain_hiking"",""smoothness""=>""excellent"",""surface""=>""ground"",""tracktype""=>""grade3"",""trail_visibility""=>""good"""
160738809,,path,,,,,,0.0,"""bicycle""=>""permissive"",""foot""=>""yes"",""hiking""=>""yes"",""mtb:scale""=>""2"",""sac_scale""=>""mountain_hiking"",""smoothness""=>""excellent"",""surface""=>""ground"",""tracktype""=>""grade3"",""trail_visibility""=>""good"""
160738809,,path,,,,,,0.0,"""bicycle""=>""permissive"",""foot""=>""yes"",""hiking""=>""yes"",""mtb:scale""=>""2"",""sac_scale""=>""mountain_hiking"",""smoothness""=>""excellent"",""surface""=>""ground"",""tracktype""=>""grade3"",""trail_visibility""=>""good"""
160738809,,path,,,,,,0.0,"""bicycle""=>""permissive"",""foot""=>""yes"",""hiking""=>""yes"",""mtb:scale""=>""2"",""sac_scale""=>""mountain_hiking"",""smoothness""=>""excellent"",""surface""=>""ground"",""tracktype""=>""grade3"",""trail_visibility""=>""good"""
160738809,,path,,,,,,0.0,"""bicycle""=>""permissive"",""foot""=>""yes"",""hiking""=>""yes"",""mtb:scale""=>""2"",""sac_scale""=>""mountain_hiking"",""smoothness""=>""excellent"",""surface""=>""ground"",""tracktype""=>""grade3"",""trail_visibility""=>""good"""
160738809,,path,,,,,,0.0,"""bicycle""=>""permissive"",""foot""=>""yes"",""hiking""=>""yes"",""mtb:scale""=>""2"",""sac_scale""=>""mountain_hiking"",""smoothness""=>""excellent"",""surface""=>""ground"",""tracktype""=>""grade3"",""trail_visibility""=>""good"""
160738809,,path,,,,,,0.0,"""bicycle""=>""permissive"",""foot""=>""yes"",""hiking""=>""yes"",""mtb:scale""=>""2"",""sac_scale""=>""mountain_hiking"",""smoothness""=>""excellent"",""surface""=>""ground"",""tracktype""=>""grade3"",""trail_visibility""=>""good"""
160738809,,path,,,,,,0.0,"""bicycle""=>""permissive"",""foot""=>""yes"",""hiking""=>""yes"",""mtb:scale""=>""2"",""sac_scale""=>""mountain_hiking"",""smoothness""=>""excellent"",""surface""=>""ground"",""tracktype""=>""grade3"",""trail_visibility""=>""good"""
160738809,,path,,,,,,0.0,"""bicycle""=>""permissive"",""foot""=>""yes"",""hiking""=>""yes"",""mtb:scale""=>""2"",""sac_scale""=>""mountain_hiking"",""smoothness""=>""excellent"",""surface""=>""ground"",""tracktype""=>""grade3"",""trail_visibility""=>""good"""
160738809,,path,,,,,,0.0,"""bicycle""=>""permissive"",""foot""=>""yes"",""hiking""=>""yes"",""mtb:scale""=>""2"",""sac_scale""=>""mountain_hiking"",""smoothness""=>""excellent"",""surface""=>""ground"",""tracktype""=>""grade3"",""trail_visibility""=>""good"""
160738809,,path,,,,,,0.0,"""bicycle""=>""permissive"",""foot""=>""yes"",""hiking""=>""yes"",""mtb:scale""=>""2"",""sac_scale""=>""mountain_hiking"",""smoothness""=>""excellent"",""surface""=>""ground"",""tracktype""=>""grade3"",""trail_visibility""=>""good"""
160738809,,path,,,,,,0.0,"""bicycle""=>""permissive"",""foot""=>""yes"",""hiking""=>""yes"",""mtb:scale""=>""2"",""sac_scale""=>""mountain_hiking"",""smoothness""=>""excellent"",""surface""=>""ground"",""tracktype""=>""grade3"",""trail_visibility""=>""good"""
160738809,,path,,,,,,0.0,"""bicycle""=>""permissive"",""foot""=>""yes"",""hiking""=>""yes"",""mtb:scale""=>""2"",""sac_scale""=>""mountain_hiking"",""smoothness""=>""excellent"",""surface""=>""ground"",""tracktype""=>""grade3"",""trail_visibility""=>""good"""
160738809,,path,,,,,,0.0,"""bicycle""=>""permissive"",""foot""=>""yes"",""hiking""=>""yes"",""mtb:scale""=>""2"",""sac_scale""=>""mountain_hiking"",""smoothness""=>""excellent"",""surface""=>""ground"",""tracktype""=>""grade3"",""trail_visibility""=>""good"""
160738809,,path,,,,,,0.0,"""bicycle""=>""permissive"",""foot""=>""yes"",""hiking""=>""yes"",""mtb:scale""=>""2"",""sac_scale""=>""mountain_hiking"",""smoothness""=>""excellent"",""surface""=>""ground"",""tracktype""=>""grade3"",""trail_visibility""=>""good"""
160738809,,path,,,,,,0.0,"""bicycle""=>""permissive"",""foot""=>""yes"",""hiking""=>""yes"",""mtb:scale""=>""2"",""sac_scale""=>""mountain_hiking"",""smoothness""=>""excellent"",""surface""=>""ground"",""tracktype""=>""grade3"",""trail_visibility""=>""good"""
160738809,,path,,,,,,0.0,"""bicycle""=>""permissive"",""foot""=>""yes"",""hiking""=>""yes"",""mtb:scale""=>""2"",""sac_scale""=>""mountain_hiking"",""smoothness""=>""excellent"",""surface""=>""ground"",""tracktype""=>""grade3"",""trail_visibility""=>""good"""
160738809,,path,,,,,,0.0,"""bicycle""=>""permissive"",""foot""=>""yes"",""hiking""=>""yes"",""mtb:scale""=>""2"",""sac_scale""=>""mountain_hiking"",""smoothness""=>""excellent"",""surface""=>""ground"",""tracktype""=>""grade3"",""trail_visibility""=>""good"""
160738809,,path,,,,,,0.0,"""bicycle""=>""permissive"",""foot""=>""yes"",""hiking""=>""yes"",""mtb:scale""=>""2"",""sac_scale""=>""mountain_hiking"",""smoothness""=>""excellent"",""surface""=>""ground"",""tracktype""=>""grade3"",""trail_visibility""=>""good"""
160738809,,path,,,,,,0.0,"""bicycle""=>""permissive"",""foot""=>""yes"",""hiking""=>""yes"",""mtb:scale""=>""2"",""sac_scale""=>""mountain_hiking"",""smoothness""=>""excellent"",""surface""=>""ground"",""tracktype""=>""grade3"",""trail_visibility""=>""good"""
160738809,,path,,,,,,0.0,"""bicycle""=>""permissive"",""foot""=>""yes"",""hiking""=>""yes"",""mtb:scale""=>""2"",""sac_scale""=>""mountain_hiking"",""smoothness""=>""excellent"",""surface""=>""ground"",""tracktype""=>""grade3"",""trail_visibility""=>""good"""
160738809,,path,,,,,,0.0,"""bicycle""=>""permissive"",""foot""=>""yes"",""hiking""=>""yes"",""mtb:scale""=>""2"",""sac_scale""=>""mountain_hiking"",""smoothness""=>""excellent"",""surface""=>""ground"",""tracktype""=>""grade3"",""trail_visibility""=>""good"""
160738809,,path,,,,,,0.0,"""bicycle""=>""permissive"",""foot""=>""yes"",""hiking""=>""yes"",""mtb:scale""=>""2"",""sac_scale""=>""mountain_hiking"",""smoothness""=>""excellent"",""surface""=>""ground"",""tracktype""=>""grade3"",""trail_visibility""=>""good"""
160738809,,path,,,,,,0.0,"""bicycle""=>""permissive"",""foot""=>""yes"",""hiking""=>""yes"",""mtb:scale""=>""2"",""sac_scale""=>""mountain_hiking"",""smoothness""=>""excellent"",""surface""=>""ground"",""tracktype""=>""grade3"",""trail_visibility""=>""good"""
160738809,,path,,,,,,0.0,"""bicycle""=>""permissive"",""foot""=>""yes"",""hiking""=>""yes"",""mtb:scale""=>""2"",""sac_scale""=>""mountain_hiking"",""smoothness""=>""excellent"",""surface""=>""ground"",""tracktype""=>""grade3"",""trail_visibility""=>""good"""
160738809,,path,,,,,,0.0,"""bicycle""=>""permissive"",""foot""=>""yes"",""hiking""=>""yes"",""mtb:scale""=>""2"",""sac_scale""=>""mountain_hiking"",""smoothness""=>""excellent"",""surface""=>""ground"",""tracktype""=>""grade3"",""trail_visibility""=>""good"""
160738809,,path,,,,,,0.0,"""bicycle""=>""permissive"",""foot""=>""yes"",""hiking""=>""yes"",""mtb:scale""=>""2"",""sac_scale""=>""mountain_hiking"",""smoothness""=>""excellent"",""surface""=>""ground"",""tracktype""=>""grade3"",""trail_visibility""=>""good"""
160738809,,path,,,,,,0.0,"""bicycle""=>""permissive"",""foot""=>""yes"",""hiking""=>""yes"",""mtb:scale""=>""2"",""sac_scale""=>""mountain_hiking"",""smoothness""=>""excellent"",""surface""=>""ground"",""tracktype""=>""grade3"",""trail_visibility""=>""good"""
160738809,,path,,,,,,0.0,"""bicycle""=>""permissive"",""foot""=>""yes"",""hiking""=>""yes"",""mtb:scale""=>""2"",""sac_scale""=>""mountain_hiking"",""smoothness""=>""excellent"",""surface""=>""ground"",""tracktype""=>""grade3"",""trail_visibility""=>""good"""
160738809,,path,,,,,,0.0,"""bicycle""=>""permissive"",""foot""=>""yes"",""hiking""=>""yes"",""mtb:scale""=>""2"",""sac_scale""=>""mountain_hiking"",""smoothness""=>""excellent"",""surface""=>""ground"",""tracktype""=>""grade3"",""trail_visibility""=>""good"""
160738809,,path,,,,,,0.0,"""bicycle""=>""permissive"",""foot""=>""yes"",""hiking""=>""yes"",""mtb:scale""=>""2"",""sac_scale""=>""mountain_hiking"",""smoothness""=>""excellent"",""surface""=>""ground"",""tracktype""=>""grade3"",""trail_visibility""=>""good"""
160738809,,path,,,,,,0.0,"""bicycle""=>""permissive"",""foot""=>""yes"",""hiking""=>""yes"",""mtb:scale""=>""2"",""sac_scale""=>""mountain_hiking"",""smoothness""=>""excellent"",""surface""=>""ground"",""tracktype""=>""grade3"",""trail_visibility""=>""good"""
160738809,,path,,,,,,0.0,"""bicycle""=>""permissive"",""foot""=>""yes"",""hiking""=>""yes"",""mtb:scale""=>""2"",""sac_scale""=>""mountain_hiking"",""smoothness""=>""excellent"",""surface""=>""ground"",""tracktype""=>""grade3"",""trail_visibility""=>""good"""
160738809,,path,,,,,,0.0,"""bicycle""=>""permissive"",""foot""=>""yes"",""hiking""=>""yes"",""mtb:scale""=>""2"",""sac_scale""=>""mountain_hiking"",""smoothness""=>""excellent"",""surface""=>""ground"",""tracktype""=>""grade3"",""trail_visibility""=>""good"""
160738809,,path,,,,,,0.0,"""bicycle""=>""permissive"",""foot""=>""yes"",""hiking""=>""yes"",""mtb:scale""=>""2"",""sac_scale""=>""mountain_hiking"",""smoothness""=>""excellent"",""surface""=>""ground"",""tracktype""=>""grade3"",""trail_visibility""=>""good"""
160738809,,path,,,,,,0.0,"""bicycle""=>""permissive"",""foot""=>""yes"",""hiking""=>""yes"",""mtb:scale""=>""2"",""sac_scale""=>""mountain_hiking"",""smoothness""=>""excellent"",""surface""=>""ground"",""tracktype""=>""grade3"",""trail_visibility""=>""good"""
160738809,,path,,,,,,0.0,"""bicycle""=>""permissive"",""foot""=>""yes"",""hiking""=>""yes"",""mtb:scale""=>""2"",""sac_scale""=>""mountain_hiking"",""smoothness""=>""excellent"",""surface""=>""ground"",""tracktype""=>""grade3"",""trail_visibility""=>""good"""
160738809,,path,,,,,,0.0,"""bicycle""=>""permissive"",""foot""=>""yes"",""hiking""=>""yes"",""mtb:scale""=>""2"",""sac_scale""=>""mountain_hiking"",""smoothness""=>""excellent"",""surface""=>""ground"",""tracktype""=>""grade3"",""trail_visibility""=>""good"""
160738809,,path,,,,,,0.0,"""bicycle""=>""permissive"",""foot""=>""yes"",""hiking""=>""yes"",""mtb:scale""=>""2"",""sac_scale""=>""mountain_hiking"",""smoothness""=>""excellent"",""surface""=>""ground"",""tracktype""=>""grade3"",""trail_visibility""=>""good"""
160738809,,path,,,,,,0.0,"""bicycle""=>""permissive"",""foot""=>""yes"",""hiking""=>""yes"",""mtb:scale""=>""2"",""sac_scale""=>""mountain_hiking"",""smoothness""=>""excellent"",""surface""=>""ground"",""tracktype""=>""grade3"",""trail_visibility""=>""good"""
160738809,,path,,,,,,0.0,"""bicycle""=>""permissive"",""foot""=>""yes"",""hiking""=>""yes"",""mtb:scale""=>""2"",""sac_scale""=>""mountain_hiking"",""smoothness""=>""excellent"",""surface""=>""ground"",""tracktype""=>""grade3"",""trail_visibility""=>""good"""
160738809,,path,,,,,,0.0,"""bicycle""=>""permissive"",""foot""=>""yes"",""hiking""=>""yes"",""mtb:scale""=>""2"",""sac_scale""=>""mountain_hiking"",""smoothness""=>""excellent"",""surface""=>""ground"",""tracktype""=>""grade3"",""trail_visibility""=>""good"""
160738809,,path,,,,,,0.0,"""bicycle""=>""permissive"",""foot""=>""yes"",""hiking""=>""yes"",""mtb:scale""=>""2"",""sac_scale""=>""mountain_hiking"",""smoothness""=>""excellent"",""surface""=>""ground"",""tracktype""=>""grade3"",""trail_visibility""=>""good"""
160738809,,path,,,,,,0.0,"""bicycle""=>""permissive"",""foot""=>""yes"",""hiking""=>""yes"",""mtb:scale""=>""2"",""sac_scale""=>""mountain_hiking"",""smoothness""=>""excellent"",""surface""=>""ground"",""tracktype""=>""grade3"",""trail_visibility""=>""good"""
160738809,,path,,,,,,0.0,"""bicycle""=>""permissive"",""foot""=>""yes"",""hiking""=>""yes"",""mtb:scale""=>""2"",""sac_scale""=>""mountain_hiking"",""smoothness""=>""excellent"",""surface""=>""ground"",""tracktype""=>""grade3"",""trail_visibility""=>""good"""
160738809,,path,,,,,,0.0,"""bicycle""=>""permissive"",""foot""=>""yes"",""hiking""=>""yes"",""mtb:scale""=>""2"",""sac_scale""=>""mountain_hiking"",""smoothness""=>""excellent"",""surface""=>""ground"",""tracktype""=>""grade3"",""trail_visibility""=>""good"""
160738809,,path,,,,,,0.0,"""bicycle""=>""permissive"",""foot""=>""yes"",""hiking""=>""yes"",""mtb:scale""=>""2"",""sac_scale""=>""mountain_hiking"",""smoothness""=>""excellent"",""surface""=>""ground"",""tracktype""=>""grade3"",""trail_visibility""=>""good"""
160738809,,path,,,,,,0.0,"""bicycle""=>""permissive"",""foot""=>""yes"",""hiking""=>""yes"",""mtb:scale""=>""2"",""sac_scale""=>""mountain_hiking"",""smoothness""=>""excellent"",""surface""=>""ground"",""tracktype""=>""grade3"",""trail_visibility""=>""good"""
160738809,,path,,,,,,0.0,"""bicycle""=>""permissive"",""foot""=>""yes"",""hiking""=>""yes"",""mtb:scale""=>""2"",""sac_scale""=>""mountain_hiking"",""smoothness""=>""excellent"",""surface""=>""ground"",""tracktype""=>""grade3"",""trail_visibility""=>""good"""
160738809,,path,,,,,,0.0,"""bicycle""=>""permissive"",""foot""=>""yes"",""hiking""=>""yes"",""mtb:scale""=>""2"",""sac_scale""=>""mountain_hiking"",""smoothness""=>""excellent"",""surface""=>""ground"",""tracktype""=>""grade3"",""trail_visibility""=>""good"""
160738809,,path,,,,,,0.0,"""bicycle""=>""permissive"",""foot""=>""yes"",""hiking""=>""yes"",""mtb:scale""=>""2"",""sac_scale""=>""mountain_hiking"",""smoothness""=>""excellent"",""surface""=>""ground"",""tracktype""=>""grade3"",""trail_visibility""=>""good"""
160738809,,path,,,,,,0.0,"""bicycle""=>""permissive"",""foot""=>""yes"",""hiking""=>""yes"",""mtb:scale""=>""2"",""sac_scale""=>""mountain_hiking"",""smoothness""=>""excellent"",""surface""=>""ground"",""tracktype""=>""grade3"",""trail_visibility""=>""good"""
160738809,,path,,,,,,0.0,"""bicycle""=>""permissive"",""foot""=>""yes"",""hiking""=>""yes"",""mtb:scale""=>""2"",""sac_scale""=>""mountain_hiking"",""smoothness""=>""excellent"",""surface""=>""ground"",""tracktype""=>""grade3"",""trail_visibility""=>""good"""
160738809,,path,,,,,,0.0,"""bicycle""=>""permissive"",""foot""=>""yes"",""hiking""=>""yes"",""mtb:scale""=>""2"",""sac_scale""=>""mountain_hiking"",""smoothness""=>""excellent"",""surface""=>""ground"",""tracktype""=>""grade3"",""trail_visibility""=>""good"""
160738809,,path,,,,,,0.0,"""bicycle""=>""permissive"",""foot""=>""yes"",""hiking""=>""yes"",""mtb:scale""=>""2"",""sac_scale""=>""mountain_hiking"",""smoothness""=>""excellent"",""surface""=>""ground"",""tracktype""=>""grade3"",""trail_visibility""=>""good"""
160738809,,path,,,,,,0.0,"""bicycle""=>""permissive"",""foot""=>""yes"",""hiking""=>""yes"",""mtb:scale""=>""2"",""sac_scale""=>""mountain_hiking"",""smoothness""=>""excellent"",""surface""=>""ground"",""tracktype""=>""grade3"",""trail_visibility""=>""good"""
160738809,,path,,,,,,0.0,"""bicycle""=>""permissive"",""foot""=>""yes"",""hiking""=>""yes"",""mtb:scale""=>""2"",""sac_scale""=>""mountain_hiking"",""smoothness""=>""excellent"",""surface""=>""ground"",""tracktype""=>""grade3"",""trail_visibility""=>""good"""
160738809,,path,,,,,,0.0,"""bicycle""=>""permissive"",""foot""=>""yes"",""hiking""=>""yes"",""mtb:scale""=>""2"",""sac_scale""=>""mountain_hiking"",""smoothness""=>""excellent"",""surface""=>""ground"",""tracktype""=>""grade3"",""trail_visibility""=>""good"""
160738809,,path,,,,,,0.0,"""bicycle""=>""permissive"",""foot""=>""yes"",""hiking""=>""yes"",""mtb:scale""=>""2"",""sac_scale""=>""mountain_hiking"",""smoothness""=>""excellent"",""surface""=>""ground"",""tracktype""=>""grade3"",""trail_visibility""=>""good"""
160738809,,path,,,,,,0.0,"""bicycle""=>""permissive"",""foot""=>""yes"",""hiking""=>""yes"",""mtb:scale""=>""2"",""sac_scale""=>""mountain_hiking"",""smoothness""=>""excellent"",""surface""=>""ground"",""tracktype""=>""grade3"",""trail_visibility""=>""good"""
160738809,,path,,,,,,0.0,"""bicycle""=>""permissive"",""foot""=>""yes"",""hiking""=>""yes"",""mtb:scale""=>""2"",""sac_scale""=>""mountain_hiking"",""smoothness""=>""excellent"",""surface""=>""ground"",""tracktype""=>""grade3"",""trail_visibility""=>""good"""
160738809,,path,,,,,,0.0,"""bicycle""=>""permissive"",""foot""=>""yes"",""hiking""=>""yes"",""mtb:scale""=>""2"",""sac_scale""=>""mountain_hiking"",""smoothness""=>""excellent"",""surface""=>""ground"",""tracktype""=>""grade3"",""trail_visibility""=>""good"""
160738809,,path,,,,,,0.0,"""bicycle""=>""permissive"",""foot""=>""yes"",""hiking""=>""yes"",""mtb:scale""=>""2"",""sac_scale""=>""mountain_hiking"",""smoothness""=>""excellent"",""surface""=>""ground"",""tracktype""=>""grade3"",""trail_visibility""=>""good"""
160738809,,path,,,,,,0.0,"""bicycle""=>""permissive"",""foot""=>""yes"",""hiking""=>""yes"",""mtb:scale""=>""2"",""sac_scale""=>""mountain_hiking"",""smoothness""=>""excellent"",""surface""=>""ground"",""tracktype""=>""grade3"",""trail_visibility""=>""good"""
160738809,,path,,,,,,0.0,"""bicycle""=>""permissive"",""foot""=>""yes"",""hiking""=>""yes"",""mtb:scale""=>""2"",""sac_scale""=>""mountain_hiking"",""smoothness""=>""excellent"",""surface""=>""ground"",""tracktype""=>""grade3"",""trail_visibility""=>""good"""
160738809,,path,,,,,,0.0,"""bicycle""=>""permissive"",""foot""=>""yes"",""hiking""=>""yes"",""mtb:scale""=>""2"",""sac_scale""=>""mountain_hiking"",""smoothness""=>""excellent"",""surface""=>""ground"",""tracktype""=>""grade3"",""trail_visibility""=>""good"""
160738809,,path,,,,,,0.0,"""bicycle""=>""permissive"",""foot""=>""yes"",""hiking""=>""yes"",""mtb:scale""=>""2"",""sac_scale""=>""mountain_hiking"",""smoothness""=>""excellent"",""surface""=>""ground"",""tracktype""=>""grade3"",""trail_visibility""=>""good"""
160738809,,path,,,,,,0.0,"""bicycle""=>""permissive"",""foot""=>""yes"",""hiking""=>""yes"",""mtb:scale""=>""2"",""sac_scale""=>""mountain_hiking"",""smoothness""=>""excellent"",""surface""=>""ground"",""tracktype""=>""grade3"",""trail_visibility""=>""good"""
160738809,,path,,,,,,0.0,"""bicycle""=>""permissive"",""foot""=>""yes"",""hiking""=>""yes"",""mtb:scale""=>""2"",""sac_scale""=>""mountain_hiking"",""smoothness""=>""excellent"",""surface""=>""ground"",""tracktype""=>""grade3"",""trail_visibility""=>""good"""
160738809,,path,,,,,,0.0,"""bicycle""=>""permissive"",""foot""=>""yes"",""hiking""=>""yes"",""mtb:scale""=>""2"",""sac_scale""=>""mountain_hiking"",""smoothness""=>""excellent"",""surface""=>""ground"",""tracktype""=>""grade3"",""trail_visibility""=>""good"""
160738809,,path,,,,,,0.0,"""bicycle""=>""permissive"",""foot""=>""yes"",""hiking""=>""yes"",""mtb:scale""=>""2"",""sac_scale""=>""mountain_hiking"",""smoothness""=>""excellent"",""surface""=>""ground"",""tracktype""=>""grade3"",""trail_visibility""=>""good"""
160738809,,path,,,,,,0.0,"""bicycle""=>""permissive"",""foot""=>""yes"",""hiking""=>""yes"",""mtb:scale""=>""2"",""sac_scale""=>""mountain_hiking"",""smoothness""=>""excellent"",""surface""=>""ground"",""tracktype""=>""grade3"",""trail_visibility""=>""good"""
160738809,,path,,,,,,0.0,"""bicycle""=>""permissive"",""foot""=>""yes"",""hiking""=>""yes"",""mtb:scale""=>""2"",""sac_scale""=>""mountain_hiking"",""smoothness""=>""excellent"",""surface""=>""ground"",""tracktype""=>""grade3"",""trail_visibility""=>""good"""
160738809,,path,,,,,,0.0,"""bicycle""=>""permissive"",""foot""=>""yes"",""hiking""=>""yes"",""mtb:scale""=>""2"",""sac_scale""=>""mountain_hiking"",""smoothness""=>""excellent"",""surface""=>""ground"",""tracktype""=>""grade3"",""trail_visibility""=>""good"""
160738809,,path,,,,,,0.0,"""bicycle""=>""permissive"",""foot""=>""yes"",""hiking""=>""yes"",""mtb:scale""=>""2"",""sac_scale""=>""mountain_hiking"",""smoothness""=>""excellent"",""surface""=>""ground"",""tracktype""=>""grade3"",""trail_visibility""=>""good"""
160738809,,path,,,,,,0.0,"""bicycle""=>""permissive"",""foot""=>""yes"",""hiking""=>""yes"",""mtb:scale""=>""2"",""sac_scale""=>""mountain_hiking"",""smoothness""=>""excellent"",""surface""=>""ground"",""tracktype""=>""grade3"",""trail_visibility""=>""good"""
160738809,,path,,,,,,0.0,"""bicycle""=>""permissive"",""foot""=>""yes"",""hiking""=>""yes"",""mtb:scale""=>""2"",""sac_scale""=>""mountain_hiking"",""smoothness""=>""excellent"",""surface""=>""ground"",""tracktype""=>""grade3"",""trail_visibility""=>""good"""
113824051,,,,,,,,0.0,"""admin_level""=>""8"",""boundary""=>""administrative"",""name:left""=>""Cavalese"",""name:right""=>""Castello-Molina di Fiemme"""
160738809,,path,,,,,,0.0,"""bicycle""=>""permissive"",""foot""=>""yes"",""hiking""=>""yes"",""mtb:scale""=>""2"",""sac_scale""=>""mountain_hiking"",""smoothness""=>""excellent"",""surface""=>""ground"",""tracktype""=>""grade3"",""trail_visibility""=>""good"""
113824051,,,,,,,,0.0,"""admin_level""=>""8"",""boundary""=>""administrative"",""name:left""=>""Cavalese"",""name:right""=>""Castello-Molina di Fiemme"""
160738809,,path,,,,,,0.0,"""bicycle""=>""permissive"",""foot""=>""yes"",""hiking""=>""yes"",""mtb:scale""=>""2"",""sac_scale""=>""mountain_hiking"",""smoothness""=>""excellent"",""surface""=>""ground"",""tracktype""=>""grade3"",""trail_visibility""=>""good"""
113824051,,,,,,,,0.0,"""admin_level""=>""8"",""boundary""=>""administrative"",""name:left""=>""Cavalese"",""name:right""=>""Castello-Molina di Fiemme"""
160738809,,path,,,,,,0.0,"""bicycle""=>""permissive"",""foot""=>""yes"",""hiking""=>""yes"",""mtb:scale""=>""2"",""sac_scale""=>""mountain_hiking"",""smoothness""=>""excellent"",""surface""=>""ground"",""tracktype""=>""grade3"",""trail_visibility""=>""good"""
160738809,,path,,,,,,0.0,"""bicycle""=>""permissive"",""foot""=>""yes"",""hiking""=>""yes"",""mtb:scale""=>""2"",""sac_scale""=>""mountain_hiking"",""smoothness""=>""excellent"",""surface""=>""ground"",""tracktype""=>""grade3"",""trail_visibility""=>""good"""
160738809,,path,,,,,,0.0,"""bicycle""=>""permissive"",""foot""=>""yes"",""hiking""=>""yes"",""mtb:scale""=>""2"",""sac_scale""=>""mountain_hiking"",""smoothness""=>""excellent"",""surface""=>""ground"",""tracktype""=>""grade3"",""trail_visibility""=>""good"""
160738809,,path,,,,,,0.0,"""bicycle""=>""permissive"",""foot""=>""yes"",""hiking""=>""yes"",""mtb:scale""=>""2"",""sac_scale""=>""mountain_hiking"",""smoothness""=>""excellent"",""surface""=>""ground"",""tracktype""=>""grade3"",""trail_visibility""=>""good"""
160738809,,path,,,,,,0.0,"""bicycle""=>""permissive"",""foot""=>""yes"",""hiking""=>""yes"",""mtb:scale""=>""2"",""sac_scale""=>""mountain_hiking"",""smoothness""=>""excellent"",""surface""=>""ground"",""tracktype""=>""grade3"",""trail_visibility""=>""good"""
160738809,,path,,,,,,0.0,"""bicycle""=>""permissive"",""foot""=>""yes"",""hiking""=>""yes"",""mtb:scale""=>""2"",""sac_scale""=>""mountain_hiking"",""smoothness""=>""excellent"",""surface""=>""ground"",""tracktype""=>""grade3"",""trail_visibility""=>""good"""
160738969,,path,,,,,,0.0,"""sac_scale""=>""mountain_hiking"""
1230934789,,path,,,,,,0.0,"""bicycle""=>""permissive"",""foot""=>""yes"",""hiking""=>""yes"",""mtb:scale""=>""2"",""sac_scale""=>""mountain_hiking"",""smoothness""=>""excellent"",""surface""=>""ground"",""tracktype""=>""grade3"",""trail_visibility""=>""good"""
160738809,,path,,,,,,0.0,"""bicycle""=>""permissive"",""foot""=>""yes"",""hiking""=>""yes"",""mtb:scale""=>""2"",""sac_scale""=>""mountain_hiking"",""smoothness""=>""excellent"",""surface""=>""ground"",""tracktype""=>""grade3"",""trail_visibility""=>""good"""
160738969,,path,,,,,,0.0,"""sac_scale""=>""mountain_hiking"""
1230934789,,path,,,,,,0.0,"""bicycle""=>""permissive"",""foot""=>""yes"",""hiking""=>""yes"",""mtb:scale""=>""2"",""sac_scale""=>""mountain_hiking"",""smoothness""=>""excellent"",""surface""=>""ground"",""tracktype""=>""grade3"",""trail_visibility""=>""good"""
160738809,,path,,,,,,0.0,"""bicycle""=>""permissive"",""foot""=>""yes"",""hiking""=>""yes"",""mtb:scale""=>""2"",""sac_scale""=>""mountain_hiking"",""smoothness""=>""excellent"",""surface""=>""ground"",""tracktype""=>""grade3"",""trail_visibility""=>""good"""
160738969,,path,,,,,,0.0,"""sac_scale""=>""mountain_hiking"""
160738969,,path,,,,,,0.0,"""sac_scale""=>""mountain_hiking"""
160738969,,path,,,,,,0.0,"""sac_scale""=>""mountain_hiking"""
160738969,,path,,,,,,0.0,"""sac_scale""=>""mountain_hiking"""
160738969,,path,,,,,,0.0,"""sac_scale""=>""mountain_hiking"""
160738969,,path,,,,,,0.0,"""sac_scale""=>""mountain_hiking"""
160738969,,path,,,,,,0.0,"""sac_scale""=>""mountain_hiking"""
160738969,,path,,,,,,0.0,"""sac_scale""=>""mountain_hiking"""
160738969,,path,,,,,,0.0,"""sac_scale""=>""mountain_hiking"""
160738969,,path,,,,,,0.0,"""sac_scale""=>""mountain_hiking"""
160738969,,path,,,,,,0.0,"""sac_scale""=>""mountain_hiking"""
426066471,Sentiero per Cima delle Stellune,path,,,,,,0.0,"""sac_scale""=>""demanding_mountain_hiking"",""trail_visibility""=>""intermediate"""
160738969,,path,,,,,,0.0,"""sac_scale""=>""mountain_hiking"""
426066471,Sentiero per Cima delle Stellune,path,,,,,,0.0,"""sac_scale""=>""demanding_mountain_hiking"",""trail_visibility""=>""intermediate"""
160738969,,path,,,,,,0.0,"""sac_scale""=>""mountain_hiking"""
160738969,,path,,,,,,0.0,"""sac_scale""=>""mountain_hiking"""
160738969,,path,,,,,,0.0,"""sac_scale""=>""mountain_hiking"""
160738969,,path,,,,,,0.0,"""sac_scale""=>""mountain_hiking"""
81692293,,,,,,,,0.0,"""natural""=>""cliff"""
160738969,,path,,,,,,0.0,"""sac_scale""=>""mountain_hiking"""
81692293,,,,,,,,0.0,"""natural""=>""cliff"""
81692293,,,,,,,,0.0,"""natural""=>""cliff"""
426066471,Sentiero per Cima delle Stellune,path,,,,,,0.0,"""sac_scale""=>""demanding_mountain_hiking"",""trail_visibility""=>""intermediate"""
426066471,Sentiero per Cima delle Stellune,path,,,,,,0.0,"""sac_scale""=>""demanding_mountain_hiking"",""trail_visibility""=>""intermediate"""
81692293,,,,,,,,0.0,"""natural""=>""cliff"""
426066471,Sentiero per Cima delle Stellune,path,,,,,,0.0,"""sac_scale""=>""demanding_mountain_hiking"",""trail_visibility""=>""intermediate"""
81692293,,,,,,,,0.0,"""natural""=>""cliff"""
426066471,Sentiero per Cima delle Stellune,path,,,,,,0.0,"""sac_scale""=>""demanding_mountain_hiking"",""trail_visibility""=>""intermediate"""
81692293,,,,,,,,0.0,"""natural""=>""cliff"""
426066471,Sentiero per Cima delle Stellune,path,,,,,,0.0,"""sac_scale""=>""demanding_mountain_hiking"",""trail_visibility""=>""intermediate"""
81692293,,,,,,,,0.0,"""natural""=>""cliff"""
426066471,Sentiero per Cima delle Stellune,path,,,,,,0.0,"""sac_scale""=>""demanding_mountain_hiking"",""trail_visibility""=>""intermediate"""
81692293,,,,,,,,0.0,"""natural""=>""cliff"""
81692293,,,,,,,,0.0,"""natural""=>""cliff"""
81692293,,,,,,,,0.0,"""natural""=>""cliff"""
81692293,,,,,,,,0.0,"""natural""=>""cliff"""
81692293,,,,,,,,0.0,"""natural""=>""cliff"""
81692293,,,,,,,,0.0,"""natural""=>""cliff"""
81692293,,,,,,,,0.0,"""natural""=>""cliff"""
81692293,,,,,,,,0.0,"""natural""=>""cliff"""
81692293,,,,,,,,0.0,"""natural""=>""cliff"""
426066471,Sentiero per Cima delle Stellune,path,,,,,,0.0,"""sac_scale""=>""demanding_mountain_hiking"",""trail_visibility""=>""intermediate"""
426066471,Sentiero per Cima delle Stellune,path,,,,,,0.0,"""sac_scale""=>""demanding_mountain_hiking"",""trail_visibility""=>""intermediate"""
426066471,Sentiero per Cima delle Stellune,path,,,,,,0.0,"""sac_scale""=>""demanding_mountain_hiking"",""trail_visibility""=>""intermediate"""
426066471,Sentiero per Cima delle Stellune,path,,,,,,0.0,"""sac_scale""=>""demanding_mountain_hiking"",""trail_visibility""=>""intermediate"""
426066471,Sentiero per Cima delle Stellune,path,,,,,,0.0,"""sac_scale""=>""demanding_mountain_hiking"",""trail_visibility""=>""intermediate"""
426066471,Sentiero per Cima delle Stellune,path,,,,,,0.0,"""sac_scale""=>""demanding_mountain_hiking"",""trail_visibility""=>""intermediate"""
426066471,Sentiero per Cima delle Stellune,path,,,,,,0.0,"""sac_scale""=>""demanding_mountain_hiking"",""trail_visibility""=>""intermediate"""
426066471,Sentiero per Cima delle Stellune,path,,,,,,0.0,"""sac_scale""=>""demanding_mountain_hiking"",""trail_visibility""=>""intermediate"""
426066471,Sentiero per Cima delle Stellune,path,,,,,,0.0,"""sac_scale""=>""demanding_mountain_hiking"",""trail_visibility""=>""intermediate"""
426066471,Sentiero per Cima delle Stellune,path,,,,,,0.0,"""sac_scale""=>""demanding_mountain_hiking"",""trail_visibility""=>""intermediate"""
426066471,Sentiero per Cima delle Stellune,path,,,,,,0.0,"""sac_scale""=>""demanding_mountain_hiking"",""trail_visibility""=>""intermediate"""
426066471,Sentiero per Cima delle Stellune,path,,,,,,0.0,"""sac_scale""=>""demanding_mountain_hiking"",""trail_visibility""=>""intermediate"""
426066471,Sentiero per Cima delle Stellune,path,,,,,,0.0,"""sac_scale""=>""demanding_mountain_hiking"",""trail_visibility""=>""intermediate"""
426066471,Sentiero per Cima delle Stellune,path,,,,,,0.0,"""sac_scale""=>""demanding_mountain_hiking"",""trail_visibility""=>""intermediate"""
426066471,Sentiero per Cima delle Stellune,path,,,,,,0.0,"""sac_scale""=>""demanding_mountain_hiking"",""trail_visibility""=>""intermediate"""
426066471,Sentiero per Cima delle Stellune,path,,,,,,0.0,"""sac_scale""=>""demanding_mountain_hiking"",""trail_visibility""=>""intermediate"""
426066471,Sentiero per Cima delle Stellune,path,,,,,,0.0,"""sac_scale""=>""demanding_mountain_hiking"",""trail_visibility""=>""intermediate"""
426066471,Sentiero per Cima delle Stellune,path,,,,,,0.0,"""sac_scale""=>""demanding_mountain_hiking"",""trail_visibility""=>""intermediate"""
426066471,Sentiero per Cima delle Stellune,path,,,,,,0.0,"""sac_scale""=>""demanding_mountain_hiking"",""trail_visibility""=>""intermediate"""
426066471,Sentiero per Cima delle Stellune,path,,,,,,0.0,"""sac_scale""=>""demanding_mountain_hiking"",""trail_visibility""=>""intermediate"""
426066471,Sentiero per Cima delle Stellune,path,,,,,,0.0,"""sac_scale""=>""demanding_mountain_hiking"",""trail_visibility""=>""intermediate"""
426066471,Sentiero per Cima delle Stellune,path,,,,,,0.0,"""sac_scale""=>""demanding_mountain_hiking"",""trail_visibility""=>""intermediate"""
426066471,Sentiero per Cima delle Stellune,path,,,,,,0.0,"""sac_scale""=>""demanding_mountain_hiking"",""trail_visibility""=>""intermediate"""
426066471,Sentiero per Cima delle Stellune,path,,,,,,0.0,"""sac_scale""=>""demanding_mountain_hiking"",""trail_visibility""=>""intermediate"""
426066471,Sentiero per Cima delle Stellune,path,,,,,,0.0,"""sac_scale""=>""demanding_mountain_hiking"",""trail_visibility""=>""intermediate"""
426066471,Sentiero per Cima delle Stellune,path,,,,,,0.0,"""sac_scale""=>""demanding_mountain_hiking"",""trail_visibility""=>""intermediate"""
426066471,Sentiero per Cima delle Stellune,path,,,,,,0.0,"""sac_scale""=>""demanding_mountain_hiking"",""trail_visibility""=>""intermediate"""
426066471,Sentiero per Cima delle Stellune,path,,,,,,0.0,"""sac_scale""=>""demanding_mountain_hiking"",""trail_visibility""=>""intermediate"""
426066471,Sentiero per Cima delle Stellune,path,,,,,,0.0,"""sac_scale""=>""demanding_mountain_hiking"",""trail_visibility""=>""intermediate"""
426066471,Sentiero per Cima delle Stellune,path,,,,,,0.0,"""sac_scale""=>""demanding_mountain_hiking"",""trail_visibility""=>""intermediate"""
426066471,Sentiero per Cima delle Stellune,path,,,,,,0.0,"""sac_scale""=>""demanding_mountain_hiking"",""trail_visibility""=>""intermediate"""
426066471,Sentiero per Cima delle Stellune,path,,,,,,0.0,"""sac_scale""=>""demanding_mountain_hiking"",""trail_visibility""=>""intermediate"""
426066471,Sentiero per Cima delle Stellune,path,,,,,,0.0,"""sac_scale""=>""demanding_mountain_hiking"",""trail_visibility""=>""intermediate"""
426066471,Sentiero per Cima delle Stellune,path,,,,,,0.0,"""sac_scale""=>""demanding_mountain_hiking"",""trail_visibility""=>""intermediate"""
426066471,Sentiero per Cima delle Stellune,path,,,,,,0.0,"""sac_scale""=>""demanding_mountain_hiking"",""trail_visibility""=>""intermediate"""
426066471,Sentiero per Cima delle Stellune,path,,,,,,0.0,"""sac_scale""=>""demanding_mountain_hiking"",""trail_visibility""=>""intermediate"""
426066471,Sentiero per Cima delle Stellune,path,,,,,,0.0,"""sac_scale""=>""demanding_mountain_hiking"",""trail_visibility""=>""intermediate"""
426066471,Sentiero per Cima delle Stellune,path,,,,,,0.0,"""sac_scale""=>""demanding_mountain_hiking"",""trail_visibility""=>""intermediate"""
426066471,Sentiero per Cima delle Stellune,path,,,,,,0.0,"""sac_scale""=>""demanding_mountain_hiking"",""trail_visibility""=>""intermediate"""
426066471,Sentiero per Cima delle Stellune,path,,,,,,0.0,"""sac_scale""=>""demanding_mountain_hiking"",""trail_visibility""=>""intermediate"""
426066471,Sentiero per Cima delle Stellune,path,,,,,,0.0,"""sac_scale""=>""demanding_mountain_hiking"",""trail_visibility""=>""intermediate"""
426066471,Sentiero per Cima delle Stellune,path,,,,,,0.0,"""sac_scale""=>""demanding_mountain_hiking"",""trail_visibility""=>""intermediate"""
426066471,Sentiero per Cima delle Stellune,path,,,,,,0.0,"""sac_scale""=>""demanding_mountain_hiking"",""trail_visibility""=>""intermediate"""
426066471,Sentiero per Cima delle Stellune,path,,,,,,0.0,"""sac_scale""=>""demanding_mountain_hiking"",""trail_visibility""=>""intermediate"""
426066471,Sentiero per Cima delle Stellune,path,,,,,,0.0,"""sac_scale""=>""demanding_mountain_hiking"",""trail_visibility""=>""intermediate"""
426066471,Sentiero per Cima delle Stellune,path,,,,,,0.0,"""sac_scale""=>""demanding_mountain_hiking"",""trail_visibility""=>""intermediate"""
426066471,Sentiero per Cima delle Stellune,path,,,,,,0.0,"""sac_scale""=>""demanding_mountain_hiking"",""trail_visibility""=>""intermediate"""
426066471,Sentiero per Cima delle Stellune,path,,,,,,0.0,"""sac_scale""=>""demanding_mountain_hiking"",""trail_visibility""=>""intermediate"""
426066471,Sentiero per Cima delle Stellune,path,,,,,,0.0,"""sac_scale""=>""demanding_mountain_hiking"",""trail_visibility""=>""intermediate"""
426066471,Sentiero per Cima delle Stellune,path,,,,,,0.0,"""sac_scale""=>""demanding_mountain_hiking"",""trail_visibility""=>""intermediate"""
426066471,Sentiero per Cima delle Stellune,path,,,,,,0.0,"""sac_scale""=>""demanding_mountain_hiking"",""trail_visibility""=>""intermediate"""
426066471,Sentiero per Cima delle Stellune,path,,,,,,0.0,"""sac_scale""=>""demanding_mountain_hiking"",""trail_visibility""=>""intermediate"""
426066471,Sentiero per Cima delle Stellune,path,,,,,,0.0,"""sac_scale""=>""demanding_mountain_hiking"",""trail_visibility""=>""intermediate"""
426066471,Sentiero per Cima delle Stellune,path,,,,,,0.0,"""sac_scale""=>""demanding_mountain_hiking"",""trail_visibility""=>""intermediate"""
426066471,Sentiero per Cima delle Stellune,path,,,,,,0.0,"""sac_scale""=>""demanding_mountain_hiking"",""trail_visibility""=>""intermediate"""
426066471,Sentiero per Cima delle Stellune,path,,,,,,0.0,"""sac_scale""=>""demanding_mountain_hiking"",""trail_visibility""=>""intermediate"""
426066471,Sentiero per Cima delle Stellune,path,,,,,,0.0,"""sac_scale""=>""demanding_mountain_hiking"",""trail_visibility""=>""intermediate"""
426066471,Sentiero per Cima delle Stellune,path,,,,,,0.0,"""sac_scale""=>""demanding_mountain_hiking"",""trail_visibility""=>""intermediate"""
426066471,Sentiero per Cima delle Stellune,path,,,,,,0.0,"""sac_scale""=>""demanding_mountain_hiking"",""trail_visibility""=>""intermediate"""
426066471,Sentiero per Cima delle Stellune,path,,,,,,0.0,"""sac_scale""=>""demanding_mountain_hiking"",""trail_visibility""=>""intermediate"""
426066471,Sentiero per Cima delle Stellune,path,,,,,,0.0,"""sac_scale""=>""demanding_mountain_hiking"",""trail_visibility""=>""intermediate"""
426066471,Sentiero per Cima delle Stellune,path,,,,,,0.0,"""sac_scale""=>""demanding_mountain_hiking"",""trail_visibility""=>""intermediate"""
426066471,Sentiero per Cima delle Stellune,path,,,,,,0.0,"""sac_scale""=>""demanding_mountain_hiking"",""trail_visibility""=>""intermediate"""
426066471,Sentiero per Cima delle Stellune,path,,,,,,0.0,"""sac_scale""=>""demanding_mountain_hiking"",""trail_visibility""=>""intermediate"""
426066471,Sentiero per Cima delle Stellune,path,,,,,,0.0,"""sac_scale""=>""demanding_mountain_hiking"",""trail_visibility""=>""intermediate"""
426066471,Sentiero per Cima delle Stellune,path,,,,,,0.0,"""sac_scale""=>""demanding_mountain_hiking"",""trail_visibility""=>""intermediate"""
426066471,Sentiero per Cima delle Stellune,path,,,,,,0.0,"""sac_scale""=>""demanding_mountain_hiking"",""trail_visibility""=>""intermediate"""
426066471,Sentiero per Cima delle Stellune,path,,,,,,0.0,"""sac_scale""=>""demanding_mountain_hiking"",""trail_visibility""=>""intermediate"""
426066471,Sentiero per Cima delle Stellune,path,,,,,,0.0,"""sac_scale""=>""demanding_mountain_hiking"",""trail_visibility""=>""intermediate"""
426066471,Sentiero per Cima delle Stellune,path,,,,,,0.0,"""sac_scale""=>""demanding_mountain_hiking"",""trail_visibility""=>""intermediate"""
426066471,Sentiero per Cima delle Stellune,path,,,,,,0.0,"""sac_scale""=>""demanding_mountain_hiking"",""trail_visibility""=>""intermediate"""
426066471,Sentiero per Cima delle Stellune,path,,,,,,0.0,"""sac_scale""=>""demanding_mountain_hiking"",""trail_visibility""=>""intermediate"""
426066471,Sentiero per Cima delle Stellune,path,,,,,,0.0,"""sac_scale""=>""demanding_mountain_hiking"",""trail_visibility""=>""intermediate"""
426066471,Sentiero per Cima delle Stellune,path,,,,,,0.0,"""sac_scale""=>""demanding_mountain_hiking"",""trail_visibility""=>""intermediate"""
426066471,Sentiero per Cima delle Stellune,path,,,,,,0.0,"""sac_scale""=>""demanding_mountain_hiking"",""trail_visibility""=>""intermediate"""
426066471,Sentiero per Cima delle Stellune,path,,,,,,0.0,"""sac_scale""=>""demanding_mountain_hiking"",""trail_visibility""=>""intermediate"""
426066471,Sentiero per Cima delle Stellune,path,,,,,,0.0,"""sac_scale""=>""demanding_mountain_hiking"",""trail_visibility""=>""intermediate"""
426066471,Sentiero per Cima delle Stellune,path,,,,,,0.0,"""sac_scale""=>""demanding_mountain_hiking"",""trail_visibility""=>""intermediate"""
426066471,Sentiero per Cima delle Stellune,path,,,,,,0.0,"""sac_scale""=>""demanding_mountain_hiking"",""trail_visibility""=>""intermediate"""
426066471,Sentiero per Cima delle Stellune,path,,,,,,0.0,"""sac_scale""=>""demanding_mountain_hiking"",""trail_visibility""=>""intermediate"""
426066471,Sentiero per Cima delle Stellune,path,,,,,,0.0,"""sac_scale""=>""demanding_mountain_hiking"",""trail_visibility""=>""intermediate"""
426066471,Sentiero per Cima delle Stellune,path,,,,,,0.0,"""sac_scale""=>""demanding_mountain_hiking"",""trail_visibility""=>""intermediate"""
426066471,Sentiero per Cima delle Stellune,path,,,,,,0.0,"""sac_scale""=>""demanding_mountain_hiking"",""trail_visibility""=>""intermediate"""
426066471,Sentiero per Cima delle Stellune,path,,,,,,0.0,"""sac_scale""=>""demanding_mountain_hiking"",""trail_visibility""=>""intermediate"""
426066471,Sentiero per Cima delle Stellune,path,,,,,,0.0,"""sac_scale""=>""demanding_mountain_hiking"",""trail_visibility""=>""intermediate"""
426066471,Sentiero per Cima delle Stellune,path,,,,,,0.0,"""sac_scale""=>""demanding_mountain_hiking"",""trail_visibility""=>""intermediate"""
426066471,Sentiero per Cima delle Stellune,path,,,,,,0.0,"""sac_scale""=>""demanding_mountain_hiking"",""trail_visibility""=>""intermediate"""
426066471,Sentiero per Cima delle Stellune,path,,,,,,0.0,"""sac_scale""=>""demanding_mountain_hiking"",""trail_visibility""=>""intermediate"""
426066471,Sentiero per Cima delle Stellune,path,,,,,,0.0,"""sac_scale""=>""demanding_mountain_hiking"",""trail_visibility""=>""intermediate"""
426066471,Sentiero per Cima delle Stellune,path,,,,,,0.0,"""sac_scale""=>""demanding_mountain_hiking"",""trail_visibility""=>""intermediate"""
426066471,Sentiero per Cima delle Stellune,path,,,,,,0.0,"""sac_scale""=>""demanding_mountain_hiking"",""trail_visibility""=>""intermediate"""
426066471,Sentiero per Cima delle Stellune,path,,,,,,0.0,"""sac_scale""=>""demanding_mountain_hiking"",""trail_visibility""=>""intermediate"""
426066471,Sentiero per Cima delle Stellune,path,,,,,,0.0,"""sac_scale""=>""demanding_mountain_hiking"",""trail_visibility""=>""intermediate"""
,,,,,,,,,
426066471,Sentiero per Cima delle Stellune,path,,,,,,0.0,"""sac_scale""=>""demanding_mountain_hiking"",""trail_visibility""=>""intermediate"""
426066471,Sentiero per Cima delle Stellune,path,,,,,,0.0,"""sac_scale""=>""demanding_mountain_hiking"",""trail_visibility""=>""intermediate"""
426066471,Sentiero per Cima delle Stellune,path,,,,,,0.0,"""sac_scale""=>""demanding_mountain_hiking"",""trail_visibility""=>""intermediate"""
426066471,Sentiero per Cima delle Stellune,path,,,,,,0.0,"""sac_scale""=>""demanding_mountain_hiking"",""trail_visibility""=>""intermediate"""
426066471,Sentiero per Cima delle Stellune,path,,,,,,0.0,"""sac_scale""=>""demanding_mountain_hiking"",""trail_visibility""=>""intermediate"""
426066471,Sentiero per Cima delle Stellune,path,,,,,,0.0,"""sac_scale""=>""demanding_mountain_hiking"",""trail_visibility""=>""intermediate"""
426066471,Sentiero per Cima delle Stellune,path,,,,,,0.0,"""sac_scale""=>""demanding_mountain_hiking"",""trail_visibility""=>""intermediate"""
426066471,Sentiero per Cima delle Stellune,path,,,,,,0.0,"""sac_scale""=>""demanding_mountain_hiking"",""trail_visibility""=>""intermediate"""
426066471,Sentiero per Cima delle Stellune,path,,,,,,0.0,"""sac_scale""=>""demanding_mountain_hiking"",""trail_visibility""=>""intermediate"""
426066471,Sentiero per Cima delle Stellune,path,,,,,,0.0,"""sac_scale""=>""demanding_mountain_hiking"",""trail_visibility""=>""intermediate"""
426066471,Sentiero per Cima delle Stellune,path,,,,,,0.0,"""sac_scale""=>""demanding_mountain_hiking"",""trail_visibility""=>""intermediate"""
426066471,Sentiero per Cima delle Stellune,path,,,,,,0.0,"""sac_scale""=>""demanding_mountain_hiking"",""trail_visibility""=>""intermediate"""
426066471,Sentiero per Cima delle Stellune,path,,,,,,0.0,"""sac_scale""=>""demanding_mountain_hiking"",""trail_visibility""=>""intermediate"""
426066471,Sentiero per Cima delle Stellune,path,,,,,,0.0,"""sac_scale""=>""demanding_mountain_hiking"",""trail_visibility""=>""intermediate"""
426066471,Sentiero per Cima delle Stellune,path,,,,,,0.0,"""sac_scale""=>""demanding_mountain_hiking"",""trail_visibility""=>""intermediate"""
426066471,Sentiero per Cima delle Stellune,path,,,,,,0.0,"""sac_scale""=>""demanding_mountain_hiking"",""trail_visibility""=>""intermediate"""
426066471,Sentiero per Cima delle Stellune,path,,,,,,0.0,"""sac_scale""=>""demanding_mountain_hiking"",""trail_visibility""=>""intermediate"""
426066471,Sentiero per Cima delle Stellune,path,,,,,,0.0,"""sac_scale""=>""demanding_mountain_hiking"",""trail_visibility""=>""intermediate"""
426066471,Sentiero per Cima delle Stellune,path,,,,,,0.0,"""sac_scale""=>""demanding_mountain_hiking"",""trail_visibility""=>""intermediate"""
426066471,Sentiero per Cima delle Stellune,path,,,,,,0.0,"""sac_scale""=>""demanding_mountain_hiking"",""trail_visibility""=>""intermediate"""
426066471,Sentiero per Cima delle Stellune,path,,,,,,0.0,"""sac_scale""=>""demanding_mountain_hiking"",""trail_visibility""=>""intermediate"""
426066471,Sentiero per Cima delle Stellune,path,,,,,,0.0,"""sac_scale""=>""demanding_mountain_hiking"",""trail_visibility""=>""intermediate"""
426066471,Sentiero per Cima delle Stellune,path,,,,,,0.0,"""sac_scale""=>""demanding_mountain_hiking"",""trail_visibility""=>""intermediate"""
426066471,Sentiero per Cima delle Stellune,path,,,,,,0.0,"""sac_scale""=>""demanding_mountain_hiking"",""trail_visibility""=>""intermediate"""
426066471,Sentiero per Cima delle Stellune,path,,,,,,0.0,"""sac_scale""=>""demanding_mountain_hiking"",""trail_visibility""=>""intermediate"""
426066471,Sentiero per Cima delle Stellune,path,,,,,,0.0,"""sac_scale""=>""demanding_mountain_hiking"",""trail_visibility""=>""intermediate"""
426066471,Sentiero per Cima delle Stellune,path,,,,,,0.0,"""sac_scale""=>""demanding_mountain_hiking"",""trail_visibility""=>""intermediate"""
426066471,Sentiero per Cima delle Stellune,path,,,,,,0.0,"""sac_scale""=>""demanding_mountain_hiking"",""trail_visibility""=>""intermediate"""
426066471,Sentiero per Cima delle Stellune,path,,,,,,0.0,"""sac_scale""=>""demanding_mountain_hiking"",""trail_visibility""=>""intermediate"""
426066471,Sentiero per Cima delle Stellune,path,,,,,,0.0,"""sac_scale""=>""demanding_mountain_hiking"",""trail_visibility""=>""intermediate"""
426066471,Sentiero per Cima delle Stellune,path,,,,,,0.0,"""sac_scale""=>""demanding_mountain_hiking"",""trail_visibility""=>""intermediate"""
426066471,Sentiero per Cima delle Stellune,path,,,,,,0.0,"""sac_scale""=>""demanding_mountain_hiking"",""trail_visibility""=>""intermediate"""
426066471,Sentiero per Cima delle Stellune,path,,,,,,0.0,"""sac_scale""=>""demanding_mountain_hiking"",""trail_visibility""=>""intermediate"""
426066471,Sentiero per Cima delle Stellune,path,,,,,,0.0,"""sac_scale""=>""demanding_mountain_hiking"",""trail_visibility""=>""intermediate"""
426066471,Sentiero per Cima delle Stellune,path,,,,,,0.0,"""sac_scale""=>""demanding_mountain_hiking"",""trail_visibility""=>""intermediate"""
426066471,Sentiero per Cima delle Stellune,path,,,,,,0.0,"""sac_scale""=>""demanding_mountain_hiking"",""trail_visibility""=>""intermediate"""
426066471,Sentiero per Cima delle Stellune,path,,,,,,0.0,"""sac_scale""=>""demanding_mountain_hiking"",""trail_visibility""=>""intermediate"""
426066471,Sentiero per Cima delle Stellune,path,,,,,,0.0,"""sac_scale""=>""demanding_mountain_hiking"",""trail_visibility""=>""intermediate"""
426066471,Sentiero per Cima delle Stellune,path,,,,,,0.0,"""sac_scale""=>""demanding_mountain_hiking"",""trail_visibility""=>""intermediate"""
426066471,Sentiero per Cima delle Stellune,path,,,,,,0.0,"""sac_scale""=>""demanding_mountain_hiking"",""trail_visibility""=>""intermediate"""
426066471,Sentiero per Cima delle Stellune,path,,,,,,0.0,"""sac_scale""=>""demanding_mountain_hiking"",""trail_visibility""=>""intermediate"""
426066471,Sentiero per Cima delle Stellune,path,,,,,,0.0,"""sac_scale""=>""demanding_mountain_hiking"",""trail_visibility""=>""intermediate"""
426066471,Sentiero per Cima delle Stellune,path,,,,,,0.0,"""sac_scale""=>""demanding_mountain_hiking"",""trail_visibility""=>""intermediate"""
426066471,Sentiero per Cima delle Stellune,path,,,,,,0.0,"""sac_scale""=>""demanding_mountain_hiking"",""trail_visibility""=>""intermediate"""
426066471,Sentiero per Cima delle Stellune,path,,,,,,0.0,"""sac_scale""=>""demanding_mountain_hiking"",""trail_visibility""=>""intermediate"""
426066471,Sentiero per Cima delle Stellune,path,,,,,,0.0,"""sac_scale""=>""demanding_mountain_hiking"",""trail_visibility""=>""intermediate"""
426066471,Sentiero per Cima delle Stellune,path,,,,,,0.0,"""sac_scale""=>""demanding_mountain_hiking"",""trail_visibility""=>""intermediate"""
81692293,,,,,,,,0.0,"""natural""=>""cliff"""
426066471,Sentiero per Cima delle Stellune,path,,,,,,0.0,"""sac_scale""=>""demanding_mountain_hiking"",""trail_visibility""=>""intermediate"""
81692293,,,,,,,,0.0,"""natural""=>""cliff"""
426066471,Sentiero per Cima delle Stellune,path,,,,,,0.0,"""sac_scale""=>""demanding_mountain_hiking"",""trail_visibility""=>""intermediate"""
81692293,,,,,,,,0.0,"""natural""=>""cliff"""
426066471,Sentiero per Cima delle Stellune,path,,,,,,0.0,"""sac_scale""=>""demanding_mountain_hiking"",""trail_visibility""=>""intermediate"""
426066471,Sentiero per Cima delle Stellune,path,,,,,,0.0,"""sac_scale""=>""demanding_mountain_hiking"",""trail_visibility""=>""intermediate"""
81692293,,,,,,,,0.0,"""natural""=>""cliff"""
426066471,Sentiero per Cima delle Stellune,path,,,,,,0.0,"""sac_scale""=>""demanding_mountain_hiking"",""trail_visibility""=>""intermediate"""
81692293,,,,,,,,0.0,"""natural""=>""cliff"""
426066471,Sentiero per Cima delle Stellune,path,,,,,,0.0,"""sac_scale""=>""demanding_mountain_hiking"",""trail_visibility""=>""intermediate"""
81692293,,,,,,,,0.0,"""natural""=>""cliff"""
426066471,Sentiero per Cima delle Stellune,path,,,,,,0.0,"""sac_scale""=>""demanding_mountain_hiking"",""trail_visibility""=>""intermediate"""
81692293,,,,,,,,0.0,"""natural""=>""cliff"""
426066471,Sentiero per Cima delle Stellune,path,,,,,,0.0,"""sac_scale""=>""demanding_mountain_hiking"",""trail_visibility""=>""intermediate"""
81692293,,,,,,,,0.0,"""natural""=>""cliff"""
81692293,,,,,,,,0.0,"""natural""=>""cliff"""
81692293,,,,,,,,0.0,"""natural""=>""cliff"""
81692293,,,,,,,,0.0,"""natural""=>""cliff"""
426066471,Sentiero per Cima delle Stellune,path,,,,,,0.0,"""sac_scale""=>""demanding_mountain_hiking"",""trail_visibility""=>""intermediate"""
81692293,,,,,,,,0.0,"""natural""=>""cliff"""
426066471,Sentiero per Cima delle Stellune,path,,,,,,0.0,"""sac_scale""=>""demanding_mountain_hiking"",""trail_visibility""=>""intermediate"""
81692293,,,,,,,,0.0,"""natural""=>""cliff"""
426066471,Sentiero per Cima delle Stellune,path,,,,,,0.0,"""sac_scale""=>""demanding_mountain_hiking"",""trail_visibility""=>""intermediate"""
426066471,Sentiero per Cima delle Stellune,path,,,,,,0.0,"""sac_scale""=>""demanding_mountain_hiking"",""trail_visibility""=>""intermediate"""
426066471,Sentiero per Cima delle Stellune,path,,,,,,0.0,"""sac_scale""=>""demanding_mountain_hiking"",""trail_visibility""=>""intermediate"""
81692293,,,,,,,,0.0,"""natural""=>""cliff"""
426066471,Sentiero per Cima delle Stellune,path,,,,,,0.0,"""sac_scale""=>""demanding_mountain_hiking"",""trail_visibility""=>""intermediate"""
426066471,Sentiero per Cima delle Stellune,path,,,,,,0.0,"""sac_scale""=>""demanding_mountain_hiking"",""trail_visibility""=>""intermediate"""
160738969,,path,,,,,,0.0,"""sac_scale""=>""mountain_hiking"""
426066471,Sentiero per Cima delle Stellune,path,,,,,,0.0,"""sac_scale""=>""demanding_mountain_hiking"",""trail_visibility""=>""intermediate"""
160738969,,path,,,,,,0.0,"""sac_scale""=>""mountain_hiking"""
426066471,Sentiero per Cima delle Stellune,path,,,,,,0.0,"""sac_scale""=>""demanding_mountain_hiking"",""trail_visibility""=>""intermediate"""
160738969,,path,,,,,,0.0,"""sac_scale""=>""mountain_hiking"""
426066471,Sentiero per Cima delle Stellune,path,,,,,,0.0,"""sac_scale""=>""demanding_mountain_hiking"",""trail_visibility""=>""intermediate"""
160738969,,path,,,,,,0.0,"""sac_scale""=>""mountain_hiking"""
160738969,,path,,,,,,0.0,"""sac_scale""=>""mountain_hiking"""
160738969,,path,,,,,,0.0,"""sac_scale""=>""mountain_hiking"""
160738969,,path,,,,,,0.0,"""sac_scale""=>""mountain_hiking"""
81692293,,,,,,,,0.0,"""natural""=>""cliff"""
160738969,,path,,,,,,0.0,"""sac_scale""=>""mountain_hiking"""
81692293,,,,,,,,0.0,"""natural""=>""cliff"""
160738969,,path,,,,,,0.0,"""sac_scale""=>""mountain_hiking"""
81692293,,,,,,,,0.0,"""natural""=>""cliff"""
160738969,,path,,,,,,0.0,"""sac_scale""=>""mountain_hiking"""
81692293,,,,,,,,0.0,"""natural""=>""cliff"""
160738969,,path,,,,,,0.0,"""sac_scale""=>""mountain_hiking"""
81692293,,,,,,,,0.0,"""natural""=>""cliff"""
160738969,,path,,,,,,0.0,"""sac_scale""=>""mountain_hiking"""
81692293,,,,,,,,0.0,"""natural""=>""cliff"""
160738969,,path,,,,,,0.0,"""sac_scale""=>""mountain_hiking"""
81692293,,,,,,,,0.0,"""natural""=>""cliff"""
160738969,,path,,,,,,0.0,"""sac_scale""=>""mountain_hiking"""
81692293,,,,,,,,0.0,"""natural""=>""cliff"""
160738969,,path,,,,,,0.0,"""sac_scale""=>""mountain_hiking"""
81692293,,,,,,,,0.0,"""natural""=>""cliff"""
160738969,,path,,,,,,0.0,"""sac_scale""=>""mountain_hiking"""
81692293,,,,,,,,0.0,"""natural""=>""cliff"""
160738969,,path,,,,,,0.0,"""sac_scale""=>""mountain_hiking"""
81692293,,,,,,,,0.0,"""natural""=>""cliff"""
160738969,,path,,,,,,0.0,"""sac_scale""=>""mountain_hiking"""
81692293,,,,,,,,0.0,"""natural""=>""cliff"""
160738969,,path,,,,,,0.0,"""sac_scale""=>""mountain_hiking"""
81692293,,,,,,,,0.0,"""natural""=>""cliff"""
160738969,,path,,,,,,0.0,"""sac_scale""=>""mountain_hiking"""
81692293,,,,,,,,0.0,"""natural""=>""cliff"""
160738969,,path,,,,,,0.0,"""sac_scale""=>""mountain_hiking"""
81692293,,,,,,,,0.0,"""natural""=>""cliff"""
160738969,,path,,,,,,0.0,"""sac_scale""=>""mountain_hiking"""
81692293,,,,,,,,0.0,"""natural""=>""cliff"""
160738969,,path,,,,,,0.0,"""sac_scale""=>""mountain_hiking"""
81692293,,,,,,,,0.0,"""natural""=>""cliff"""
160738969,,path,,,,,,0.0,"""sac_scale""=>""mountain_hiking"""
81692293,,,,,,,,0.0,"""natural""=>""cliff"""
160738969,,path,,,,,,0.0,"""sac_scale""=>""mountain_hiking"""
81692293,,,,,,,,0.0,"""natural""=>""cliff"""
160738969,,path,,,,,,0.0,"""sac_scale""=>""mountain_hiking"""
81692293,,,,,,,,0.0,"""natural""=>""cliff"""
160738969,,path,,,,,,0.0,"""sac_scale""=>""mountain_hiking"""
81692293,,,,,,,,0.0,"""natural""=>""cliff"""
160738969,,path,,,,,,0.0,"""sac_scale""=>""mountain_hiking"""
160738969,,path,,,,,,0.0,"""sac_scale""=>""mountain_hiking"""
160738969,,path,,,,,,0.0,"""sac_scale""=>""mountain_hiking"""
160738969,,path,,,,,,0.0,"""sac_scale""=>""mountain_hiking"""
426066471,Sentiero per Cima delle Stellune,path,,,,,,0.0,"""sac_scale""=>""demanding_mountain_hiking"",""trail_visibility""=>""intermediate"""
160738969,,path,,,,,,0.0,"""sac_scale""=>""mountain_hiking"""
426066471,Sentiero per Cima delle Stellune,path,,,,,,0.0,"""sac_scale""=>""demanding_mountain_hiking"",""trail_visibility""=>""intermediate"""
160738969,,path,,,,,,0.0,"""sac_scale""=>""mountain_hiking"""
426066471,Sentiero per Cima delle Stellune,path,,,,,,0.0,"""sac_scale""=>""demanding_mountain_hiking"",""trail_visibility""=>""intermediate"""
160738969,,path,,,,,,0.0,"""sac_scale""=>""mountain_hiking"""
426066471,Sentiero per Cima delle Stellune,path,,,,,,0.0,"""sac_scale""=>""demanding_mountain_hiking"",""trail_visibility""=>""intermediate"""
160738969,,path,,,,,,0.0,"""sac_scale""=>""mountain_hiking"""
160738969,,path,,,,,,0.0,"""sac_scale""=>""mountain_hiking"""
160738969,,path,,,,,,0.0,"""sac_scale""=>""mountain_hiking"""
160738969,,path,,,,,,0.0,"""sac_scale""=>""mountain_hiking"""
160738969,,path,,,,,,0.0,"""sac_scale""=>""mountain_hiking"""
160738969,,path,,,,,,0.0,"""sac_scale""=>""mountain_hiking"""
160738969,,path,,,,,,0.0,"""sac_scale""=>""mountain_hiking"""
160738969,,path,,,,,,0.0,"""sac_scale""=>""mountain_hiking"""
160738969,,path,,,,,,0.0,"""sac_scale""=>""mountain_hiking"""
160738969,,path,,,,,,0.0,"""sac_scale""=>""mountain_hiking"""
160738809,,path,,,,,,0.0,"""bicycle""=>""permissive"",""foot""=>""yes"",""hiking""=>""yes"",""mtb:scale""=>""2"",""sac_scale""=>""mountain_hiking"",""smoothness""=>""excellent"",""surface""=>""ground"",""tracktype""=>""grade3"",""trail_visibility""=>""good"""
160738969,,path,,,,,,0.0,"""sac_scale""=>""mountain_hiking"""
1230934789,,path,,,,,,0.0,"""bicycle""=>""permissive"",""foot""=>""yes"",""hiking""=>""yes"",""mtb:scale""=>""2"",""sac_scale""=>""mountain_hiking"",""smoothness""=>""excellent"",""surface""=>""ground"",""tracktype""=>""grade3"",""trail_visibility""=>""good"""
160738809,,path,,,,,,0.0,"""bicycle""=>""permissive"",""foot""=>""yes"",""hiking""=>""yes"",""mtb:scale""=>""2"",""sac_scale""=>""mountain_hiking"",""smoothness""=>""excellent"",""surface""=>""ground"",""tracktype""=>""grade3"",""trail_visibility""=>""good"""
160738969,,path,,,,,,0.0,"""sac_scale""=>""mountain_hiking"""
1230934789,,path,,,,,,0.0,"""bicycle""=>""permissive"",""foot""=>""yes"",""hiking""=>""yes"",""mtb:scale""=>""2"",""sac_scale""=>""mountain_hiking"",""smoothness""=>""excellent"",""surface""=>""ground"",""tracktype""=>""grade3"",""trail_visibility""=>""good"""
1230934789,,path,,,,,,0.0,"""bicycle""=>""permissive"",""foot""=>""yes"",""hiking""=>""yes"",""mtb:scale""=>""2"",""sac_scale""=>""mountain_hiking"",""smoothness""=>""excellent"",""surface""=>""ground"",""tracktype""=>""grade3"",""trail_visibility""=>""good"""
1230934789,,path,,,,,,0.0,"""bicycle""=>""permissive"",""foot""=>""yes"",""hiking""=>""yes"",""mtb:scale""=>""2"",""sac_scale""=>""mountain_hiking"",""smoothness""=>""excellent"",""surface""=>""ground"",""tracktype""=>""grade3"",""trail_visibility""=>""good"""
1230934789,,path,,,,,,0.0,"""bicycle""=>""permissive"",""foot""=>""yes"",""hiking""=>""yes"",""mtb:scale""=>""2"",""sac_scale""=>""mountain_hiking"",""smoothness""=>""excellent"",""surface""=>""ground"",""tracktype""=>""grade3"",""trail_visibility""=>""good"""
1230934789,,path,,,,,,0.0,"""bicycle""=>""permissive"",""foot""=>""yes"",""hiking""=>""yes"",""mtb:scale""=>""2"",""sac_scale""=>""mountain_hiking"",""smoothness""=>""excellent"",""surface""=>""ground"",""tracktype""=>""grade3"",""trail_visibility""=>""good"""
793150657,,path,,,,,,0.0,"""sac_scale""=>""mountain_hiking"""
1230934789,,path,,,,,,0.0,"""bicycle""=>""permissive"",""foot""=>""yes"",""hiking""=>""yes"",""mtb:scale""=>""2"",""sac_scale""=>""mountain_hiking"",""smoothness""=>""excellent"",""surface""=>""ground"",""tracktype""=>""grade3"",""trail_visibility""=>""good"""
1141323938,,path,,,,,,0.0,"""bicycle""=>""permissive"",""foot""=>""yes"",""hiking""=>""yes"",""mtb:scale""=>""2"",""sac_scale""=>""mountain_hiking"",""smoothness""=>""excellent"",""surface""=>""ground"",""tracktype""=>""grade3"",""trail_visibility""=>""good"""
1230934789,,path,,,,,,0.0,"""bicycle""=>""permissive"",""foot""=>""yes"",""hiking""=>""yes"",""mtb:scale""=>""2"",""sac_scale""=>""mountain_hiking"",""smoothness""=>""excellent"",""surface""=>""ground"",""tracktype""=>""grade3"",""trail_visibility""=>""good"""
,,,,,,,,,
,,,,,,,,,
,,,,,,,,,
793150657,,path,,,,,,0.0,"""sac_scale""=>""mountain_hiking"""
793150657,,path,,,,,,0.0,"""sac_scale""=>""mountain_hiking"""
793150657,,path,,,,,,0.0,"""sac_scale""=>""mountain_hiking"""
113824051,,,,,,,,0.0,"""admin_level""=>""8"",""boundary""=>""administrative"",""name:left""=>""Cavalese"",""name:right""=>""Castello-Molina di Fiemme"""
1144386251,,path,,,,,,0.0,
793150657,,path,,,,,,0.0,"""sac_scale""=>""mountain_hiking"""
113824051,,,,,,,,0.0,"""admin_level""=>""8"",""boundary""=>""administrative"",""name:left""=>""Cavalese"",""name:right""=>""Castello-Molina di Fiemme"""
1144386251,,path,,,,,,0.0,
793150657,,path,,,,,,0.0,"""sac_scale""=>""mountain_hiking"""
113824051,,,,,,,,0.0,"""admin_level""=>""8"",""boundary""=>""administrative"",""name:left""=>""Cavalese"",""name:right""=>""Castello-Molina di Fiemme"""
1144386251,,path,,,,,,0.0,
1144386251,,path,,,,,,0.0,
1144386251,,path,,,,,,0.0,
1144386251,,path,,,,,,0.0,
1144386251,,path,,,,,,0.0,
1144386251,,path,,,,,,0.0,
1144386251,,path,,,,,,0.0,
1144386251,,path,,,,,,0.0,
1144386251,,path,,,,,,0.0,
1144386251,,path,,,,,,0.0,
1144386251,,path,,,,,,0.0,
1144386251,,path,,,,,,0.0,
1144386251,,path,,,,,,0.0,
1144386251,,path,,,,,,0.0,
1144386251,,path,,,,,,0.0,
1144386251,,path,,,,,,0.0,
1144386251,,path,,,,,,0.0,
1144386251,,path,,,,,,0.0,
1144386251,,path,,,,,,0.0,
1144386251,,path,,,,,,0.0,
1144386251,,path,,,,,,0.0,
1144386251,,path,,,,,,0.0,
1144386251,,path,,,,,,0.0,
1144386251,,path,,,,,,0.0,
1144386251,,path,,,,,,0.0,
1144386251,,path,,,,,,0.0,
1144386251,,path,,,,,,0.0,
1144386251,,path,,,,,,0.0,
1144386251,,path,,,,,,0.0,
1144386251,,path,,,,,,0.0,
1144386251,,path,,,,,,0.0,
1144386251,,path,,,,,,0.0,
1144386251,,path,,,,,,0.0,
1144386251,,path,,,,,,0.0,
1144386251,,path,,,,,,0.0,
1144386251,,path,,,,,,0.0,
1144386251,,path,,,,,,0.0,
1144386251,,path,,,,,,0.0,
1144386251,,path,,,,,,0.0,
1144386251,,path,,,,,,0.0,
1144386251,,path,,,,,,0.0,
1144387622,,path,,,,,,0.0,
1144386250,,path,,,,,,0.0,
1144386251,,path,,,,,,0.0,
1292361694,,path,,,,,,0.0,"""bicycle""=>""no"",""horse""=>""no"",""trail_visibility""=>""horrible"""
1144387622,,path,,,,,,0.0,
1144386250,,path,,,,,,0.0,
1144386251,,path,,,,,,0.0,
1292361694,,path,,,,,,0.0,"""bicycle""=>""no"",""horse""=>""no"",""trail_visibility""=>""horrible"""
1144387622,,path,,,,,,0.0,
1144386250,,path,,,,,,0.0,
1144387622,,path,,,,,,0.0,
1144387622,,path,,,,,,0.0,
1144387622,,path,,,,,,0.0,
1144387622,,path,,,,,,0.0,
1144387622,,path,,,,,,0.0,
1144387622,,path,,,,,,0.0,
1144387622,,path,,,,,,0.0,
1144387622,,path,,,,,,0.0,
1144387622,,path,,,,,,0.0,
1144387622,,path,,,,,,0.0,
1144387622,,path,,,,,,0.0,
1144387622,,path,,,,,,0.0,
1144386250,,path,,,,,,0.0,
1144387622,,path,,,,,,0.0,
1144386250,,path,,,,,,0.0,
1144387622,,path,,,,,,0.0,
1144386250,,path,,,,,,0.0,
1144386250,,path,,,,,,0.0,
,,,,,,,,,
1144387622,,path,,,,,,0.0,
1144387622,,path,,,,,,0.0,
1144387622,,path,,,,,,0.0,
1144387622,,path,,,,,,0.0,
1144387622,,path,,,,,,0.0,
1144387622,,path,,,,,,0.0,
1144387622,,path,,,,,,0.0,
1144387622,,path,,,,,,0.0,
60738069,,path,,,,,,0.0,
718832785,,,stream,,,,,0.0,
1144387622,,path,,,,,,0.0,
1144386250,,path,,,,,,0.0,
60738069,,path,,,,,,0.0,
718832785,,,stream,,,,,0.0,
1144387622,,path,,,,,,0.0,
1144386250,,path,,,,,,0.0,
60738069,,path,,,,,,0.0,
718832785,,,stream,,,,,0.0,
718832785,,,stream,,,,,0.0,
718832785,,,stream,,,,,0.0,
718832785,,,stream,,,,,0.0,
718832785,,,stream,,,,,0.0,
718832785,,,stream,,,,,0.0,
718832785,,,stream,,,,,0.0,
,,,,,,,,,
718832784,,,stream,,,,,0.0,
718832784,,,stream,,,,,0.0,
718832787,,,stream,,,,,0.0,
718832784,,,stream,,,,,0.0,
718832787,,,stream,,,,,0.0,
718832787,,,stream,,,,,0.0,
,,,,,,,,,
,,,,,,,,,
,,,,,,,,,
718832788,,,stream,,,,,0.0,
718832788,,,stream,,,,,0.0,
718832788,,,stream,,,,,0.0,
718832788,,,stream,,,,,0.0,
,,,,,,,,,
718832790,,,stream,,,,,0.0,
25454082,,path,,,,,,0.0,"""bicycle""=>""permissive"",""foot""=>""yes"",""hiking""=>""yes"",""mtb:scale""=>""2"",""sac_scale""=>""mountain_hiking"",""smoothness""=>""excellent"",""surface""=>""ground"",""tracktype""=>""grade3"",""trail_visibility""=>""good"""
718832790,,,stream,,,,,0.0,
25454082,,path,,,,,,0.0,"""bicycle""=>""permissive"",""foot""=>""yes"",""hiking""=>""yes"",""mtb:scale""=>""2"",""sac_scale""=>""mountain_hiking"",""smoothness""=>""excellent"",""surface""=>""ground"",""tracktype""=>""grade3"",""trail_visibility""=>""good"""
25454082,,path,,,,,,0.0,"""bicycle""=>""permissive"",""foot""=>""yes"",""hiking""=>""yes"",""mtb:scale""=>""2"",""sac_scale""=>""mountain_hiking"",""smoothness""=>""excellent"",""surface""=>""ground"",""tracktype""=>""grade3"",""trail_visibility""=>""good"""
25454082,,path,,,,,,0.0,"""bicycle""=>""permissive"",""foot""=>""yes"",""hiking""=>""yes"",""mtb:scale""=>""2"",""sac_scale""=>""mountain_hiking"",""smoothness""=>""excellent"",""surface""=>""ground"",""tracktype""=>""grade3"",""trail_visibility""=>""good"""
25454082,,path,,,,,,0.0,"""bicycle""=>""permissive"",""foot""=>""yes"",""hiking""=>""yes"",""mtb:scale""=>""2"",""sac_scale""=>""mountain_hiking"",""smoothness""=>""excellent"",""surface""=>""ground"",""tracktype""=>""grade3"",""trail_visibility""=>""good"""
25454082,,path,,,,,,0.0,"""bicycle""=>""permissive"",""foot""=>""yes"",""hiking""=>""yes"",""mtb:scale""=>""2"",""sac_scale""=>""mountain_hiking"",""smoothness""=>""excellent"",""surface""=>""ground"",""tracktype""=>""grade3"",""trail_visibility""=>""good"""
25454082,,path,,,,,,0.0,"""bicycle""=>""permissive"",""foot""=>""yes"",""hiking""=>""yes"",""mtb:scale""=>""2"",""sac_scale""=>""mountain_hiking"",""smoothness""=>""excellent"",""surface""=>""ground"",""tracktype""=>""grade3"",""trail_visibility""=>""good"""
25454082,,path,,,,,,0.0,"""bicycle""=>""permissive"",""foot""=>""yes"",""hiking""=>""yes"",""mtb:scale""=>""2"",""sac_scale""=>""mountain_hiking"",""smoothness""=>""excellent"",""surface""=>""ground"",""tracktype""=>""grade3"",""trail_visibility""=>""good"""
718832789,,,stream,,,,,0.0,
25454082,,path,,,,,,0.0,"""bicycle""=>""permissive"",""foot""=>""yes"",""hiking""=>""yes"",""mtb:scale""=>""2"",""sac_scale""=>""mountain_hiking"",""smoothness""=>""excellent"",""surface""=>""ground"",""tracktype""=>""grade3"",""trail_visibility""=>""good"""
25454082,,path,,,,,,0.0,"""bicycle""=>""permissive"",""foot""=>""yes"",""hiking""=>""yes"",""mtb:scale""=>""2"",""sac_scale""=>""mountain_hiking"",""smoothness""=>""excellent"",""surface""=>""ground"",""tracktype""=>""grade3"",""trail_visibility""=>""good"""
25454082,,path,,,,,,0.0,"""bicycle""=>""permissive"",""foot""=>""yes"",""hiking""=>""yes"",""mtb:scale""=>""2"",""sac_scale""=>""mountain_hiking"",""smoothness""=>""excellent"",""surface""=>""ground"",""tracktype""=>""grade3"",""trail_visibility""=>""good"""
25454082,,path,,,,,,0.0,"""bicycle""=>""permissive"",""foot""=>""yes"",""hiking""=>""yes"",""mtb:scale""=>""2"",""sac_scale""=>""mountain_hiking"",""smoothness""=>""excellent"",""surface""=>""ground"",""tracktype""=>""grade3"",""trail_visibility""=>""good"""
25454082,,path,,,,,,0.0,"""bicycle""=>""permissive"",""foot""=>""yes"",""hiking""=>""yes"",""mtb:scale""=>""2"",""sac_scale""=>""mountain_hiking"",""smoothness""=>""excellent"",""surface""=>""ground"",""tracktype""=>""grade3"",""trail_visibility""=>""good"""
25454082,,path,,,,,,0.0,"""bicycle""=>""permissive"",""foot""=>""yes"",""hiking""=>""yes"",""mtb:scale""=>""2"",""sac_scale""=>""mountain_hiking"",""smoothness""=>""excellent"",""surface""=>""ground"",""tracktype""=>""grade3"",""trail_visibility""=>""good"""
25454082,,path,,,,,,0.0,"""bicycle""=>""permissive"",""foot""=>""yes"",""hiking""=>""yes"",""mtb:scale""=>""2"",""sac_scale""=>""mountain_hiking"",""smoothness""=>""excellent"",""surface""=>""ground"",""tracktype""=>""grade3"",""trail_visibility""=>""good"""
25454082,,path,,,,,,0.0,"""bicycle""=>""permissive"",""foot""=>""yes"",""hiking""=>""yes"",""mtb:scale""=>""2"",""sac_scale""=>""mountain_hiking"",""smoothness""=>""excellent"",""surface""=>""ground"",""tracktype""=>""grade3"",""trail_visibility""=>""good"""
25454082,,path,,,,,,0.0,"""bicycle""=>""permissive"",""foot""=>""yes"",""hiking""=>""yes"",""mtb:scale""=>""2"",""sac_scale""=>""mountain_hiking"",""smoothness""=>""excellent"",""surface""=>""ground"",""tracktype""=>""grade3"",""trail_visibility""=>""good"""
718832787,,,stream,,,,,0.0,
25454082,,path,,,,,,0.0,"""bicycle""=>""permissive"",""foot""=>""yes"",""hiking""=>""yes"",""mtb:scale""=>""2"",""sac_scale""=>""mountain_hiking"",""smoothness""=>""excellent"",""surface""=>""ground"",""tracktype""=>""grade3"",""trail_visibility""=>""good"""
718832787,,,stream,,,,,0.0,
25454082,,path,,,,,,0.0,"""bicycle""=>""permissive"",""foot""=>""yes"",""hiking""=>""yes"",""mtb:scale""=>""2"",""sac_scale""=>""mountain_hiking"",""smoothness""=>""excellent"",""surface""=>""ground"",""tracktype""=>""grade3"",""trail_visibility""=>""good"""
718832787,,,stream,,,,,0.0,
25454082,,path,,,,,,0.0,"""bicycle""=>""permissive"",""foot""=>""yes"",""hiking""=>""yes"",""mtb:scale""=>""2"",""sac_scale""=>""mountain_hiking"",""smoothness""=>""excellent"",""surface""=>""ground"",""tracktype""=>""grade3"",""trail_visibility""=>""good"""
718832786,,,stream,,,,,0.0,
25454082,,path,,,,,,0.0,"""bicycle""=>""permissive"",""foot""=>""yes"",""hiking""=>""yes"",""mtb:scale""=>""2"",""sac_scale""=>""mountain_hiking"",""smoothness""=>""excellent"",""surface""=>""ground"",""tracktype""=>""grade3"",""trail_visibility""=>""good"""
718832786,,,stream,,,,,0.0,
25454082,,path,,,,,,0.0,"""bicycle""=>""permissive"",""foot""=>""yes"",""hiking""=>""yes"",""mtb:scale""=>""2"",""sac_scale""=>""mountain_hiking"",""smoothness""=>""excellent"",""surface""=>""ground"",""tracktype""=>""grade3"",""trail_visibility""=>""good"""
25454083,,path,,,,,,0.0,
25454082,,path,,,,,,0.0,"""bicycle""=>""permissive"",""foot""=>""yes"",""hiking""=>""yes"",""mtb:scale""=>""2"",""sac_scale""=>""mountain_hiking"",""smoothness""=>""excellent"",""surface""=>""ground"",""tracktype""=>""grade3"",""trail_visibility""=>""good"""
25454083,,path,,,,,,0.0,
25454082,,path,,,,,,0.0,"""bicycle""=>""permissive"",""foot""=>""yes"",""hiking""=>""yes"",""mtb:scale""=>""2"",""sac_scale""=>""mountain_hiking"",""smoothness""=>""excellent"",""surface""=>""ground"",""tracktype""=>""grade3"",""trail_visibility""=>""good"""
25454083,,path,,,,,,0.0,
25454082,,path,,,,,,0.0,"""bicycle""=>""permissive"",""foot""=>""yes"",""hiking""=>""yes"",""mtb:scale""=>""2"",""sac_scale""=>""mountain_hiking"",""smoothness""=>""excellent"",""surface""=>""ground"",""tracktype""=>""grade3"",""trail_visibility""=>""good"""
25454083,,path,,,,,,0.0,
25454082,,path,,,,,,0.0,"""bicycle""=>""permissive"",""foot""=>""yes"",""hiking""=>""yes"",""mtb:scale""=>""2"",""sac_scale""=>""mountain_hiking"",""smoothness""=>""excellent"",""surface""=>""ground"",""tracktype""=>""grade3"",""trail_visibility""=>""good"""
25454082,,path,,,,,,0.0,"""bicycle""=>""permissive"",""foot""=>""yes"",""hiking""=>""yes"",""mtb:scale""=>""2"",""sac_scale""=>""mountain_hiking"",""smoothness""=>""excellent"",""surface""=>""ground"",""tracktype""=>""grade3"",""trail_visibility""=>""good"""
25454082,,path,,,,,,0.0,"""bicycle""=>""permissive"",""foot""=>""yes"",""hiking""=>""yes"",""mtb:scale""=>""2"",""sac_scale""=>""mountain_hiking"",""smoothness""=>""excellent"",""surface""=>""ground"",""tracktype""=>""grade3"",""trail_visibility""=>""good"""
25454082,,path,,,,,,0.0,"""bicycle""=>""permissive"",""foot""=>""yes"",""hiking""=>""yes"",""mtb:scale""=>""2"",""sac_scale""=>""mountain_hiking"",""smoothness""=>""excellent"",""surface""=>""ground"",""tracktype""=>""grade3"",""trail_visibility""=>""good"""
25454082,,path,,,,,,0.0,"""bicycle""=>""permissive"",""foot""=>""yes"",""hiking""=>""yes"",""mtb:scale""=>""2"",""sac_scale""=>""mountain_hiking"",""smoothness""=>""excellent"",""surface""=>""ground"",""tracktype""=>""grade3"",""trail_visibility""=>""good"""
25454082,,path,,,,,,0.0,"""bicycle""=>""permissive"",""foot""=>""yes"",""hiking""=>""yes"",""mtb:scale""=>""2"",""sac_scale""=>""mountain_hiking"",""smoothness""=>""excellent"",""surface""=>""ground"",""tracktype""=>""grade3"",""trail_visibility""=>""good"""
,,,,,,,,,
,,,,,,,,,
25454083,,path,,,,,,0.0,
25454083,,path,,,,,,0.0,
,,,,,,,,,
,,,,,,,,,
,,,,,,,,,
,,,,,,,,,
,,,,,,,,,
,,,,,,,,,
,,,,,,,,,
25454081,,path,,,,,,0.0,
25454081,,path,,,,,,0.0,
25454081,,path,,,,,,0.0,
25454081,,path,,,,,,0.0,
25454081,,path,,,,,,0.0,
25454081,,path,,,,,,0.0,
25454081,,path,,,,,,0.0,
25454081,,path,,,,,,0.0,
25454081,,path,,,,,,0.0,
25454081,,path,,,,,,0.0,
25454081,,path,,,,,,0.0,
25454081,,path,,,,,,0.0,
25454081,,path,,,,,,0.0,
25454081,,path,,,,,,0.0,
25454081,,path,,,,,,0.0,
25454081,,path,,,,,,0.0,
25454081,,path,,,,,,0.0,
25454081,,path,,,,,,0.0,
25454081,,path,,,,,,0.0,
25454081,,path,,,,,,0.0,
25454081,,path,,,,,,0.0,
25454081,,path,,,,,,0.0,
25454081,,path,,,,,,0.0,
,,,,,,,,,
,,,,,,,,,
,,,,,,,,,
25454081,,path,,,,,,0.0,
25454083,,path,,,,,,0.0,
25454081,,path,,,,,,0.0,
25454083,,path,,,,,,0.0,
25454081,,path,,,,,,0.0,
25454083,,path,,,,,,0.0,
25454083,,path,,,,,,0.0,
25454083,,path,,,,,,0.0,
25454083,,path,,,,,,0.0,
25454083,,path,,,,,,0.0,
25454083,,path,,,,,,0.0,
25454083,,path,,,,,,0.0,
25454083,,path,,,,,,0.0,
25454083,,path,,,,,,0.0,
25454083,,path,,,,,,0.0,
25454083,,path,,,,,,0.0,
25454083,,path,,,,,,0.0,
25454083,,path,,,,,,0.0,
25454083,,path,,,,,,0.0,
718832787,,,stream,,,,,0.0,
25454083,,path,,,,,,0.0,
718832787,,,stream,,,,,0.0,
25454083,,path,,,,,,0.0,
718832787,,,stream,,,,,0.0,
718832786,,,stream,,,,,0.0,
718832787,,,stream,,,,,0.0,
25454082,,path,,,,,,0.0,"""bicycle""=>""permissive"",""foot""=>""yes"",""hiking""=>""yes"",""mtb:scale""=>""2"",""sac_scale""=>""mountain_hiking"",""smoothness""=>""excellent"",""surface""=>""ground"",""tracktype""=>""grade3"",""trail_visibility""=>""good"""
25454083,,path,,,,,,0.0,
718832786,,,stream,,,,,0.0,
25454082,,path,,,,,,0.0,"""bicycle""=>""permissive"",""foot""=>""yes"",""hiking""=>""yes"",""mtb:scale""=>""2"",""sac_scale""=>""mountain_hiking"",""smoothness""=>""excellent"",""surface""=>""ground"",""tracktype""=>""grade3"",""trail_visibility""=>""good"""
718832786,,,stream,,,,,0.0,
718832787,,,stream,,,,,0.0,
25454082,,path,,,,,,0.0,"""bicycle""=>""permissive"",""foot""=>""yes"",""hiking""=>""yes"",""mtb:scale""=>""2"",""sac_scale""=>""mountain_hiking"",""smoothness""=>""excellent"",""surface""=>""ground"",""tracktype""=>""grade3"",""trail_visibility""=>""good"""
718832786,,,stream,,,,,0.0,
718832787,,,stream,,,,,0.0,
25454082,,path,,,,,,0.0,"""bicycle""=>""permissive"",""foot""=>""yes"",""hiking""=>""yes"",""mtb:scale""=>""2"",""sac_scale""=>""mountain_hiking"",""smoothness""=>""excellent"",""surface""=>""ground"",""tracktype""=>""grade3"",""trail_visibility""=>""good"""
718832787,,,stream,,,,,0.0,
25454082,,path,,,,,,0.0,"""bicycle""=>""permissive"",""foot""=>""yes"",""hiking""=>""yes"",""mtb:scale""=>""2"",""sac_scale""=>""mountain_hiking"",""smoothness""=>""excellent"",""surface""=>""ground"",""tracktype""=>""grade3"",""trail_visibility""=>""good"""
25454082,,path,,,,,,0.0,"""bicycle""=>""permissive"",""foot""=>""yes"",""hiking""=>""yes"",""mtb:scale""=>""2"",""sac_scale""=>""mountain_hiking"",""smoothness""=>""excellent"",""surface""=>""ground"",""tracktype""=>""grade3"",""trail_visibility""=>""good"""
25454082,,path,,,,,,0.0,"""bicycle""=>""permissive"",""foot""=>""yes"",""hiking""=>""yes"",""mtb:scale""=>""2"",""sac_scale""=>""mountain_hiking"",""smoothness""=>""excellent"",""surface""=>""ground"",""tracktype""=>""grade3"",""trail_visibility""=>""good"""
25454082,,path,,,,,,0.0,"""bicycle""=>""permissive"",""foot""=>""yes"",""hiking""=>""yes"",""mtb:scale""=>""2"",""sac_scale""=>""mountain_hiking"",""smoothness""=>""excellent"",""surface""=>""ground"",""tracktype""=>""grade3"",""trail_visibility""=>""good"""
25454082,,path,,,,,,0.0,"""bicycle""=>""permissive"",""foot""=>""yes"",""hiking""=>""yes"",""mtb:scale""=>""2"",""sac_scale""=>""mountain_hiking"",""smoothness""=>""excellent"",""surface""=>""ground"",""tracktype""=>""grade3"",""trail_visibility""=>""good"""
25454082,,path,,,,,,0.0,"""bicycle""=>""permissive"",""foot""=>""yes"",""hiking""=>""yes"",""mtb:scale""=>""2"",""sac_scale""=>""mountain_hiking"",""smoothness""=>""excellent"",""surface""=>""ground"",""tracktype""=>""grade3"",""trail_visibility""=>""good"""
25454082,,path,,,,,,0.0,"""bicycle""=>""permissive"",""foot""=>""yes"",""hiking""=>""yes"",""mtb:scale""=>""2"",""sac_scale""=>""mountain_hiking"",""smoothness""=>""excellent"",""surface""=>""ground"",""tracktype""=>""grade3"",""trail_visibility""=>""good"""
25454082,,path,,,,,,0.0,"""bicycle""=>""permissive"",""foot""=>""yes"",""hiking""=>""yes"",""mtb:scale""=>""2"",""sac_scale""=>""mountain_hiking"",""smoothness""=>""excellent"",""surface""=>""ground"",""tracktype""=>""grade3"",""trail_visibility""=>""good"""
25454082,,path,,,,,,0.0,"""bicycle""=>""permissive"",""foot""=>""yes"",""hiking""=>""yes"",""mtb:scale""=>""2"",""sac_scale""=>""mountain_hiking"",""smoothness""=>""excellent"",""surface""=>""ground"",""tracktype""=>""grade3"",""trail_visibility""=>""good"""
25454082,,path,,,,,,0.0,"""bicycle""=>""permissive"",""foot""=>""yes"",""hiking""=>""yes"",""mtb:scale""=>""2"",""sac_scale""=>""mountain_hiking"",""smoothness""=>""excellent"",""surface""=>""ground"",""tracktype""=>""grade3"",""trail_visibility""=>""good"""
718832789,,,stream,,,,,0.0,
25454082,,path,,,,,,0.0,"""bicycle""=>""permissive"",""foot""=>""yes"",""hiking""=>""yes"",""mtb:scale""=>""2"",""sac_scale""=>""mountain_hiking"",""smoothness""=>""excellent"",""surface""=>""ground"",""tracktype""=>""grade3"",""trail_visibility""=>""good"""
25454082,,path,,,,,,0.0,"""bicycle""=>""permissive"",""foot""=>""yes"",""hiking""=>""yes"",""mtb:scale""=>""2"",""sac_scale""=>""mountain_hiking"",""smoothness""=>""excellent"",""surface""=>""ground"",""tracktype""=>""grade3"",""trail_visibility""=>""good"""
25454082,,path,,,,,,0.0,"""bicycle""=>""permissive"",""foot""=>""yes"",""hiking""=>""yes"",""mtb:scale""=>""2"",""sac_scale""=>""mountain_hiking"",""smoothness""=>""excellent"",""surface""=>""ground"",""tracktype""=>""grade3"",""trail_visibility""=>""good"""
25454082,,path,,,,,,0.0,"""bicycle""=>""permissive"",""foot""=>""yes"",""hiking""=>""yes"",""mtb:scale""=>""2"",""sac_scale""=>""mountain_hiking"",""smoothness""=>""excellent"",""surface""=>""ground"",""tracktype""=>""grade3"",""trail_visibility""=>""good"""
25454082,,path,,,,,,0.0,"""bicycle""=>""permissive"",""foot""=>""yes"",""hiking""=>""yes"",""mtb:scale""=>""2"",""sac_scale""=>""mountain_hiking"",""smoothness""=>""excellent"",""surface""=>""ground"",""tracktype""=>""grade3"",""trail_visibility""=>""good"""
25454082,,path,,,,,,0.0,"""bicycle""=>""permissive"",""foot""=>""yes"",""hiking""=>""yes"",""mtb:scale""=>""2"",""sac_scale""=>""mountain_hiking"",""smoothness""=>""excellent"",""surface""=>""ground"",""tracktype""=>""grade3"",""trail_visibility""=>""good"""
25454082,,path,,,,,,0.0,"""bicycle""=>""permissive"",""foot""=>""yes"",""hiking""=>""yes"",""mtb:scale""=>""2"",""sac_scale""=>""mountain_hiking"",""smoothness""=>""excellent"",""surface""=>""ground"",""tracktype""=>""grade3"",""trail_visibility""=>""good"""
25454082,,path,,,,,,0.0,"""bicycle""=>""permissive"",""foot""=>""yes"",""hiking""=>""yes"",""mtb:scale""=>""2"",""sac_scale""=>""mountain_hiking"",""smoothness""=>""excellent"",""surface""=>""ground"",""tracktype""=>""grade3"",""trail_visibility""=>""good"""
718832790,,,stream,,,,,0.0,
25454082,,path,,,,,,0.0,"""bicycle""=>""permissive"",""foot""=>""yes"",""hiking""=>""yes"",""mtb:scale""=>""2"",""sac_scale""=>""mountain_hiking"",""smoothness""=>""excellent"",""surface""=>""ground"",""tracktype""=>""grade3"",""trail_visibility""=>""good"""
718832790,,,stream,,,,,0.0,
25454082,,path,,,,,,0.0,"""bicycle""=>""permissive"",""foot""=>""yes"",""hiking""=>""yes"",""mtb:scale""=>""2"",""sac_scale""=>""mountain_hiking"",""smoothness""=>""excellent"",""surface""=>""ground"",""tracktype""=>""grade3"",""trail_visibility""=>""good"""
718832790,,,stream,,,,,0.0,
25454082,,path,,,,,,0.0,"""bicycle""=>""permissive"",""foot""=>""yes"",""hiking""=>""yes"",""mtb:scale""=>""2"",""sac_scale""=>""mountain_hiking"",""smoothness""=>""excellent"",""surface""=>""ground"",""tracktype""=>""grade3"",""trail_visibility""=>""good"""
718832790,,,stream,,,,,0.0,
25454082,,path,,,,,,0.0,"""bicycle""=>""permissive"",""foot""=>""yes"",""hiking""=>""yes"",""mtb:scale""=>""2"",""sac_scale""=>""mountain_hiking"",""smoothness""=>""excellent"",""surface""=>""ground"",""tracktype""=>""grade3"",""trail_visibility""=>""good"""
25454082,,path,,,,,,0.0,"""bicycle""=>""permissive"",""foot""=>""yes"",""hiking""=>""yes"",""mtb:scale""=>""2"",""sac_scale""=>""mountain_hiking"",""smoothness""=>""excellent"",""surface""=>""ground"",""tracktype""=>""grade3"",""trail_visibility""=>""good"""
718832790,,,stream,,,,,0.0,
25454082,,path,,,,,,0.0,"""bicycle""=>""permissive"",""foot""=>""yes"",""hiking""=>""yes"",""mtb:scale""=>""2"",""sac_scale""=>""mountain_hiking"",""smoothness""=>""excellent"",""surface""=>""ground"",""tracktype""=>""grade3"",""trail_visibility""=>""good"""
25454082,,path,,,,,,0.0,"""bicycle""=>""permissive"",""foot""=>""yes"",""hiking""=>""yes"",""mtb:scale""=>""2"",""sac_scale""=>""mountain_hiking"",""smoothness""=>""excellent"",""surface""=>""ground"",""tracktype""=>""grade3"",""trail_visibility""=>""good"""
25454082,,path,,,,,,0.0,"""bicycle""=>""permissive"",""foot""=>""yes"",""hiking""=>""yes"",""mtb:scale""=>""2"",""sac_scale""=>""mountain_hiking"",""smoothness""=>""excellent"",""surface""=>""ground"",""tracktype""=>""grade3"",""trail_visibility""=>""good"""
837019342,,path,,,,,,0.0,
25454082,,path,,,,,,0.0,"""bicycle""=>""permissive"",""foot""=>""yes"",""hiking""=>""yes"",""mtb:scale""=>""2"",""sac_scale""=>""mountain_hiking"",""smoothness""=>""excellent"",""surface""=>""ground"",""tracktype""=>""grade3"",""trail_visibility""=>""good"""
60738069,,path,,,,,,0.0,
718832790,,,stream,,,,,0.0,
837019342,,path,,,,,,0.0,
25454082,,path,,,,,,0.0,"""bicycle""=>""permissive"",""foot""=>""yes"",""hiking""=>""yes"",""mtb:scale""=>""2"",""sac_scale""=>""mountain_hiking"",""smoothness""=>""excellent"",""surface""=>""ground"",""tracktype""=>""grade3"",""trail_visibility""=>""good"""
60738069,,path,,,,,,0.0,
718832790,,,stream,,,,,0.0,
837019342,,path,,,,,,0.0,
25454082,,path,,,,,,0.0,"""bicycle""=>""permissive"",""foot""=>""yes"",""hiking""=>""yes"",""mtb:scale""=>""2"",""sac_scale""=>""mountain_hiking"",""smoothness""=>""excellent"",""surface""=>""ground"",""tracktype""=>""grade3"",""trail_visibility""=>""good"""
60738069,,path,,,,,,0.0,
837019342,,path,,,,,,0.0,
25454082,,path,,,,,,0.0,"""bicycle""=>""permissive"",""foot""=>""yes"",""hiking""=>""yes"",""mtb:scale""=>""2"",""sac_scale""=>""mountain_hiking"",""smoothness""=>""excellent"",""surface""=>""ground"",""tracktype""=>""grade3"",""trail_visibility""=>""good"""
60738069,,path,,,,,,0.0,
25454082,,path,,,,,,0.0,"""bicycle""=>""permissive"",""foot""=>""yes"",""hiking""=>""yes"",""mtb:scale""=>""2"",""sac_scale""=>""mountain_hiking"",""smoothness""=>""excellent"",""surface""=>""ground"",""tracktype""=>""grade3"",""trail_visibility""=>""good"""
25454082,,path,,,,,,0.0,"""bicycle""=>""permissive"",""foot""=>""yes"",""hiking""=>""yes"",""mtb:scale""=>""2"",""sac_scale""=>""mountain_hiking"",""smoothness""=>""excellent"",""surface""=>""ground"",""tracktype""=>""grade3"",""trail_visibility""=>""good"""
25454082,,path,,,,,,0.0,"""bicycle""=>""permissive"",""foot""=>""yes"",""hiking""=>""yes"",""mtb:scale""=>""2"",""sac_scale""=>""mountain_hiking"",""smoothness""=>""excellent"",""surface""=>""ground"",""tracktype""=>""grade3"",""trail_visibility""=>""good"""
25454082,,path,,,,,,0.0,"""bicycle""=>""permissive"",""foot""=>""yes"",""hiking""=>""yes"",""mtb:scale""=>""2"",""sac_scale""=>""mountain_hiking"",""smoothness""=>""excellent"",""surface""=>""ground"",""tracktype""=>""grade3"",""trail_visibility""=>""good"""
25454082,,path,,,,,,0.0,"""bicycle""=>""permissive"",""foot""=>""yes"",""hiking""=>""yes"",""mtb:scale""=>""2"",""sac_scale""=>""mountain_hiking"",""smoothness""=>""excellent"",""surface""=>""ground"",""tracktype""=>""grade3"",""trail_visibility""=>""good"""
25454082,,path,,,,,,0.0,"""bicycle""=>""permissive"",""foot""=>""yes"",""hiking""=>""yes"",""mtb:scale""=>""2"",""sac_scale""=>""mountain_hiking"",""smoothness""=>""excellent"",""surface""=>""ground"",""tracktype""=>""grade3"",""trail_visibility""=>""good"""
25454082,,path,,,,,,0.0,"""bicycle""=>""permissive"",""foot""=>""yes"",""hiking""=>""yes"",""mtb:scale""=>""2"",""sac_scale""=>""mountain_hiking"",""smoothness""=>""excellent"",""surface""=>""ground"",""tracktype""=>""grade3"",""trail_visibility""=>""good"""
25454082,,path,,,,,,0.0,"""bicycle""=>""permissive"",""foot""=>""yes"",""hiking""=>""yes"",""mtb:scale""=>""2"",""sac_scale""=>""mountain_hiking"",""smoothness""=>""excellent"",""surface""=>""ground"",""tracktype""=>""grade3"",""trail_visibility""=>""good"""
25454082,,path,,,,,,0.0,"""bicycle""=>""permissive"",""foot""=>""yes"",""hiking""=>""yes"",""mtb:scale""=>""2"",""sac_scale""=>""mountain_hiking"",""smoothness""=>""excellent"",""surface""=>""ground"",""tracktype""=>""grade3"",""trail_visibility""=>""good"""
25454082,,path,,,,,,0.0,"""bicycle""=>""permissive"",""foot""=>""yes"",""hiking""=>""yes"",""mtb:scale""=>""2"",""sac_scale""=>""mountain_hiking"",""smoothness""=>""excellent"",""surface""=>""ground"",""tracktype""=>""grade3"",""trail_visibility""=>""good"""
25454082,,path,,,,,,0.0,"""bicycle""=>""permissive"",""foot""=>""yes"",""hiking""=>""yes"",""mtb:scale""=>""2"",""sac_scale""=>""mountain_hiking"",""smoothness""=>""excellent"",""surface""=>""ground"",""tracktype""=>""grade3"",""trail_visibility""=>""good"""
25454082,,path,,,,,,0.0,"""bicycle""=>""permissive"",""foot""=>""yes"",""hiking""=>""yes"",""mtb:scale""=>""2"",""sac_scale""=>""mountain_hiking"",""smoothness""=>""excellent"",""surface""=>""ground"",""tracktype""=>""grade3"",""trail_visibility""=>""good"""
1144387619,,path,,,,,,0.0,
25454082,,path,,,,,,0.0,"""bicycle""=>""permissive"",""foot""=>""yes"",""hiking""=>""yes"",""mtb:scale""=>""2"",""sac_scale""=>""mountain_hiking"",""smoothness""=>""excellent"",""surface""=>""ground"",""tracktype""=>""grade3"",""trail_visibility""=>""good"""
1144387619,,path,,,,,,0.0,
25454082,,path,,,,,,0.0,"""bicycle""=>""permissive"",""foot""=>""yes"",""hiking""=>""yes"",""mtb:scale""=>""2"",""sac_scale""=>""mountain_hiking"",""smoothness""=>""excellent"",""surface""=>""ground"",""tracktype""=>""grade3"",""trail_visibility""=>""good"""
1144387619,,path,,,,,,0.0,
25454082,,path,,,,,,0.0,"""bicycle""=>""permissive"",""foot""=>""yes"",""hiking""=>""yes"",""mtb:scale""=>""2"",""sac_scale""=>""mountain_hiking"",""smoothness""=>""excellent"",""surface""=>""ground"",""tracktype""=>""grade3"",""trail_visibility""=>""good"""
1144387619,,path,,,,,,0.0,
25454082,,path,,,,,,0.0,"""bicycle""=>""permissive"",""foot""=>""yes"",""hiking""=>""yes"",""mtb:scale""=>""2"",""sac_scale""=>""mountain_hiking"",""smoothness""=>""excellent"",""surface""=>""ground"",""tracktype""=>""grade3"",""trail_visibility""=>""good"""
25454082,,path,,,,,,0.0,"""bicycle""=>""permissive"",""foot""=>""yes"",""hiking""=>""yes"",""mtb:scale""=>""2"",""sac_scale""=>""mountain_hiking"",""smoothness""=>""excellent"",""surface""=>""ground"",""tracktype""=>""grade3"",""trail_visibility""=>""good"""
25454082,,path,,,,,,0.0,"""bicycle""=>""permissive"",""foot""=>""yes"",""hiking""=>""yes"",""mtb:scale""=>""2"",""sac_scale""=>""mountain_hiking"",""smoothness""=>""excellent"",""surface""=>""ground"",""tracktype""=>""grade3"",""trail_visibility""=>""good"""
25454082,,path,,,,,,0.0,"""bicycle""=>""permissive"",""foot""=>""yes"",""hiking""=>""yes"",""mtb:scale""=>""2"",""sac_scale""=>""mountain_hiking"",""smoothness""=>""excellent"",""surface""=>""ground"",""tracktype""=>""grade3"",""trail_visibility""=>""good"""
25454082,,path,,,,,,0.0,"""bicycle""=>""permissive"",""foot""=>""yes"",""hiking""=>""yes"",""mtb:scale""=>""2"",""sac_scale""=>""mountain_hiking"",""smoothness""=>""excellent"",""surface""=>""ground"",""tracktype""=>""grade3"",""trail_visibility""=>""good"""
25454082,,path,,,,,,0.0,"""bicycle""=>""permissive"",""foot""=>""yes"",""hiking""=>""yes"",""mtb:scale""=>""2"",""sac_scale""=>""mountain_hiking"",""smoothness""=>""excellent"",""surface""=>""ground"",""tracktype""=>""grade3"",""trail_visibility""=>""good"""
25454082,,path,,,,,,0.0,"""bicycle""=>""permissive"",""foot""=>""yes"",""hiking""=>""yes"",""mtb:scale""=>""2"",""sac_scale""=>""mountain_hiking"",""smoothness""=>""excellent"",""surface""=>""ground"",""tracktype""=>""grade3"",""trail_visibility""=>""good"""
25454082,,path,,,,,,0.0,"""bicycle""=>""permissive"",""foot""=>""yes"",""hiking""=>""yes"",""mtb:scale""=>""2"",""sac_scale""=>""mountain_hiking"",""smoothness""=>""excellent"",""surface""=>""ground"",""tracktype""=>""grade3"",""trail_visibility""=>""good"""
25454082,,path,,,,,,0.0,"""bicycle""=>""permissive"",""foot""=>""yes"",""hiking""=>""yes"",""mtb:scale""=>""2"",""sac_scale""=>""mountain_hiking"",""smoothness""=>""excellent"",""surface""=>""ground"",""tracktype""=>""grade3"",""trail_visibility""=>""good"""
25454082,,path,,,,,,0.0,"""bicycle""=>""permissive"",""foot""=>""yes"",""hiking""=>""yes"",""mtb:scale""=>""2"",""sac_scale""=>""mountain_hiking"",""smoothness""=>""excellent"",""surface""=>""ground"",""tracktype""=>""grade3"",""trail_visibility""=>""good"""
25454082,,path,,,,,,0.0,"""bicycle""=>""permissive"",""foot""=>""yes"",""hiking""=>""yes"",""mtb:scale""=>""2"",""sac_scale""=>""mountain_hiking"",""smoothness""=>""excellent"",""surface""=>""ground"",""tracktype""=>""grade3"",""trail_visibility""=>""good"""
25454082,,path,,,,,,0.0,"""bicycle""=>""permissive"",""foot""=>""yes"",""hiking""=>""yes"",""mtb:scale""=>""2"",""sac_scale""=>""mountain_hiking"",""smoothness""=>""excellent"",""surface""=>""ground"",""tracktype""=>""grade3"",""trail_visibility""=>""good"""
25454082,,path,,,,,,0.0,"""bicycle""=>""permissive"",""foot""=>""yes"",""hiking""=>""yes"",""mtb:scale""=>""2"",""sac_scale""=>""mountain_hiking"",""smoothness""=>""excellent"",""surface""=>""ground"",""tracktype""=>""grade3"",""trail_visibility""=>""good"""
25454082,,path,,,,,,0.0,"""bicycle""=>""permissive"",""foot""=>""yes"",""hiking""=>""yes"",""mtb:scale""=>""2"",""sac_scale""=>""mountain_hiking"",""smoothness""=>""excellent"",""surface""=>""ground"",""tracktype""=>""grade3"",""trail_visibility""=>""good"""
25454082,,path,,,,,,0.0,"""bicycle""=>""permissive"",""foot""=>""yes"",""hiking""=>""yes"",""mtb:scale""=>""2"",""sac_scale""=>""mountain_hiking"",""smoothness""=>""excellent"",""surface""=>""ground"",""tracktype""=>""grade3"",""trail_visibility""=>""good"""
25454082,,path,,,,,,0.0,"""bicycle""=>""permissive"",""foot""=>""yes"",""hiking""=>""yes"",""mtb:scale""=>""2"",""sac_scale""=>""mountain_hiking"",""smoothness""=>""excellent"",""surface""=>""ground"",""tracktype""=>""grade3"",""trail_visibility""=>""good"""
25454082,,path,,,,,,0.0,"""bicycle""=>""permissive"",""foot""=>""yes"",""hiking""=>""yes"",""mtb:scale""=>""2"",""sac_scale""=>""mountain_hiking"",""smoothness""=>""excellent"",""surface""=>""ground"",""tracktype""=>""grade3"",""trail_visibility""=>""good"""
25454082,,path,,,,,,0.0,"""bicycle""=>""permissive"",""foot""=>""yes"",""hiking""=>""yes"",""mtb:scale""=>""2"",""sac_scale""=>""mountain_hiking"",""smoothness""=>""excellent"",""surface""=>""ground"",""tracktype""=>""grade3"",""trail_visibility""=>""good"""
25454082,,path,,,,,,0.0,"""bicycle""=>""permissive"",""foot""=>""yes"",""hiking""=>""yes"",""mtb:scale""=>""2"",""sac_scale""=>""mountain_hiking"",""smoothness""=>""excellent"",""surface""=>""ground"",""tracktype""=>""grade3"",""trail_visibility""=>""good"""
25454082,,path,,,,,,0.0,"""bicycle""=>""permissive"",""foot""=>""yes"",""hiking""=>""yes"",""mtb:scale""=>""2"",""sac_scale""=>""mountain_hiking"",""smoothness""=>""excellent"",""surface""=>""ground"",""tracktype""=>""grade3"",""trail_visibility""=>""good"""
25454082,,path,,,,,,0.0,"""bicycle""=>""permissive"",""foot""=>""yes"",""hiking""=>""yes"",""mtb:scale""=>""2"",""sac_scale""=>""mountain_hiking"",""smoothness""=>""excellent"",""surface""=>""ground"",""tracktype""=>""grade3"",""trail_visibility""=>""good"""
25454082,,path,,,,,,0.0,"""bicycle""=>""permissive"",""foot""=>""yes"",""hiking""=>""yes"",""mtb:scale""=>""2"",""sac_scale""=>""mountain_hiking"",""smoothness""=>""excellent"",""surface""=>""ground"",""tracktype""=>""grade3"",""trail_visibility""=>""good"""
25454082,,path,,,,,,0.0,"""bicycle""=>""permissive"",""foot""=>""yes"",""hiking""=>""yes"",""mtb:scale""=>""2"",""sac_scale""=>""mountain_hiking"",""smoothness""=>""excellent"",""surface""=>""ground"",""tracktype""=>""grade3"",""trail_visibility""=>""good"""
25454082,,path,,,,,,0.0,"""bicycle""=>""permissive"",""foot""=>""yes"",""hiking""=>""yes"",""mtb:scale""=>""2"",""sac_scale""=>""mountain_hiking"",""smoothness""=>""excellent"",""surface""=>""ground"",""tracktype""=>""grade3"",""trail_visibility""=>""good"""
25454082,,path,,,,,,0.0,"""bicycle""=>""permissive"",""foot""=>""yes"",""hiking""=>""yes"",""mtb:scale""=>""2"",""sac_scale""=>""mountain_hiking"",""smoothness""=>""excellent"",""surface""=>""ground"",""tracktype""=>""grade3"",""trail_visibility""=>""good"""
25454082,,path,,,,,,0.0,"""bicycle""=>""permissive"",""foot""=>""yes"",""hiking""=>""yes"",""mtb:scale""=>""2"",""sac_scale""=>""mountain_hiking"",""smoothness""=>""excellent"",""surface""=>""ground"",""tracktype""=>""grade3"",""trail_visibility""=>""good"""
25454082,,path,,,,,,0.0,"""bicycle""=>""permissive"",""foot""=>""yes"",""hiking""=>""yes"",""mtb:scale""=>""2"",""sac_scale""=>""mountain_hiking"",""smoothness""=>""excellent"",""surface""=>""ground"",""tracktype""=>""grade3"",""trail_visibility""=>""good"""
25454082,,path,,,,,,0.0,"""bicycle""=>""permissive"",""foot""=>""yes"",""hiking""=>""yes"",""mtb:scale""=>""2"",""sac_scale""=>""mountain_hiking"",""smoothness""=>""excellent"",""surface""=>""ground"",""tracktype""=>""grade3"",""trail_visibility""=>""good"""
25454082,,path,,,,,,0.0,"""bicycle""=>""permissive"",""foot""=>""yes"",""hiking""=>""yes"",""mtb:scale""=>""2"",""sac_scale""=>""mountain_hiking"",""smoothness""=>""excellent"",""surface""=>""ground"",""tracktype""=>""grade3"",""trail_visibility""=>""good"""
25454082,,path,,,,,,0.0,"""bicycle""=>""permissive"",""foot""=>""yes"",""hiking""=>""yes"",""mtb:scale""=>""2"",""sac_scale""=>""mountain_hiking"",""smoothness""=>""excellent"",""surface""=>""ground"",""tracktype""=>""grade3"",""trail_visibility""=>""good"""
25454082,,path,,,,,,0.0,"""bicycle""=>""permissive"",""foot""=>""yes"",""hiking""=>""yes"",""mtb:scale""=>""2"",""sac_scale""=>""mountain_hiking"",""smoothness""=>""excellent"",""surface""=>""ground"",""tracktype""=>""grade3"",""trail_visibility""=>""good"""
25454082,,path,,,,,,0.0,"""bicycle""=>""permissive"",""foot""=>""yes"",""hiking""=>""yes"",""mtb:scale""=>""2"",""sac_scale""=>""mountain_hiking"",""smoothness""=>""excellent"",""surface""=>""ground"",""tracktype""=>""grade3"",""trail_visibility""=>""good"""
25454082,,path,,,,,,0.0,"""bicycle""=>""permissive"",""foot""=>""yes"",""hiking""=>""yes"",""mtb:scale""=>""2"",""sac_scale""=>""mountain_hiking"",""smoothness""=>""excellent"",""surface""=>""ground"",""tracktype""=>""grade3"",""trail_visibility""=>""good"""
25454082,,path,,,,,,0.0,"""bicycle""=>""permissive"",""foot""=>""yes"",""hiking""=>""yes"",""mtb:scale""=>""2"",""sac_scale""=>""mountain_hiking"",""smoothness""=>""excellent"",""surface""=>""ground"",""tracktype""=>""grade3"",""trail_visibility""=>""good"""
25454082,,path,,,,,,0.0,"""bicycle""=>""permissive"",""foot""=>""yes"",""hiking""=>""yes"",""mtb:scale""=>""2"",""sac_scale""=>""mountain_hiking"",""smoothness""=>""excellent"",""surface""=>""ground"",""tracktype""=>""grade3"",""trail_visibility""=>""good"""
25454082,,path,,,,,,0.0,"""bicycle""=>""permissive"",""foot""=>""yes"",""hiking""=>""yes"",""mtb:scale""=>""2"",""sac_scale""=>""mountain_hiking"",""smoothness""=>""excellent"",""surface""=>""ground"",""tracktype""=>""grade3"",""trail_visibility""=>""good"""
25454082,,path,,,,,,0.0,"""bicycle""=>""permissive"",""foot""=>""yes"",""hiking""=>""yes"",""mtb:scale""=>""2"",""sac_scale""=>""mountain_hiking"",""smoothness""=>""excellent"",""surface""=>""ground"",""tracktype""=>""grade3"",""trail_visibility""=>""good"""
25454082,,path,,,,,,0.0,"""bicycle""=>""permissive"",""foot""=>""yes"",""hiking""=>""yes"",""mtb:scale""=>""2"",""sac_scale""=>""mountain_hiking"",""smoothness""=>""excellent"",""surface""=>""ground"",""tracktype""=>""grade3"",""trail_visibility""=>""good"""
25454082,,path,,,,,,0.0,"""bicycle""=>""permissive"",""foot""=>""yes"",""hiking""=>""yes"",""mtb:scale""=>""2"",""sac_scale""=>""mountain_hiking"",""smoothness""=>""excellent"",""surface""=>""ground"",""tracktype""=>""grade3"",""trail_visibility""=>""good"""
25454082,,path,,,,,,0.0,"""bicycle""=>""permissive"",""foot""=>""yes"",""hiking""=>""yes"",""mtb:scale""=>""2"",""sac_scale""=>""mountain_hiking"",""smoothness""=>""excellent"",""surface""=>""ground"",""tracktype""=>""grade3"",""trail_visibility""=>""good"""
25454082,,path,,,,,,0.0,"""bicycle""=>""permissive"",""foot""=>""yes"",""hiking""=>""yes"",""mtb:scale""=>""2"",""sac_scale""=>""mountain_hiking"",""smoothness""=>""excellent"",""surface""=>""ground"",""tracktype""=>""grade3"",""trail_visibility""=>""good"""
25454082,,path,,,,,,0.0,"""bicycle""=>""permissive"",""foot""=>""yes"",""hiking""=>""yes"",""mtb:scale""=>""2"",""sac_scale""=>""mountain_hiking"",""smoothness""=>""excellent"",""surface""=>""ground"",""tracktype""=>""grade3"",""trail_visibility""=>""good"""
25454082,,path,,,,,,0.0,"""bicycle""=>""permissive"",""foot""=>""yes"",""hiking""=>""yes"",""mtb:scale""=>""2"",""sac_scale""=>""mountain_hiking"",""smoothness""=>""excellent"",""surface""=>""ground"",""tracktype""=>""grade3"",""trail_visibility""=>""good"""
25454082,,path,,,,,,0.0,"""bicycle""=>""permissive"",""foot""=>""yes"",""hiking""=>""yes"",""mtb:scale""=>""2"",""sac_scale""=>""mountain_hiking"",""smoothness""=>""excellent"",""surface""=>""ground"",""tracktype""=>""grade3"",""trail_visibility""=>""good"""
25454082,,path,,,,,,0.0,"""bicycle""=>""permissive"",""foot""=>""yes"",""hiking""=>""yes"",""mtb:scale""=>""2"",""sac_scale""=>""mountain_hiking"",""smoothness""=>""excellent"",""surface""=>""ground"",""tracktype""=>""grade3"",""trail_visibility""=>""good"""
25454082,,path,,,,,,0.0,"""bicycle""=>""permissive"",""foot""=>""yes"",""hiking""=>""yes"",""mtb:scale""=>""2"",""sac_scale""=>""mountain_hiking"",""smoothness""=>""excellent"",""surface""=>""ground"",""tracktype""=>""grade3"",""trail_visibility""=>""good"""
25454082,,path,,,,,,0.0,"""bicycle""=>""permissive"",""foot""=>""yes"",""hiking""=>""yes"",""mtb:scale""=>""2"",""sac_scale""=>""mountain_hiking"",""smoothness""=>""excellent"",""surface""=>""ground"",""tracktype""=>""grade3"",""trail_visibility""=>""good"""
25454082,,path,,,,,,0.0,"""bicycle""=>""permissive"",""foot""=>""yes"",""hiking""=>""yes"",""mtb:scale""=>""2"",""sac_scale""=>""mountain_hiking"",""smoothness""=>""excellent"",""surface""=>""ground"",""tracktype""=>""grade3"",""trail_visibility""=>""good"""
25454082,,path,,,,,,0.0,"""bicycle""=>""permissive"",""foot""=>""yes"",""hiking""=>""yes"",""mtb:scale""=>""2"",""sac_scale""=>""mountain_hiking"",""smoothness""=>""excellent"",""surface""=>""ground"",""tracktype""=>""grade3"",""trail_visibility""=>""good"""
25454082,,path,,,,,,0.0,"""bicycle""=>""permissive"",""foot""=>""yes"",""hiking""=>""yes"",""mtb:scale""=>""2"",""sac_scale""=>""mountain_hiking"",""smoothness""=>""excellent"",""surface""=>""ground"",""tracktype""=>""grade3"",""trail_visibility""=>""good"""
25454082,,path,,,,,,0.0,"""bicycle""=>""permissive"",""foot""=>""yes"",""hiking""=>""yes"",""mtb:scale""=>""2"",""sac_scale""=>""mountain_hiking"",""smoothness""=>""excellent"",""surface""=>""ground"",""tracktype""=>""grade3"",""trail_visibility""=>""good"""
25454082,,path,,,,,,0.0,"""bicycle""=>""permissive"",""foot""=>""yes"",""hiking""=>""yes"",""mtb:scale""=>""2"",""sac_scale""=>""mountain_hiking"",""smoothness""=>""excellent"",""surface""=>""ground"",""tracktype""=>""grade3"",""trail_visibility""=>""good"""
25454082,,path,,,,,,0.0,"""bicycle""=>""permissive"",""foot""=>""yes"",""hiking""=>""yes"",""mtb:scale""=>""2"",""sac_scale""=>""mountain_hiking"",""smoothness""=>""excellent"",""surface""=>""ground"",""tracktype""=>""grade3"",""trail_visibility""=>""good"""
25454082,,path,,,,,,0.0,"""bicycle""=>""permissive"",""foot""=>""yes"",""hiking""=>""yes"",""mtb:scale""=>""2"",""sac_scale""=>""mountain_hiking"",""smoothness""=>""excellent"",""surface""=>""ground"",""tracktype""=>""grade3"",""trail_visibility""=>""good"""
25454082,,path,,,,,,0.0,"""bicycle""=>""permissive"",""foot""=>""yes"",""hiking""=>""yes"",""mtb:scale""=>""2"",""sac_scale""=>""mountain_hiking"",""smoothness""=>""excellent"",""surface""=>""ground"",""tracktype""=>""grade3"",""trail_visibility""=>""good"""
25454082,,path,,,,,,0.0,"""bicycle""=>""permissive"",""foot""=>""yes"",""hiking""=>""yes"",""mtb:scale""=>""2"",""sac_scale""=>""mountain_hiking"",""smoothness""=>""excellent"",""surface""=>""ground"",""tracktype""=>""grade3"",""trail_visibility""=>""good"""
25454082,,path,,,,,,0.0,"""bicycle""=>""permissive"",""foot""=>""yes"",""hiking""=>""yes"",""mtb:scale""=>""2"",""sac_scale""=>""mountain_hiking"",""smoothness""=>""excellent"",""surface""=>""ground"",""tracktype""=>""grade3"",""trail_visibility""=>""good"""
60739040,,path,,,,,,0.0,"""sac_scale""=>""mountain_hiking"""
453977385,,path,,,,,,0.0,"""bicycle""=>""permissive"",""foot""=>""yes"",""hiking""=>""yes"",""mtb:scale""=>""2"",""sac_scale""=>""mountain_hiking"",""smoothness""=>""excellent"",""surface""=>""ground"",""tracktype""=>""grade3"",""trail_visibility""=>""good"""
25454082,,path,,,,,,0.0,"""bicycle""=>""permissive"",""foot""=>""yes"",""hiking""=>""yes"",""mtb:scale""=>""2"",""sac_scale""=>""mountain_hiking"",""smoothness""=>""excellent"",""surface""=>""ground"",""tracktype""=>""grade3"",""trail_visibility""=>""good"""
160738809,,path,,,,,,0.0,"""bicycle""=>""permissive"",""foot""=>""yes"",""hiking""=>""yes"",""mtb:scale""=>""2"",""sac_scale""=>""mountain_hiking"",""smoothness""=>""excellent"",""surface""=>""ground"",""tracktype""=>""grade3"",""trail_visibility""=>""good"""
60739040,,path,,,,,,0.0,"""sac_scale""=>""mountain_hiking"""
636750043,,path,,,,,,0.0,"""trail_visibility""=>""intermediate"""
453977385,,path,,,,,,0.0,"""bicycle""=>""permissive"",""foot""=>""yes"",""hiking""=>""yes"",""mtb:scale""=>""2"",""sac_scale""=>""mountain_hiking"",""smoothness""=>""excellent"",""surface""=>""ground"",""tracktype""=>""grade3"",""trail_visibility""=>""good"""
25454082,,path,,,,,,0.0,"""bicycle""=>""permissive"",""foot""=>""yes"",""hiking""=>""yes"",""mtb:scale""=>""2"",""sac_scale""=>""mountain_hiking"",""smoothness""=>""excellent"",""surface""=>""ground"",""tracktype""=>""grade3"",""trail_visibility""=>""good"""
160738809,,path,,,,,,0.0,"""bicycle""=>""permissive"",""foot""=>""yes"",""hiking""=>""yes"",""mtb:scale""=>""2"",""sac_scale""=>""mountain_hiking"",""smoothness""=>""excellent"",""surface""=>""ground"",""tracktype""=>""grade3"",""trail_visibility""=>""good"""
60739040,,path,,,,,,0.0,"""sac_scale""=>""mountain_hiking"""
453977385,,path,,,,,,0.0,"""bicycle""=>""permissive"",""foot""=>""yes"",""hiking""=>""yes"",""mtb:scale""=>""2"",""sac_scale""=>""mountain_hiking"",""smoothness""=>""excellent"",""surface""=>""ground"",""tracktype""=>""grade3"",""trail_visibility""=>""good"""
25454082,,path,,,,,,0.0,"""bicycle""=>""permissive"",""foot""=>""yes"",""hiking""=>""yes"",""mtb:scale""=>""2"",""sac_scale""=>""mountain_hiking"",""smoothness""=>""excellent"",""surface""=>""ground"",""tracktype""=>""grade3"",""trail_visibility""=>""good"""
160738809,,path,,,,,,0.0,"""bicycle""=>""permissive"",""foot""=>""yes"",""hiking""=>""yes"",""mtb:scale""=>""2"",""sac_scale""=>""mountain_hiking"",""smoothness""=>""excellent"",""surface""=>""ground"",""tracktype""=>""grade3"",""trail_visibility""=>""good"""
160738809,,path,,,,,,0.0,"""bicycle""=>""permissive"",""foot""=>""yes"",""hiking""=>""yes"",""mtb:scale""=>""2"",""sac_scale""=>""mountain_hiking"",""smoothness""=>""excellent"",""surface""=>""ground"",""tracktype""=>""grade3"",""trail_visibility""=>""good"""
160738809,,path,,,,,,0.0,"""bicycle""=>""permissive"",""foot""=>""yes"",""hiking""=>""yes"",""mtb:scale""=>""2"",""sac_scale""=>""mountain_hiking"",""smoothness""=>""excellent"",""surface""=>""ground"",""tracktype""=>""grade3"",""trail_visibility""=>""good"""
160738809,,path,,,,,,0.0,"""bicycle""=>""permissive"",""foot""=>""yes"",""hiking""=>""yes"",""mtb:scale""=>""2"",""sac_scale""=>""mountain_hiking"",""smoothness""=>""excellent"",""surface""=>""ground"",""tracktype""=>""grade3"",""trail_visibility""=>""good"""
,,,,,,,,,
453977385,,path,,,,,,0.0,"""bicycle""=>""permissive"",""foot""=>""yes"",""hiking""=>""yes"",""mtb:scale""=>""2"",""sac_scale""=>""mountain_hiking"",""smoothness""=>""excellent"",""surface""=>""ground"",""tracktype""=>""grade3"",""trail_visibility""=>""good"""
453977385,,path,,,,,,0.0,"""bicycle""=>""permissive"",""foot""=>""yes"",""hiking""=>""yes"",""mtb:scale""=>""2"",""sac_scale""=>""mountain_hiking"",""smoothness""=>""excellent"",""surface""=>""ground"",""tracktype""=>""grade3"",""trail_visibility""=>""good"""
453977385,,path,,,,,,0.0,"""bicycle""=>""permissive"",""foot""=>""yes"",""hiking""=>""yes"",""mtb:scale""=>""2"",""sac_scale""=>""mountain_hiking"",""smoothness""=>""excellent"",""surface""=>""ground"",""tracktype""=>""grade3"",""trail_visibility""=>""good"""
453977385,,path,,,,,,0.0,"""bicycle""=>""permissive"",""foot""=>""yes"",""hiking""=>""yes"",""mtb:scale""=>""2"",""sac_scale""=>""mountain_hiking"",""smoothness""=>""excellent"",""surface""=>""ground"",""tracktype""=>""grade3"",""trail_visibility""=>""good"""
,,,,,,,,,
,,,,,,,,,
,,,,,,,,,
,,,,,,,,,
,,,,,,,,,
636750043,,path,,,,,,0.0,"""trail_visibility""=>""intermediate"""
636750043,,path,,,,,,0.0,"""trail_visibility""=>""intermediate"""
113824071,,,,,,,,0.0,"""admin_level""=>""7"",""boundary""=>""administrative"",""name:left""=>""Pieve Tesino"",""name:right""=>""Castello-Molina di Fiemme"""
453977385,,path,,,,,,0.0,"""bicycle""=>""permissive"",""foot""=>""yes"",""hiking""=>""yes"",""mtb:scale""=>""2"",""sac_scale""=>""mountain_hiking"",""smoothness""=>""excellent"",""surface""=>""ground"",""tracktype""=>""grade3"",""trail_visibility""=>""good"""
453977385,,path,,,,,,0.0,"""bicycle""=>""permissive"",""foot""=>""yes"",""hiking""=>""yes"",""mtb:scale""=>""2"",""sac_scale""=>""mountain_hiking"",""smoothness""=>""excellent"",""surface""=>""ground"",""tracktype""=>""grade3"",""trail_visibility""=>""good"""
113824071,,,,,,,,0.0,"""admin_level""=>""7"",""boundary""=>""administrative"",""name:left""=>""Pieve Tesino"",""name:right""=>""Castello-Molina di Fiemme"""
453977385,,path,,,,,,0.0,"""bicycle""=>""permissive"",""foot""=>""yes"",""hiking""=>""yes"",""mtb:scale""=>""2"",""sac_scale""=>""mountain_hiking"",""smoothness""=>""excellent"",""surface""=>""ground"",""tracktype""=>""grade3"",""trail_visibility""=>""good"""
113824071,,,,,,,,0.0,"""admin_level""=>""7"",""boundary""=>""administrative"",""name:left""=>""Pieve Tesino"",""name:right""=>""Castello-Molina di Fiemme"""
453977385,,path,,,,,,0.0,"""bicycle""=>""permissive"",""foot""=>""yes"",""hiking""=>""yes"",""mtb:scale""=>""2"",""sac_scale""=>""mountain_hiking"",""smoothness""=>""excellent"",""surface""=>""ground"",""tracktype""=>""grade3"",""trail_visibility""=>""good"""
113824071,,,,,,,,0.0,"""admin_level""=>""7"",""boundary""=>""administrative"",""name:left""=>""Pieve Tesino"",""name:right""=>""Castello-Molina di Fiemme"""
453977385,,path,,,,,,0.0,"""bicycle""=>""permissive"",""foot""=>""yes"",""hiking""=>""yes"",""mtb:scale""=>""2"",""sac_scale""=>""mountain_hiking"",""smoothness""=>""excellent"",""surface""=>""ground"",""tracktype""=>""grade3"",""trail_visibility""=>""good"""
453977385,,path,,,,,,0.0,"""bicycle""=>""permissive"",""foot""=>""yes"",""hiking""=>""yes"",""mtb:scale""=>""2"",""sac_scale""=>""mountain_hiking"",""smoothness""=>""excellent"",""surface""=>""ground"",""tracktype""=>""grade3"",""trail_visibility""=>""good"""
453977385,,path,,,,,,0.0,"""bicycle""=>""permissive"",""foot""=>""yes"",""hiking""=>""yes"",""mtb:scale""=>""2"",""sac_scale""=>""mountain_hiking"",""smoothness""=>""excellent"",""surface""=>""ground"",""tracktype""=>""grade3"",""trail_visibility""=>""good"""
453977385,,path,,,,,,0.0,"""bicycle""=>""permissive"",""foot""=>""yes"",""hiking""=>""yes"",""mtb:scale""=>""2"",""sac_scale""=>""mountain_hiking"",""smoothness""=>""excellent"",""surface""=>""ground"",""tracktype""=>""grade3"",""trail_visibility""=>""good"""
453977385,,path,,,,,,0.0,"""bicycle""=>""permissive"",""foot""=>""yes"",""hiking""=>""yes"",""mtb:scale""=>""2"",""sac_scale""=>""mountain_hiking"",""smoothness""=>""excellent"",""surface""=>""ground"",""tracktype""=>""grade3"",""trail_visibility""=>""good"""
453977385,,path,,,,,,0.0,"""bicycle""=>""permissive"",""foot""=>""yes"",""hiking""=>""yes"",""mtb:scale""=>""2"",""sac_scale""=>""mountain_hiking"",""smoothness""=>""excellent"",""surface""=>""ground"",""tracktype""=>""grade3"",""trail_visibility""=>""good"""
453977385,,path,,,,,,0.0,"""bicycle""=>""permissive"",""foot""=>""yes"",""hiking""=>""yes"",""mtb:scale""=>""2"",""sac_scale""=>""mountain_hiking"",""smoothness""=>""excellent"",""surface""=>""ground"",""tracktype""=>""grade3"",""trail_visibility""=>""good"""
453977385,,path,,,,,,0.0,"""bicycle""=>""permissive"",""foot""=>""yes"",""hiking""=>""yes"",""mtb:scale""=>""2"",""sac_scale""=>""mountain_hiking"",""smoothness""=>""excellent"",""surface""=>""ground"",""tracktype""=>""grade3"",""trail_visibility""=>""good"""
453977385,,path,,,,,,0.0,"""bicycle""=>""permissive"",""foot""=>""yes"",""hiking""=>""yes"",""mtb:scale""=>""2"",""sac_scale""=>""mountain_hiking"",""smoothness""=>""excellent"",""surface""=>""ground"",""tracktype""=>""grade3"",""trail_visibility""=>""good"""
453977385,,path,,,,,,0.0,"""bicycle""=>""permissive"",""foot""=>""yes"",""hiking""=>""yes"",""mtb:scale""=>""2"",""sac_scale""=>""mountain_hiking"",""smoothness""=>""excellent"",""surface""=>""ground"",""tracktype""=>""grade3"",""trail_visibility""=>""good"""
453977385,,path,,,,,,0.0,"""bicycle""=>""permissive"",""foot""=>""yes"",""hiking""=>""yes"",""mtb:scale""=>""2"",""sac_scale""=>""mountain_hiking"",""smoothness""=>""excellent"",""surface""=>""ground"",""tracktype""=>""grade3"",""trail_visibility""=>""good"""
453977385,,path,,,,,,0.0,"""bicycle""=>""permissive"",""foot""=>""yes"",""hiking""=>""yes"",""mtb:scale""=>""2"",""sac_scale""=>""mountain_hiking"",""smoothness""=>""excellent"",""surface""=>""ground"",""tracktype""=>""grade3"",""trail_visibility""=>""good"""
453977385,,path,,,,,,0.0,"""bicycle""=>""permissive"",""foot""=>""yes"",""hiking""=>""yes"",""mtb:scale""=>""2"",""sac_scale""=>""mountain_hiking"",""smoothness""=>""excellent"",""surface""=>""ground"",""tracktype""=>""grade3"",""trail_visibility""=>""good"""
453977385,,path,,,,,,0.0,"""bicycle""=>""permissive"",""foot""=>""yes"",""hiking""=>""yes"",""mtb:scale""=>""2"",""sac_scale""=>""mountain_hiking"",""smoothness""=>""excellent"",""surface""=>""ground"",""tracktype""=>""grade3"",""trail_visibility""=>""good"""
695665153,,path,,,,,,0.0,"""trail_visibility""=>""horrible"""
453977385,,path,,,,,,0.0,"""bicycle""=>""permissive"",""foot""=>""yes"",""hiking""=>""yes"",""mtb:scale""=>""2"",""sac_scale""=>""mountain_hiking"",""smoothness""=>""excellent"",""surface""=>""ground"",""tracktype""=>""grade3"",""trail_visibility""=>""good"""
695665153,,path,,,,,,0.0,"""trail_visibility""=>""horrible"""
453977385,,path,,,,,,0.0,"""bicycle""=>""permissive"",""foot""=>""yes"",""hiking""=>""yes"",""mtb:scale""=>""2"",""sac_scale""=>""mountain_hiking"",""smoothness""=>""excellent"",""surface""=>""ground"",""tracktype""=>""grade3"",""trail_visibility""=>""good"""
695665153,,path,,,,,,0.0,"""trail_visibility""=>""horrible"""
,,,,,,,,,
,,,,,,,,,
453977385,,path,,,,,,0.0,"""bicycle""=>""permissive"",""foot""=>""yes"",""hiking""=>""yes"",""mtb:scale""=>""2"",""sac_scale""=>""mountain_hiking"",""smoothness""=>""excellent"",""surface""=>""ground"",""tracktype""=>""grade3"",""trail_visibility""=>""good"""
453977385,,path,,,,,,0.0,"""bicycle""=>""permissive"",""foot""=>""yes"",""hiking""=>""yes"",""mtb:scale""=>""2"",""sac_scale""=>""mountain_hiking"",""smoothness""=>""excellent"",""surface""=>""ground"",""tracktype""=>""grade3"",""trail_visibility""=>""good"""
453977385,,path,,,,,,0.0,"""bicycle""=>""permissive"",""foot""=>""yes"",""hiking""=>""yes"",""mtb:scale""=>""2"",""sac_scale""=>""mountain_hiking"",""smoothness""=>""excellent"",""surface""=>""ground"",""tracktype""=>""grade3"",""trail_visibility""=>""good"""
453977385,,path,,,,,,0.0,"""bicycle""=>""permissive"",""foot""=>""yes"",""hiking""=>""yes"",""mtb:scale""=>""2"",""sac_scale""=>""mountain_hiking"",""smoothness""=>""excellent"",""surface""=>""ground"",""tracktype""=>""grade3"",""trail_visibility""=>""good"""
453977385,,path,,,,,,0.0,"""bicycle""=>""permissive"",""foot""=>""yes"",""hiking""=>""yes"",""mtb:scale""=>""2"",""sac_scale""=>""mountain_hiking"",""smoothness""=>""excellent"",""surface""=>""ground"",""tracktype""=>""grade3"",""trail_visibility""=>""good"""
453977385,,path,,,,,,0.0,"""bicycle""=>""permissive"",""foot""=>""yes"",""hiking""=>""yes"",""mtb:scale""=>""2"",""sac_scale""=>""mountain_hiking"",""smoothness""=>""excellent"",""surface""=>""ground"",""tracktype""=>""grade3"",""trail_visibility""=>""good"""
453977385,,path,,,,,,0.0,"""bicycle""=>""permissive"",""foot""=>""yes"",""hiking""=>""yes"",""mtb:scale""=>""2"",""sac_scale""=>""mountain_hiking"",""smoothness""=>""excellent"",""surface""=>""ground"",""tracktype""=>""grade3"",""trail_visibility""=>""good"""
453977385,,path,,,,,,0.0,"""bicycle""=>""permissive"",""foot""=>""yes"",""hiking""=>""yes"",""mtb:scale""=>""2"",""sac_scale""=>""mountain_hiking"",""smoothness""=>""excellent"",""surface""=>""ground"",""tracktype""=>""grade3"",""trail_visibility""=>""good"""
453977385,,path,,,,,,0.0,"""bicycle""=>""permissive"",""foot""=>""yes"",""hiking""=>""yes"",""mtb:scale""=>""2"",""sac_scale""=>""mountain_hiking"",""smoothness""=>""excellent"",""surface""=>""ground"",""tracktype""=>""grade3"",""trail_visibility""=>""good"""
453977385,,path,,,,,,0.0,"""bicycle""=>""permissive"",""foot""=>""yes"",""hiking""=>""yes"",""mtb:scale""=>""2"",""sac_scale""=>""mountain_hiking"",""smoothness""=>""excellent"",""surface""=>""ground"",""tracktype""=>""grade3"",""trail_visibility""=>""good"""
453977385,,path,,,,,,0.0,"""bicycle""=>""permissive"",""foot""=>""yes"",""hiking""=>""yes"",""mtb:scale""=>""2"",""sac_scale""=>""mountain_hiking"",""smoothness""=>""excellent"",""surface""=>""ground"",""tracktype""=>""grade3"",""trail_visibility""=>""good"""
453977385,,path,,,,,,0.0,"""bicycle""=>""permissive"",""foot""=>""yes"",""hiking""=>""yes"",""mtb:scale""=>""2"",""sac_scale""=>""mountain_hiking"",""smoothness""=>""excellent"",""surface""=>""ground"",""tracktype""=>""grade3"",""trail_visibility""=>""good"""
453977385,,path,,,,,,0.0,"""bicycle""=>""permissive"",""foot""=>""yes"",""hiking""=>""yes"",""mtb:scale""=>""2"",""sac_scale""=>""mountain_hiking"",""smoothness""=>""excellent"",""surface""=>""ground"",""tracktype""=>""grade3"",""trail_visibility""=>""good"""
453977385,,path,,,,,,0.0,"""bicycle""=>""permissive"",""foot""=>""yes"",""hiking""=>""yes"",""mtb:scale""=>""2"",""sac_scale""=>""mountain_hiking"",""smoothness""=>""excellent"",""surface""=>""ground"",""tracktype""=>""grade3"",""trail_visibility""=>""good"""
453977385,,path,,,,,,0.0,"""bicycle""=>""permissive"",""foot""=>""yes"",""hiking""=>""yes"",""mtb:scale""=>""2"",""sac_scale""=>""mountain_hiking"",""smoothness""=>""excellent"",""surface""=>""ground"",""tracktype""=>""grade3"",""trail_visibility""=>""good"""
453977385,,path,,,,,,0.0,"""bicycle""=>""permissive"",""foot""=>""yes"",""hiking""=>""yes"",""mtb:scale""=>""2"",""sac_scale""=>""mountain_hiking"",""smoothness""=>""excellent"",""surface""=>""ground"",""tracktype""=>""grade3"",""trail_visibility""=>""good"""
453977385,,path,,,,,,0.0,"""bicycle""=>""permissive"",""foot""=>""yes"",""hiking""=>""yes"",""mtb:scale""=>""2"",""sac_scale""=>""mountain_hiking"",""smoothness""=>""excellent"",""surface""=>""ground"",""tracktype""=>""grade3"",""trail_visibility""=>""good"""
453977385,,path,,,,,,0.0,"""bicycle""=>""permissive"",""foot""=>""yes"",""hiking""=>""yes"",""mtb:scale""=>""2"",""sac_scale""=>""mountain_hiking"",""smoothness""=>""excellent"",""surface""=>""ground"",""tracktype""=>""grade3"",""trail_visibility""=>""good"""
453977385,,path,,,,,,0.0,"""bicycle""=>""permissive"",""foot""=>""yes"",""hiking""=>""yes"",""mtb:scale""=>""2"",""sac_scale""=>""mountain_hiking"",""smoothness""=>""excellent"",""surface""=>""ground"",""tracktype""=>""grade3"",""trail_visibility""=>""good"""
453977385,,path,,,,,,0.0,"""bicycle""=>""permissive"",""foot""=>""yes"",""hiking""=>""yes"",""mtb:scale""=>""2"",""sac_scale""=>""mountain_hiking"",""smoothness""=>""excellent"",""surface""=>""ground"",""tracktype""=>""grade3"",""trail_visibility""=>""good"""
,,,,,,,,,
,,,,,,,,,
,,,,,,,,,
,,,,,,,,,
,,,,,,,,,
,,,,,,,,,
,,,,,,,,,
,,,,,,,,,
,,,,,,,,,
,,,,,,,,,
,,,,,,,,,
,,,,,,,,,
,,,,,,,,,
,,,,,,,,,
,,,,,,,,,
,,,,,,,,,
,,,,,,,,,
,,,,,,,,,
,,,,,,,,,
,,,,,,,,,
,,,,,,,,,
,,,,,,,,,
,,,,,,,,,
,,,,,,,,,
,,,,,,,,,
,,,,,,,,,
,,,,,,,,,
,,,,,,,,,
,,,,,,,,,
,,,,,,,,,
,,,,,,,,,
,,,,,,,,,
,,,,,,,,,
,,,,,,,,,
69349907,,path,,,,,,0.0,"""bicycle""=>""permissive"",""foot""=>""yes"",""hiking""=>""yes"",""mtb:scale""=>""2"",""sac_scale""=>""mountain_hiking"",""smoothness""=>""excellent"",""surface""=>""ground"",""tracktype""=>""grade5"",""trail_visibility""=>""good"""
453977384,,path,,,,,,0.0,
453977385,,path,,,,,,0.0,"""bicycle""=>""permissive"",""foot""=>""yes"",""hiking""=>""yes"",""mtb:scale""=>""2"",""sac_scale""=>""mountain_hiking"",""smoothness""=>""excellent"",""surface""=>""ground"",""tracktype""=>""grade3"",""trail_visibility""=>""good"""
69349907,,path,,,,,,0.0,"""bicycle""=>""permissive"",""foot""=>""yes"",""hiking""=>""yes"",""mtb:scale""=>""2"",""sac_scale""=>""mountain_hiking"",""smoothness""=>""excellent"",""surface""=>""ground"",""tracktype""=>""grade5"",""trail_visibility""=>""good"""
453977384,,path,,,,,,0.0,
453977385,,path,,,,,,0.0,"""bicycle""=>""permissive"",""foot""=>""yes"",""hiking""=>""yes"",""mtb:scale""=>""2"",""sac_scale""=>""mountain_hiking"",""smoothness""=>""excellent"",""surface""=>""ground"",""tracktype""=>""grade3"",""trail_visibility""=>""good"""
69349907,,path,,,,,,0.0,"""bicycle""=>""permissive"",""foot""=>""yes"",""hiking""=>""yes"",""mtb:scale""=>""2"",""sac_scale""=>""mountain_hiking"",""smoothness""=>""excellent"",""surface""=>""ground"",""tracktype""=>""grade5"",""trail_visibility""=>""good"""
453977384,,path,,,,,,0.0,
69349907,,path,,,,,,0.0,"""bicycle""=>""permissive"",""foot""=>""yes"",""hiking""=>""yes"",""mtb:scale""=>""2"",""sac_scale""=>""mountain_hiking"",""smoothness""=>""excellent"",""surface""=>""ground"",""tracktype""=>""grade5"",""trail_visibility""=>""good"""
69349907,,path,,,,,,0.0,"""bicycle""=>""permissive"",""foot""=>""yes"",""hiking""=>""yes"",""mtb:scale""=>""2"",""sac_scale""=>""mountain_hiking"",""smoothness""=>""excellent"",""surface""=>""ground"",""tracktype""=>""grade5"",""trail_visibility""=>""good"""
69349907,,path,,,,,,0.0,"""bicycle""=>""permissive"",""foot""=>""yes"",""hiking""=>""yes"",""mtb:scale""=>""2"",""sac_scale""=>""mountain_hiking"",""smoothness""=>""excellent"",""surface""=>""ground"",""tracktype""=>""grade5"",""trail_visibility""=>""good"""
69349907,,path,,,,,,0.0,"""bicycle""=>""permissive"",""foot""=>""yes"",""hiking""=>""yes"",""mtb:scale""=>""2"",""sac_scale""=>""mountain_hiking"",""smoothness""=>""excellent"",""surface""=>""ground"",""tracktype""=>""grade5"",""trail_visibility""=>""good"""
69349907,,path,,,,,,0.0,"""bicycle""=>""permissive"",""foot""=>""yes"",""hiking""=>""yes"",""mtb:scale""=>""2"",""sac_scale""=>""mountain_hiking"",""smoothness""=>""excellent"",""surface""=>""ground"",""tracktype""=>""grade5"",""trail_visibility""=>""good"""
69349907,,path,,,,,,0.0,"""bicycle""=>""permissive"",""foot""=>""yes"",""hiking""=>""yes"",""mtb:scale""=>""2"",""sac_scale""=>""mountain_hiking"",""smoothness""=>""excellent"",""surface""=>""ground"",""tracktype""=>""grade5"",""trail_visibility""=>""good"""
69349907,,path,,,,,,0.0,"""bicycle""=>""permissive"",""foot""=>""yes"",""hiking""=>""yes"",""mtb:scale""=>""2"",""sac_scale""=>""mountain_hiking"",""smoothness""=>""excellent"",""surface""=>""ground"",""tracktype""=>""grade5"",""trail_visibility""=>""good"""
69349907,,path,,,,,,0.0,"""bicycle""=>""permissive"",""foot""=>""yes"",""hiking""=>""yes"",""mtb:scale""=>""2"",""sac_scale""=>""mountain_hiking"",""smoothness""=>""excellent"",""surface""=>""ground"",""tracktype""=>""grade5"",""trail_visibility""=>""good"""
69349907,,path,,,,,,0.0,"""bicycle""=>""permissive"",""foot""=>""yes"",""hiking""=>""yes"",""mtb:scale""=>""2"",""sac_scale""=>""mountain_hiking"",""smoothness""=>""excellent"",""surface""=>""ground"",""tracktype""=>""grade5"",""trail_visibility""=>""good"""
69349907,,path,,,,,,0.0,"""bicycle""=>""permissive"",""foot""=>""yes"",""hiking""=>""yes"",""mtb:scale""=>""2"",""sac_scale""=>""mountain_hiking"",""smoothness""=>""excellent"",""surface""=>""ground"",""tracktype""=>""grade5"",""trail_visibility""=>""good"""
69349907,,path,,,,,,0.0,"""bicycle""=>""permissive"",""foot""=>""yes"",""hiking""=>""yes"",""mtb:scale""=>""2"",""sac_scale""=>""mountain_hiking"",""smoothness""=>""excellent"",""surface""=>""ground"",""tracktype""=>""grade5"",""trail_visibility""=>""good"""
69349907,,path,,,,,,0.0,"""bicycle""=>""permissive"",""foot""=>""yes"",""hiking""=>""yes"",""mtb:scale""=>""2"",""sac_scale""=>""mountain_hiking"",""smoothness""=>""excellent"",""surface""=>""ground"",""tracktype""=>""grade5"",""trail_visibility""=>""good"""
69349907,,path,,,,,,0.0,"""bicycle""=>""permissive"",""foot""=>""yes"",""hiking""=>""yes"",""mtb:scale""=>""2"",""sac_scale""=>""mountain_hiking"",""smoothness""=>""excellent"",""surface""=>""ground"",""tracktype""=>""grade5"",""trail_visibility""=>""good"""
69349907,,path,,,,,,0.0,"""bicycle""=>""permissive"",""foot""=>""yes"",""hiking""=>""yes"",""mtb:scale""=>""2"",""sac_scale""=>""mountain_hiking"",""smoothness""=>""excellent"",""surface""=>""ground"",""tracktype""=>""grade5"",""trail_visibility""=>""good"""
69349907,,path,,,,,,0.0,"""bicycle""=>""permissive"",""foot""=>""yes"",""hiking""=>""yes"",""mtb:scale""=>""2"",""sac_scale""=>""mountain_hiking"",""smoothness""=>""excellent"",""surface""=>""ground"",""tracktype""=>""grade5"",""trail_visibility""=>""good"""
69349907,,path,,,,,,0.0,"""bicycle""=>""permissive"",""foot""=>""yes"",""hiking""=>""yes"",""mtb:scale""=>""2"",""sac_scale""=>""mountain_hiking"",""smoothness""=>""excellent"",""surface""=>""ground"",""tracktype""=>""grade5"",""trail_visibility""=>""good"""
69349907,,path,,,,,,0.0,"""bicycle""=>""permissive"",""foot""=>""yes"",""hiking""=>""yes"",""mtb:scale""=>""2"",""sac_scale""=>""mountain_hiking"",""smoothness""=>""excellent"",""surface""=>""ground"",""tracktype""=>""grade5"",""trail_visibility""=>""good"""
69349907,,path,,,,,,0.0,"""bicycle""=>""permissive"",""foot""=>""yes"",""hiking""=>""yes"",""mtb:scale""=>""2"",""sac_scale""=>""mountain_hiking"",""smoothness""=>""excellent"",""surface""=>""ground"",""tracktype""=>""grade5"",""trail_visibility""=>""good"""
69349907,,path,,,,,,0.0,"""bicycle""=>""permissive"",""foot""=>""yes"",""hiking""=>""yes"",""mtb:scale""=>""2"",""sac_scale""=>""mountain_hiking"",""smoothness""=>""excellent"",""surface""=>""ground"",""tracktype""=>""grade5"",""trail_visibility""=>""good"""
69349907,,path,,,,,,0.0,"""bicycle""=>""permissive"",""foot""=>""yes"",""hiking""=>""yes"",""mtb:scale""=>""2"",""sac_scale""=>""mountain_hiking"",""smoothness""=>""excellent"",""surface""=>""ground"",""tracktype""=>""grade5"",""trail_visibility""=>""good"""
69349907,,path,,,,,,0.0,"""bicycle""=>""permissive"",""foot""=>""yes"",""hiking""=>""yes"",""mtb:scale""=>""2"",""sac_scale""=>""mountain_hiking"",""smoothness""=>""excellent"",""surface""=>""ground"",""tracktype""=>""grade5"",""trail_visibility""=>""good"""
69349907,,path,,,,,,0.0,"""bicycle""=>""permissive"",""foot""=>""yes"",""hiking""=>""yes"",""mtb:scale""=>""2"",""sac_scale""=>""mountain_hiking"",""smoothness""=>""excellent"",""surface""=>""ground"",""tracktype""=>""grade5"",""trail_visibility""=>""good"""
69349907,,path,,,,,,0.0,"""bicycle""=>""permissive"",""foot""=>""yes"",""hiking""=>""yes"",""mtb:scale""=>""2"",""sac_scale""=>""mountain_hiking"",""smoothness""=>""excellent"",""surface""=>""ground"",""tracktype""=>""grade5"",""trail_visibility""=>""good"""
69349907,,path,,,,,,0.0,"""bicycle""=>""permissive"",""foot""=>""yes"",""hiking""=>""yes"",""mtb:scale""=>""2"",""sac_scale""=>""mountain_hiking"",""smoothness""=>""excellent"",""surface""=>""ground"",""tracktype""=>""grade5"",""trail_visibility""=>""good"""
69349907,,path,,,,,,0.0,"""bicycle""=>""permissive"",""foot""=>""yes"",""hiking""=>""yes"",""mtb:scale""=>""2"",""sac_scale""=>""mountain_hiking"",""smoothness""=>""excellent"",""surface""=>""ground"",""tracktype""=>""grade5"",""trail_visibility""=>""good"""
69349907,,path,,,,,,0.0,"""bicycle""=>""permissive"",""foot""=>""yes"",""hiking""=>""yes"",""mtb:scale""=>""2"",""sac_scale""=>""mountain_hiking"",""smoothness""=>""excellent"",""surface""=>""ground"",""tracktype""=>""grade5"",""trail_visibility""=>""good"""
69349907,,path,,,,,,0.0,"""bicycle""=>""permissive"",""foot""=>""yes"",""hiking""=>""yes"",""mtb:scale""=>""2"",""sac_scale""=>""mountain_hiking"",""smoothness""=>""excellent"",""surface""=>""ground"",""tracktype""=>""grade5"",""trail_visibility""=>""good"""
69349907,,path,,,,,,0.0,"""bicycle""=>""permissive"",""foot""=>""yes"",""hiking""=>""yes"",""mtb:scale""=>""2"",""sac_scale""=>""mountain_hiking"",""smoothness""=>""excellent"",""surface""=>""ground"",""tracktype""=>""grade5"",""trail_visibility""=>""good"""
69349907,,path,,,,,,0.0,"""bicycle""=>""permissive"",""foot""=>""yes"",""hiking""=>""yes"",""mtb:scale""=>""2"",""sac_scale""=>""mountain_hiking"",""smoothness""=>""excellent"",""surface""=>""ground"",""tracktype""=>""grade5"",""trail_visibility""=>""good"""
69349907,,path,,,,,,0.0,"""bicycle""=>""permissive"",""foot""=>""yes"",""hiking""=>""yes"",""mtb:scale""=>""2"",""sac_scale""=>""mountain_hiking"",""smoothness""=>""excellent"",""surface""=>""ground"",""tracktype""=>""grade5"",""trail_visibility""=>""good"""
69349907,,path,,,,,,0.0,"""bicycle""=>""permissive"",""foot""=>""yes"",""hiking""=>""yes"",""mtb:scale""=>""2"",""sac_scale""=>""mountain_hiking"",""smoothness""=>""excellent"",""surface""=>""ground"",""tracktype""=>""grade5"",""trail_visibility""=>""good"""
69349907,,path,,,,,,0.0,"""bicycle""=>""permissive"",""foot""=>""yes"",""hiking""=>""yes"",""mtb:scale""=>""2"",""sac_scale""=>""mountain_hiking"",""smoothness""=>""excellent"",""surface""=>""ground"",""tracktype""=>""grade5"",""trail_visibility""=>""good"""
69349907,,path,,,,,,0.0,"""bicycle""=>""permissive"",""foot""=>""yes"",""hiking""=>""yes"",""mtb:scale""=>""2"",""sac_scale""=>""mountain_hiking"",""smoothness""=>""excellent"",""surface""=>""ground"",""tracktype""=>""grade5"",""trail_visibility""=>""good"""
69349907,,path,,,,,,0.0,"""bicycle""=>""permissive"",""foot""=>""yes"",""hiking""=>""yes"",""mtb:scale""=>""2"",""sac_scale""=>""mountain_hiking"",""smoothness""=>""excellent"",""surface""=>""ground"",""tracktype""=>""grade5"",""trail_visibility""=>""good"""
69349907,,path,,,,,,0.0,"""bicycle""=>""permissive"",""foot""=>""yes"",""hiking""=>""yes"",""mtb:scale""=>""2"",""sac_scale""=>""mountain_hiking"",""smoothness""=>""excellent"",""surface""=>""ground"",""tracktype""=>""grade5"",""trail_visibility""=>""good"""
69349907,,path,,,,,,0.0,"""bicycle""=>""permissive"",""foot""=>""yes"",""hiking""=>""yes"",""mtb:scale""=>""2"",""sac_scale""=>""mountain_hiking"",""smoothness""=>""excellent"",""surface""=>""ground"",""tracktype""=>""grade5"",""trail_visibility""=>""good"""
69349907,,path,,,,,,0.0,"""bicycle""=>""permissive"",""foot""=>""yes"",""hiking""=>""yes"",""mtb:scale""=>""2"",""sac_scale""=>""mountain_hiking"",""smoothness""=>""excellent"",""surface""=>""ground"",""tracktype""=>""grade5"",""trail_visibility""=>""good"""
69349907,,path,,,,,,0.0,"""bicycle""=>""permissive"",""foot""=>""yes"",""hiking""=>""yes"",""mtb:scale""=>""2"",""sac_scale""=>""mountain_hiking"",""smoothness""=>""excellent"",""surface""=>""ground"",""tracktype""=>""grade5"",""trail_visibility""=>""good"""
69349907,,path,,,,,,0.0,"""bicycle""=>""permissive"",""foot""=>""yes"",""hiking""=>""yes"",""mtb:scale""=>""2"",""sac_scale""=>""mountain_hiking"",""smoothness""=>""excellent"",""surface""=>""ground"",""tracktype""=>""grade5"",""trail_visibility""=>""good"""
69349907,,path,,,,,,0.0,"""bicycle""=>""permissive"",""foot""=>""yes"",""hiking""=>""yes"",""mtb:scale""=>""2"",""sac_scale""=>""mountain_hiking"",""smoothness""=>""excellent"",""surface""=>""ground"",""tracktype""=>""grade5"",""trail_visibility""=>""good"""
69349907,,path,,,,,,0.0,"""bicycle""=>""permissive"",""foot""=>""yes"",""hiking""=>""yes"",""mtb:scale""=>""2"",""sac_scale""=>""mountain_hiking"",""smoothness""=>""excellent"",""surface""=>""ground"",""tracktype""=>""grade5"",""trail_visibility""=>""good"""
69349907,,path,,,,,,0.0,"""bicycle""=>""permissive"",""foot""=>""yes"",""hiking""=>""yes"",""mtb:scale""=>""2"",""sac_scale""=>""mountain_hiking"",""smoothness""=>""excellent"",""surface""=>""ground"",""tracktype""=>""grade5"",""trail_visibility""=>""good"""
69349907,,path,,,,,,0.0,"""bicycle""=>""permissive"",""foot""=>""yes"",""hiking""=>""yes"",""mtb:scale""=>""2"",""sac_scale""=>""mountain_hiking"",""smoothness""=>""excellent"",""surface""=>""ground"",""tracktype""=>""grade5"",""trail_visibility""=>""good"""
69349907,,path,,,,,,0.0,"""bicycle""=>""permissive"",""foot""=>""yes"",""hiking""=>""yes"",""mtb:scale""=>""2"",""sac_scale""=>""mountain_hiking"",""smoothness""=>""excellent"",""surface""=>""ground"",""tracktype""=>""grade5"",""trail_visibility""=>""good"""
69349907,,path,,,,,,0.0,"""bicycle""=>""permissive"",""foot""=>""yes"",""hiking""=>""yes"",""mtb:scale""=>""2"",""sac_scale""=>""mountain_hiking"",""smoothness""=>""excellent"",""surface""=>""ground"",""tracktype""=>""grade5"",""trail_visibility""=>""good"""
69349907,,path,,,,,,0.0,"""bicycle""=>""permissive"",""foot""=>""yes"",""hiking""=>""yes"",""mtb:scale""=>""2"",""sac_scale""=>""mountain_hiking"",""smoothness""=>""excellent"",""surface""=>""ground"",""tracktype""=>""grade5"",""trail_visibility""=>""good"""
69349907,,path,,,,,,0.0,"""bicycle""=>""permissive"",""foot""=>""yes"",""hiking""=>""yes"",""mtb:scale""=>""2"",""sac_scale""=>""mountain_hiking"",""smoothness""=>""excellent"",""surface""=>""ground"",""tracktype""=>""grade5"",""trail_visibility""=>""good"""
69349907,,path,,,,,,0.0,"""bicycle""=>""permissive"",""foot""=>""yes"",""hiking""=>""yes"",""mtb:scale""=>""2"",""sac_scale""=>""mountain_hiking"",""smoothness""=>""excellent"",""surface""=>""ground"",""tracktype""=>""grade5"",""trail_visibility""=>""good"""
69349907,,path,,,,,,0.0,"""bicycle""=>""permissive"",""foot""=>""yes"",""hiking""=>""yes"",""mtb:scale""=>""2"",""sac_scale""=>""mountain_hiking"",""smoothness""=>""excellent"",""surface""=>""ground"",""tracktype""=>""grade5"",""trail_visibility""=>""good"""
69349907,,path,,,,,,0.0,"""bicycle""=>""permissive"",""foot""=>""yes"",""hiking""=>""yes"",""mtb:scale""=>""2"",""sac_scale""=>""mountain_hiking"",""smoothness""=>""excellent"",""surface""=>""ground"",""tracktype""=>""grade5"",""trail_visibility""=>""good"""
69349907,,path,,,,,,0.0,"""bicycle""=>""permissive"",""foot""=>""yes"",""hiking""=>""yes"",""mtb:scale""=>""2"",""sac_scale""=>""mountain_hiking"",""smoothness""=>""excellent"",""surface""=>""ground"",""tracktype""=>""grade5"",""trail_visibility""=>""good"""
69349907,,path,,,,,,0.0,"""bicycle""=>""permissive"",""foot""=>""yes"",""hiking""=>""yes"",""mtb:scale""=>""2"",""sac_scale""=>""mountain_hiking"",""smoothness""=>""excellent"",""surface""=>""ground"",""tracktype""=>""grade5"",""trail_visibility""=>""good"""
69349907,,path,,,,,,0.0,"""bicycle""=>""permissive"",""foot""=>""yes"",""hiking""=>""yes"",""mtb:scale""=>""2"",""sac_scale""=>""mountain_hiking"",""smoothness""=>""excellent"",""surface""=>""ground"",""tracktype""=>""grade5"",""trail_visibility""=>""good"""
69349907,,path,,,,,,0.0,"""bicycle""=>""permissive"",""foot""=>""yes"",""hiking""=>""yes"",""mtb:scale""=>""2"",""sac_scale""=>""mountain_hiking"",""smoothness""=>""excellent"",""surface""=>""ground"",""tracktype""=>""grade5"",""trail_visibility""=>""good"""
69349907,,path,,,,,,0.0,"""bicycle""=>""permissive"",""foot""=>""yes"",""hiking""=>""yes"",""mtb:scale""=>""2"",""sac_scale""=>""mountain_hiking"",""smoothness""=>""excellent"",""surface""=>""ground"",""tracktype""=>""grade5"",""trail_visibility""=>""good"""
69349907,,path,,,,,,0.0,"""bicycle""=>""permissive"",""foot""=>""yes"",""hiking""=>""yes"",""mtb:scale""=>""2"",""sac_scale""=>""mountain_hiking"",""smoothness""=>""excellent"",""surface""=>""ground"",""tracktype""=>""grade5"",""trail_visibility""=>""good"""
69349907,,path,,,,,,0.0,"""bicycle""=>""permissive"",""foot""=>""yes"",""hiking""=>""yes"",""mtb:scale""=>""2"",""sac_scale""=>""mountain_hiking"",""smoothness""=>""excellent"",""surface""=>""ground"",""tracktype""=>""grade5"",""trail_visibility""=>""good"""
81628067,,path,,,,,,0.0,"""bicycle""=>""no"",""foot""=>""yes"",""hiking""=>""yes"",""mtb:scale""=>""2"",""sac_scale""=>""mountain_hiking"",""smoothness""=>""excellent"",""surface""=>""ground"",""tracktype""=>""grade3"",""trail_visibility""=>""good"""
453977386,,path,,,,,,0.0,"""bicycle""=>""permissive"",""foot""=>""yes"",""hiking""=>""yes"",""mtb:scale""=>""2"",""sac_scale""=>""mountain_hiking"",""smoothness""=>""excellent"",""surface""=>""ground"",""tracktype""=>""grade3"",""trail_visibility""=>""good"""
66321914,,path,,,,,,0.0,
69349907,,path,,,,,,0.0,"""bicycle""=>""permissive"",""foot""=>""yes"",""hiking""=>""yes"",""mtb:scale""=>""2"",""sac_scale""=>""mountain_hiking"",""smoothness""=>""excellent"",""surface""=>""ground"",""tracktype""=>""grade5"",""trail_visibility""=>""good"""
81628067,,path,,,,,,0.0,"""bicycle""=>""no"",""foot""=>""yes"",""hiking""=>""yes"",""mtb:scale""=>""2"",""sac_scale""=>""mountain_hiking"",""smoothness""=>""excellent"",""surface""=>""ground"",""tracktype""=>""grade3"",""trail_visibility""=>""good"""
453977386,,path,,,,,,0.0,"""bicycle""=>""permissive"",""foot""=>""yes"",""hiking""=>""yes"",""mtb:scale""=>""2"",""sac_scale""=>""mountain_hiking"",""smoothness""=>""excellent"",""surface""=>""ground"",""tracktype""=>""grade3"",""trail_visibility""=>""good"""
66321914,,path,,,,,,0.0,
69349907,,path,,,,,,0.0,"""bicycle""=>""permissive"",""foot""=>""yes"",""hiking""=>""yes"",""mtb:scale""=>""2"",""sac_scale""=>""mountain_hiking"",""smoothness""=>""excellent"",""surface""=>""ground"",""tracktype""=>""grade5"",""trail_visibility""=>""good"""
81628067,,path,,,,,,0.0,"""bicycle""=>""no"",""foot""=>""yes"",""hiking""=>""yes"",""mtb:scale""=>""2"",""sac_scale""=>""mountain_hiking"",""smoothness""=>""excellent"",""surface""=>""ground"",""tracktype""=>""grade3"",""trail_visibility""=>""good"""
453977386,,path,,,,,,0.0,"""bicycle""=>""permissive"",""foot""=>""yes"",""hiking""=>""yes"",""mtb:scale""=>""2"",""sac_scale""=>""mountain_hiking"",""smoothness""=>""excellent"",""surface""=>""ground"",""tracktype""=>""grade3"",""trail_visibility""=>""good"""
66321914,,path,,,,,,0.0,
81628067,,path,,,,,,0.0,"""bicycle""=>""no"",""foot""=>""yes"",""hiking""=>""yes"",""mtb:scale""=>""2"",""sac_scale""=>""mountain_hiking"",""smoothness""=>""excellent"",""surface""=>""ground"",""tracktype""=>""grade3"",""trail_visibility""=>""good"""
81628067,,path,,,,,,0.0,"""bicycle""=>""no"",""foot""=>""yes"",""hiking""=>""yes"",""mtb:scale""=>""2"",""sac_scale""=>""mountain_hiking"",""smoothness""=>""excellent"",""surface""=>""ground"",""tracktype""=>""grade3"",""trail_visibility""=>""good"""
81628067,,path,,,,,,0.0,"""bicycle""=>""no"",""foot""=>""yes"",""hiking""=>""yes"",""mtb:scale""=>""2"",""sac_scale""=>""mountain_hiking"",""smoothness""=>""excellent"",""surface""=>""ground"",""tracktype""=>""grade3"",""trail_visibility""=>""good"""
81628067,,path,,,,,,0.0,"""bicycle""=>""no"",""foot""=>""yes"",""hiking""=>""yes"",""mtb:scale""=>""2"",""sac_scale""=>""mountain_hiking"",""smoothness""=>""excellent"",""surface""=>""ground"",""tracktype""=>""grade3"",""trail_visibility""=>""good"""
81628067,,path,,,,,,0.0,"""bicycle""=>""no"",""foot""=>""yes"",""hiking""=>""yes"",""mtb:scale""=>""2"",""sac_scale""=>""mountain_hiking"",""smoothness""=>""excellent"",""surface""=>""ground"",""tracktype""=>""grade3"",""trail_visibility""=>""good"""
81628067,,path,,,,,,0.0,"""bicycle""=>""no"",""foot""=>""yes"",""hiking""=>""yes"",""mtb:scale""=>""2"",""sac_scale""=>""mountain_hiking"",""smoothness""=>""excellent"",""surface""=>""ground"",""tracktype""=>""grade3"",""trail_visibility""=>""good"""
81628067,,path,,,,,,0.0,"""bicycle""=>""no"",""foot""=>""yes"",""hiking""=>""yes"",""mtb:scale""=>""2"",""sac_scale""=>""mountain_hiking"",""smoothness""=>""excellent"",""surface""=>""ground"",""tracktype""=>""grade3"",""trail_visibility""=>""good"""
81628067,,path,,,,,,0.0,"""bicycle""=>""no"",""foot""=>""yes"",""hiking""=>""yes"",""mtb:scale""=>""2"",""sac_scale""=>""mountain_hiking"",""smoothness""=>""excellent"",""surface""=>""ground"",""tracktype""=>""grade3"",""trail_visibility""=>""good"""
81628067,,path,,,,,,0.0,"""bicycle""=>""no"",""foot""=>""yes"",""hiking""=>""yes"",""mtb:scale""=>""2"",""sac_scale""=>""mountain_hiking"",""smoothness""=>""excellent"",""surface""=>""ground"",""tracktype""=>""grade3"",""trail_visibility""=>""good"""
81628067,,path,,,,,,0.0,"""bicycle""=>""no"",""foot""=>""yes"",""hiking""=>""yes"",""mtb:scale""=>""2"",""sac_scale""=>""mountain_hiking"",""smoothness""=>""excellent"",""surface""=>""ground"",""tracktype""=>""grade3"",""trail_visibility""=>""good"""
81628067,,path,,,,,,0.0,"""bicycle""=>""no"",""foot""=>""yes"",""hiking""=>""yes"",""mtb:scale""=>""2"",""sac_scale""=>""mountain_hiking"",""smoothness""=>""excellent"",""surface""=>""ground"",""tracktype""=>""grade3"",""trail_visibility""=>""good"""
81628067,,path,,,,,,0.0,"""bicycle""=>""no"",""foot""=>""yes"",""hiking""=>""yes"",""mtb:scale""=>""2"",""sac_scale""=>""mountain_hiking"",""smoothness""=>""excellent"",""surface""=>""ground"",""tracktype""=>""grade3"",""trail_visibility""=>""good"""
81628067,,path,,,,,,0.0,"""bicycle""=>""no"",""foot""=>""yes"",""hiking""=>""yes"",""mtb:scale""=>""2"",""sac_scale""=>""mountain_hiking"",""smoothness""=>""excellent"",""surface""=>""ground"",""tracktype""=>""grade3"",""trail_visibility""=>""good"""
81628067,,path,,,,,,0.0,"""bicycle""=>""no"",""foot""=>""yes"",""hiking""=>""yes"",""mtb:scale""=>""2"",""sac_scale""=>""mountain_hiking"",""smoothness""=>""excellent"",""surface""=>""ground"",""tracktype""=>""grade3"",""trail_visibility""=>""good"""
81628067,,path,,,,,,0.0,"""bicycle""=>""no"",""foot""=>""yes"",""hiking""=>""yes"",""mtb:scale""=>""2"",""sac_scale""=>""mountain_hiking"",""smoothness""=>""excellent"",""surface""=>""ground"",""tracktype""=>""grade3"",""trail_visibility""=>""good"""
81628067,,path,,,,,,0.0,"""bicycle""=>""no"",""foot""=>""yes"",""hiking""=>""yes"",""mtb:scale""=>""2"",""sac_scale""=>""mountain_hiking"",""smoothness""=>""excellent"",""surface""=>""ground"",""tracktype""=>""grade3"",""trail_visibility""=>""good"""
81628067,,path,,,,,,0.0,"""bicycle""=>""no"",""foot""=>""yes"",""hiking""=>""yes"",""mtb:scale""=>""2"",""sac_scale""=>""mountain_hiking"",""smoothness""=>""excellent"",""surface""=>""ground"",""tracktype""=>""grade3"",""trail_visibility""=>""good"""
81628067,,path,,,,,,0.0,"""bicycle""=>""no"",""foot""=>""yes"",""hiking""=>""yes"",""mtb:scale""=>""2"",""sac_scale""=>""mountain_hiking"",""smoothness""=>""excellent"",""surface""=>""ground"",""tracktype""=>""grade3"",""trail_visibility""=>""good"""
81628067,,path,,,,,,0.0,"""bicycle""=>""no"",""foot""=>""yes"",""hiking""=>""yes"",""mtb:scale""=>""2"",""sac_scale""=>""mountain_hiking"",""smoothness""=>""excellent"",""surface""=>""ground"",""tracktype""=>""grade3"",""trail_visibility""=>""good"""
81628067,,path,,,,,,0.0,"""bicycle""=>""no"",""foot""=>""yes"",""hiking""=>""yes"",""mtb:scale""=>""2"",""sac_scale""=>""mountain_hiking"",""smoothness""=>""excellent"",""surface""=>""ground"",""tracktype""=>""grade3"",""trail_visibility""=>""good"""
81628067,,path,,,,,,0.0,"""bicycle""=>""no"",""foot""=>""yes"",""hiking""=>""yes"",""mtb:scale""=>""2"",""sac_scale""=>""mountain_hiking"",""smoothness""=>""excellent"",""surface""=>""ground"",""tracktype""=>""grade3"",""trail_visibility""=>""good"""
81628067,,path,,,,,,0.0,"""bicycle""=>""no"",""foot""=>""yes"",""hiking""=>""yes"",""mtb:scale""=>""2"",""sac_scale""=>""mountain_hiking"",""smoothness""=>""excellent"",""surface""=>""ground"",""tracktype""=>""grade3"",""trail_visibility""=>""good"""
81628067,,path,,,,,,0.0,"""bicycle""=>""no"",""foot""=>""yes"",""hiking""=>""yes"",""mtb:scale""=>""2"",""sac_scale""=>""mountain_hiking"",""smoothness""=>""excellent"",""surface""=>""ground"",""tracktype""=>""grade3"",""trail_visibility""=>""good"""
443026721,,,stream,,,,,0.0,"""boat""=>""no"""
81628067,,path,,,,,,0.0,"""bicycle""=>""no"",""foot""=>""yes"",""hiking""=>""yes"",""mtb:scale""=>""2"",""sac_scale""=>""mountain_hiking"",""smoothness""=>""excellent"",""surface""=>""ground"",""tracktype""=>""grade3"",""trail_visibility""=>""good"""
443026721,,,stream,,,,,0.0,"""boat""=>""no"""
81628067,,path,,,,,,0.0,"""bicycle""=>""no"",""foot""=>""yes"",""hiking""=>""yes"",""mtb:scale""=>""2"",""sac_scale""=>""mountain_hiking"",""smoothness""=>""excellent"",""surface""=>""ground"",""tracktype""=>""grade3"",""trail_visibility""=>""good"""
443026721,,,stream,,,,,0.0,"""boat""=>""no"""
81628067,,path,,,,,,0.0,"""bicycle""=>""no"",""foot""=>""yes"",""hiking""=>""yes"",""mtb:scale""=>""2"",""sac_scale""=>""mountain_hiking"",""smoothness""=>""excellent"",""surface""=>""ground"",""tracktype""=>""grade3"",""trail_visibility""=>""good"""
443026721,,,stream,,,,,0.0,"""boat""=>""no"""
81628067,,path,,,,,,0.0,"""bicycle""=>""no"",""foot""=>""yes"",""hiking""=>""yes"",""mtb:scale""=>""2"",""sac_scale""=>""mountain_hiking"",""smoothness""=>""excellent"",""surface""=>""ground"",""tracktype""=>""grade3"",""trail_visibility""=>""good"""
443026721,,,stream,,,,,0.0,"""boat""=>""no"""
81628067,,path,,,,,,0.0,"""bicycle""=>""no"",""foot""=>""yes"",""hiking""=>""yes"",""mtb:scale""=>""2"",""sac_scale""=>""mountain_hiking"",""smoothness""=>""excellent"",""surface""=>""ground"",""tracktype""=>""grade3"",""trail_visibility""=>""good"""
443026721,,,stream,,,,,0.0,"""boat""=>""no"""
81628067,,path,,,,,,0.0,"""bicycle""=>""no"",""foot""=>""yes"",""hiking""=>""yes"",""mtb:scale""=>""2"",""sac_scale""=>""mountain_hiking"",""smoothness""=>""excellent"",""surface""=>""ground"",""tracktype""=>""grade3"",""trail_visibility""=>""good"""
443026721,,,stream,,,,,0.0,"""boat""=>""no"""
81628067,,path,,,,,,0.0,"""bicycle""=>""no"",""foot""=>""yes"",""hiking""=>""yes"",""mtb:scale""=>""2"",""sac_scale""=>""mountain_hiking"",""smoothness""=>""excellent"",""surface""=>""ground"",""tracktype""=>""grade3"",""trail_visibility""=>""good"""
443026721,,,stream,,,,,0.0,"""boat""=>""no"""
81628067,,path,,,,,,0.0,"""bicycle""=>""no"",""foot""=>""yes"",""hiking""=>""yes"",""mtb:scale""=>""2"",""sac_scale""=>""mountain_hiking"",""smoothness""=>""excellent"",""surface""=>""ground"",""tracktype""=>""grade3"",""trail_visibility""=>""good"""
81628067,,path,,,,,,0.0,"""bicycle""=>""no"",""foot""=>""yes"",""hiking""=>""yes"",""mtb:scale""=>""2"",""sac_scale""=>""mountain_hiking"",""smoothness""=>""excellent"",""surface""=>""ground"",""tracktype""=>""grade3"",""trail_visibility""=>""good"""
81628067,,path,,,,,,0.0,"""bicycle""=>""no"",""foot""=>""yes"",""hiking""=>""yes"",""mtb:scale""=>""2"",""sac_scale""=>""mountain_hiking"",""smoothness""=>""excellent"",""surface""=>""ground"",""tracktype""=>""grade3"",""trail_visibility""=>""good"""
81628067,,path,,,,,,0.0,"""bicycle""=>""no"",""foot""=>""yes"",""hiking""=>""yes"",""mtb:scale""=>""2"",""sac_scale""=>""mountain_hiking"",""smoothness""=>""excellent"",""surface""=>""ground"",""tracktype""=>""grade3"",""trail_visibility""=>""good"""
81628067,,path,,,,,,0.0,"""bicycle""=>""no"",""foot""=>""yes"",""hiking""=>""yes"",""mtb:scale""=>""2"",""sac_scale""=>""mountain_hiking"",""smoothness""=>""excellent"",""surface""=>""ground"",""tracktype""=>""grade3"",""trail_visibility""=>""good"""
81628067,,path,,,,,,0.0,"""bicycle""=>""no"",""foot""=>""yes"",""hiking""=>""yes"",""mtb:scale""=>""2"",""sac_scale""=>""mountain_hiking"",""smoothness""=>""excellent"",""surface""=>""ground"",""tracktype""=>""grade3"",""trail_visibility""=>""good"""
81628067,,path,,,,,,0.0,"""bicycle""=>""no"",""foot""=>""yes"",""hiking""=>""yes"",""mtb:scale""=>""2"",""sac_scale""=>""mountain_hiking"",""smoothness""=>""excellent"",""surface""=>""ground"",""tracktype""=>""grade3"",""trail_visibility""=>""good"""
81628067,,path,,,,,,0.0,"""bicycle""=>""no"",""foot""=>""yes"",""hiking""=>""yes"",""mtb:scale""=>""2"",""sac_scale""=>""mountain_hiking"",""smoothness""=>""excellent"",""surface""=>""ground"",""tracktype""=>""grade3"",""trail_visibility""=>""good"""
81628067,,path,,,,,,0.0,"""bicycle""=>""no"",""foot""=>""yes"",""hiking""=>""yes"",""mtb:scale""=>""2"",""sac_scale""=>""mountain_hiking"",""smoothness""=>""excellent"",""surface""=>""ground"",""tracktype""=>""grade3"",""trail_visibility""=>""good"""
81628067,,path,,,,,,0.0,"""bicycle""=>""no"",""foot""=>""yes"",""hiking""=>""yes"",""mtb:scale""=>""2"",""sac_scale""=>""mountain_hiking"",""smoothness""=>""excellent"",""surface""=>""ground"",""tracktype""=>""grade3"",""trail_visibility""=>""good"""
81628067,,path,,,,,,0.0,"""bicycle""=>""no"",""foot""=>""yes"",""hiking""=>""yes"",""mtb:scale""=>""2"",""sac_scale""=>""mountain_hiking"",""smoothness""=>""excellent"",""surface""=>""ground"",""tracktype""=>""grade3"",""trail_visibility""=>""good"""
81628067,,path,,,,,,0.0,"""bicycle""=>""no"",""foot""=>""yes"",""hiking""=>""yes"",""mtb:scale""=>""2"",""sac_scale""=>""mountain_hiking"",""smoothness""=>""excellent"",""surface""=>""ground"",""tracktype""=>""grade3"",""trail_visibility""=>""good"""
81628067,,path,,,,,,0.0,"""bicycle""=>""no"",""foot""=>""yes"",""hiking""=>""yes"",""mtb:scale""=>""2"",""sac_scale""=>""mountain_hiking"",""smoothness""=>""excellent"",""surface""=>""ground"",""tracktype""=>""grade3"",""trail_visibility""=>""good"""
81628067,,path,,,,,,0.0,"""bicycle""=>""no"",""foot""=>""yes"",""hiking""=>""yes"",""mtb:scale""=>""2"",""sac_scale""=>""mountain_hiking"",""smoothness""=>""excellent"",""surface""=>""ground"",""tracktype""=>""grade3"",""trail_visibility""=>""good"""
81628067,,path,,,,,,0.0,"""bicycle""=>""no"",""foot""=>""yes"",""hiking""=>""yes"",""mtb:scale""=>""2"",""sac_scale""=>""mountain_hiking"",""smoothness""=>""excellent"",""surface""=>""ground"",""tracktype""=>""grade3"",""trail_visibility""=>""good"""
81628067,,path,,,,,,0.0,"""bicycle""=>""no"",""foot""=>""yes"",""hiking""=>""yes"",""mtb:scale""=>""2"",""sac_scale""=>""mountain_hiking"",""smoothness""=>""excellent"",""surface""=>""ground"",""tracktype""=>""grade3"",""trail_visibility""=>""good"""
81628067,,path,,,,,,0.0,"""bicycle""=>""no"",""foot""=>""yes"",""hiking""=>""yes"",""mtb:scale""=>""2"",""sac_scale""=>""mountain_hiking"",""smoothness""=>""excellent"",""surface""=>""ground"",""tracktype""=>""grade3"",""trail_visibility""=>""good"""
81628067,,path,,,,,,0.0,"""bicycle""=>""no"",""foot""=>""yes"",""hiking""=>""yes"",""mtb:scale""=>""2"",""sac_scale""=>""mountain_hiking"",""smoothness""=>""excellent"",""surface""=>""ground"",""tracktype""=>""grade3"",""trail_visibility""=>""good"""
81628067,,path,,,,,,0.0,"""bicycle""=>""no"",""foot""=>""yes"",""hiking""=>""yes"",""mtb:scale""=>""2"",""sac_scale""=>""mountain_hiking"",""smoothness""=>""excellent"",""surface""=>""ground"",""tracktype""=>""grade3"",""trail_visibility""=>""good"""
81628067,,path,,,,,,0.0,"""bicycle""=>""no"",""foot""=>""yes"",""hiking""=>""yes"",""mtb:scale""=>""2"",""sac_scale""=>""mountain_hiking"",""smoothness""=>""excellent"",""surface""=>""ground"",""tracktype""=>""grade3"",""trail_visibility""=>""good"""
81628067,,path,,,,,,0.0,"""bicycle""=>""no"",""foot""=>""yes"",""hiking""=>""yes"",""mtb:scale""=>""2"",""sac_scale""=>""mountain_hiking"",""smoothness""=>""excellent"",""surface""=>""ground"",""tracktype""=>""grade3"",""trail_visibility""=>""good"""
81628067,,path,,,,,,0.0,"""bicycle""=>""no"",""foot""=>""yes"",""hiking""=>""yes"",""mtb:scale""=>""2"",""sac_scale""=>""mountain_hiking"",""smoothness""=>""excellent"",""surface""=>""ground"",""tracktype""=>""grade3"",""trail_visibility""=>""good"""
81628067,,path,,,,,,0.0,"""bicycle""=>""no"",""foot""=>""yes"",""hiking""=>""yes"",""mtb:scale""=>""2"",""sac_scale""=>""mountain_hiking"",""smoothness""=>""excellent"",""surface""=>""ground"",""tracktype""=>""grade3"",""trail_visibility""=>""good"""
81628067,,path,,,,,,0.0,"""bicycle""=>""no"",""foot""=>""yes"",""hiking""=>""yes"",""mtb:scale""=>""2"",""sac_scale""=>""mountain_hiking"",""smoothness""=>""excellent"",""surface""=>""ground"",""tracktype""=>""grade3"",""trail_visibility""=>""good"""
81628067,,path,,,,,,0.0,"""bicycle""=>""no"",""foot""=>""yes"",""hiking""=>""yes"",""mtb:scale""=>""2"",""sac_scale""=>""mountain_hiking"",""smoothness""=>""excellent"",""surface""=>""ground"",""tracktype""=>""grade3"",""trail_visibility""=>""good"""
81628067,,path,,,,,,0.0,"""bicycle""=>""no"",""foot""=>""yes"",""hiking""=>""yes"",""mtb:scale""=>""2"",""sac_scale""=>""mountain_hiking"",""smoothness""=>""excellent"",""surface""=>""ground"",""tracktype""=>""grade3"",""trail_visibility""=>""good"""
81628067,,path,,,,,,0.0,"""bicycle""=>""no"",""foot""=>""yes"",""hiking""=>""yes"",""mtb:scale""=>""2"",""sac_scale""=>""mountain_hiking"",""smoothness""=>""excellent"",""surface""=>""ground"",""tracktype""=>""grade3"",""trail_visibility""=>""good"""
81628067,,path,,,,,,0.0,"""bicycle""=>""no"",""foot""=>""yes"",""hiking""=>""yes"",""mtb:scale""=>""2"",""sac_scale""=>""mountain_hiking"",""smoothness""=>""excellent"",""surface""=>""ground"",""tracktype""=>""grade3"",""trail_visibility""=>""good"""
81628067,,path,,,,,,0.0,"""bicycle""=>""no"",""foot""=>""yes"",""hiking""=>""yes"",""mtb:scale""=>""2"",""sac_scale""=>""mountain_hiking"",""smoothness""=>""excellent"",""surface""=>""ground"",""tracktype""=>""grade3"",""trail_visibility""=>""good"""
81628067,,path,,,,,,0.0,"""bicycle""=>""no"",""foot""=>""yes"",""hiking""=>""yes"",""mtb:scale""=>""2"",""sac_scale""=>""mountain_hiking"",""smoothness""=>""excellent"",""surface""=>""ground"",""tracktype""=>""grade3"",""trail_visibility""=>""good"""
81628067,,path,,,,,,0.0,"""bicycle""=>""no"",""foot""=>""yes"",""hiking""=>""yes"",""mtb:scale""=>""2"",""sac_scale""=>""mountain_hiking"",""smoothness""=>""excellent"",""surface""=>""ground"",""tracktype""=>""grade3"",""trail_visibility""=>""good"""
81628067,,path,,,,,,0.0,"""bicycle""=>""no"",""foot""=>""yes"",""hiking""=>""yes"",""mtb:scale""=>""2"",""sac_scale""=>""mountain_hiking"",""smoothness""=>""excellent"",""surface""=>""ground"",""tracktype""=>""grade3"",""trail_visibility""=>""good"""
81628067,,path,,,,,,0.0,"""bicycle""=>""no"",""foot""=>""yes"",""hiking""=>""yes"",""mtb:scale""=>""2"",""sac_scale""=>""mountain_hiking"",""smoothness""=>""excellent"",""surface""=>""ground"",""tracktype""=>""grade3"",""trail_visibility""=>""good"""
81628067,,path,,,,,,0.0,"""bicycle""=>""no"",""foot""=>""yes"",""hiking""=>""yes"",""mtb:scale""=>""2"",""sac_scale""=>""mountain_hiking"",""smoothness""=>""excellent"",""surface""=>""ground"",""tracktype""=>""grade3"",""trail_visibility""=>""good"""
81628067,,path,,,,,,0.0,"""bicycle""=>""no"",""foot""=>""yes"",""hiking""=>""yes"",""mtb:scale""=>""2"",""sac_scale""=>""mountain_hiking"",""smoothness""=>""excellent"",""surface""=>""ground"",""tracktype""=>""grade3"",""trail_visibility""=>""good"""
81628067,,path,,,,,,0.0,"""bicycle""=>""no"",""foot""=>""yes"",""hiking""=>""yes"",""mtb:scale""=>""2"",""sac_scale""=>""mountain_hiking"",""smoothness""=>""excellent"",""surface""=>""ground"",""tracktype""=>""grade3"",""trail_visibility""=>""good"""
81628067,,path,,,,,,0.0,"""bicycle""=>""no"",""foot""=>""yes"",""hiking""=>""yes"",""mtb:scale""=>""2"",""sac_scale""=>""mountain_hiking"",""smoothness""=>""excellent"",""surface""=>""ground"",""tracktype""=>""grade3"",""trail_visibility""=>""good"""
443026751,,,stream,,,,,0.0,"""boat""=>""no"""
81628067,,path,,,,,,0.0,"""bicycle""=>""no"",""foot""=>""yes"",""hiking""=>""yes"",""mtb:scale""=>""2"",""sac_scale""=>""mountain_hiking"",""smoothness""=>""excellent"",""surface""=>""ground"",""tracktype""=>""grade3"",""trail_visibility""=>""good"""
443026751,,,stream,,,,,0.0,"""boat""=>""no"""
81628067,,path,,,,,,0.0,"""bicycle""=>""no"",""foot""=>""yes"",""hiking""=>""yes"",""mtb:scale""=>""2"",""sac_scale""=>""mountain_hiking"",""smoothness""=>""excellent"",""surface""=>""ground"",""tracktype""=>""grade3"",""trail_visibility""=>""good"""
443026751,,,stream,,,,,0.0,"""boat""=>""no"""
81628067,,path,,,,,,0.0,"""bicycle""=>""no"",""foot""=>""yes"",""hiking""=>""yes"",""mtb:scale""=>""2"",""sac_scale""=>""mountain_hiking"",""smoothness""=>""excellent"",""surface""=>""ground"",""tracktype""=>""grade3"",""trail_visibility""=>""good"""
81628067,,path,,,,,,0.0,"""bicycle""=>""no"",""foot""=>""yes"",""hiking""=>""yes"",""mtb:scale""=>""2"",""sac_scale""=>""mountain_hiking"",""smoothness""=>""excellent"",""surface""=>""ground"",""tracktype""=>""grade3"",""trail_visibility""=>""good"""
81628067,,path,,,,,,0.0,"""bicycle""=>""no"",""foot""=>""yes"",""hiking""=>""yes"",""mtb:scale""=>""2"",""sac_scale""=>""mountain_hiking"",""smoothness""=>""excellent"",""surface""=>""ground"",""tracktype""=>""grade3"",""trail_visibility""=>""good"""
81628067,,path,,,,,,0.0,"""bicycle""=>""no"",""foot""=>""yes"",""hiking""=>""yes"",""mtb:scale""=>""2"",""sac_scale""=>""mountain_hiking"",""smoothness""=>""excellent"",""surface""=>""ground"",""tracktype""=>""grade3"",""trail_visibility""=>""good"""
81628067,,path,,,,,,0.0,"""bicycle""=>""no"",""foot""=>""yes"",""hiking""=>""yes"",""mtb:scale""=>""2"",""sac_scale""=>""mountain_hiking"",""smoothness""=>""excellent"",""surface""=>""ground"",""tracktype""=>""grade3"",""trail_visibility""=>""good"""
81628067,,path,,,,,,0.0,"""bicycle""=>""no"",""foot""=>""yes"",""hiking""=>""yes"",""mtb:scale""=>""2"",""sac_scale""=>""mountain_hiking"",""smoothness""=>""excellent"",""surface""=>""ground"",""tracktype""=>""grade3"",""trail_visibility""=>""good"""
81628067,,path,,,,,,0.0,"""bicycle""=>""no"",""foot""=>""yes"",""hiking""=>""yes"",""mtb:scale""=>""2"",""sac_scale""=>""mountain_hiking"",""smoothness""=>""excellent"",""surface""=>""ground"",""tracktype""=>""grade3"",""trail_visibility""=>""good"""
81628067,,path,,,,,,0.0,"""bicycle""=>""no"",""foot""=>""yes"",""hiking""=>""yes"",""mtb:scale""=>""2"",""sac_scale""=>""mountain_hiking"",""smoothness""=>""excellent"",""surface""=>""ground"",""tracktype""=>""grade3"",""trail_visibility""=>""good"""
81628067,,path,,,,,,0.0,"""bicycle""=>""no"",""foot""=>""yes"",""hiking""=>""yes"",""mtb:scale""=>""2"",""sac_scale""=>""mountain_hiking"",""smoothness""=>""excellent"",""surface""=>""ground"",""tracktype""=>""grade3"",""trail_visibility""=>""good"""
81628067,,path,,,,,,0.0,"""bicycle""=>""no"",""foot""=>""yes"",""hiking""=>""yes"",""mtb:scale""=>""2"",""sac_scale""=>""mountain_hiking"",""smoothness""=>""excellent"",""surface""=>""ground"",""tracktype""=>""grade3"",""trail_visibility""=>""good"""
81628067,,path,,,,,,0.0,"""bicycle""=>""no"",""foot""=>""yes"",""hiking""=>""yes"",""mtb:scale""=>""2"",""sac_scale""=>""mountain_hiking"",""smoothness""=>""excellent"",""surface""=>""ground"",""tracktype""=>""grade3"",""trail_visibility""=>""good"""
81628067,,path,,,,,,0.0,"""bicycle""=>""no"",""foot""=>""yes"",""hiking""=>""yes"",""mtb:scale""=>""2"",""sac_scale""=>""mountain_hiking"",""smoothness""=>""excellent"",""surface""=>""ground"",""tracktype""=>""grade3"",""trail_visibility""=>""good"""
81628067,,path,,,,,,0.0,"""bicycle""=>""no"",""foot""=>""yes"",""hiking""=>""yes"",""mtb:scale""=>""2"",""sac_scale""=>""mountain_hiking"",""smoothness""=>""excellent"",""surface""=>""ground"",""tracktype""=>""grade3"",""trail_visibility""=>""good"""
81628067,,path,,,,,,0.0,"""bicycle""=>""no"",""foot""=>""yes"",""hiking""=>""yes"",""mtb:scale""=>""2"",""sac_scale""=>""mountain_hiking"",""smoothness""=>""excellent"",""surface""=>""ground"",""tracktype""=>""grade3"",""trail_visibility""=>""good"""
81628067,,path,,,,,,0.0,"""bicycle""=>""no"",""foot""=>""yes"",""hiking""=>""yes"",""mtb:scale""=>""2"",""sac_scale""=>""mountain_hiking"",""smoothness""=>""excellent"",""surface""=>""ground"",""tracktype""=>""grade3"",""trail_visibility""=>""good"""
81628067,,path,,,,,,0.0,"""bicycle""=>""no"",""foot""=>""yes"",""hiking""=>""yes"",""mtb:scale""=>""2"",""sac_scale""=>""mountain_hiking"",""smoothness""=>""excellent"",""surface""=>""ground"",""tracktype""=>""grade3"",""trail_visibility""=>""good"""
81628067,,path,,,,,,0.0,"""bicycle""=>""no"",""foot""=>""yes"",""hiking""=>""yes"",""mtb:scale""=>""2"",""sac_scale""=>""mountain_hiking"",""smoothness""=>""excellent"",""surface""=>""ground"",""tracktype""=>""grade3"",""trail_visibility""=>""good"""
81628067,,path,,,,,,0.0,"""bicycle""=>""no"",""foot""=>""yes"",""hiking""=>""yes"",""mtb:scale""=>""2"",""sac_scale""=>""mountain_hiking"",""smoothness""=>""excellent"",""surface""=>""ground"",""tracktype""=>""grade3"",""trail_visibility""=>""good"""
81628067,,path,,,,,,0.0,"""bicycle""=>""no"",""foot""=>""yes"",""hiking""=>""yes"",""mtb:scale""=>""2"",""sac_scale""=>""mountain_hiking"",""smoothness""=>""excellent"",""surface""=>""ground"",""tracktype""=>""grade3"",""trail_visibility""=>""good"""
81628067,,path,,,,,,0.0,"""bicycle""=>""no"",""foot""=>""yes"",""hiking""=>""yes"",""mtb:scale""=>""2"",""sac_scale""=>""mountain_hiking"",""smoothness""=>""excellent"",""surface""=>""ground"",""tracktype""=>""grade3"",""trail_visibility""=>""good"""
81628067,,path,,,,,,0.0,"""bicycle""=>""no"",""foot""=>""yes"",""hiking""=>""yes"",""mtb:scale""=>""2"",""sac_scale""=>""mountain_hiking"",""smoothness""=>""excellent"",""surface""=>""ground"",""tracktype""=>""grade3"",""trail_visibility""=>""good"""
81628067,,path,,,,,,0.0,"""bicycle""=>""no"",""foot""=>""yes"",""hiking""=>""yes"",""mtb:scale""=>""2"",""sac_scale""=>""mountain_hiking"",""smoothness""=>""excellent"",""surface""=>""ground"",""tracktype""=>""grade3"",""trail_visibility""=>""good"""
81628067,,path,,,,,,0.0,"""bicycle""=>""no"",""foot""=>""yes"",""hiking""=>""yes"",""mtb:scale""=>""2"",""sac_scale""=>""mountain_hiking"",""smoothness""=>""excellent"",""surface""=>""ground"",""tracktype""=>""grade3"",""trail_visibility""=>""good"""
81628067,,path,,,,,,0.0,"""bicycle""=>""no"",""foot""=>""yes"",""hiking""=>""yes"",""mtb:scale""=>""2"",""sac_scale""=>""mountain_hiking"",""smoothness""=>""excellent"",""surface""=>""ground"",""tracktype""=>""grade3"",""trail_visibility""=>""good"""
81628067,,path,,,,,,0.0,"""bicycle""=>""no"",""foot""=>""yes"",""hiking""=>""yes"",""mtb:scale""=>""2"",""sac_scale""=>""mountain_hiking"",""smoothness""=>""excellent"",""surface""=>""ground"",""tracktype""=>""grade3"",""trail_visibility""=>""good"""
81628067,,path,,,,,,0.0,"""bicycle""=>""no"",""foot""=>""yes"",""hiking""=>""yes"",""mtb:scale""=>""2"",""sac_scale""=>""mountain_hiking"",""smoothness""=>""excellent"",""surface""=>""ground"",""tracktype""=>""grade3"",""trail_visibility""=>""good"""
81628067,,path,,,,,,0.0,"""bicycle""=>""no"",""foot""=>""yes"",""hiking""=>""yes"",""mtb:scale""=>""2"",""sac_scale""=>""mountain_hiking"",""smoothness""=>""excellent"",""surface""=>""ground"",""tracktype""=>""grade3"",""trail_visibility""=>""good"""
81628067,,path,,,,,,0.0,"""bicycle""=>""no"",""foot""=>""yes"",""hiking""=>""yes"",""mtb:scale""=>""2"",""sac_scale""=>""mountain_hiking"",""smoothness""=>""excellent"",""surface""=>""ground"",""tracktype""=>""grade3"",""trail_visibility""=>""good"""
81628067,,path,,,,,,0.0,"""bicycle""=>""no"",""foot""=>""yes"",""hiking""=>""yes"",""mtb:scale""=>""2"",""sac_scale""=>""mountain_hiking"",""smoothness""=>""excellent"",""surface""=>""ground"",""tracktype""=>""grade3"",""trail_visibility""=>""good"""
81628067,,path,,,,,,0.0,"""bicycle""=>""no"",""foot""=>""yes"",""hiking""=>""yes"",""mtb:scale""=>""2"",""sac_scale""=>""mountain_hiking"",""smoothness""=>""excellent"",""surface""=>""ground"",""tracktype""=>""grade3"",""trail_visibility""=>""good"""
81628067,,path,,,,,,0.0,"""bicycle""=>""no"",""foot""=>""yes"",""hiking""=>""yes"",""mtb:scale""=>""2"",""sac_scale""=>""mountain_hiking"",""smoothness""=>""excellent"",""surface""=>""ground"",""tracktype""=>""grade3"",""trail_visibility""=>""good"""
81628067,,path,,,,,,0.0,"""bicycle""=>""no"",""foot""=>""yes"",""hiking""=>""yes"",""mtb:scale""=>""2"",""sac_scale""=>""mountain_hiking"",""smoothness""=>""excellent"",""surface""=>""ground"",""tracktype""=>""grade3"",""trail_visibility""=>""good"""
81628067,,path,,,,,,0.0,"""bicycle""=>""no"",""foot""=>""yes"",""hiking""=>""yes"",""mtb:scale""=>""2"",""sac_scale""=>""mountain_hiking"",""smoothness""=>""excellent"",""surface""=>""ground"",""tracktype""=>""grade3"",""trail_visibility""=>""good"""
81628067,,path,,,,,,0.0,"""bicycle""=>""no"",""foot""=>""yes"",""hiking""=>""yes"",""mtb:scale""=>""2"",""sac_scale""=>""mountain_hiking"",""smoothness""=>""excellent"",""surface""=>""ground"",""tracktype""=>""grade3"",""trail_visibility""=>""good"""
81628067,,path,,,,,,0.0,"""bicycle""=>""no"",""foot""=>""yes"",""hiking""=>""yes"",""mtb:scale""=>""2"",""sac_scale""=>""mountain_hiking"",""smoothness""=>""excellent"",""surface""=>""ground"",""tracktype""=>""grade3"",""trail_visibility""=>""good"""
81628067,,path,,,,,,0.0,"""bicycle""=>""no"",""foot""=>""yes"",""hiking""=>""yes"",""mtb:scale""=>""2"",""sac_scale""=>""mountain_hiking"",""smoothness""=>""excellent"",""surface""=>""ground"",""tracktype""=>""grade3"",""trail_visibility""=>""good"""
81628067,,path,,,,,,0.0,"""bicycle""=>""no"",""foot""=>""yes"",""hiking""=>""yes"",""mtb:scale""=>""2"",""sac_scale""=>""mountain_hiking"",""smoothness""=>""excellent"",""surface""=>""ground"",""tracktype""=>""grade3"",""trail_visibility""=>""good"""
81628067,,path,,,,,,0.0,"""bicycle""=>""no"",""foot""=>""yes"",""hiking""=>""yes"",""mtb:scale""=>""2"",""sac_scale""=>""mountain_hiking"",""smoothness""=>""excellent"",""surface""=>""ground"",""tracktype""=>""grade3"",""trail_visibility""=>""good"""
81628067,,path,,,,,,0.0,"""bicycle""=>""no"",""foot""=>""yes"",""hiking""=>""yes"",""mtb:scale""=>""2"",""sac_scale""=>""mountain_hiking"",""smoothness""=>""excellent"",""surface""=>""ground"",""tracktype""=>""grade3"",""trail_visibility""=>""good"""
81628067,,path,,,,,,0.0,"""bicycle""=>""no"",""foot""=>""yes"",""hiking""=>""yes"",""mtb:scale""=>""2"",""sac_scale""=>""mountain_hiking"",""smoothness""=>""excellent"",""surface""=>""ground"",""tracktype""=>""grade3"",""trail_visibility""=>""good"""
81628067,,path,,,,,,0.0,"""bicycle""=>""no"",""foot""=>""yes"",""hiking""=>""yes"",""mtb:scale""=>""2"",""sac_scale""=>""mountain_hiking"",""smoothness""=>""excellent"",""surface""=>""ground"",""tracktype""=>""grade3"",""trail_visibility""=>""good"""
81628067,,path,,,,,,0.0,"""bicycle""=>""no"",""foot""=>""yes"",""hiking""=>""yes"",""mtb:scale""=>""2"",""sac_scale""=>""mountain_hiking"",""smoothness""=>""excellent"",""surface""=>""ground"",""tracktype""=>""grade3"",""trail_visibility""=>""good"""
443026725,,,stream,,,,,0.0,"""boat""=>""no"""
81628067,,path,,,,,,0.0,"""bicycle""=>""no"",""foot""=>""yes"",""hiking""=>""yes"",""mtb:scale""=>""2"",""sac_scale""=>""mountain_hiking"",""smoothness""=>""excellent"",""surface""=>""ground"",""tracktype""=>""grade3"",""trail_visibility""=>""good"""
443026725,,,stream,,,,,0.0,"""boat""=>""no"""
81628067,,path,,,,,,0.0,"""bicycle""=>""no"",""foot""=>""yes"",""hiking""=>""yes"",""mtb:scale""=>""2"",""sac_scale""=>""mountain_hiking"",""smoothness""=>""excellent"",""surface""=>""ground"",""tracktype""=>""grade3"",""trail_visibility""=>""good"""
81628067,,path,,,,,,0.0,"""bicycle""=>""no"",""foot""=>""yes"",""hiking""=>""yes"",""mtb:scale""=>""2"",""sac_scale""=>""mountain_hiking"",""smoothness""=>""excellent"",""surface""=>""ground"",""tracktype""=>""grade3"",""trail_visibility""=>""good"""
81628067,,path,,,,,,0.0,"""bicycle""=>""no"",""foot""=>""yes"",""hiking""=>""yes"",""mtb:scale""=>""2"",""sac_scale""=>""mountain_hiking"",""smoothness""=>""excellent"",""surface""=>""ground"",""tracktype""=>""grade3"",""trail_visibility""=>""good"""
81628067,,path,,,,,,0.0,"""bicycle""=>""no"",""foot""=>""yes"",""hiking""=>""yes"",""mtb:scale""=>""2"",""sac_scale""=>""mountain_hiking"",""smoothness""=>""excellent"",""surface""=>""ground"",""tracktype""=>""grade3"",""trail_visibility""=>""good"""
81628067,,path,,,,,,0.0,"""bicycle""=>""no"",""foot""=>""yes"",""hiking""=>""yes"",""mtb:scale""=>""2"",""sac_scale""=>""mountain_hiking"",""smoothness""=>""excellent"",""surface""=>""ground"",""tracktype""=>""grade3"",""trail_visibility""=>""good"""
81628067,,path,,,,,,0.0,"""bicycle""=>""no"",""foot""=>""yes"",""hiking""=>""yes"",""mtb:scale""=>""2"",""sac_scale""=>""mountain_hiking"",""smoothness""=>""excellent"",""surface""=>""ground"",""tracktype""=>""grade3"",""trail_visibility""=>""good"""
81628067,,path,,,,,,0.0,"""bicycle""=>""no"",""foot""=>""yes"",""hiking""=>""yes"",""mtb:scale""=>""2"",""sac_scale""=>""mountain_hiking"",""smoothness""=>""excellent"",""surface""=>""ground"",""tracktype""=>""grade3"",""trail_visibility""=>""good"""
81628067,,path,,,,,,0.0,"""bicycle""=>""no"",""foot""=>""yes"",""hiking""=>""yes"",""mtb:scale""=>""2"",""sac_scale""=>""mountain_hiking"",""smoothness""=>""excellent"",""surface""=>""ground"",""tracktype""=>""grade3"",""trail_visibility""=>""good"""
81628067,,path,,,,,,0.0,"""bicycle""=>""no"",""foot""=>""yes"",""hiking""=>""yes"",""mtb:scale""=>""2"",""sac_scale""=>""mountain_hiking"",""smoothness""=>""excellent"",""surface""=>""ground"",""tracktype""=>""grade3"",""trail_visibility""=>""good"""
81628067,,path,,,,,,0.0,"""bicycle""=>""no"",""foot""=>""yes"",""hiking""=>""yes"",""mtb:scale""=>""2"",""sac_scale""=>""mountain_hiking"",""smoothness""=>""excellent"",""surface""=>""ground"",""tracktype""=>""grade3"",""trail_visibility""=>""good"""
81628067,,path,,,,,,0.0,"""bicycle""=>""no"",""foot""=>""yes"",""hiking""=>""yes"",""mtb:scale""=>""2"",""sac_scale""=>""mountain_hiking"",""smoothness""=>""excellent"",""surface""=>""ground"",""tracktype""=>""grade3"",""trail_visibility""=>""good"""
81628067,,path,,,,,,0.0,"""bicycle""=>""no"",""foot""=>""yes"",""hiking""=>""yes"",""mtb:scale""=>""2"",""sac_scale""=>""mountain_hiking"",""smoothness""=>""excellent"",""surface""=>""ground"",""tracktype""=>""grade3"",""trail_visibility""=>""good"""
81628067,,path,,,,,,0.0,"""bicycle""=>""no"",""foot""=>""yes"",""hiking""=>""yes"",""mtb:scale""=>""2"",""sac_scale""=>""mountain_hiking"",""smoothness""=>""excellent"",""surface""=>""ground"",""tracktype""=>""grade3"",""trail_visibility""=>""good"""
81628067,,path,,,,,,0.0,"""bicycle""=>""no"",""foot""=>""yes"",""hiking""=>""yes"",""mtb:scale""=>""2"",""sac_scale""=>""mountain_hiking"",""smoothness""=>""excellent"",""surface""=>""ground"",""tracktype""=>""grade3"",""trail_visibility""=>""good"""
81628067,,path,,,,,,0.0,"""bicycle""=>""no"",""foot""=>""yes"",""hiking""=>""yes"",""mtb:scale""=>""2"",""sac_scale""=>""mountain_hiking"",""smoothness""=>""excellent"",""surface""=>""ground"",""tracktype""=>""grade3"",""trail_visibility""=>""good"""
81628067,,path,,,,,,0.0,"""bicycle""=>""no"",""foot""=>""yes"",""hiking""=>""yes"",""mtb:scale""=>""2"",""sac_scale""=>""mountain_hiking"",""smoothness""=>""excellent"",""surface""=>""ground"",""tracktype""=>""grade3"",""trail_visibility""=>""good"""
81628067,,path,,,,,,0.0,"""bicycle""=>""no"",""foot""=>""yes"",""hiking""=>""yes"",""mtb:scale""=>""2"",""sac_scale""=>""mountain_hiking"",""smoothness""=>""excellent"",""surface""=>""ground"",""tracktype""=>""grade3"",""trail_visibility""=>""good"""
81628067,,path,,,,,,0.0,"""bicycle""=>""no"",""foot""=>""yes"",""hiking""=>""yes"",""mtb:scale""=>""2"",""sac_scale""=>""mountain_hiking"",""smoothness""=>""excellent"",""surface""=>""ground"",""tracktype""=>""grade3"",""trail_visibility""=>""good"""
81628067,,path,,,,,,0.0,"""bicycle""=>""no"",""foot""=>""yes"",""hiking""=>""yes"",""mtb:scale""=>""2"",""sac_scale""=>""mountain_hiking"",""smoothness""=>""excellent"",""surface""=>""ground"",""tracktype""=>""grade3"",""trail_visibility""=>""good"""
81628067,,path,,,,,,0.0,"""bicycle""=>""no"",""foot""=>""yes"",""hiking""=>""yes"",""mtb:scale""=>""2"",""sac_scale""=>""mountain_hiking"",""smoothness""=>""excellent"",""surface""=>""ground"",""tracktype""=>""grade3"",""trail_visibility""=>""good"""
81628067,,path,,,,,,0.0,"""bicycle""=>""no"",""foot""=>""yes"",""hiking""=>""yes"",""mtb:scale""=>""2"",""sac_scale""=>""mountain_hiking"",""smoothness""=>""excellent"",""surface""=>""ground"",""tracktype""=>""grade3"",""trail_visibility""=>""good"""
81628067,,path,,,,,,0.0,"""bicycle""=>""no"",""foot""=>""yes"",""hiking""=>""yes"",""mtb:scale""=>""2"",""sac_scale""=>""mountain_hiking"",""smoothness""=>""excellent"",""surface""=>""ground"",""tracktype""=>""grade3"",""trail_visibility""=>""good"""
81628067,,path,,,,,,0.0,"""bicycle""=>""no"",""foot""=>""yes"",""hiking""=>""yes"",""mtb:scale""=>""2"",""sac_scale""=>""mountain_hiking"",""smoothness""=>""excellent"",""surface""=>""ground"",""tracktype""=>""grade3"",""trail_visibility""=>""good"""
81628067,,path,,,,,,0.0,"""bicycle""=>""no"",""foot""=>""yes"",""hiking""=>""yes"",""mtb:scale""=>""2"",""sac_scale""=>""mountain_hiking"",""smoothness""=>""excellent"",""surface""=>""ground"",""tracktype""=>""grade3"",""trail_visibility""=>""good"""
81628067,,path,,,,,,0.0,"""bicycle""=>""no"",""foot""=>""yes"",""hiking""=>""yes"",""mtb:scale""=>""2"",""sac_scale""=>""mountain_hiking"",""smoothness""=>""excellent"",""surface""=>""ground"",""tracktype""=>""grade3"",""trail_visibility""=>""good"""
81628067,,path,,,,,,0.0,"""bicycle""=>""no"",""foot""=>""yes"",""hiking""=>""yes"",""mtb:scale""=>""2"",""sac_scale""=>""mountain_hiking"",""smoothness""=>""excellent"",""surface""=>""ground"",""tracktype""=>""grade3"",""trail_visibility""=>""good"""
81628067,,path,,,,,,0.0,"""bicycle""=>""no"",""foot""=>""yes"",""hiking""=>""yes"",""mtb:scale""=>""2"",""sac_scale""=>""mountain_hiking"",""smoothness""=>""excellent"",""surface""=>""ground"",""tracktype""=>""grade3"",""trail_visibility""=>""good"""
81628067,,path,,,,,,0.0,"""bicycle""=>""no"",""foot""=>""yes"",""hiking""=>""yes"",""mtb:scale""=>""2"",""sac_scale""=>""mountain_hiking"",""smoothness""=>""excellent"",""surface""=>""ground"",""tracktype""=>""grade3"",""trail_visibility""=>""good"""
81628067,,path,,,,,,0.0,"""bicycle""=>""no"",""foot""=>""yes"",""hiking""=>""yes"",""mtb:scale""=>""2"",""sac_scale""=>""mountain_hiking"",""smoothness""=>""excellent"",""surface""=>""ground"",""tracktype""=>""grade3"",""trail_visibility""=>""good"""
81628067,,path,,,,,,0.0,"""bicycle""=>""no"",""foot""=>""yes"",""hiking""=>""yes"",""mtb:scale""=>""2"",""sac_scale""=>""mountain_hiking"",""smoothness""=>""excellent"",""surface""=>""ground"",""tracktype""=>""grade3"",""trail_visibility""=>""good"""
81628067,,path,,,,,,0.0,"""bicycle""=>""no"",""foot""=>""yes"",""hiking""=>""yes"",""mtb:scale""=>""2"",""sac_scale""=>""mountain_hiking"",""smoothness""=>""excellent"",""surface""=>""ground"",""tracktype""=>""grade3"",""trail_visibility""=>""good"""
81628067,,path,,,,,,0.0,"""bicycle""=>""no"",""foot""=>""yes"",""hiking""=>""yes"",""mtb:scale""=>""2"",""sac_scale""=>""mountain_hiking"",""smoothness""=>""excellent"",""surface""=>""ground"",""tracktype""=>""grade3"",""trail_visibility""=>""good"""
81628067,,path,,,,,,0.0,"""bicycle""=>""no"",""foot""=>""yes"",""hiking""=>""yes"",""mtb:scale""=>""2"",""sac_scale""=>""mountain_hiking"",""smoothness""=>""excellent"",""surface""=>""ground"",""tracktype""=>""grade3"",""trail_visibility""=>""good"""
81628067,,path,,,,,,0.0,"""bicycle""=>""no"",""foot""=>""yes"",""hiking""=>""yes"",""mtb:scale""=>""2"",""sac_scale""=>""mountain_hiking"",""smoothness""=>""excellent"",""surface""=>""ground"",""tracktype""=>""grade3"",""trail_visibility""=>""good"""
81628067,,path,,,,,,0.0,"""bicycle""=>""no"",""foot""=>""yes"",""hiking""=>""yes"",""mtb:scale""=>""2"",""sac_scale""=>""mountain_hiking"",""smoothness""=>""excellent"",""surface""=>""ground"",""tracktype""=>""grade3"",""trail_visibility""=>""good"""
81628067,,path,,,,,,0.0,"""bicycle""=>""no"",""foot""=>""yes"",""hiking""=>""yes"",""mtb:scale""=>""2"",""sac_scale""=>""mountain_hiking"",""smoothness""=>""excellent"",""surface""=>""ground"",""tracktype""=>""grade3"",""trail_visibility""=>""good"""
81628067,,path,,,,,,0.0,"""bicycle""=>""no"",""foot""=>""yes"",""hiking""=>""yes"",""mtb:scale""=>""2"",""sac_scale""=>""mountain_hiking"",""smoothness""=>""excellent"",""surface""=>""ground"",""tracktype""=>""grade3"",""trail_visibility""=>""good"""
81628067,,path,,,,,,0.0,"""bicycle""=>""no"",""foot""=>""yes"",""hiking""=>""yes"",""mtb:scale""=>""2"",""sac_scale""=>""mountain_hiking"",""smoothness""=>""excellent"",""surface""=>""ground"",""tracktype""=>""grade3"",""trail_visibility""=>""good"""
81628067,,path,,,,,,0.0,"""bicycle""=>""no"",""foot""=>""yes"",""hiking""=>""yes"",""mtb:scale""=>""2"",""sac_scale""=>""mountain_hiking"",""smoothness""=>""excellent"",""surface""=>""ground"",""tracktype""=>""grade3"",""trail_visibility""=>""good"""
81628067,,path,,,,,,0.0,"""bicycle""=>""no"",""foot""=>""yes"",""hiking""=>""yes"",""mtb:scale""=>""2"",""sac_scale""=>""mountain_hiking"",""smoothness""=>""excellent"",""surface""=>""ground"",""tracktype""=>""grade3"",""trail_visibility""=>""good"""
81628067,,path,,,,,,0.0,"""bicycle""=>""no"",""foot""=>""yes"",""hiking""=>""yes"",""mtb:scale""=>""2"",""sac_scale""=>""mountain_hiking"",""smoothness""=>""excellent"",""surface""=>""ground"",""tracktype""=>""grade3"",""trail_visibility""=>""good"""
449704545,,path,,,,,,0.0,"""bicycle""=>""no"",""foot""=>""yes"",""hiking""=>""yes"",""mtb:scale""=>""2"",""sac_scale""=>""mountain_hiking"",""smoothness""=>""excellent"",""surface""=>""grass"",""tracktype""=>""grade3"",""trail_visibility""=>""good"""
479376036,,path,,,,,,0.0,"""bicycle""=>""no"",""foot""=>""yes"",""hiking""=>""yes"",""mtb:scale""=>""2"",""sac_scale""=>""mountain_hiking"",""smoothness""=>""excellent"",""surface""=>""ground"",""tracktype""=>""grade3"",""trail_visibility""=>""good"""
81628067,,path,,,,,,0.0,"""bicycle""=>""no"",""foot""=>""yes"",""hiking""=>""yes"",""mtb:scale""=>""2"",""sac_scale""=>""mountain_hiking"",""smoothness""=>""excellent"",""surface""=>""ground"",""tracktype""=>""grade3"",""trail_visibility""=>""good"""
449704545,,path,,,,,,0.0,"""bicycle""=>""no"",""foot""=>""yes"",""hiking""=>""yes"",""mtb:scale""=>""2"",""sac_scale""=>""mountain_hiking"",""smoothness""=>""excellent"",""surface""=>""grass"",""tracktype""=>""grade3"",""trail_visibility""=>""good"""
479376036,,path,,,,,,0.0,"""bicycle""=>""no"",""foot""=>""yes"",""hiking""=>""yes"",""mtb:scale""=>""2"",""sac_scale""=>""mountain_hiking"",""smoothness""=>""excellent"",""surface""=>""ground"",""tracktype""=>""grade3"",""trail_visibility""=>""good"""
81628067,,path,,,,,,0.0,"""bicycle""=>""no"",""foot""=>""yes"",""hiking""=>""yes"",""mtb:scale""=>""2"",""sac_scale""=>""mountain_hiking"",""smoothness""=>""excellent"",""surface""=>""ground"",""tracktype""=>""grade3"",""trail_visibility""=>""good"""
449704545,,path,,,,,,0.0,"""bicycle""=>""no"",""foot""=>""yes"",""hiking""=>""yes"",""mtb:scale""=>""2"",""sac_scale""=>""mountain_hiking"",""smoothness""=>""excellent"",""surface""=>""grass"",""tracktype""=>""grade3"",""trail_visibility""=>""good"""
479376036,,path,,,,,,0.0,"""bicycle""=>""no"",""foot""=>""yes"",""hiking""=>""yes"",""mtb:scale""=>""2"",""sac_scale""=>""mountain_hiking"",""smoothness""=>""excellent"",""surface""=>""ground"",""tracktype""=>""grade3"",""trail_visibility""=>""good"""
81628067,,path,,,,,,0.0,"""bicycle""=>""no"",""foot""=>""yes"",""hiking""=>""yes"",""mtb:scale""=>""2"",""sac_scale""=>""mountain_hiking"",""smoothness""=>""excellent"",""surface""=>""ground"",""tracktype""=>""grade3"",""trail_visibility""=>""good"""
449704545,,path,,,,,,0.0,"""bicycle""=>""no"",""foot""=>""yes"",""hiking""=>""yes"",""mtb:scale""=>""2"",""sac_scale""=>""mountain_hiking"",""smoothness""=>""excellent"",""surface""=>""grass"",""tracktype""=>""grade3"",""trail_visibility""=>""good"""
479376036,,path,,,,,,0.0,"""bicycle""=>""no"",""foot""=>""yes"",""hiking""=>""yes"",""mtb:scale""=>""2"",""sac_scale""=>""mountain_hiking"",""smoothness""=>""excellent"",""surface""=>""ground"",""tracktype""=>""grade3"",""trail_visibility""=>""good"""
479376036,,path,,,,,,0.0,"""bicycle""=>""no"",""foot""=>""yes"",""hiking""=>""yes"",""mtb:scale""=>""2"",""sac_scale""=>""mountain_hiking"",""smoothness""=>""excellent"",""surface""=>""ground"",""tracktype""=>""grade3"",""trail_visibility""=>""good"""
479376036,,path,,,,,,0.0,"""bicycle""=>""no"",""foot""=>""yes"",""hiking""=>""yes"",""mtb:scale""=>""2"",""sac_scale""=>""mountain_hiking"",""smoothness""=>""excellent"",""surface""=>""ground"",""tracktype""=>""grade3"",""trail_visibility""=>""good"""
479376036,,path,,,,,,0.0,"""bicycle""=>""no"",""foot""=>""yes"",""hiking""=>""yes"",""mtb:scale""=>""2"",""sac_scale""=>""mountain_hiking"",""smoothness""=>""excellent"",""surface""=>""ground"",""tracktype""=>""grade3"",""trail_visibility""=>""good"""
479376036,,path,,,,,,0.0,"""bicycle""=>""no"",""foot""=>""yes"",""hiking""=>""yes"",""mtb:scale""=>""2"",""sac_scale""=>""mountain_hiking"",""smoothness""=>""excellent"",""surface""=>""ground"",""tracktype""=>""grade3"",""trail_visibility""=>""good"""
479376036,,path,,,,,,0.0,"""bicycle""=>""no"",""foot""=>""yes"",""hiking""=>""yes"",""mtb:scale""=>""2"",""sac_scale""=>""mountain_hiking"",""smoothness""=>""excellent"",""surface""=>""ground"",""tracktype""=>""grade3"",""trail_visibility""=>""good"""
479376036,,path,,,,,,0.0,"""bicycle""=>""no"",""foot""=>""yes"",""hiking""=>""yes"",""mtb:scale""=>""2"",""sac_scale""=>""mountain_hiking"",""smoothness""=>""excellent"",""surface""=>""ground"",""tracktype""=>""grade3"",""trail_visibility""=>""good"""
479376036,,path,,,,,,0.0,"""bicycle""=>""no"",""foot""=>""yes"",""hiking""=>""yes"",""mtb:scale""=>""2"",""sac_scale""=>""mountain_hiking"",""smoothness""=>""excellent"",""surface""=>""ground"",""tracktype""=>""grade3"",""trail_visibility""=>""good"""
479376036,,path,,,,,,0.0,"""bicycle""=>""no"",""foot""=>""yes"",""hiking""=>""yes"",""mtb:scale""=>""2"",""sac_scale""=>""mountain_hiking"",""smoothness""=>""excellent"",""surface""=>""ground"",""tracktype""=>""grade3"",""trail_visibility""=>""good"""
479376036,,path,,,,,,0.0,"""bicycle""=>""no"",""foot""=>""yes"",""hiking""=>""yes"",""mtb:scale""=>""2"",""sac_scale""=>""mountain_hiking"",""smoothness""=>""excellent"",""surface""=>""ground"",""tracktype""=>""grade3"",""trail_visibility""=>""good"""
479376036,,path,,,,,,0.0,"""bicycle""=>""no"",""foot""=>""yes"",""hiking""=>""yes"",""mtb:scale""=>""2"",""sac_scale""=>""mountain_hiking"",""smoothness""=>""excellent"",""surface""=>""ground"",""tracktype""=>""grade3"",""trail_visibility""=>""good"""
479376036,,path,,,,,,0.0,"""bicycle""=>""no"",""foot""=>""yes"",""hiking""=>""yes"",""mtb:scale""=>""2"",""sac_scale""=>""mountain_hiking"",""smoothness""=>""excellent"",""surface""=>""ground"",""tracktype""=>""grade3"",""trail_visibility""=>""good"""
479376036,,path,,,,,,0.0,"""bicycle""=>""no"",""foot""=>""yes"",""hiking""=>""yes"",""mtb:scale""=>""2"",""sac_scale""=>""mountain_hiking"",""smoothness""=>""excellent"",""surface""=>""ground"",""tracktype""=>""grade3"",""trail_visibility""=>""good"""
479376036,,path,,,,,,0.0,"""bicycle""=>""no"",""foot""=>""yes"",""hiking""=>""yes"",""mtb:scale""=>""2"",""sac_scale""=>""mountain_hiking"",""smoothness""=>""excellent"",""surface""=>""ground"",""tracktype""=>""grade3"",""trail_visibility""=>""good"""
479376036,,path,,,,,,0.0,"""bicycle""=>""no"",""foot""=>""yes"",""hiking""=>""yes"",""mtb:scale""=>""2"",""sac_scale""=>""mountain_hiking"",""smoothness""=>""excellent"",""surface""=>""ground"",""tracktype""=>""grade3"",""trail_visibility""=>""good"""
479376036,,path,,,,,,0.0,"""bicycle""=>""no"",""foot""=>""yes"",""hiking""=>""yes"",""mtb:scale""=>""2"",""sac_scale""=>""mountain_hiking"",""smoothness""=>""excellent"",""surface""=>""ground"",""tracktype""=>""grade3"",""trail_visibility""=>""good"""
479376036,,path,,,,,,0.0,"""bicycle""=>""no"",""foot""=>""yes"",""hiking""=>""yes"",""mtb:scale""=>""2"",""sac_scale""=>""mountain_hiking"",""smoothness""=>""excellent"",""surface""=>""ground"",""tracktype""=>""grade3"",""trail_visibility""=>""good"""
479376036,,path,,,,,,0.0,"""bicycle""=>""no"",""foot""=>""yes"",""hiking""=>""yes"",""mtb:scale""=>""2"",""sac_scale""=>""mountain_hiking"",""smoothness""=>""excellent"",""surface""=>""ground"",""tracktype""=>""grade3"",""trail_visibility""=>""good"""
479376036,,path,,,,,,0.0,"""bicycle""=>""no"",""foot""=>""yes"",""hiking""=>""yes"",""mtb:scale""=>""2"",""sac_scale""=>""mountain_hiking"",""smoothness""=>""excellent"",""surface""=>""ground"",""tracktype""=>""grade3"",""trail_visibility""=>""good"""
479376036,,path,,,,,,0.0,"""bicycle""=>""no"",""foot""=>""yes"",""hiking""=>""yes"",""mtb:scale""=>""2"",""sac_scale""=>""mountain_hiking"",""smoothness""=>""excellent"",""surface""=>""ground"",""tracktype""=>""grade3"",""trail_visibility""=>""good"""
479376036,,path,,,,,,0.0,"""bicycle""=>""no"",""foot""=>""yes"",""hiking""=>""yes"",""mtb:scale""=>""2"",""sac_scale""=>""mountain_hiking"",""smoothness""=>""excellent"",""surface""=>""ground"",""tracktype""=>""grade3"",""trail_visibility""=>""good"""
479376036,,path,,,,,,0.0,"""bicycle""=>""no"",""foot""=>""yes"",""hiking""=>""yes"",""mtb:scale""=>""2"",""sac_scale""=>""mountain_hiking"",""smoothness""=>""excellent"",""surface""=>""ground"",""tracktype""=>""grade3"",""trail_visibility""=>""good"""
479376036,,path,,,,,,0.0,"""bicycle""=>""no"",""foot""=>""yes"",""hiking""=>""yes"",""mtb:scale""=>""2"",""sac_scale""=>""mountain_hiking"",""smoothness""=>""excellent"",""surface""=>""ground"",""tracktype""=>""grade3"",""trail_visibility""=>""good"""
479376036,,path,,,,,,0.0,"""bicycle""=>""no"",""foot""=>""yes"",""hiking""=>""yes"",""mtb:scale""=>""2"",""sac_scale""=>""mountain_hiking"",""smoothness""=>""excellent"",""surface""=>""ground"",""tracktype""=>""grade3"",""trail_visibility""=>""good"""
479376036,,path,,,,,,0.0,"""bicycle""=>""no"",""foot""=>""yes"",""hiking""=>""yes"",""mtb:scale""=>""2"",""sac_scale""=>""mountain_hiking"",""smoothness""=>""excellent"",""surface""=>""ground"",""tracktype""=>""grade3"",""trail_visibility""=>""good"""
453977394,Strada Forestale Valsorda 2,track,,,,,,0.0,"""bicycle""=>""yes"",""designation""=>""IT-TN:strada_forestale_tipo_b"",""disabled""=>""yes"",""emergency""=>""yes"",""foot""=>""yes"",""forestry""=>""yes"",""horse""=>""yes"",""motor_vehicle""=>""private"",""surface""=>""compacted"",""tracktype""=>""grade2"""
479376036,,path,,,,,,0.0,"""bicycle""=>""no"",""foot""=>""yes"",""hiking""=>""yes"",""mtb:scale""=>""2"",""sac_scale""=>""mountain_hiking"",""smoothness""=>""excellent"",""surface""=>""ground"",""tracktype""=>""grade3"",""trail_visibility""=>""good"""
259059447,Strada Forestale Valsorda 2,track,,,,,,0.0,"""bicycle""=>""yes"",""designation""=>""IT-TN:strada_forestale_tipo_b"",""disabled""=>""yes"",""emergency""=>""yes"",""foot""=>""yes"",""forestry""=>""yes"",""horse""=>""yes"",""motor_vehicle""=>""private"",""surface""=>""compacted"",""tracktype""=>""grade2"""
453977394,Strada Forestale Valsorda 2,track,,,,,,0.0,"""bicycle""=>""yes"",""designation""=>""IT-TN:strada_forestale_tipo_b"",""disabled""=>""yes"",""emergency""=>""yes"",""foot""=>""yes"",""forestry""=>""yes"",""horse""=>""yes"",""motor_vehicle""=>""private"",""surface""=>""compacted"",""tracktype""=>""grade2"""
479376036,,path,,,,,,0.0,"""bicycle""=>""no"",""foot""=>""yes"",""hiking""=>""yes"",""mtb:scale""=>""2"",""sac_scale""=>""mountain_hiking"",""smoothness""=>""excellent"",""surface""=>""ground"",""tracktype""=>""grade3"",""trail_visibility""=>""good"""
259059447,Strada Forestale Valsorda 2,track,,,,,,0.0,"""bicycle""=>""yes"",""designation""=>""IT-TN:strada_forestale_tipo_b"",""disabled""=>""yes"",""emergency""=>""yes"",""foot""=>""yes"",""forestry""=>""yes"",""horse""=>""yes"",""motor_vehicle""=>""private"",""surface""=>""compacted"",""tracktype""=>""grade2"""
453977394,Strada Forestale Valsorda 2,track,,,,,,0.0,"""bicycle""=>""yes"",""designation""=>""IT-TN:strada_forestale_tipo_b"",""disabled""=>""yes"",""emergency""=>""yes"",""foot""=>""yes"",""forestry""=>""yes"",""horse""=>""yes"",""motor_vehicle""=>""private"",""surface""=>""compacted"",""tracktype""=>""grade2"""
479376036,,path,,,,,,0.0,"""bicycle""=>""no"",""foot""=>""yes"",""hiking""=>""yes"",""mtb:scale""=>""2"",""sac_scale""=>""mountain_hiking"",""smoothness""=>""excellent"",""surface""=>""ground"",""tracktype""=>""grade3"",""trail_visibility""=>""good"""
259059447,Strada Forestale Valsorda 2,track,,,,,,0.0,"""bicycle""=>""yes"",""designation""=>""IT-TN:strada_forestale_tipo_b"",""disabled""=>""yes"",""emergency""=>""yes"",""foot""=>""yes"",""forestry""=>""yes"",""horse""=>""yes"",""motor_vehicle""=>""private"",""surface""=>""compacted"",""tracktype""=>""grade2"""
443026707,,,stream,,,,,0.0,"""boat""=>""no"""
443026727,,,stream,,,,,0.0,"""boat""=>""no"""
453977394,Strada Forestale Valsorda 2,track,,,,,,0.0,"""bicycle""=>""yes"",""designation""=>""IT-TN:strada_forestale_tipo_b"",""disabled""=>""yes"",""emergency""=>""yes"",""foot""=>""yes"",""forestry""=>""yes"",""horse""=>""yes"",""motor_vehicle""=>""private"",""surface""=>""compacted"",""tracktype""=>""grade2"""
443026713,,,stream,,,,,-10.0,"""boat""=>""no"",""layer""=>""-1"",""tunnel""=>""culvert"""
443026727,,,stream,,,,,0.0,"""boat""=>""no"""
453977394,Strada Forestale Valsorda 2,track,,,,,,0.0,"""bicycle""=>""yes"",""designation""=>""IT-TN:strada_forestale_tipo_b"",""disabled""=>""yes"",""emergency""=>""yes"",""foot""=>""yes"",""forestry""=>""yes"",""horse""=>""yes"",""motor_vehicle""=>""private"",""surface""=>""compacted"",""tracktype""=>""grade2"""
443026713,,,stream,,,,,-10.0,"""boat""=>""no"",""layer""=>""-1"",""tunnel""=>""culvert"""
453977394,Strada Forestale Valsorda 2,track,,,,,,0.0,"""bicycle""=>""yes"",""designation""=>""IT-TN:strada_forestale_tipo_b"",""disabled""=>""yes"",""emergency""=>""yes"",""foot""=>""yes"",""forestry""=>""yes"",""horse""=>""yes"",""motor_vehicle""=>""private"",""surface""=>""compacted"",""tracktype""=>""grade2"""
453977394,Strada Forestale Valsorda 2,track,,,,,,0.0,"""bicycle""=>""yes"",""designation""=>""IT-TN:strada_forestale_tipo_b"",""disabled""=>""yes"",""emergency""=>""yes"",""foot""=>""yes"",""forestry""=>""yes"",""horse""=>""yes"",""motor_vehicle""=>""private"",""surface""=>""compacted"",""tracktype""=>""grade2"""
453977394,Strada Forestale Valsorda 2,track,,,,,,0.0,"""bicycle""=>""yes"",""designation""=>""IT-TN:strada_forestale_tipo_b"",""disabled""=>""yes"",""emergency""=>""yes"",""foot""=>""yes"",""forestry""=>""yes"",""horse""=>""yes"",""motor_vehicle""=>""private"",""surface""=>""compacted"",""tracktype""=>""grade2"""
453977394,Strada Forestale Valsorda 2,track,,,,,,0.0,"""bicycle""=>""yes"",""designation""=>""IT-TN:strada_forestale_tipo_b"",""disabled""=>""yes"",""emergency""=>""yes"",""foot""=>""yes"",""forestry""=>""yes"",""horse""=>""yes"",""motor_vehicle""=>""private"",""surface""=>""compacted"",""tracktype""=>""grade2"""
453977394,Strada Forestale Valsorda 2,track,,,,,,0.0,"""bicycle""=>""yes"",""designation""=>""IT-TN:strada_forestale_tipo_b"",""disabled""=>""yes"",""emergency""=>""yes"",""foot""=>""yes"",""forestry""=>""yes"",""horse""=>""yes"",""motor_vehicle""=>""private"",""surface""=>""compacted"",""tracktype""=>""grade2"""
453977394,Strada Forestale Valsorda 2,track,,,,,,0.0,"""bicycle""=>""yes"",""designation""=>""IT-TN:strada_forestale_tipo_b"",""disabled""=>""yes"",""emergency""=>""yes"",""foot""=>""yes"",""forestry""=>""yes"",""horse""=>""yes"",""motor_vehicle""=>""private"",""surface""=>""compacted"",""tracktype""=>""grade2"""
453977394,Strada Forestale Valsorda 2,track,,,,,,0.0,"""bicycle""=>""yes"",""designation""=>""IT-TN:strada_forestale_tipo_b"",""disabled""=>""yes"",""emergency""=>""yes"",""foot""=>""yes"",""forestry""=>""yes"",""horse""=>""yes"",""motor_vehicle""=>""private"",""surface""=>""compacted"",""tracktype""=>""grade2"""
453977394,Strada Forestale Valsorda 2,track,,,,,,0.0,"""bicycle""=>""yes"",""designation""=>""IT-TN:strada_forestale_tipo_b"",""disabled""=>""yes"",""emergency""=>""yes"",""foot""=>""yes"",""forestry""=>""yes"",""horse""=>""yes"",""motor_vehicle""=>""private"",""surface""=>""compacted"",""tracktype""=>""grade2"""
479376029,,path,,,,,,0.0,"""foot""=>""yes"",""hiking""=>""yes"",""mtb:scale""=>""2"",""sac_scale""=>""mountain_hiking"",""smoothness""=>""excellent"",""surface""=>""ground"",""tracktype""=>""grade3"",""trail_visibility""=>""good"""
453977394,Strada Forestale Valsorda 2,track,,,,,,0.0,"""bicycle""=>""yes"",""designation""=>""IT-TN:strada_forestale_tipo_b"",""disabled""=>""yes"",""emergency""=>""yes"",""foot""=>""yes"",""forestry""=>""yes"",""horse""=>""yes"",""motor_vehicle""=>""private"",""surface""=>""compacted"",""tracktype""=>""grade2"""
479376029,,path,,,,,,0.0,"""foot""=>""yes"",""hiking""=>""yes"",""mtb:scale""=>""2"",""sac_scale""=>""mountain_hiking"",""smoothness""=>""excellent"",""surface""=>""ground"",""tracktype""=>""grade3"",""trail_visibility""=>""good"""
453977394,Strada Forestale Valsorda 2,track,,,,,,0.0,"""bicycle""=>""yes"",""designation""=>""IT-TN:strada_forestale_tipo_b"",""disabled""=>""yes"",""emergency""=>""yes"",""foot""=>""yes"",""forestry""=>""yes"",""horse""=>""yes"",""motor_vehicle""=>""private"",""surface""=>""compacted"",""tracktype""=>""grade2"""
479376029,,path,,,,,,0.0,"""foot""=>""yes"",""hiking""=>""yes"",""mtb:scale""=>""2"",""sac_scale""=>""mountain_hiking"",""smoothness""=>""excellent"",""surface""=>""ground"",""tracktype""=>""grade3"",""trail_visibility""=>""good"""
479376029,,path,,,,,,0.0,"""foot""=>""yes"",""hiking""=>""yes"",""mtb:scale""=>""2"",""sac_scale""=>""mountain_hiking"",""smoothness""=>""excellent"",""surface""=>""ground"",""tracktype""=>""grade3"",""trail_visibility""=>""good"""
479376029,,path,,,,,,0.0,"""foot""=>""yes"",""hiking""=>""yes"",""mtb:scale""=>""2"",""sac_scale""=>""mountain_hiking"",""smoothness""=>""excellent"",""surface""=>""ground"",""tracktype""=>""grade3"",""trail_visibility""=>""good"""
479376029,,path,,,,,,0.0,"""foot""=>""yes"",""hiking""=>""yes"",""mtb:scale""=>""2"",""sac_scale""=>""mountain_hiking"",""smoothness""=>""excellent"",""surface""=>""ground"",""tracktype""=>""grade3"",""trail_visibility""=>""good"""
479376029,,path,,,,,,0.0,"""foot""=>""yes"",""hiking""=>""yes"",""mtb:scale""=>""2"",""sac_scale""=>""mountain_hiking"",""smoothness""=>""excellent"",""surface""=>""ground"",""tracktype""=>""grade3"",""trail_visibility""=>""good"""
479376029,,path,,,,,,0.0,"""foot""=>""yes"",""hiking""=>""yes"",""mtb:scale""=>""2"",""sac_scale""=>""mountain_hiking"",""smoothness""=>""excellent"",""surface""=>""ground"",""tracktype""=>""grade3"",""trail_visibility""=>""good"""
479376029,,path,,,,,,0.0,"""foot""=>""yes"",""hiking""=>""yes"",""mtb:scale""=>""2"",""sac_scale""=>""mountain_hiking"",""smoothness""=>""excellent"",""surface""=>""ground"",""tracktype""=>""grade3"",""trail_visibility""=>""good"""
479376029,,path,,,,,,0.0,"""foot""=>""yes"",""hiking""=>""yes"",""mtb:scale""=>""2"",""sac_scale""=>""mountain_hiking"",""smoothness""=>""excellent"",""surface""=>""ground"",""tracktype""=>""grade3"",""trail_visibility""=>""good"""
479376029,,path,,,,,,0.0,"""foot""=>""yes"",""hiking""=>""yes"",""mtb:scale""=>""2"",""sac_scale""=>""mountain_hiking"",""smoothness""=>""excellent"",""surface""=>""ground"",""tracktype""=>""grade3"",""trail_visibility""=>""good"""
479376029,,path,,,,,,0.0,"""foot""=>""yes"",""hiking""=>""yes"",""mtb:scale""=>""2"",""sac_scale""=>""mountain_hiking"",""smoothness""=>""excellent"",""surface""=>""ground"",""tracktype""=>""grade3"",""trail_visibility""=>""good"""
479376029,,path,,,,,,0.0,"""foot""=>""yes"",""hiking""=>""yes"",""mtb:scale""=>""2"",""sac_scale""=>""mountain_hiking"",""smoothness""=>""excellent"",""surface""=>""ground"",""tracktype""=>""grade3"",""trail_visibility""=>""good"""
81628056,,path,,,,,,0.0,"""foot""=>""yes"",""hiking""=>""yes"",""mtb:scale""=>""2"",""sac_scale""=>""mountain_hiking"",""smoothness""=>""excellent"",""surface""=>""ground"",""tracktype""=>""grade3"",""trail_visibility""=>""good"""
479376029,,path,,,,,,0.0,"""foot""=>""yes"",""hiking""=>""yes"",""mtb:scale""=>""2"",""sac_scale""=>""mountain_hiking"",""smoothness""=>""excellent"",""surface""=>""ground"",""tracktype""=>""grade3"",""trail_visibility""=>""good"""
449704545,,path,,,,,,0.0,"""bicycle""=>""no"",""foot""=>""yes"",""hiking""=>""yes"",""mtb:scale""=>""2"",""sac_scale""=>""mountain_hiking"",""smoothness""=>""excellent"",""surface""=>""grass"",""tracktype""=>""grade3"",""trail_visibility""=>""good"""
443026731,,,stream,,,,,0.0,"""boat""=>""no"""
81628056,,path,,,,,,0.0,"""foot""=>""yes"",""hiking""=>""yes"",""mtb:scale""=>""2"",""sac_scale""=>""mountain_hiking"",""smoothness""=>""excellent"",""surface""=>""ground"",""tracktype""=>""grade3"",""trail_visibility""=>""good"""
479376029,,path,,,,,,0.0,"""foot""=>""yes"",""hiking""=>""yes"",""mtb:scale""=>""2"",""sac_scale""=>""mountain_hiking"",""smoothness""=>""excellent"",""surface""=>""ground"",""tracktype""=>""grade3"",""trail_visibility""=>""good"""
449704545,,path,,,,,,0.0,"""bicycle""=>""no"",""foot""=>""yes"",""hiking""=>""yes"",""mtb:scale""=>""2"",""sac_scale""=>""mountain_hiking"",""smoothness""=>""excellent"",""surface""=>""grass"",""tracktype""=>""grade3"",""trail_visibility""=>""good"""
443026731,,,stream,,,,,0.0,"""boat""=>""no"""
81628056,,path,,,,,,0.0,"""foot""=>""yes"",""hiking""=>""yes"",""mtb:scale""=>""2"",""sac_scale""=>""mountain_hiking"",""smoothness""=>""excellent"",""surface""=>""ground"",""tracktype""=>""grade3"",""trail_visibility""=>""good"""
443026731,,,stream,,,,,0.0,"""boat""=>""no"""
81628056,,path,,,,,,0.0,"""foot""=>""yes"",""hiking""=>""yes"",""mtb:scale""=>""2"",""sac_scale""=>""mountain_hiking"",""smoothness""=>""excellent"",""surface""=>""ground"",""tracktype""=>""grade3"",""trail_visibility""=>""good"""
81628056,,path,,,,,,0.0,"""foot""=>""yes"",""hiking""=>""yes"",""mtb:scale""=>""2"",""sac_scale""=>""mountain_hiking"",""smoothness""=>""excellent"",""surface""=>""ground"",""tracktype""=>""grade3"",""trail_visibility""=>""good"""
81628056,,path,,,,,,0.0,"""foot""=>""yes"",""hiking""=>""yes"",""mtb:scale""=>""2"",""sac_scale""=>""mountain_hiking"",""smoothness""=>""excellent"",""surface""=>""ground"",""tracktype""=>""grade3"",""trail_visibility""=>""good"""
81628056,,path,,,,,,0.0,"""foot""=>""yes"",""hiking""=>""yes"",""mtb:scale""=>""2"",""sac_scale""=>""mountain_hiking"",""smoothness""=>""excellent"",""surface""=>""ground"",""tracktype""=>""grade3"",""trail_visibility""=>""good"""
81628056,,path,,,,,,0.0,"""foot""=>""yes"",""hiking""=>""yes"",""mtb:scale""=>""2"",""sac_scale""=>""mountain_hiking"",""smoothness""=>""excellent"",""surface""=>""ground"",""tracktype""=>""grade3"",""trail_visibility""=>""good"""
81628056,,path,,,,,,0.0,"""foot""=>""yes"",""hiking""=>""yes"",""mtb:scale""=>""2"",""sac_scale""=>""mountain_hiking"",""smoothness""=>""excellent"",""surface""=>""ground"",""tracktype""=>""grade3"",""trail_visibility""=>""good"""
81628056,,path,,,,,,0.0,"""foot""=>""yes"",""hiking""=>""yes"",""mtb:scale""=>""2"",""sac_scale""=>""mountain_hiking"",""smoothness""=>""excellent"",""surface""=>""ground"",""tracktype""=>""grade3"",""trail_visibility""=>""good"""
443026719,,,stream,,,,,0.0,"""boat""=>""no"""
81628056,,path,,,,,,0.0,"""foot""=>""yes"",""hiking""=>""yes"",""mtb:scale""=>""2"",""sac_scale""=>""mountain_hiking"",""smoothness""=>""excellent"",""surface""=>""ground"",""tracktype""=>""grade3"",""trail_visibility""=>""good"""
443026719,,,stream,,,,,0.0,"""boat""=>""no"""
81628056,,path,,,,,,0.0,"""foot""=>""yes"",""hiking""=>""yes"",""mtb:scale""=>""2"",""sac_scale""=>""mountain_hiking"",""smoothness""=>""excellent"",""surface""=>""ground"",""tracktype""=>""grade3"",""trail_visibility""=>""good"""
81628056,,path,,,,,,0.0,"""foot""=>""yes"",""hiking""=>""yes"",""mtb:scale""=>""2"",""sac_scale""=>""mountain_hiking"",""smoothness""=>""excellent"",""surface""=>""ground"",""tracktype""=>""grade3"",""trail_visibility""=>""good"""
81628056,,path,,,,,,0.0,"""foot""=>""yes"",""hiking""=>""yes"",""mtb:scale""=>""2"",""sac_scale""=>""mountain_hiking"",""smoothness""=>""excellent"",""surface""=>""ground"",""tracktype""=>""grade3"",""trail_visibility""=>""good"""
81628056,,path,,,,,,0.0,"""foot""=>""yes"",""hiking""=>""yes"",""mtb:scale""=>""2"",""sac_scale""=>""mountain_hiking"",""smoothness""=>""excellent"",""surface""=>""ground"",""tracktype""=>""grade3"",""trail_visibility""=>""good"""
81628056,,path,,,,,,0.0,"""foot""=>""yes"",""hiking""=>""yes"",""mtb:scale""=>""2"",""sac_scale""=>""mountain_hiking"",""smoothness""=>""excellent"",""surface""=>""ground"",""tracktype""=>""grade3"",""trail_visibility""=>""good"""
81628056,,path,,,,,,0.0,"""foot""=>""yes"",""hiking""=>""yes"",""mtb:scale""=>""2"",""sac_scale""=>""mountain_hiking"",""smoothness""=>""excellent"",""surface""=>""ground"",""tracktype""=>""grade3"",""trail_visibility""=>""good"""
81628056,,path,,,,,,0.0,"""foot""=>""yes"",""hiking""=>""yes"",""mtb:scale""=>""2"",""sac_scale""=>""mountain_hiking"",""smoothness""=>""excellent"",""surface""=>""ground"",""tracktype""=>""grade3"",""trail_visibility""=>""good"""
81628056,,path,,,,,,0.0,"""foot""=>""yes"",""hiking""=>""yes"",""mtb:scale""=>""2"",""sac_scale""=>""mountain_hiking"",""smoothness""=>""excellent"",""surface""=>""ground"",""tracktype""=>""grade3"",""trail_visibility""=>""good"""
81628056,,path,,,,,,0.0,"""foot""=>""yes"",""hiking""=>""yes"",""mtb:scale""=>""2"",""sac_scale""=>""mountain_hiking"",""smoothness""=>""excellent"",""surface""=>""ground"",""tracktype""=>""grade3"",""trail_visibility""=>""good"""
81628056,,path,,,,,,0.0,"""foot""=>""yes"",""hiking""=>""yes"",""mtb:scale""=>""2"",""sac_scale""=>""mountain_hiking"",""smoothness""=>""excellent"",""surface""=>""ground"",""tracktype""=>""grade3"",""trail_visibility""=>""good"""
81628056,,path,,,,,,0.0,"""foot""=>""yes"",""hiking""=>""yes"",""mtb:scale""=>""2"",""sac_scale""=>""mountain_hiking"",""smoothness""=>""excellent"",""surface""=>""ground"",""tracktype""=>""grade3"",""trail_visibility""=>""good"""
81628056,,path,,,,,,0.0,"""foot""=>""yes"",""hiking""=>""yes"",""mtb:scale""=>""2"",""sac_scale""=>""mountain_hiking"",""smoothness""=>""excellent"",""surface""=>""ground"",""tracktype""=>""grade3"",""trail_visibility""=>""good"""
81628056,,path,,,,,,0.0,"""foot""=>""yes"",""hiking""=>""yes"",""mtb:scale""=>""2"",""sac_scale""=>""mountain_hiking"",""smoothness""=>""excellent"",""surface""=>""ground"",""tracktype""=>""grade3"",""trail_visibility""=>""good"""
81628056,,path,,,,,,0.0,"""foot""=>""yes"",""hiking""=>""yes"",""mtb:scale""=>""2"",""sac_scale""=>""mountain_hiking"",""smoothness""=>""excellent"",""surface""=>""ground"",""tracktype""=>""grade3"",""trail_visibility""=>""good"""
81628056,,path,,,,,,0.0,"""foot""=>""yes"",""hiking""=>""yes"",""mtb:scale""=>""2"",""sac_scale""=>""mountain_hiking"",""smoothness""=>""excellent"",""surface""=>""ground"",""tracktype""=>""grade3"",""trail_visibility""=>""good"""
81628056,,path,,,,,,0.0,"""foot""=>""yes"",""hiking""=>""yes"",""mtb:scale""=>""2"",""sac_scale""=>""mountain_hiking"",""smoothness""=>""excellent"",""surface""=>""ground"",""tracktype""=>""grade3"",""trail_visibility""=>""good"""
81628056,,path,,,,,,0.0,"""foot""=>""yes"",""hiking""=>""yes"",""mtb:scale""=>""2"",""sac_scale""=>""mountain_hiking"",""smoothness""=>""excellent"",""surface""=>""ground"",""tracktype""=>""grade3"",""trail_visibility""=>""good"""
81628056,,path,,,,,,0.0,"""foot""=>""yes"",""hiking""=>""yes"",""mtb:scale""=>""2"",""sac_scale""=>""mountain_hiking"",""smoothness""=>""excellent"",""surface""=>""ground"",""tracktype""=>""grade3"",""trail_visibility""=>""good"""
81628056,,path,,,,,,0.0,"""foot""=>""yes"",""hiking""=>""yes"",""mtb:scale""=>""2"",""sac_scale""=>""mountain_hiking"",""smoothness""=>""excellent"",""surface""=>""ground"",""tracktype""=>""grade3"",""trail_visibility""=>""good"""
81628056,,path,,,,,,0.0,"""foot""=>""yes"",""hiking""=>""yes"",""mtb:scale""=>""2"",""sac_scale""=>""mountain_hiking"",""smoothness""=>""excellent"",""surface""=>""ground"",""tracktype""=>""grade3"",""trail_visibility""=>""good"""
81628056,,path,,,,,,0.0,"""foot""=>""yes"",""hiking""=>""yes"",""mtb:scale""=>""2"",""sac_scale""=>""mountain_hiking"",""smoothness""=>""excellent"",""surface""=>""ground"",""tracktype""=>""grade3"",""trail_visibility""=>""good"""
81628056,,path,,,,,,0.0,"""foot""=>""yes"",""hiking""=>""yes"",""mtb:scale""=>""2"",""sac_scale""=>""mountain_hiking"",""smoothness""=>""excellent"",""surface""=>""ground"",""tracktype""=>""grade3"",""trail_visibility""=>""good"""
81628056,,path,,,,,,0.0,"""foot""=>""yes"",""hiking""=>""yes"",""mtb:scale""=>""2"",""sac_scale""=>""mountain_hiking"",""smoothness""=>""excellent"",""surface""=>""ground"",""tracktype""=>""grade3"",""trail_visibility""=>""good"""
81628056,,path,,,,,,0.0,"""foot""=>""yes"",""hiking""=>""yes"",""mtb:scale""=>""2"",""sac_scale""=>""mountain_hiking"",""smoothness""=>""excellent"",""surface""=>""ground"",""tracktype""=>""grade3"",""trail_visibility""=>""good"""
81628056,,path,,,,,,0.0,"""foot""=>""yes"",""hiking""=>""yes"",""mtb:scale""=>""2"",""sac_scale""=>""mountain_hiking"",""smoothness""=>""excellent"",""surface""=>""ground"",""tracktype""=>""grade3"",""trail_visibility""=>""good"""
81628056,,path,,,,,,0.0,"""foot""=>""yes"",""hiking""=>""yes"",""mtb:scale""=>""2"",""sac_scale""=>""mountain_hiking"",""smoothness""=>""excellent"",""surface""=>""ground"",""tracktype""=>""grade3"",""trail_visibility""=>""good"""
81628056,,path,,,,,,0.0,"""foot""=>""yes"",""hiking""=>""yes"",""mtb:scale""=>""2"",""sac_scale""=>""mountain_hiking"",""smoothness""=>""excellent"",""surface""=>""ground"",""tracktype""=>""grade3"",""trail_visibility""=>""good"""
81628056,,path,,,,,,0.0,"""foot""=>""yes"",""hiking""=>""yes"",""mtb:scale""=>""2"",""sac_scale""=>""mountain_hiking"",""smoothness""=>""excellent"",""surface""=>""ground"",""tracktype""=>""grade3"",""trail_visibility""=>""good"""
81628056,,path,,,,,,0.0,"""foot""=>""yes"",""hiking""=>""yes"",""mtb:scale""=>""2"",""sac_scale""=>""mountain_hiking"",""smoothness""=>""excellent"",""surface""=>""ground"",""tracktype""=>""grade3"",""trail_visibility""=>""good"""
81628056,,path,,,,,,0.0,"""foot""=>""yes"",""hiking""=>""yes"",""mtb:scale""=>""2"",""sac_scale""=>""mountain_hiking"",""smoothness""=>""excellent"",""surface""=>""ground"",""tracktype""=>""grade3"",""trail_visibility""=>""good"""
81628056,,path,,,,,,0.0,"""foot""=>""yes"",""hiking""=>""yes"",""mtb:scale""=>""2"",""sac_scale""=>""mountain_hiking"",""smoothness""=>""excellent"",""surface""=>""ground"",""tracktype""=>""grade3"",""trail_visibility""=>""good"""
81628056,,path,,,,,,0.0,"""foot""=>""yes"",""hiking""=>""yes"",""mtb:scale""=>""2"",""sac_scale""=>""mountain_hiking"",""smoothness""=>""excellent"",""surface""=>""ground"",""tracktype""=>""grade3"",""trail_visibility""=>""good"""
81628056,,path,,,,,,0.0,"""foot""=>""yes"",""hiking""=>""yes"",""mtb:scale""=>""2"",""sac_scale""=>""mountain_hiking"",""smoothness""=>""excellent"",""surface""=>""ground"",""tracktype""=>""grade3"",""trail_visibility""=>""good"""
81628056,,path,,,,,,0.0,"""foot""=>""yes"",""hiking""=>""yes"",""mtb:scale""=>""2"",""sac_scale""=>""mountain_hiking"",""smoothness""=>""excellent"",""surface""=>""ground"",""tracktype""=>""grade3"",""trail_visibility""=>""good"""
81628056,,path,,,,,,0.0,"""foot""=>""yes"",""hiking""=>""yes"",""mtb:scale""=>""2"",""sac_scale""=>""mountain_hiking"",""smoothness""=>""excellent"",""surface""=>""ground"",""tracktype""=>""grade3"",""trail_visibility""=>""good"""
81628056,,path,,,,,,0.0,"""foot""=>""yes"",""hiking""=>""yes"",""mtb:scale""=>""2"",""sac_scale""=>""mountain_hiking"",""smoothness""=>""excellent"",""surface""=>""ground"",""tracktype""=>""grade3"",""trail_visibility""=>""good"""
81628056,,path,,,,,,0.0,"""foot""=>""yes"",""hiking""=>""yes"",""mtb:scale""=>""2"",""sac_scale""=>""mountain_hiking"",""smoothness""=>""excellent"",""surface""=>""ground"",""tracktype""=>""grade3"",""trail_visibility""=>""good"""
81628056,,path,,,,,,0.0,"""foot""=>""yes"",""hiking""=>""yes"",""mtb:scale""=>""2"",""sac_scale""=>""mountain_hiking"",""smoothness""=>""excellent"",""surface""=>""ground"",""tracktype""=>""grade3"",""trail_visibility""=>""good"""
81628056,,path,,,,,,0.0,"""foot""=>""yes"",""hiking""=>""yes"",""mtb:scale""=>""2"",""sac_scale""=>""mountain_hiking"",""smoothness""=>""excellent"",""surface""=>""ground"",""tracktype""=>""grade3"",""trail_visibility""=>""good"""
81628056,,path,,,,,,0.0,"""foot""=>""yes"",""hiking""=>""yes"",""mtb:scale""=>""2"",""sac_scale""=>""mountain_hiking"",""smoothness""=>""excellent"",""surface""=>""ground"",""tracktype""=>""grade3"",""trail_visibility""=>""good"""
81628056,,path,,,,,,0.0,"""foot""=>""yes"",""hiking""=>""yes"",""mtb:scale""=>""2"",""sac_scale""=>""mountain_hiking"",""smoothness""=>""excellent"",""surface""=>""ground"",""tracktype""=>""grade3"",""trail_visibility""=>""good"""
81628056,,path,,,,,,0.0,"""foot""=>""yes"",""hiking""=>""yes"",""mtb:scale""=>""2"",""sac_scale""=>""mountain_hiking"",""smoothness""=>""excellent"",""surface""=>""ground"",""tracktype""=>""grade3"",""trail_visibility""=>""good"""
81628056,,path,,,,,,0.0,"""foot""=>""yes"",""hiking""=>""yes"",""mtb:scale""=>""2"",""sac_scale""=>""mountain_hiking"",""smoothness""=>""excellent"",""surface""=>""ground"",""tracktype""=>""grade3"",""trail_visibility""=>""good"""
81628056,,path,,,,,,0.0,"""foot""=>""yes"",""hiking""=>""yes"",""mtb:scale""=>""2"",""sac_scale""=>""mountain_hiking"",""smoothness""=>""excellent"",""surface""=>""ground"",""tracktype""=>""grade3"",""trail_visibility""=>""good"""
81628056,,path,,,,,,0.0,"""foot""=>""yes"",""hiking""=>""yes"",""mtb:scale""=>""2"",""sac_scale""=>""mountain_hiking"",""smoothness""=>""excellent"",""surface""=>""ground"",""tracktype""=>""grade3"",""trail_visibility""=>""good"""
81628056,,path,,,,,,0.0,"""foot""=>""yes"",""hiking""=>""yes"",""mtb:scale""=>""2"",""sac_scale""=>""mountain_hiking"",""smoothness""=>""excellent"",""surface""=>""ground"",""tracktype""=>""grade3"",""trail_visibility""=>""good"""
81628056,,path,,,,,,0.0,"""foot""=>""yes"",""hiking""=>""yes"",""mtb:scale""=>""2"",""sac_scale""=>""mountain_hiking"",""smoothness""=>""excellent"",""surface""=>""ground"",""tracktype""=>""grade3"",""trail_visibility""=>""good"""
,,,,,,,,,
81628056,,path,,,,,,0.0,"""foot""=>""yes"",""hiking""=>""yes"",""mtb:scale""=>""2"",""sac_scale""=>""mountain_hiking"",""smoothness""=>""excellent"",""surface""=>""ground"",""tracktype""=>""grade3"",""trail_visibility""=>""good"""
81628056,,path,,,,,,0.0,"""foot""=>""yes"",""hiking""=>""yes"",""mtb:scale""=>""2"",""sac_scale""=>""mountain_hiking"",""smoothness""=>""excellent"",""surface""=>""ground"",""tracktype""=>""grade3"",""trail_visibility""=>""good"""
81628056,,path,,,,,,0.0,"""foot""=>""yes"",""hiking""=>""yes"",""mtb:scale""=>""2"",""sac_scale""=>""mountain_hiking"",""smoothness""=>""excellent"",""surface""=>""ground"",""tracktype""=>""grade3"",""trail_visibility""=>""good"""
81628056,,path,,,,,,0.0,"""foot""=>""yes"",""hiking""=>""yes"",""mtb:scale""=>""2"",""sac_scale""=>""mountain_hiking"",""smoothness""=>""excellent"",""surface""=>""ground"",""tracktype""=>""grade3"",""trail_visibility""=>""good"""
81628056,,path,,,,,,0.0,"""foot""=>""yes"",""hiking""=>""yes"",""mtb:scale""=>""2"",""sac_scale""=>""mountain_hiking"",""smoothness""=>""excellent"",""surface""=>""ground"",""tracktype""=>""grade3"",""trail_visibility""=>""good"""
81628056,,path,,,,,,0.0,"""foot""=>""yes"",""hiking""=>""yes"",""mtb:scale""=>""2"",""sac_scale""=>""mountain_hiking"",""smoothness""=>""excellent"",""surface""=>""ground"",""tracktype""=>""grade3"",""trail_visibility""=>""good"""
81628056,,path,,,,,,0.0,"""foot""=>""yes"",""hiking""=>""yes"",""mtb:scale""=>""2"",""sac_scale""=>""mountain_hiking"",""smoothness""=>""excellent"",""surface""=>""ground"",""tracktype""=>""grade3"",""trail_visibility""=>""good"""
81628056,,path,,,,,,0.0,"""foot""=>""yes"",""hiking""=>""yes"",""mtb:scale""=>""2"",""sac_scale""=>""mountain_hiking"",""smoothness""=>""excellent"",""surface""=>""ground"",""tracktype""=>""grade3"",""trail_visibility""=>""good"""
81628056,,path,,,,,,0.0,"""foot""=>""yes"",""hiking""=>""yes"",""mtb:scale""=>""2"",""sac_scale""=>""mountain_hiking"",""smoothness""=>""excellent"",""surface""=>""ground"",""tracktype""=>""grade3"",""trail_visibility""=>""good"""
81628056,,path,,,,,,0.0,"""foot""=>""yes"",""hiking""=>""yes"",""mtb:scale""=>""2"",""sac_scale""=>""mountain_hiking"",""smoothness""=>""excellent"",""surface""=>""ground"",""tracktype""=>""grade3"",""trail_visibility""=>""good"""
81628056,,path,,,,,,0.0,"""foot""=>""yes"",""hiking""=>""yes"",""mtb:scale""=>""2"",""sac_scale""=>""mountain_hiking"",""smoothness""=>""excellent"",""surface""=>""ground"",""tracktype""=>""grade3"",""trail_visibility""=>""good"""
81628056,,path,,,,,,0.0,"""foot""=>""yes"",""hiking""=>""yes"",""mtb:scale""=>""2"",""sac_scale""=>""mountain_hiking"",""smoothness""=>""excellent"",""surface""=>""ground"",""tracktype""=>""grade3"",""trail_visibility""=>""good"""
81628056,,path,,,,,,0.0,"""foot""=>""yes"",""hiking""=>""yes"",""mtb:scale""=>""2"",""sac_scale""=>""mountain_hiking"",""smoothness""=>""excellent"",""surface""=>""ground"",""tracktype""=>""grade3"",""trail_visibility""=>""good"""
81628056,,path,,,,,,0.0,"""foot""=>""yes"",""hiking""=>""yes"",""mtb:scale""=>""2"",""sac_scale""=>""mountain_hiking"",""smoothness""=>""excellent"",""surface""=>""ground"",""tracktype""=>""grade3"",""trail_visibility""=>""good"""
81628056,,path,,,,,,0.0,"""foot""=>""yes"",""hiking""=>""yes"",""mtb:scale""=>""2"",""sac_scale""=>""mountain_hiking"",""smoothness""=>""excellent"",""surface""=>""ground"",""tracktype""=>""grade3"",""trail_visibility""=>""good"""
81628056,,path,,,,,,0.0,"""foot""=>""yes"",""hiking""=>""yes"",""mtb:scale""=>""2"",""sac_scale""=>""mountain_hiking"",""smoothness""=>""excellent"",""surface""=>""ground"",""tracktype""=>""grade3"",""trail_visibility""=>""good"""
81628056,,path,,,,,,0.0,"""foot""=>""yes"",""hiking""=>""yes"",""mtb:scale""=>""2"",""sac_scale""=>""mountain_hiking"",""smoothness""=>""excellent"",""surface""=>""ground"",""tracktype""=>""grade3"",""trail_visibility""=>""good"""
81628056,,path,,,,,,0.0,"""foot""=>""yes"",""hiking""=>""yes"",""mtb:scale""=>""2"",""sac_scale""=>""mountain_hiking"",""smoothness""=>""excellent"",""surface""=>""ground"",""tracktype""=>""grade3"",""trail_visibility""=>""good"""
81628056,,path,,,,,,0.0,"""foot""=>""yes"",""hiking""=>""yes"",""mtb:scale""=>""2"",""sac_scale""=>""mountain_hiking"",""smoothness""=>""excellent"",""surface""=>""ground"",""tracktype""=>""grade3"",""trail_visibility""=>""good"""
81628056,,path,,,,,,0.0,"""foot""=>""yes"",""hiking""=>""yes"",""mtb:scale""=>""2"",""sac_scale""=>""mountain_hiking"",""smoothness""=>""excellent"",""surface""=>""ground"",""tracktype""=>""grade3"",""trail_visibility""=>""good"""
81628056,,path,,,,,,0.0,"""foot""=>""yes"",""hiking""=>""yes"",""mtb:scale""=>""2"",""sac_scale""=>""mountain_hiking"",""smoothness""=>""excellent"",""surface""=>""ground"",""tracktype""=>""grade3"",""trail_visibility""=>""good"""
81628056,,path,,,,,,0.0,"""foot""=>""yes"",""hiking""=>""yes"",""mtb:scale""=>""2"",""sac_scale""=>""mountain_hiking"",""smoothness""=>""excellent"",""surface""=>""ground"",""tracktype""=>""grade3"",""trail_visibility""=>""good"""
81628056,,path,,,,,,0.0,"""foot""=>""yes"",""hiking""=>""yes"",""mtb:scale""=>""2"",""sac_scale""=>""mountain_hiking"",""smoothness""=>""excellent"",""surface""=>""ground"",""tracktype""=>""grade3"",""trail_visibility""=>""good"""
81628056,,path,,,,,,0.0,"""foot""=>""yes"",""hiking""=>""yes"",""mtb:scale""=>""2"",""sac_scale""=>""mountain_hiking"",""smoothness""=>""excellent"",""surface""=>""ground"",""tracktype""=>""grade3"",""trail_visibility""=>""good"""
81628056,,path,,,,,,0.0,"""foot""=>""yes"",""hiking""=>""yes"",""mtb:scale""=>""2"",""sac_scale""=>""mountain_hiking"",""smoothness""=>""excellent"",""surface""=>""ground"",""tracktype""=>""grade3"",""trail_visibility""=>""good"""
81628056,,path,,,,,,0.0,"""foot""=>""yes"",""hiking""=>""yes"",""mtb:scale""=>""2"",""sac_scale""=>""mountain_hiking"",""smoothness""=>""excellent"",""surface""=>""ground"",""tracktype""=>""grade3"",""trail_visibility""=>""good"""
81628056,,path,,,,,,0.0,"""foot""=>""yes"",""hiking""=>""yes"",""mtb:scale""=>""2"",""sac_scale""=>""mountain_hiking"",""smoothness""=>""excellent"",""surface""=>""ground"",""tracktype""=>""grade3"",""trail_visibility""=>""good"""
81628056,,path,,,,,,0.0,"""foot""=>""yes"",""hiking""=>""yes"",""mtb:scale""=>""2"",""sac_scale""=>""mountain_hiking"",""smoothness""=>""excellent"",""surface""=>""ground"",""tracktype""=>""grade3"",""trail_visibility""=>""good"""
81628056,,path,,,,,,0.0,"""foot""=>""yes"",""hiking""=>""yes"",""mtb:scale""=>""2"",""sac_scale""=>""mountain_hiking"",""smoothness""=>""excellent"",""surface""=>""ground"",""tracktype""=>""grade3"",""trail_visibility""=>""good"""
,,,,,,,,,
,,,,,,,,,
,,,,,,,,,
,,,,,,,,,
81628056,,path,,,,,,0.0,"""foot""=>""yes"",""hiking""=>""yes"",""mtb:scale""=>""2"",""sac_scale""=>""mountain_hiking"",""smoothness""=>""excellent"",""surface""=>""ground"",""tracktype""=>""grade3"",""trail_visibility""=>""good"""
81628056,,path,,,,,,0.0,"""foot""=>""yes"",""hiking""=>""yes"",""mtb:scale""=>""2"",""sac_scale""=>""mountain_hiking"",""smoothness""=>""excellent"",""surface""=>""ground"",""tracktype""=>""grade3"",""trail_visibility""=>""good"""
81628056,,path,,,,,,0.0,"""foot""=>""yes"",""hiking""=>""yes"",""mtb:scale""=>""2"",""sac_scale""=>""mountain_hiking"",""smoothness""=>""excellent"",""surface""=>""ground"",""tracktype""=>""grade3"",""trail_visibility""=>""good"""
81628056,,path,,,,,,0.0,"""foot""=>""yes"",""hiking""=>""yes"",""mtb:scale""=>""2"",""sac_scale""=>""mountain_hiking"",""smoothness""=>""excellent"",""surface""=>""ground"",""tracktype""=>""grade3"",""trail_visibility""=>""good"""
81628056,,path,,,,,,0.0,"""foot""=>""yes"",""hiking""=>""yes"",""mtb:scale""=>""2"",""sac_scale""=>""mountain_hiking"",""smoothness""=>""excellent"",""surface""=>""ground"",""tracktype""=>""grade3"",""trail_visibility""=>""good"""
81628056,,path,,,,,,0.0,"""foot""=>""yes"",""hiking""=>""yes"",""mtb:scale""=>""2"",""sac_scale""=>""mountain_hiking"",""smoothness""=>""excellent"",""surface""=>""ground"",""tracktype""=>""grade3"",""trail_visibility""=>""good"""
81628056,,path,,,,,,0.0,"""foot""=>""yes"",""hiking""=>""yes"",""mtb:scale""=>""2"",""sac_scale""=>""mountain_hiking"",""smoothness""=>""excellent"",""surface""=>""ground"",""tracktype""=>""grade3"",""trail_visibility""=>""good"""
81628056,,path,,,,,,0.0,"""foot""=>""yes"",""hiking""=>""yes"",""mtb:scale""=>""2"",""sac_scale""=>""mountain_hiking"",""smoothness""=>""excellent"",""surface""=>""ground"",""tracktype""=>""grade3"",""trail_visibility""=>""good"""
81628056,,path,,,,,,0.0,"""foot""=>""yes"",""hiking""=>""yes"",""mtb:scale""=>""2"",""sac_scale""=>""mountain_hiking"",""smoothness""=>""excellent"",""surface""=>""ground"",""tracktype""=>""grade3"",""trail_visibility""=>""good"""
81628056,,path,,,,,,0.0,"""foot""=>""yes"",""hiking""=>""yes"",""mtb:scale""=>""2"",""sac_scale""=>""mountain_hiking"",""smoothness""=>""excellent"",""surface""=>""ground"",""tracktype""=>""grade3"",""trail_visibility""=>""good"""
81628056,,path,,,,,,0.0,"""foot""=>""yes"",""hiking""=>""yes"",""mtb:scale""=>""2"",""sac_scale""=>""mountain_hiking"",""smoothness""=>""excellent"",""surface""=>""ground"",""tracktype""=>""grade3"",""trail_visibility""=>""good"""
81628056,,path,,,,,,0.0,"""foot""=>""yes"",""hiking""=>""yes"",""mtb:scale""=>""2"",""sac_scale""=>""mountain_hiking"",""smoothness""=>""excellent"",""surface""=>""ground"",""tracktype""=>""grade3"",""trail_visibility""=>""good"""
81628056,,path,,,,,,0.0,"""foot""=>""yes"",""hiking""=>""yes"",""mtb:scale""=>""2"",""sac_scale""=>""mountain_hiking"",""smoothness""=>""excellent"",""surface""=>""ground"",""tracktype""=>""grade3"",""trail_visibility""=>""good"""
81628056,,path,,,,,,0.0,"""foot""=>""yes"",""hiking""=>""yes"",""mtb:scale""=>""2"",""sac_scale""=>""mountain_hiking"",""smoothness""=>""excellent"",""surface""=>""ground"",""tracktype""=>""grade3"",""trail_visibility""=>""good"""
81628056,,path,,,,,,0.0,"""foot""=>""yes"",""hiking""=>""yes"",""mtb:scale""=>""2"",""sac_scale""=>""mountain_hiking"",""smoothness""=>""excellent"",""surface""=>""ground"",""tracktype""=>""grade3"",""trail_visibility""=>""good"""
81628056,,path,,,,,,0.0,"""foot""=>""yes"",""hiking""=>""yes"",""mtb:scale""=>""2"",""sac_scale""=>""mountain_hiking"",""smoothness""=>""excellent"",""surface""=>""ground"",""tracktype""=>""grade3"",""trail_visibility""=>""good"""
81628056,,path,,,,,,0.0,"""foot""=>""yes"",""hiking""=>""yes"",""mtb:scale""=>""2"",""sac_scale""=>""mountain_hiking"",""smoothness""=>""excellent"",""surface""=>""ground"",""tracktype""=>""grade3"",""trail_visibility""=>""good"""
81628056,,path,,,,,,0.0,"""foot""=>""yes"",""hiking""=>""yes"",""mtb:scale""=>""2"",""sac_scale""=>""mountain_hiking"",""smoothness""=>""excellent"",""surface""=>""ground"",""tracktype""=>""grade3"",""trail_visibility""=>""good"""
81628056,,path,,,,,,0.0,"""foot""=>""yes"",""hiking""=>""yes"",""mtb:scale""=>""2"",""sac_scale""=>""mountain_hiking"",""smoothness""=>""excellent"",""surface""=>""ground"",""tracktype""=>""grade3"",""trail_visibility""=>""good"""
81628056,,path,,,,,,0.0,"""foot""=>""yes"",""hiking""=>""yes"",""mtb:scale""=>""2"",""sac_scale""=>""mountain_hiking"",""smoothness""=>""excellent"",""surface""=>""ground"",""tracktype""=>""grade3"",""trail_visibility""=>""good"""
81628056,,path,,,,,,0.0,"""foot""=>""yes"",""hiking""=>""yes"",""mtb:scale""=>""2"",""sac_scale""=>""mountain_hiking"",""smoothness""=>""excellent"",""surface""=>""ground"",""tracktype""=>""grade3"",""trail_visibility""=>""good"""
81628056,,path,,,,,,0.0,"""foot""=>""yes"",""hiking""=>""yes"",""mtb:scale""=>""2"",""sac_scale""=>""mountain_hiking"",""smoothness""=>""excellent"",""surface""=>""ground"",""tracktype""=>""grade3"",""trail_visibility""=>""good"""
81628056,,path,,,,,,0.0,"""foot""=>""yes"",""hiking""=>""yes"",""mtb:scale""=>""2"",""sac_scale""=>""mountain_hiking"",""smoothness""=>""excellent"",""surface""=>""ground"",""tracktype""=>""grade3"",""trail_visibility""=>""good"""
81628056,,path,,,,,,0.0,"""foot""=>""yes"",""hiking""=>""yes"",""mtb:scale""=>""2"",""sac_scale""=>""mountain_hiking"",""smoothness""=>""excellent"",""surface""=>""ground"",""tracktype""=>""grade3"",""trail_visibility""=>""good"""
81628056,,path,,,,,,0.0,"""foot""=>""yes"",""hiking""=>""yes"",""mtb:scale""=>""2"",""sac_scale""=>""mountain_hiking"",""smoothness""=>""excellent"",""surface""=>""ground"",""tracktype""=>""grade3"",""trail_visibility""=>""good"""
81628056,,path,,,,,,0.0,"""foot""=>""yes"",""hiking""=>""yes"",""mtb:scale""=>""2"",""sac_scale""=>""mountain_hiking"",""smoothness""=>""excellent"",""surface""=>""ground"",""tracktype""=>""grade3"",""trail_visibility""=>""good"""
81628056,,path,,,,,,0.0,"""foot""=>""yes"",""hiking""=>""yes"",""mtb:scale""=>""2"",""sac_scale""=>""mountain_hiking"",""smoothness""=>""excellent"",""surface""=>""ground"",""tracktype""=>""grade3"",""trail_visibility""=>""good"""
81628056,,path,,,,,,0.0,"""foot""=>""yes"",""hiking""=>""yes"",""mtb:scale""=>""2"",""sac_scale""=>""mountain_hiking"",""smoothness""=>""excellent"",""surface""=>""ground"",""tracktype""=>""grade3"",""trail_visibility""=>""good"""
81628056,,path,,,,,,0.0,"""foot""=>""yes"",""hiking""=>""yes"",""mtb:scale""=>""2"",""sac_scale""=>""mountain_hiking"",""smoothness""=>""excellent"",""surface""=>""ground"",""tracktype""=>""grade3"",""trail_visibility""=>""good"""
81628056,,path,,,,,,0.0,"""foot""=>""yes"",""hiking""=>""yes"",""mtb:scale""=>""2"",""sac_scale""=>""mountain_hiking"",""smoothness""=>""excellent"",""surface""=>""ground"",""tracktype""=>""grade3"",""trail_visibility""=>""good"""
81628056,,path,,,,,,0.0,"""foot""=>""yes"",""hiking""=>""yes"",""mtb:scale""=>""2"",""sac_scale""=>""mountain_hiking"",""smoothness""=>""excellent"",""surface""=>""ground"",""tracktype""=>""grade3"",""trail_visibility""=>""good"""
81628056,,path,,,,,,0.0,"""foot""=>""yes"",""hiking""=>""yes"",""mtb:scale""=>""2"",""sac_scale""=>""mountain_hiking"",""smoothness""=>""excellent"",""surface""=>""ground"",""tracktype""=>""grade3"",""trail_visibility""=>""good"""
81628056,,path,,,,,,0.0,"""foot""=>""yes"",""hiking""=>""yes"",""mtb:scale""=>""2"",""sac_scale""=>""mountain_hiking"",""smoothness""=>""excellent"",""surface""=>""ground"",""tracktype""=>""grade3"",""trail_visibility""=>""good"""
81628056,,path,,,,,,0.0,"""foot""=>""yes"",""hiking""=>""yes"",""mtb:scale""=>""2"",""sac_scale""=>""mountain_hiking"",""smoothness""=>""excellent"",""surface""=>""ground"",""tracktype""=>""grade3"",""trail_visibility""=>""good"""
81628056,,path,,,,,,0.0,"""foot""=>""yes"",""hiking""=>""yes"",""mtb:scale""=>""2"",""sac_scale""=>""mountain_hiking"",""smoothness""=>""excellent"",""surface""=>""ground"",""tracktype""=>""grade3"",""trail_visibility""=>""good"""
81628056,,path,,,,,,0.0,"""foot""=>""yes"",""hiking""=>""yes"",""mtb:scale""=>""2"",""sac_scale""=>""mountain_hiking"",""smoothness""=>""excellent"",""surface""=>""ground"",""tracktype""=>""grade3"",""trail_visibility""=>""good"""
81628056,,path,,,,,,0.0,"""foot""=>""yes"",""hiking""=>""yes"",""mtb:scale""=>""2"",""sac_scale""=>""mountain_hiking"",""smoothness""=>""excellent"",""surface""=>""ground"",""tracktype""=>""grade3"",""trail_visibility""=>""good"""
81628056,,path,,,,,,0.0,"""foot""=>""yes"",""hiking""=>""yes"",""mtb:scale""=>""2"",""sac_scale""=>""mountain_hiking"",""smoothness""=>""excellent"",""surface""=>""ground"",""tracktype""=>""grade3"",""trail_visibility""=>""good"""
81628056,,path,,,,,,0.0,"""foot""=>""yes"",""hiking""=>""yes"",""mtb:scale""=>""2"",""sac_scale""=>""mountain_hiking"",""smoothness""=>""excellent"",""surface""=>""ground"",""tracktype""=>""grade3"",""trail_visibility""=>""good"""
81628056,,path,,,,,,0.0,"""foot""=>""yes"",""hiking""=>""yes"",""mtb:scale""=>""2"",""sac_scale""=>""mountain_hiking"",""smoothness""=>""excellent"",""surface""=>""ground"",""tracktype""=>""grade3"",""trail_visibility""=>""good"""
81628056,,path,,,,,,0.0,"""foot""=>""yes"",""hiking""=>""yes"",""mtb:scale""=>""2"",""sac_scale""=>""mountain_hiking"",""smoothness""=>""excellent"",""surface""=>""ground"",""tracktype""=>""grade3"",""trail_visibility""=>""good"""
81628056,,path,,,,,,0.0,"""foot""=>""yes"",""hiking""=>""yes"",""mtb:scale""=>""2"",""sac_scale""=>""mountain_hiking"",""smoothness""=>""excellent"",""surface""=>""ground"",""tracktype""=>""grade3"",""trail_visibility""=>""good"""
81628056,,path,,,,,,0.0,"""foot""=>""yes"",""hiking""=>""yes"",""mtb:scale""=>""2"",""sac_scale""=>""mountain_hiking"",""smoothness""=>""excellent"",""surface""=>""ground"",""tracktype""=>""grade3"",""trail_visibility""=>""good"""
81628056,,path,,,,,,0.0,"""foot""=>""yes"",""hiking""=>""yes"",""mtb:scale""=>""2"",""sac_scale""=>""mountain_hiking"",""smoothness""=>""excellent"",""surface""=>""ground"",""tracktype""=>""grade3"",""trail_visibility""=>""good"""
81628056,,path,,,,,,0.0,"""foot""=>""yes"",""hiking""=>""yes"",""mtb:scale""=>""2"",""sac_scale""=>""mountain_hiking"",""smoothness""=>""excellent"",""surface""=>""ground"",""tracktype""=>""grade3"",""trail_visibility""=>""good"""
81628056,,path,,,,,,0.0,"""foot""=>""yes"",""hiking""=>""yes"",""mtb:scale""=>""2"",""sac_scale""=>""mountain_hiking"",""smoothness""=>""excellent"",""surface""=>""ground"",""tracktype""=>""grade3"",""trail_visibility""=>""good"""
81628056,,path,,,,,,0.0,"""foot""=>""yes"",""hiking""=>""yes"",""mtb:scale""=>""2"",""sac_scale""=>""mountain_hiking"",""smoothness""=>""excellent"",""surface""=>""ground"",""tracktype""=>""grade3"",""trail_visibility""=>""good"""
81628056,,path,,,,,,0.0,"""foot""=>""yes"",""hiking""=>""yes"",""mtb:scale""=>""2"",""sac_scale""=>""mountain_hiking"",""smoothness""=>""excellent"",""surface""=>""ground"",""tracktype""=>""grade3"",""trail_visibility""=>""good"""
81628056,,path,,,,,,0.0,"""foot""=>""yes"",""hiking""=>""yes"",""mtb:scale""=>""2"",""sac_scale""=>""mountain_hiking"",""smoothness""=>""excellent"",""surface""=>""ground"",""tracktype""=>""grade3"",""trail_visibility""=>""good"""
81628056,,path,,,,,,0.0,"""foot""=>""yes"",""hiking""=>""yes"",""mtb:scale""=>""2"",""sac_scale""=>""mountain_hiking"",""smoothness""=>""excellent"",""surface""=>""ground"",""tracktype""=>""grade3"",""trail_visibility""=>""good"""
81628056,,path,,,,,,0.0,"""foot""=>""yes"",""hiking""=>""yes"",""mtb:scale""=>""2"",""sac_scale""=>""mountain_hiking"",""smoothness""=>""excellent"",""surface""=>""ground"",""tracktype""=>""grade3"",""trail_visibility""=>""good"""
81628056,,path,,,,,,0.0,"""foot""=>""yes"",""hiking""=>""yes"",""mtb:scale""=>""2"",""sac_scale""=>""mountain_hiking"",""smoothness""=>""excellent"",""surface""=>""ground"",""tracktype""=>""grade3"",""trail_visibility""=>""good"""
81628056,,path,,,,,,0.0,"""foot""=>""yes"",""hiking""=>""yes"",""mtb:scale""=>""2"",""sac_scale""=>""mountain_hiking"",""smoothness""=>""excellent"",""surface""=>""ground"",""tracktype""=>""grade3"",""trail_visibility""=>""good"""
81628056,,path,,,,,,0.0,"""foot""=>""yes"",""hiking""=>""yes"",""mtb:scale""=>""2"",""sac_scale""=>""mountain_hiking"",""smoothness""=>""excellent"",""surface""=>""ground"",""tracktype""=>""grade3"",""trail_visibility""=>""good"""
81628056,,path,,,,,,0.0,"""foot""=>""yes"",""hiking""=>""yes"",""mtb:scale""=>""2"",""sac_scale""=>""mountain_hiking"",""smoothness""=>""excellent"",""surface""=>""ground"",""tracktype""=>""grade3"",""trail_visibility""=>""good"""
81628056,,path,,,,,,0.0,"""foot""=>""yes"",""hiking""=>""yes"",""mtb:scale""=>""2"",""sac_scale""=>""mountain_hiking"",""smoothness""=>""excellent"",""surface""=>""ground"",""tracktype""=>""grade3"",""trail_visibility""=>""good"""
,,,,,,,,,
,,,,,,,,,
81628056,,path,,,,,,0.0,"""foot""=>""yes"",""hiking""=>""yes"",""mtb:scale""=>""2"",""sac_scale""=>""mountain_hiking"",""smoothness""=>""excellent"",""surface""=>""ground"",""tracktype""=>""grade3"",""trail_visibility""=>""good"""
81628056,,path,,,,,,0.0,"""foot""=>""yes"",""hiking""=>""yes"",""mtb:scale""=>""2"",""sac_scale""=>""mountain_hiking"",""smoothness""=>""excellent"",""surface""=>""ground"",""tracktype""=>""grade3"",""trail_visibility""=>""good"""
81628056,,path,,,,,,0.0,"""foot""=>""yes"",""hiking""=>""yes"",""mtb:scale""=>""2"",""sac_scale""=>""mountain_hiking"",""smoothness""=>""excellent"",""surface""=>""ground"",""tracktype""=>""grade3"",""trail_visibility""=>""good"""
81628056,,path,,,,,,0.0,"""foot""=>""yes"",""hiking""=>""yes"",""mtb:scale""=>""2"",""sac_scale""=>""mountain_hiking"",""smoothness""=>""excellent"",""surface""=>""ground"",""tracktype""=>""grade3"",""trail_visibility""=>""good"""
81628056,,path,,,,,,0.0,"""foot""=>""yes"",""hiking""=>""yes"",""mtb:scale""=>""2"",""sac_scale""=>""mountain_hiking"",""smoothness""=>""excellent"",""surface""=>""ground"",""tracktype""=>""grade3"",""trail_visibility""=>""good"""
81628056,,path,,,,,,0.0,"""foot""=>""yes"",""hiking""=>""yes"",""mtb:scale""=>""2"",""sac_scale""=>""mountain_hiking"",""smoothness""=>""excellent"",""surface""=>""ground"",""tracktype""=>""grade3"",""trail_visibility""=>""good"""
81628056,,path,,,,,,0.0,"""foot""=>""yes"",""hiking""=>""yes"",""mtb:scale""=>""2"",""sac_scale""=>""mountain_hiking"",""smoothness""=>""excellent"",""surface""=>""ground"",""tracktype""=>""grade3"",""trail_visibility""=>""good"""
81628056,,path,,,,,,0.0,"""foot""=>""yes"",""hiking""=>""yes"",""mtb:scale""=>""2"",""sac_scale""=>""mountain_hiking"",""smoothness""=>""excellent"",""surface""=>""ground"",""tracktype""=>""grade3"",""trail_visibility""=>""good"""
81628056,,path,,,,,,0.0,"""foot""=>""yes"",""hiking""=>""yes"",""mtb:scale""=>""2"",""sac_scale""=>""mountain_hiking"",""smoothness""=>""excellent"",""surface""=>""ground"",""tracktype""=>""grade3"",""trail_visibility""=>""good"""
81628056,,path,,,,,,0.0,"""foot""=>""yes"",""hiking""=>""yes"",""mtb:scale""=>""2"",""sac_scale""=>""mountain_hiking"",""smoothness""=>""excellent"",""surface""=>""ground"",""tracktype""=>""grade3"",""trail_visibility""=>""good"""
81628056,,path,,,,,,0.0,"""foot""=>""yes"",""hiking""=>""yes"",""mtb:scale""=>""2"",""sac_scale""=>""mountain_hiking"",""smoothness""=>""excellent"",""surface""=>""ground"",""tracktype""=>""grade3"",""trail_visibility""=>""good"""
81628056,,path,,,,,,0.0,"""foot""=>""yes"",""hiking""=>""yes"",""mtb:scale""=>""2"",""sac_scale""=>""mountain_hiking"",""smoothness""=>""excellent"",""surface""=>""ground"",""tracktype""=>""grade3"",""trail_visibility""=>""good"""
81628056,,path,,,,,,0.0,"""foot""=>""yes"",""hiking""=>""yes"",""mtb:scale""=>""2"",""sac_scale""=>""mountain_hiking"",""smoothness""=>""excellent"",""surface""=>""ground"",""tracktype""=>""grade3"",""trail_visibility""=>""good"""
81628056,,path,,,,,,0.0,"""foot""=>""yes"",""hiking""=>""yes"",""mtb:scale""=>""2"",""sac_scale""=>""mountain_hiking"",""smoothness""=>""excellent"",""surface""=>""ground"",""tracktype""=>""grade3"",""trail_visibility""=>""good"""
81628056,,path,,,,,,0.0,"""foot""=>""yes"",""hiking""=>""yes"",""mtb:scale""=>""2"",""sac_scale""=>""mountain_hiking"",""smoothness""=>""excellent"",""surface""=>""ground"",""tracktype""=>""grade3"",""trail_visibility""=>""good"""
81628056,,path,,,,,,0.0,"""foot""=>""yes"",""hiking""=>""yes"",""mtb:scale""=>""2"",""sac_scale""=>""mountain_hiking"",""smoothness""=>""excellent"",""surface""=>""ground"",""tracktype""=>""grade3"",""trail_visibility""=>""good"""
81628056,,path,,,,,,0.0,"""foot""=>""yes"",""hiking""=>""yes"",""mtb:scale""=>""2"",""sac_scale""=>""mountain_hiking"",""smoothness""=>""excellent"",""surface""=>""ground"",""tracktype""=>""grade3"",""trail_visibility""=>""good"""
81628056,,path,,,,,,0.0,"""foot""=>""yes"",""hiking""=>""yes"",""mtb:scale""=>""2"",""sac_scale""=>""mountain_hiking"",""smoothness""=>""excellent"",""surface""=>""ground"",""tracktype""=>""grade3"",""trail_visibility""=>""good"""
81628056,,path,,,,,,0.0,"""foot""=>""yes"",""hiking""=>""yes"",""mtb:scale""=>""2"",""sac_scale""=>""mountain_hiking"",""smoothness""=>""excellent"",""surface""=>""ground"",""tracktype""=>""grade3"",""trail_visibility""=>""good"""
81628056,,path,,,,,,0.0,"""foot""=>""yes"",""hiking""=>""yes"",""mtb:scale""=>""2"",""sac_scale""=>""mountain_hiking"",""smoothness""=>""excellent"",""surface""=>""ground"",""tracktype""=>""grade3"",""trail_visibility""=>""good"""
26204659,Rio Valsorda,,stream,,,,,0.0,"""boat""=>""no"""
81628056,,path,,,,,,0.0,"""foot""=>""yes"",""hiking""=>""yes"",""mtb:scale""=>""2"",""sac_scale""=>""mountain_hiking"",""smoothness""=>""excellent"",""surface""=>""ground"",""tracktype""=>""grade3"",""trail_visibility""=>""good"""
26204659,Rio Valsorda,,stream,,,,,0.0,"""boat""=>""no"""
26204659,Rio Valsorda,,stream,,,,,0.0,"""boat""=>""no"""
26204659,Rio Valsorda,,stream,,,,,0.0,"""boat""=>""no"""
26204659,Rio Valsorda,,stream,,,,,0.0,"""boat""=>""no"""
259059453,,path,,,,,,0.0,"""bicycle""=>""permissive"",""foot""=>""yes"",""hiking""=>""yes"",""mtb:scale""=>""2"",""sac_scale""=>""mountain_hiking"",""smoothness""=>""excellent"",""surface""=>""ground"",""tracktype""=>""grade3"",""trail_visibility""=>""good"""
259059451,,path,,,,,,20.0,"""bicycle""=>""permissive"",""bridge""=>""yes"",""foot""=>""designated"",""layer""=>""1"",""mtb:scale""=>""1"",""smoothness""=>""excellent"",""surface""=>""wood"",""trail_visibility""=>""excellent"""
26204659,Rio Valsorda,,stream,,,,,0.0,"""boat""=>""no"""
259059453,,path,,,,,,0.0,"""bicycle""=>""permissive"",""foot""=>""yes"",""hiking""=>""yes"",""mtb:scale""=>""2"",""sac_scale""=>""mountain_hiking"",""smoothness""=>""excellent"",""surface""=>""ground"",""tracktype""=>""grade3"",""trail_visibility""=>""good"""
259059451,,path,,,,,,20.0,"""bicycle""=>""permissive"",""bridge""=>""yes"",""foot""=>""designated"",""layer""=>""1"",""mtb:scale""=>""1"",""smoothness""=>""excellent"",""surface""=>""wood"",""trail_visibility""=>""excellent"""
,,,,,,,,,
,,,,,,,,,
,,,,,,,,,
259059453,,path,,,,,,0.0,"""bicycle""=>""permissive"",""foot""=>""yes"",""hiking""=>""yes"",""mtb:scale""=>""2"",""sac_scale""=>""mountain_hiking"",""smoothness""=>""excellent"",""surface""=>""ground"",""tracktype""=>""grade3"",""trail_visibility""=>""good"""
259059453,,path,,,,,,0.0,"""bicycle""=>""permissive"",""foot""=>""yes"",""hiking""=>""yes"",""mtb:scale""=>""2"",""sac_scale""=>""mountain_hiking"",""smoothness""=>""excellent"",""surface""=>""ground"",""tracktype""=>""grade3"",""trail_visibility""=>""good"""
259059453,,path,,,,,,0.0,"""bicycle""=>""permissive"",""foot""=>""yes"",""hiking""=>""yes"",""mtb:scale""=>""2"",""sac_scale""=>""mountain_hiking"",""smoothness""=>""excellent"",""surface""=>""ground"",""tracktype""=>""grade3"",""trail_visibility""=>""good"""
259059453,,path,,,,,,0.0,"""bicycle""=>""permissive"",""foot""=>""yes"",""hiking""=>""yes"",""mtb:scale""=>""2"",""sac_scale""=>""mountain_hiking"",""smoothness""=>""excellent"",""surface""=>""ground"",""tracktype""=>""grade3"",""trail_visibility""=>""good"""
259059453,,path,,,,,,0.0,"""bicycle""=>""permissive"",""foot""=>""yes"",""hiking""=>""yes"",""mtb:scale""=>""2"",""sac_scale""=>""mountain_hiking"",""smoothness""=>""excellent"",""surface""=>""ground"",""tracktype""=>""grade3"",""trail_visibility""=>""good"""
259059453,,path,,,,,,0.0,"""bicycle""=>""permissive"",""foot""=>""yes"",""hiking""=>""yes"",""mtb:scale""=>""2"",""sac_scale""=>""mountain_hiking"",""smoothness""=>""excellent"",""surface""=>""ground"",""tracktype""=>""grade3"",""trail_visibility""=>""good"""
259059453,,path,,,,,,0.0,"""bicycle""=>""permissive"",""foot""=>""yes"",""hiking""=>""yes"",""mtb:scale""=>""2"",""sac_scale""=>""mountain_hiking"",""smoothness""=>""excellent"",""surface""=>""ground"",""tracktype""=>""grade3"",""trail_visibility""=>""good"""
259059453,,path,,,,,,0.0,"""bicycle""=>""permissive"",""foot""=>""yes"",""hiking""=>""yes"",""mtb:scale""=>""2"",""sac_scale""=>""mountain_hiking"",""smoothness""=>""excellent"",""surface""=>""ground"",""tracktype""=>""grade3"",""trail_visibility""=>""good"""
259059453,,path,,,,,,0.0,"""bicycle""=>""permissive"",""foot""=>""yes"",""hiking""=>""yes"",""mtb:scale""=>""2"",""sac_scale""=>""mountain_hiking"",""smoothness""=>""excellent"",""surface""=>""ground"",""tracktype""=>""grade3"",""trail_visibility""=>""good"""
259059453,,path,,,,,,0.0,"""bicycle""=>""permissive"",""foot""=>""yes"",""hiking""=>""yes"",""mtb:scale""=>""2"",""sac_scale""=>""mountain_hiking"",""smoothness""=>""excellent"",""surface""=>""ground"",""tracktype""=>""grade3"",""trail_visibility""=>""good"""
259059453,,path,,,,,,0.0,"""bicycle""=>""permissive"",""foot""=>""yes"",""hiking""=>""yes"",""mtb:scale""=>""2"",""sac_scale""=>""mountain_hiking"",""smoothness""=>""excellent"",""surface""=>""ground"",""tracktype""=>""grade3"",""trail_visibility""=>""good"""
259059453,,path,,,,,,0.0,"""bicycle""=>""permissive"",""foot""=>""yes"",""hiking""=>""yes"",""mtb:scale""=>""2"",""sac_scale""=>""mountain_hiking"",""smoothness""=>""excellent"",""surface""=>""ground"",""tracktype""=>""grade3"",""trail_visibility""=>""good"""
259059453,,path,,,,,,0.0,"""bicycle""=>""permissive"",""foot""=>""yes"",""hiking""=>""yes"",""mtb:scale""=>""2"",""sac_scale""=>""mountain_hiking"",""smoothness""=>""excellent"",""surface""=>""ground"",""tracktype""=>""grade3"",""trail_visibility""=>""good"""
259059453,,path,,,,,,0.0,"""bicycle""=>""permissive"",""foot""=>""yes"",""hiking""=>""yes"",""mtb:scale""=>""2"",""sac_scale""=>""mountain_hiking"",""smoothness""=>""excellent"",""surface""=>""ground"",""tracktype""=>""grade3"",""trail_visibility""=>""good"""
997543458,Valsorda,,,,,,,0.0,"""natural""=>""valley"""
259059453,,path,,,,,,0.0,"""bicycle""=>""permissive"",""foot""=>""yes"",""hiking""=>""yes"",""mtb:scale""=>""2"",""sac_scale""=>""mountain_hiking"",""smoothness""=>""excellent"",""surface""=>""ground"",""tracktype""=>""grade3"",""trail_visibility""=>""good"""
997543458,Valsorda,,,,,,,0.0,"""natural""=>""valley"""
259059453,,path,,,,,,0.0,"""bicycle""=>""permissive"",""foot""=>""yes"",""hiking""=>""yes"",""mtb:scale""=>""2"",""sac_scale""=>""mountain_hiking"",""smoothness""=>""excellent"",""surface""=>""ground"",""tracktype""=>""grade3"",""trail_visibility""=>""good"""
997543458,Valsorda,,,,,,,0.0,"""natural""=>""valley"""
259059453,,path,,,,,,0.0,"""bicycle""=>""permissive"",""foot""=>""yes"",""hiking""=>""yes"",""mtb:scale""=>""2"",""sac_scale""=>""mountain_hiking"",""smoothness""=>""excellent"",""surface""=>""ground"",""tracktype""=>""grade3"",""trail_visibility""=>""good"""
997543458,Valsorda,,,,,,,0.0,"""natural""=>""valley"""
259059453,,path,,,,,,0.0,"""bicycle""=>""permissive"",""foot""=>""yes"",""hiking""=>""yes"",""mtb:scale""=>""2"",""sac_scale""=>""mountain_hiking"",""smoothness""=>""excellent"",""surface""=>""ground"",""tracktype""=>""grade3"",""trail_visibility""=>""good"""
259059453,,path,,,,,,0.0,"""bicycle""=>""permissive"",""foot""=>""yes"",""hiking""=>""yes"",""mtb:scale""=>""2"",""sac_scale""=>""mountain_hiking"",""smoothness""=>""excellent"",""surface""=>""ground"",""tracktype""=>""grade3"",""trail_visibility""=>""good"""
997543458,Valsorda,,,,,,,0.0,"""natural""=>""valley"""
259059453,,path,,,,,,0.0,"""bicycle""=>""permissive"",""foot""=>""yes"",""hiking""=>""yes"",""mtb:scale""=>""2"",""sac_scale""=>""mountain_hiking"",""smoothness""=>""excellent"",""surface""=>""ground"",""tracktype""=>""grade3"",""trail_visibility""=>""good"""
997543458,Valsorda,,,,,,,0.0,"""natural""=>""valley"""
259059453,,path,,,,,,0.0,"""bicycle""=>""permissive"",""foot""=>""yes"",""hiking""=>""yes"",""mtb:scale""=>""2"",""sac_scale""=>""mountain_hiking"",""smoothness""=>""excellent"",""surface""=>""ground"",""tracktype""=>""grade3"",""trail_visibility""=>""good"""
997543458,Valsorda,,,,,,,0.0,"""natural""=>""valley"""
259059453,,path,,,,,,0.0,"""bicycle""=>""permissive"",""foot""=>""yes"",""hiking""=>""yes"",""mtb:scale""=>""2"",""sac_scale""=>""mountain_hiking"",""smoothness""=>""excellent"",""surface""=>""ground"",""tracktype""=>""grade3"",""trail_visibility""=>""good"""
997543458,Valsorda,,,,,,,0.0,"""natural""=>""valley"""
259059453,,path,,,,,,0.0,"""bicycle""=>""permissive"",""foot""=>""yes"",""hiking""=>""yes"",""mtb:scale""=>""2"",""sac_scale""=>""mountain_hiking"",""smoothness""=>""excellent"",""surface""=>""ground"",""tracktype""=>""grade3"",""trail_visibility""=>""good"""
997543458,Valsorda,,,,,,,0.0,"""natural""=>""valley"""
259059453,,path,,,,,,0.0,"""bicycle""=>""permissive"",""foot""=>""yes"",""hiking""=>""yes"",""mtb:scale""=>""2"",""sac_scale""=>""mountain_hiking"",""smoothness""=>""excellent"",""surface""=>""ground"",""tracktype""=>""grade3"",""trail_visibility""=>""good"""
997543458,Valsorda,,,,,,,0.0,"""natural""=>""valley"""
259059453,,path,,,,,,0.0,"""bicycle""=>""permissive"",""foot""=>""yes"",""hiking""=>""yes"",""mtb:scale""=>""2"",""sac_scale""=>""mountain_hiking"",""smoothness""=>""excellent"",""surface""=>""ground"",""tracktype""=>""grade3"",""trail_visibility""=>""good"""
997543458,Valsorda,,,,,,,0.0,"""natural""=>""valley"""
259059453,,path,,,,,,0.0,"""bicycle""=>""permissive"",""foot""=>""yes"",""hiking""=>""yes"",""mtb:scale""=>""2"",""sac_scale""=>""mountain_hiking"",""smoothness""=>""excellent"",""surface""=>""ground"",""tracktype""=>""grade3"",""trail_visibility""=>""good"""
997543458,Valsorda,,,,,,,0.0,"""natural""=>""valley"""
259059453,,path,,,,,,0.0,"""bicycle""=>""permissive"",""foot""=>""yes"",""hiking""=>""yes"",""mtb:scale""=>""2"",""sac_scale""=>""mountain_hiking"",""smoothness""=>""excellent"",""surface""=>""ground"",""tracktype""=>""grade3"",""trail_visibility""=>""good"""
997543458,Valsorda,,,,,,,0.0,"""natural""=>""valley"""
259059453,,path,,,,,,0.0,"""bicycle""=>""permissive"",""foot""=>""yes"",""hiking""=>""yes"",""mtb:scale""=>""2"",""sac_scale""=>""mountain_hiking"",""smoothness""=>""excellent"",""surface""=>""ground"",""tracktype""=>""grade3"",""trail_visibility""=>""good"""
997543458,Valsorda,,,,,,,0.0,"""natural""=>""valley"""
259059453,,path,,,,,,0.0,"""bicycle""=>""permissive"",""foot""=>""yes"",""hiking""=>""yes"",""mtb:scale""=>""2"",""sac_scale""=>""mountain_hiking"",""smoothness""=>""excellent"",""surface""=>""ground"",""tracktype""=>""grade3"",""trail_visibility""=>""good"""
997543458,Valsorda,,,,,,,0.0,"""natural""=>""valley"""
259059453,,path,,,,,,0.0,"""bicycle""=>""permissive"",""foot""=>""yes"",""hiking""=>""yes"",""mtb:scale""=>""2"",""sac_scale""=>""mountain_hiking"",""smoothness""=>""excellent"",""surface""=>""ground"",""tracktype""=>""grade3"",""trail_visibility""=>""good"""
997543458,Valsorda,,,,,,,0.0,"""natural""=>""valley"""
259059453,,path,,,,,,0.0,"""bicycle""=>""permissive"",""foot""=>""yes"",""hiking""=>""yes"",""mtb:scale""=>""2"",""sac_scale""=>""mountain_hiking"",""smoothness""=>""excellent"",""surface""=>""ground"",""tracktype""=>""grade3"",""trail_visibility""=>""good"""
997543458,Valsorda,,,,,,,0.0,"""natural""=>""valley"""
259059453,,path,,,,,,0.0,"""bicycle""=>""permissive"",""foot""=>""yes"",""hiking""=>""yes"",""mtb:scale""=>""2"",""sac_scale""=>""mountain_hiking"",""smoothness""=>""excellent"",""surface""=>""ground"",""tracktype""=>""grade3"",""trail_visibility""=>""good"""
997543458,Valsorda,,,,,,,0.0,"""natural""=>""valley"""
259059453,,path,,,,,,0.0,"""bicycle""=>""permissive"",""foot""=>""yes"",""hiking""=>""yes"",""mtb:scale""=>""2"",""sac_scale""=>""mountain_hiking"",""smoothness""=>""excellent"",""surface""=>""ground"",""tracktype""=>""grade3"",""trail_visibility""=>""good"""
997543458,Valsorda,,,,,,,0.0,"""natural""=>""valley"""
259059453,,path,,,,,,0.0,"""bicycle""=>""permissive"",""foot""=>""yes"",""hiking""=>""yes"",""mtb:scale""=>""2"",""sac_scale""=>""mountain_hiking"",""smoothness""=>""excellent"",""surface""=>""ground"",""tracktype""=>""grade3"",""trail_visibility""=>""good"""
997543458,Valsorda,,,,,,,0.0,"""natural""=>""valley"""
259059453,,path,,,,,,0.0,"""bicycle""=>""permissive"",""foot""=>""yes"",""hiking""=>""yes"",""mtb:scale""=>""2"",""sac_scale""=>""mountain_hiking"",""smoothness""=>""excellent"",""surface""=>""ground"",""tracktype""=>""grade3"",""trail_visibility""=>""good"""
997543458,Valsorda,,,,,,,0.0,"""natural""=>""valley"""
259059453,,path,,,,,,0.0,"""bicycle""=>""permissive"",""foot""=>""yes"",""hiking""=>""yes"",""mtb:scale""=>""2"",""sac_scale""=>""mountain_hiking"",""smoothness""=>""excellent"",""surface""=>""ground"",""tracktype""=>""grade3"",""trail_visibility""=>""good"""
997543458,Valsorda,,,,,,,0.0,"""natural""=>""valley"""
259059453,,path,,,,,,0.0,"""bicycle""=>""permissive"",""foot""=>""yes"",""hiking""=>""yes"",""mtb:scale""=>""2"",""sac_scale""=>""mountain_hiking"",""smoothness""=>""excellent"",""surface""=>""ground"",""tracktype""=>""grade3"",""trail_visibility""=>""good"""
997543458,Valsorda,,,,,,,0.0,"""natural""=>""valley"""
259059453,,path,,,,,,0.0,"""bicycle""=>""permissive"",""foot""=>""yes"",""hiking""=>""yes"",""mtb:scale""=>""2"",""sac_scale""=>""mountain_hiking"",""smoothness""=>""excellent"",""surface""=>""ground"",""tracktype""=>""grade3"",""trail_visibility""=>""good"""
997543458,Valsorda,,,,,,,0.0,"""natural""=>""valley"""
259059453,,path,,,,,,0.0,"""bicycle""=>""permissive"",""foot""=>""yes"",""hiking""=>""yes"",""mtb:scale""=>""2"",""sac_scale""=>""mountain_hiking"",""smoothness""=>""excellent"",""surface""=>""ground"",""tracktype""=>""grade3"",""trail_visibility""=>""good"""
259059453,,path,,,,,,0.0,"""bicycle""=>""permissive"",""foot""=>""yes"",""hiking""=>""yes"",""mtb:scale""=>""2"",""sac_scale""=>""mountain_hiking"",""smoothness""=>""excellent"",""surface""=>""ground"",""tracktype""=>""grade3"",""trail_visibility""=>""good"""
259059453,,path,,,,,,0.0,"""bicycle""=>""permissive"",""foot""=>""yes"",""hiking""=>""yes"",""mtb:scale""=>""2"",""sac_scale""=>""mountain_hiking"",""smoothness""=>""excellent"",""surface""=>""ground"",""tracktype""=>""grade3"",""trail_visibility""=>""good"""
26204659,Rio Valsorda,,stream,,,,,0.0,"""boat""=>""no"""
259059453,,path,,,,,,0.0,"""bicycle""=>""permissive"",""foot""=>""yes"",""hiking""=>""yes"",""mtb:scale""=>""2"",""sac_scale""=>""mountain_hiking"",""smoothness""=>""excellent"",""surface""=>""ground"",""tracktype""=>""grade3"",""trail_visibility""=>""good"""
259059453,,path,,,,,,0.0,"""bicycle""=>""permissive"",""foot""=>""yes"",""hiking""=>""yes"",""mtb:scale""=>""2"",""sac_scale""=>""mountain_hiking"",""smoothness""=>""excellent"",""surface""=>""ground"",""tracktype""=>""grade3"",""trail_visibility""=>""good"""
259059453,,path,,,,,,0.0,"""bicycle""=>""permissive"",""foot""=>""yes"",""hiking""=>""yes"",""mtb:scale""=>""2"",""sac_scale""=>""mountain_hiking"",""smoothness""=>""excellent"",""surface""=>""ground"",""tracktype""=>""grade3"",""trail_visibility""=>""good"""
259059453,,path,,,,,,0.0,"""bicycle""=>""permissive"",""foot""=>""yes"",""hiking""=>""yes"",""mtb:scale""=>""2"",""sac_scale""=>""mountain_hiking"",""smoothness""=>""excellent"",""surface""=>""ground"",""tracktype""=>""grade3"",""trail_visibility""=>""good"""
443091017,,,stream,,,,,0.0,"""boat""=>""no"""
259059453,,path,,,,,,0.0,"""bicycle""=>""permissive"",""foot""=>""yes"",""hiking""=>""yes"",""mtb:scale""=>""2"",""sac_scale""=>""mountain_hiking"",""smoothness""=>""excellent"",""surface""=>""ground"",""tracktype""=>""grade3"",""trail_visibility""=>""good"""
443091017,,,stream,,,,,0.0,"""boat""=>""no"""
259059453,,path,,,,,,0.0,"""bicycle""=>""permissive"",""foot""=>""yes"",""hiking""=>""yes"",""mtb:scale""=>""2"",""sac_scale""=>""mountain_hiking"",""smoothness""=>""excellent"",""surface""=>""ground"",""tracktype""=>""grade3"",""trail_visibility""=>""good"""
443091017,,,stream,,,,,0.0,"""boat""=>""no"""
259059453,,path,,,,,,0.0,"""bicycle""=>""permissive"",""foot""=>""yes"",""hiking""=>""yes"",""mtb:scale""=>""2"",""sac_scale""=>""mountain_hiking"",""smoothness""=>""excellent"",""surface""=>""ground"",""tracktype""=>""grade3"",""trail_visibility""=>""good"""
259059453,,path,,,,,,0.0,"""bicycle""=>""permissive"",""foot""=>""yes"",""hiking""=>""yes"",""mtb:scale""=>""2"",""sac_scale""=>""mountain_hiking"",""smoothness""=>""excellent"",""surface""=>""ground"",""tracktype""=>""grade3"",""trail_visibility""=>""good"""
259059453,,path,,,,,,0.0,"""bicycle""=>""permissive"",""foot""=>""yes"",""hiking""=>""yes"",""mtb:scale""=>""2"",""sac_scale""=>""mountain_hiking"",""smoothness""=>""excellent"",""surface""=>""ground"",""tracktype""=>""grade3"",""trail_visibility""=>""good"""
259059453,,path,,,,,,0.0,"""bicycle""=>""permissive"",""foot""=>""yes"",""hiking""=>""yes"",""mtb:scale""=>""2"",""sac_scale""=>""mountain_hiking"",""smoothness""=>""excellent"",""surface""=>""ground"",""tracktype""=>""grade3"",""trail_visibility""=>""good"""
259059453,,path,,,,,,0.0,"""bicycle""=>""permissive"",""foot""=>""yes"",""hiking""=>""yes"",""mtb:scale""=>""2"",""sac_scale""=>""mountain_hiking"",""smoothness""=>""excellent"",""surface""=>""ground"",""tracktype""=>""grade3"",""trail_visibility""=>""good"""
997543458,Valsorda,,,,,,,0.0,"""natural""=>""valley"""
997543458,Valsorda,,,,,,,0.0,"""natural""=>""valley"""
259059453,,path,,,,,,0.0,"""bicycle""=>""permissive"",""foot""=>""yes"",""hiking""=>""yes"",""mtb:scale""=>""2"",""sac_scale""=>""mountain_hiking"",""smoothness""=>""excellent"",""surface""=>""ground"",""tracktype""=>""grade3"",""trail_visibility""=>""good"""
997543458,Valsorda,,,,,,,0.0,"""natural""=>""valley"""
259059453,,path,,,,,,0.0,"""bicycle""=>""permissive"",""foot""=>""yes"",""hiking""=>""yes"",""mtb:scale""=>""2"",""sac_scale""=>""mountain_hiking"",""smoothness""=>""excellent"",""surface""=>""ground"",""tracktype""=>""grade3"",""trail_visibility""=>""good"""
997543458,Valsorda,,,,,,,0.0,"""natural""=>""valley"""
259059453,,path,,,,,,0.0,"""bicycle""=>""permissive"",""foot""=>""yes"",""hiking""=>""yes"",""mtb:scale""=>""2"",""sac_scale""=>""mountain_hiking"",""smoothness""=>""excellent"",""surface""=>""ground"",""tracktype""=>""grade3"",""trail_visibility""=>""good"""
997543458,Valsorda,,,,,,,0.0,"""natural""=>""valley"""
997543458,Valsorda,,,,,,,0.0,"""natural""=>""valley"""
259059453,,path,,,,,,0.0,"""bicycle""=>""permissive"",""foot""=>""yes"",""hiking""=>""yes"",""mtb:scale""=>""2"",""sac_scale""=>""mountain_hiking"",""smoothness""=>""excellent"",""surface""=>""ground"",""tracktype""=>""grade3"",""trail_visibility""=>""good"""
997543458,Valsorda,,,,,,,0.0,"""natural""=>""valley"""
259059453,,path,,,,,,0.0,"""bicycle""=>""permissive"",""foot""=>""yes"",""hiking""=>""yes"",""mtb:scale""=>""2"",""sac_scale""=>""mountain_hiking"",""smoothness""=>""excellent"",""surface""=>""ground"",""tracktype""=>""grade3"",""trail_visibility""=>""good"""
997543458,Valsorda,,,,,,,0.0,"""natural""=>""valley"""
259059453,,path,,,,,,0.0,"""bicycle""=>""permissive"",""foot""=>""yes"",""hiking""=>""yes"",""mtb:scale""=>""2"",""sac_scale""=>""mountain_hiking"",""smoothness""=>""excellent"",""surface""=>""ground"",""tracktype""=>""grade3"",""trail_visibility""=>""good"""
997543458,Valsorda,,,,,,,0.0,"""natural""=>""valley"""
27987739,,,,,,,,0.0,"""admin_level""=>""8"",""boundary""=>""administrative"",""name:left""=>""Telve"",""name:right""=>""Pieve Tesino"""
259059453,,path,,,,,,0.0,"""bicycle""=>""permissive"",""foot""=>""yes"",""hiking""=>""yes"",""mtb:scale""=>""2"",""sac_scale""=>""mountain_hiking"",""smoothness""=>""excellent"",""surface""=>""ground"",""tracktype""=>""grade3"",""trail_visibility""=>""good"""
997543458,Valsorda,,,,,,,0.0,"""natural""=>""valley"""
27987739,,,,,,,,0.0,"""admin_level""=>""8"",""boundary""=>""administrative"",""name:left""=>""Telve"",""name:right""=>""Pieve Tesino"""
259059453,,path,,,,,,0.0,"""bicycle""=>""permissive"",""foot""=>""yes"",""hiking""=>""yes"",""mtb:scale""=>""2"",""sac_scale""=>""mountain_hiking"",""smoothness""=>""excellent"",""surface""=>""ground"",""tracktype""=>""grade3"",""trail_visibility""=>""good"""
997543458,Valsorda,,,,,,,0.0,"""natural""=>""valley"""
27987739,,,,,,,,0.0,"""admin_level""=>""8"",""boundary""=>""administrative"",""name:left""=>""Telve"",""name:right""=>""Pieve Tesino"""
259059453,,path,,,,,,0.0,"""bicycle""=>""permissive"",""foot""=>""yes"",""hiking""=>""yes"",""mtb:scale""=>""2"",""sac_scale""=>""mountain_hiking"",""smoothness""=>""excellent"",""surface""=>""ground"",""tracktype""=>""grade3"",""trail_visibility""=>""good"""
997543458,Valsorda,,,,,,,0.0,"""natural""=>""valley"""
27987739,,,,,,,,0.0,"""admin_level""=>""8"",""boundary""=>""administrative"",""name:left""=>""Telve"",""name:right""=>""Pieve Tesino"""
259059453,,path,,,,,,0.0,"""bicycle""=>""permissive"",""foot""=>""yes"",""hiking""=>""yes"",""mtb:scale""=>""2"",""sac_scale""=>""mountain_hiking"",""smoothness""=>""excellent"",""surface""=>""ground"",""tracktype""=>""grade3"",""trail_visibility""=>""good"""
997543458,Valsorda,,,,,,,0.0,"""natural""=>""valley"""
27987739,,,,,,,,0.0,"""admin_level""=>""8"",""boundary""=>""administrative"",""name:left""=>""Telve"",""name:right""=>""Pieve Tesino"""
259059453,,path,,,,,,0.0,"""bicycle""=>""permissive"",""foot""=>""yes"",""hiking""=>""yes"",""mtb:scale""=>""2"",""sac_scale""=>""mountain_hiking"",""smoothness""=>""excellent"",""surface""=>""ground"",""tracktype""=>""grade3"",""trail_visibility""=>""good"""
997543458,Valsorda,,,,,,,0.0,"""natural""=>""valley"""
259059453,,path,,,,,,0.0,"""bicycle""=>""permissive"",""foot""=>""yes"",""hiking""=>""yes"",""mtb:scale""=>""2"",""sac_scale""=>""mountain_hiking"",""smoothness""=>""excellent"",""surface""=>""ground"",""tracktype""=>""grade3"",""trail_visibility""=>""good"""
997543458,Valsorda,,,,,,,0.0,"""natural""=>""valley"""
259059453,,path,,,,,,0.0,"""bicycle""=>""permissive"",""foot""=>""yes"",""hiking""=>""yes"",""mtb:scale""=>""2"",""sac_scale""=>""mountain_hiking"",""smoothness""=>""excellent"",""surface""=>""ground"",""tracktype""=>""grade3"",""trail_visibility""=>""good"""
997543458,Valsorda,,,,,,,0.0,"""natural""=>""valley"""
259059453,,path,,,,,,0.0,"""bicycle""=>""permissive"",""foot""=>""yes"",""hiking""=>""yes"",""mtb:scale""=>""2"",""sac_scale""=>""mountain_hiking"",""smoothness""=>""excellent"",""surface""=>""ground"",""tracktype""=>""grade3"",""trail_visibility""=>""good"""
997543458,Valsorda,,,,,,,0.0,"""natural""=>""valley"""
259059453,,path,,,,,,0.0,"""bicycle""=>""permissive"",""foot""=>""yes"",""hiking""=>""yes"",""mtb:scale""=>""2"",""sac_scale""=>""mountain_hiking"",""smoothness""=>""excellent"",""surface""=>""ground"",""tracktype""=>""grade3"",""trail_visibility""=>""good"""
27987739,,,,,,,,0.0,"""admin_level""=>""8"",""boundary""=>""administrative"",""name:left""=>""Telve"",""name:right""=>""Pieve Tesino"""
259059453,,path,,,,,,0.0,"""bicycle""=>""permissive"",""foot""=>""yes"",""hiking""=>""yes"",""mtb:scale""=>""2"",""sac_scale""=>""mountain_hiking"",""smoothness""=>""excellent"",""surface""=>""ground"",""tracktype""=>""grade3"",""trail_visibility""=>""good"""
997543458,Valsorda,,,,,,,0.0,"""natural""=>""valley"""
27987739,,,,,,,,0.0,"""admin_level""=>""8"",""boundary""=>""administrative"",""name:left""=>""Telve"",""name:right""=>""Pieve Tesino"""
259059453,,path,,,,,,0.0,"""bicycle""=>""permissive"",""foot""=>""yes"",""hiking""=>""yes"",""mtb:scale""=>""2"",""sac_scale""=>""mountain_hiking"",""smoothness""=>""excellent"",""surface""=>""ground"",""tracktype""=>""grade3"",""trail_visibility""=>""good"""
997543458,Valsorda,,,,,,,0.0,"""natural""=>""valley"""
259059453,,path,,,,,,0.0,"""bicycle""=>""permissive"",""foot""=>""yes"",""hiking""=>""yes"",""mtb:scale""=>""2"",""sac_scale""=>""mountain_hiking"",""smoothness""=>""excellent"",""surface""=>""ground"",""tracktype""=>""grade3"",""trail_visibility""=>""good"""
259059453,,path,,,,,,0.0,"""bicycle""=>""permissive"",""foot""=>""yes"",""hiking""=>""yes"",""mtb:scale""=>""2"",""sac_scale""=>""mountain_hiking"",""smoothness""=>""excellent"",""surface""=>""ground"",""tracktype""=>""grade3"",""trail_visibility""=>""good"""
259059453,,path,,,,,,0.0,"""bicycle""=>""permissive"",""foot""=>""yes"",""hiking""=>""yes"",""mtb:scale""=>""2"",""sac_scale""=>""mountain_hiking"",""smoothness""=>""excellent"",""surface""=>""ground"",""tracktype""=>""grade3"",""trail_visibility""=>""good"""
259059453,,path,,,,,,0.0,"""bicycle""=>""permissive"",""foot""=>""yes"",""hiking""=>""yes"",""mtb:scale""=>""2"",""sac_scale""=>""mountain_hiking"",""smoothness""=>""excellent"",""surface""=>""ground"",""tracktype""=>""grade3"",""trail_visibility""=>""good"""
259059453,,path,,,,,,0.0,"""bicycle""=>""permissive"",""foot""=>""yes"",""hiking""=>""yes"",""mtb:scale""=>""2"",""sac_scale""=>""mountain_hiking"",""smoothness""=>""excellent"",""surface""=>""ground"",""tracktype""=>""grade3"",""trail_visibility""=>""good"""
259059453,,path,,,,,,0.0,"""bicycle""=>""permissive"",""foot""=>""yes"",""hiking""=>""yes"",""mtb:scale""=>""2"",""sac_scale""=>""mountain_hiking"",""smoothness""=>""excellent"",""surface""=>""ground"",""tracktype""=>""grade3"",""trail_visibility""=>""good"""
259059453,,path,,,,,,0.0,"""bicycle""=>""permissive"",""foot""=>""yes"",""hiking""=>""yes"",""mtb:scale""=>""2"",""sac_scale""=>""mountain_hiking"",""smoothness""=>""excellent"",""surface""=>""ground"",""tracktype""=>""grade3"",""trail_visibility""=>""good"""
259059453,,path,,,,,,0.0,"""bicycle""=>""permissive"",""foot""=>""yes"",""hiking""=>""yes"",""mtb:scale""=>""2"",""sac_scale""=>""mountain_hiking"",""smoothness""=>""excellent"",""surface""=>""ground"",""tracktype""=>""grade3"",""trail_visibility""=>""good"""
259059453,,path,,,,,,0.0,"""bicycle""=>""permissive"",""foot""=>""yes"",""hiking""=>""yes"",""mtb:scale""=>""2"",""sac_scale""=>""mountain_hiking"",""smoothness""=>""excellent"",""surface""=>""ground"",""tracktype""=>""grade3"",""trail_visibility""=>""good"""
259059453,,path,,,,,,0.0,"""bicycle""=>""permissive"",""foot""=>""yes"",""hiking""=>""yes"",""mtb:scale""=>""2"",""sac_scale""=>""mountain_hiking"",""smoothness""=>""excellent"",""surface""=>""ground"",""tracktype""=>""grade3"",""trail_visibility""=>""good"""
259059453,,path,,,,,,0.0,"""bicycle""=>""permissive"",""foot""=>""yes"",""hiking""=>""yes"",""mtb:scale""=>""2"",""sac_scale""=>""mountain_hiking"",""smoothness""=>""excellent"",""surface""=>""ground"",""tracktype""=>""grade3"",""trail_visibility""=>""good"""
259059453,,path,,,,,,0.0,"""bicycle""=>""permissive"",""foot""=>""yes"",""hiking""=>""yes"",""mtb:scale""=>""2"",""sac_scale""=>""mountain_hiking"",""smoothness""=>""excellent"",""surface""=>""ground"",""tracktype""=>""grade3"",""trail_visibility""=>""good"""
259059453,,path,,,,,,0.0,"""bicycle""=>""permissive"",""foot""=>""yes"",""hiking""=>""yes"",""mtb:scale""=>""2"",""sac_scale""=>""mountain_hiking"",""smoothness""=>""excellent"",""surface""=>""ground"",""tracktype""=>""grade3"",""trail_visibility""=>""good"""
259059453,,path,,,,,,0.0,"""bicycle""=>""permissive"",""foot""=>""yes"",""hiking""=>""yes"",""mtb:scale""=>""2"",""sac_scale""=>""mountain_hiking"",""smoothness""=>""excellent"",""surface""=>""ground"",""tracktype""=>""grade3"",""trail_visibility""=>""good"""
259059453,,path,,,,,,0.0,"""bicycle""=>""permissive"",""foot""=>""yes"",""hiking""=>""yes"",""mtb:scale""=>""2"",""sac_scale""=>""mountain_hiking"",""smoothness""=>""excellent"",""surface""=>""ground"",""tracktype""=>""grade3"",""trail_visibility""=>""good"""
27987739,,,,,,,,0.0,"""admin_level""=>""8"",""boundary""=>""administrative"",""name:left""=>""Telve"",""name:right""=>""Pieve Tesino"""
259059453,,path,,,,,,0.0,"""bicycle""=>""permissive"",""foot""=>""yes"",""hiking""=>""yes"",""mtb:scale""=>""2"",""sac_scale""=>""mountain_hiking"",""smoothness""=>""excellent"",""surface""=>""ground"",""tracktype""=>""grade3"",""trail_visibility""=>""good"""
27987739,,,,,,,,0.0,"""admin_level""=>""8"",""boundary""=>""administrative"",""name:left""=>""Telve"",""name:right""=>""Pieve Tesino"""
259059453,,path,,,,,,0.0,"""bicycle""=>""permissive"",""foot""=>""yes"",""hiking""=>""yes"",""mtb:scale""=>""2"",""sac_scale""=>""mountain_hiking"",""smoothness""=>""excellent"",""surface""=>""ground"",""tracktype""=>""grade3"",""trail_visibility""=>""good"""
27987739,,,,,,,,0.0,"""admin_level""=>""8"",""boundary""=>""administrative"",""name:left""=>""Telve"",""name:right""=>""Pieve Tesino"""
259059453,,path,,,,,,0.0,"""bicycle""=>""permissive"",""foot""=>""yes"",""hiking""=>""yes"",""mtb:scale""=>""2"",""sac_scale""=>""mountain_hiking"",""smoothness""=>""excellent"",""surface""=>""ground"",""tracktype""=>""grade3"",""trail_visibility""=>""good"""
259059453,,path,,,,,,0.0,"""bicycle""=>""permissive"",""foot""=>""yes"",""hiking""=>""yes"",""mtb:scale""=>""2"",""sac_scale""=>""mountain_hiking"",""smoothness""=>""excellent"",""surface""=>""ground"",""tracktype""=>""grade3"",""trail_visibility""=>""good"""
259059453,,path,,,,,,0.0,"""bicycle""=>""permissive"",""foot""=>""yes"",""hiking""=>""yes"",""mtb:scale""=>""2"",""sac_scale""=>""mountain_hiking"",""smoothness""=>""excellent"",""surface""=>""ground"",""tracktype""=>""grade3"",""trail_visibility""=>""good"""
259059453,,path,,,,,,0.0,"""bicycle""=>""permissive"",""foot""=>""yes"",""hiking""=>""yes"",""mtb:scale""=>""2"",""sac_scale""=>""mountain_hiking"",""smoothness""=>""excellent"",""surface""=>""ground"",""tracktype""=>""grade3"",""trail_visibility""=>""good"""
259059453,,path,,,,,,0.0,"""bicycle""=>""permissive"",""foot""=>""yes"",""hiking""=>""yes"",""mtb:scale""=>""2"",""sac_scale""=>""mountain_hiking"",""smoothness""=>""excellent"",""surface""=>""ground"",""tracktype""=>""grade3"",""trail_visibility""=>""good"""
259059453,,path,,,,,,0.0,"""bicycle""=>""permissive"",""foot""=>""yes"",""hiking""=>""yes"",""mtb:scale""=>""2"",""sac_scale""=>""mountain_hiking"",""smoothness""=>""excellent"",""surface""=>""ground"",""tracktype""=>""grade3"",""trail_visibility""=>""good"""
259059453,,path,,,,,,0.0,"""bicycle""=>""permissive"",""foot""=>""yes"",""hiking""=>""yes"",""mtb:scale""=>""2"",""sac_scale""=>""mountain_hiking"",""smoothness""=>""excellent"",""surface""=>""ground"",""tracktype""=>""grade3"",""trail_visibility""=>""good"""
259059453,,path,,,,,,0.0,"""bicycle""=>""permissive"",""foot""=>""yes"",""hiking""=>""yes"",""mtb:scale""=>""2"",""sac_scale""=>""mountain_hiking"",""smoothness""=>""excellent"",""surface""=>""ground"",""tracktype""=>""grade3"",""trail_visibility""=>""good"""
259059453,,path,,,,,,0.0,"""bicycle""=>""permissive"",""foot""=>""yes"",""hiking""=>""yes"",""mtb:scale""=>""2"",""sac_scale""=>""mountain_hiking"",""smoothness""=>""excellent"",""surface""=>""ground"",""tracktype""=>""grade3"",""trail_visibility""=>""good"""
259059453,,path,,,,,,0.0,"""bicycle""=>""permissive"",""foot""=>""yes"",""hiking""=>""yes"",""mtb:scale""=>""2"",""sac_scale""=>""mountain_hiking"",""smoothness""=>""excellent"",""surface""=>""ground"",""tracktype""=>""grade3"",""trail_visibility""=>""good"""
259059453,,path,,,,,,0.0,"""bicycle""=>""permissive"",""foot""=>""yes"",""hiking""=>""yes"",""mtb:scale""=>""2"",""sac_scale""=>""mountain_hiking"",""smoothness""=>""excellent"",""surface""=>""ground"",""tracktype""=>""grade3"",""trail_visibility""=>""good"""
259059453,,path,,,,,,0.0,"""bicycle""=>""permissive"",""foot""=>""yes"",""hiking""=>""yes"",""mtb:scale""=>""2"",""sac_scale""=>""mountain_hiking"",""smoothness""=>""excellent"",""surface""=>""ground"",""tracktype""=>""grade3"",""trail_visibility""=>""good"""
259059453,,path,,,,,,0.0,"""bicycle""=>""permissive"",""foot""=>""yes"",""hiking""=>""yes"",""mtb:scale""=>""2"",""sac_scale""=>""mountain_hiking"",""smoothness""=>""excellent"",""surface""=>""ground"",""tracktype""=>""grade3"",""trail_visibility""=>""good"""
259059453,,path,,,,,,0.0,"""bicycle""=>""permissive"",""foot""=>""yes"",""hiking""=>""yes"",""mtb:scale""=>""2"",""sac_scale""=>""mountain_hiking"",""smoothness""=>""excellent"",""surface""=>""ground"",""tracktype""=>""grade3"",""trail_visibility""=>""good"""
259059453,,path,,,,,,0.0,"""bicycle""=>""permissive"",""foot""=>""yes"",""hiking""=>""yes"",""mtb:scale""=>""2"",""sac_scale""=>""mountain_hiking"",""smoothness""=>""excellent"",""surface""=>""ground"",""tracktype""=>""grade3"",""trail_visibility""=>""good"""
259059453,,path,,,,,,0.0,"""bicycle""=>""permissive"",""foot""=>""yes"",""hiking""=>""yes"",""mtb:scale""=>""2"",""sac_scale""=>""mountain_hiking"",""smoothness""=>""excellent"",""surface""=>""ground"",""tracktype""=>""grade3"",""trail_visibility""=>""good"""
259059453,,path,,,,,,0.0,"""bicycle""=>""permissive"",""foot""=>""yes"",""hiking""=>""yes"",""mtb:scale""=>""2"",""sac_scale""=>""mountain_hiking"",""smoothness""=>""excellent"",""surface""=>""ground"",""tracktype""=>""grade3"",""trail_visibility""=>""good"""
259059453,,path,,,,,,0.0,"""bicycle""=>""permissive"",""foot""=>""yes"",""hiking""=>""yes"",""mtb:scale""=>""2"",""sac_scale""=>""mountain_hiking"",""smoothness""=>""excellent"",""surface""=>""ground"",""tracktype""=>""grade3"",""trail_visibility""=>""good"""
259059453,,path,,,,,,0.0,"""bicycle""=>""permissive"",""foot""=>""yes"",""hiking""=>""yes"",""mtb:scale""=>""2"",""sac_scale""=>""mountain_hiking"",""smoothness""=>""excellent"",""surface""=>""ground"",""tracktype""=>""grade3"",""trail_visibility""=>""good"""
259059453,,path,,,,,,0.0,"""bicycle""=>""permissive"",""foot""=>""yes"",""hiking""=>""yes"",""mtb:scale""=>""2"",""sac_scale""=>""mountain_hiking"",""smoothness""=>""excellent"",""surface""=>""ground"",""tracktype""=>""grade3"",""trail_visibility""=>""good"""
259059453,,path,,,,,,0.0,"""bicycle""=>""permissive"",""foot""=>""yes"",""hiking""=>""yes"",""mtb:scale""=>""2"",""sac_scale""=>""mountain_hiking"",""smoothness""=>""excellent"",""surface""=>""ground"",""tracktype""=>""grade3"",""trail_visibility""=>""good"""
259059453,,path,,,,,,0.0,"""bicycle""=>""permissive"",""foot""=>""yes"",""hiking""=>""yes"",""mtb:scale""=>""2"",""sac_scale""=>""mountain_hiking"",""smoothness""=>""excellent"",""surface""=>""ground"",""tracktype""=>""grade3"",""trail_visibility""=>""good"""
259059453,,path,,,,,,0.0,"""bicycle""=>""permissive"",""foot""=>""yes"",""hiking""=>""yes"",""mtb:scale""=>""2"",""sac_scale""=>""mountain_hiking"",""smoothness""=>""excellent"",""surface""=>""ground"",""tracktype""=>""grade3"",""trail_visibility""=>""good"""
259059453,,path,,,,,,0.0,"""bicycle""=>""permissive"",""foot""=>""yes"",""hiking""=>""yes"",""mtb:scale""=>""2"",""sac_scale""=>""mountain_hiking"",""smoothness""=>""excellent"",""surface""=>""ground"",""tracktype""=>""grade3"",""trail_visibility""=>""good"""
259059453,,path,,,,,,0.0,"""bicycle""=>""permissive"",""foot""=>""yes"",""hiking""=>""yes"",""mtb:scale""=>""2"",""sac_scale""=>""mountain_hiking"",""smoothness""=>""excellent"",""surface""=>""ground"",""tracktype""=>""grade3"",""trail_visibility""=>""good"""
,,,,,,,,,
259059453,,path,,,,,,0.0,"""bicycle""=>""permissive"",""foot""=>""yes"",""hiking""=>""yes"",""mtb:scale""=>""2"",""sac_scale""=>""mountain_hiking"",""smoothness""=>""excellent"",""surface""=>""ground"",""tracktype""=>""grade3"",""trail_visibility""=>""good"""
259059453,,path,,,,,,0.0,"""bicycle""=>""permissive"",""foot""=>""yes"",""hiking""=>""yes"",""mtb:scale""=>""2"",""sac_scale""=>""mountain_hiking"",""smoothness""=>""excellent"",""surface""=>""ground"",""tracktype""=>""grade3"",""trail_visibility""=>""good"""
259059453,,path,,,,,,0.0,"""bicycle""=>""permissive"",""foot""=>""yes"",""hiking""=>""yes"",""mtb:scale""=>""2"",""sac_scale""=>""mountain_hiking"",""smoothness""=>""excellent"",""surface""=>""ground"",""tracktype""=>""grade3"",""trail_visibility""=>""good"""
259059453,,path,,,,,,0.0,"""bicycle""=>""permissive"",""foot""=>""yes"",""hiking""=>""yes"",""mtb:scale""=>""2"",""sac_scale""=>""mountain_hiking"",""smoothness""=>""excellent"",""surface""=>""ground"",""tracktype""=>""grade3"",""trail_visibility""=>""good"""
,,,,,,,,,
,,,,,,,,,
453977395,Strada Forestale Valsorda 1,track,,,,,,0.0,"""bicycle""=>""yes"",""designation""=>""IT-TN:strada_forestale_tipo_b"",""emergency""=>""yes"",""foot""=>""yes"",""forestry""=>""yes"",""motor_vehicle""=>""private"",""surface""=>""gravel"",""tracktype""=>""grade2"",""width""=>""2.5"""
453977395,Strada Forestale Valsorda 1,track,,,,,,0.0,"""bicycle""=>""yes"",""designation""=>""IT-TN:strada_forestale_tipo_b"",""emergency""=>""yes"",""foot""=>""yes"",""forestry""=>""yes"",""motor_vehicle""=>""private"",""surface""=>""gravel"",""tracktype""=>""grade2"",""width""=>""2.5"""
453977395,Strada Forestale Valsorda 1,track,,,,,,0.0,"""bicycle""=>""yes"",""designation""=>""IT-TN:strada_forestale_tipo_b"",""emergency""=>""yes"",""foot""=>""yes"",""forestry""=>""yes"",""motor_vehicle""=>""private"",""surface""=>""gravel"",""tracktype""=>""grade2"",""width""=>""2.5"""
453977395,Strada Forestale Valsorda 1,track,,,,,,0.0,"""bicycle""=>""yes"",""designation""=>""IT-TN:strada_forestale_tipo_b"",""emergency""=>""yes"",""foot""=>""yes"",""forestry""=>""yes"",""motor_vehicle""=>""private"",""surface""=>""gravel"",""tracktype""=>""grade2"",""width""=>""2.5"""
453977395,Strada Forestale Valsorda 1,track,,,,,,0.0,"""bicycle""=>""yes"",""designation""=>""IT-TN:strada_forestale_tipo_b"",""emergency""=>""yes"",""foot""=>""yes"",""forestry""=>""yes"",""motor_vehicle""=>""private"",""surface""=>""gravel"",""tracktype""=>""grade2"",""width""=>""2.5"""
453977395,Strada Forestale Valsorda 1,track,,,,,,0.0,"""bicycle""=>""yes"",""designation""=>""IT-TN:strada_forestale_tipo_b"",""emergency""=>""yes"",""foot""=>""yes"",""forestry""=>""yes"",""motor_vehicle""=>""private"",""surface""=>""gravel"",""tracktype""=>""grade2"",""width""=>""2.5"""
453977395,Strada Forestale Valsorda 1,track,,,,,,0.0,"""bicycle""=>""yes"",""designation""=>""IT-TN:strada_forestale_tipo_b"",""emergency""=>""yes"",""foot""=>""yes"",""forestry""=>""yes"",""motor_vehicle""=>""private"",""surface""=>""gravel"",""tracktype""=>""grade2"",""width""=>""2.5"""
27987717,,,,,,,,0.0,"""admin_level""=>""8"",""boundary""=>""administrative"",""name:left""=>""Scurelle"",""name:right""=>""Pieve Tesino"""
1141323936,Strada Forestale Cinque Croci 1,track,,,,,,0.0,"""bicycle""=>""yes"",""designation""=>""IT-TN:strada_forestale_tipo_b"",""emergency""=>""yes"",""foot""=>""yes"",""forestry""=>""yes"",""motor_vehicle""=>""private"",""surface""=>""asphalt"",""tracktype""=>""grade1"",""width""=>""2.5"""
453977395,Strada Forestale Valsorda 1,track,,,,,,0.0,"""bicycle""=>""yes"",""designation""=>""IT-TN:strada_forestale_tipo_b"",""emergency""=>""yes"",""foot""=>""yes"",""forestry""=>""yes"",""motor_vehicle""=>""private"",""surface""=>""gravel"",""tracktype""=>""grade2"",""width""=>""2.5"""
27987717,,,,,,,,0.0,"""admin_level""=>""8"",""boundary""=>""administrative"",""name:left""=>""Scurelle"",""name:right""=>""Pieve Tesino"""
1141323936,Strada Forestale Cinque Croci 1,track,,,,,,0.0,"""bicycle""=>""yes"",""designation""=>""IT-TN:strada_forestale_tipo_b"",""emergency""=>""yes"",""foot""=>""yes"",""forestry""=>""yes"",""motor_vehicle""=>""private"",""surface""=>""asphalt"",""tracktype""=>""grade1"",""width""=>""2.5"""
453977395,Strada Forestale Valsorda 1,track,,,,,,0.0,"""bicycle""=>""yes"",""designation""=>""IT-TN:strada_forestale_tipo_b"",""emergency""=>""yes"",""foot""=>""yes"",""forestry""=>""yes"",""motor_vehicle""=>""private"",""surface""=>""gravel"",""tracktype""=>""grade2"",""width""=>""2.5"""
1141323936,Strada Forestale Cinque Croci 1,track,,,,,,0.0,"""bicycle""=>""yes"",""designation""=>""IT-TN:strada_forestale_tipo_b"",""emergency""=>""yes"",""foot""=>""yes"",""forestry""=>""yes"",""motor_vehicle""=>""private"",""surface""=>""asphalt"",""tracktype""=>""grade1"",""width""=>""2.5"""
1141323935,,path,,,,,,0.0,"""trail_visibility""=>""intermediate"""
1141323936,Strada Forestale Cinque Croci 1,track,,,,,,0.0,"""bicycle""=>""yes"",""designation""=>""IT-TN:strada_forestale_tipo_b"",""emergency""=>""yes"",""foot""=>""yes"",""forestry""=>""yes"",""motor_vehicle""=>""private"",""surface""=>""asphalt"",""tracktype""=>""grade1"",""width""=>""2.5"""
1141323935,,path,,,,,,0.0,"""trail_visibility""=>""intermediate"""
1141323936,Strada Forestale Cinque Croci 1,track,,,,,,0.0,"""bicycle""=>""yes"",""designation""=>""IT-TN:strada_forestale_tipo_b"",""emergency""=>""yes"",""foot""=>""yes"",""forestry""=>""yes"",""motor_vehicle""=>""private"",""surface""=>""asphalt"",""tracktype""=>""grade1"",""width""=>""2.5"""
1141323935,,path,,,,,,0.0,"""trail_visibility""=>""intermediate"""
1141323936,Strada Forestale Cinque Croci 1,track,,,,,,0.0,"""bicycle""=>""yes"",""designation""=>""IT-TN:strada_forestale_tipo_b"",""emergency""=>""yes"",""foot""=>""yes"",""forestry""=>""yes"",""motor_vehicle""=>""private"",""surface""=>""asphalt"",""tracktype""=>""grade1"",""width""=>""2.5"""
1141323935,,path,,,,,,0.0,"""trail_visibility""=>""intermediate"""
453977397,Strada Forestale Cinque Croci 1,track,,,,,,0.0,"""bicycle""=>""yes"",""designation""=>""IT-TN:strada_forestale_tipo_b"",""emergency""=>""yes"",""foot""=>""yes"",""forestry""=>""yes"",""motor_vehicle""=>""private"",""surface""=>""asphalt"",""tracktype""=>""grade1"",""width""=>""2.5"""
453977397,Strada Forestale Cinque Croci 1,track,,,,,,0.0,"""bicycle""=>""yes"",""designation""=>""IT-TN:strada_forestale_tipo_b"",""emergency""=>""yes"",""foot""=>""yes"",""forestry""=>""yes"",""motor_vehicle""=>""private"",""surface""=>""asphalt"",""tracktype""=>""grade1"",""width""=>""2.5"""
453977397,Strada Forestale Cinque Croci 1,track,,,,,,0.0,"""bicycle""=>""yes"",""designation""=>""IT-TN:strada_forestale_tipo_b"",""emergency""=>""yes"",""foot""=>""yes"",""forestry""=>""yes"",""motor_vehicle""=>""private"",""surface""=>""asphalt"",""tracktype""=>""grade1"",""width""=>""2.5"""
453977397,Strada Forestale Cinque Croci 1,track,,,,,,0.0,"""bicycle""=>""yes"",""designation""=>""IT-TN:strada_forestale_tipo_b"",""emergency""=>""yes"",""foot""=>""yes"",""forestry""=>""yes"",""motor_vehicle""=>""private"",""surface""=>""asphalt"",""tracktype""=>""grade1"",""width""=>""2.5"""
453977397,Strada Forestale Cinque Croci 1,track,,,,,,0.0,"""bicycle""=>""yes"",""designation""=>""IT-TN:strada_forestale_tipo_b"",""emergency""=>""yes"",""foot""=>""yes"",""forestry""=>""yes"",""motor_vehicle""=>""private"",""surface""=>""asphalt"",""tracktype""=>""grade1"",""width""=>""2.5"""
453977397,Strada Forestale Cinque Croci 1,track,,,,,,0.0,"""bicycle""=>""yes"",""designation""=>""IT-TN:strada_forestale_tipo_b"",""emergency""=>""yes"",""foot""=>""yes"",""forestry""=>""yes"",""motor_vehicle""=>""private"",""surface""=>""asphalt"",""tracktype""=>""grade1"",""width""=>""2.5"""
453977397,Strada Forestale Cinque Croci 1,track,,,,,,0.0,"""bicycle""=>""yes"",""designation""=>""IT-TN:strada_forestale_tipo_b"",""emergency""=>""yes"",""foot""=>""yes"",""forestry""=>""yes"",""motor_vehicle""=>""private"",""surface""=>""asphalt"",""tracktype""=>""grade1"",""width""=>""2.5"""
453977397,Strada Forestale Cinque Croci 1,track,,,,,,0.0,"""bicycle""=>""yes"",""designation""=>""IT-TN:strada_forestale_tipo_b"",""emergency""=>""yes"",""foot""=>""yes"",""forestry""=>""yes"",""motor_vehicle""=>""private"",""surface""=>""asphalt"",""tracktype""=>""grade1"",""width""=>""2.5"""
453977397,Strada Forestale Cinque Croci 1,track,,,,,,0.0,"""bicycle""=>""yes"",""designation""=>""IT-TN:strada_forestale_tipo_b"",""emergency""=>""yes"",""foot""=>""yes"",""forestry""=>""yes"",""motor_vehicle""=>""private"",""surface""=>""asphalt"",""tracktype""=>""grade1"",""width""=>""2.5"""
453977397,Strada Forestale Cinque Croci 1,track,,,,,,0.0,"""bicycle""=>""yes"",""designation""=>""IT-TN:strada_forestale_tipo_b"",""emergency""=>""yes"",""foot""=>""yes"",""forestry""=>""yes"",""motor_vehicle""=>""private"",""surface""=>""asphalt"",""tracktype""=>""grade1"",""width""=>""2.5"""
453977397,Strada Forestale Cinque Croci 1,track,,,,,,0.0,"""bicycle""=>""yes"",""designation""=>""IT-TN:strada_forestale_tipo_b"",""emergency""=>""yes"",""foot""=>""yes"",""forestry""=>""yes"",""motor_vehicle""=>""private"",""surface""=>""asphalt"",""tracktype""=>""grade1"",""width""=>""2.5"""
453977397,Strada Forestale Cinque Croci 1,track,,,,,,0.0,"""bicycle""=>""yes"",""designation""=>""IT-TN:strada_forestale_tipo_b"",""emergency""=>""yes"",""foot""=>""yes"",""forestry""=>""yes"",""motor_vehicle""=>""private"",""surface""=>""asphalt"",""tracktype""=>""grade1"",""width""=>""2.5"""
453977397,Strada Forestale Cinque Croci 1,track,,,,,,0.0,"""bicycle""=>""yes"",""designation""=>""IT-TN:strada_forestale_tipo_b"",""emergency""=>""yes"",""foot""=>""yes"",""forestry""=>""yes"",""motor_vehicle""=>""private"",""surface""=>""asphalt"",""tracktype""=>""grade1"",""width""=>""2.5"""
453977397,Strada Forestale Cinque Croci 1,track,,,,,,0.0,"""bicycle""=>""yes"",""designation""=>""IT-TN:strada_forestale_tipo_b"",""emergency""=>""yes"",""foot""=>""yes"",""forestry""=>""yes"",""motor_vehicle""=>""private"",""surface""=>""asphalt"",""tracktype""=>""grade1"",""width""=>""2.5"""
453977397,Strada Forestale Cinque Croci 1,track,,,,,,0.0,"""bicycle""=>""yes"",""designation""=>""IT-TN:strada_forestale_tipo_b"",""emergency""=>""yes"",""foot""=>""yes"",""forestry""=>""yes"",""motor_vehicle""=>""private"",""surface""=>""asphalt"",""tracktype""=>""grade1"",""width""=>""2.5"""
453977397,Strada Forestale Cinque Croci 1,track,,,,,,0.0,"""bicycle""=>""yes"",""designation""=>""IT-TN:strada_forestale_tipo_b"",""emergency""=>""yes"",""foot""=>""yes"",""forestry""=>""yes"",""motor_vehicle""=>""private"",""surface""=>""asphalt"",""tracktype""=>""grade1"",""width""=>""2.5"""
453977397,Strada Forestale Cinque Croci 1,track,,,,,,0.0,"""bicycle""=>""yes"",""designation""=>""IT-TN:strada_forestale_tipo_b"",""emergency""=>""yes"",""foot""=>""yes"",""forestry""=>""yes"",""motor_vehicle""=>""private"",""surface""=>""asphalt"",""tracktype""=>""grade1"",""width""=>""2.5"""
453977397,Strada Forestale Cinque Croci 1,track,,,,,,0.0,"""bicycle""=>""yes"",""designation""=>""IT-TN:strada_forestale_tipo_b"",""emergency""=>""yes"",""foot""=>""yes"",""forestry""=>""yes"",""motor_vehicle""=>""private"",""surface""=>""asphalt"",""tracktype""=>""grade1"",""width""=>""2.5"""
453977397,Strada Forestale Cinque Croci 1,track,,,,,,0.0,"""bicycle""=>""yes"",""designation""=>""IT-TN:strada_forestale_tipo_b"",""emergency""=>""yes"",""foot""=>""yes"",""forestry""=>""yes"",""motor_vehicle""=>""private"",""surface""=>""asphalt"",""tracktype""=>""grade1"",""width""=>""2.5"""
453977397,Strada Forestale Cinque Croci 1,track,,,,,,0.0,"""bicycle""=>""yes"",""designation""=>""IT-TN:strada_forestale_tipo_b"",""emergency""=>""yes"",""foot""=>""yes"",""forestry""=>""yes"",""motor_vehicle""=>""private"",""surface""=>""asphalt"",""tracktype""=>""grade1"",""width""=>""2.5"""
453977397,Strada Forestale Cinque Croci 1,track,,,,,,0.0,"""bicycle""=>""yes"",""designation""=>""IT-TN:strada_forestale_tipo_b"",""emergency""=>""yes"",""foot""=>""yes"",""forestry""=>""yes"",""motor_vehicle""=>""private"",""surface""=>""asphalt"",""tracktype""=>""grade1"",""width""=>""2.5"""
453977397,Strada Forestale Cinque Croci 1,track,,,,,,0.0,"""bicycle""=>""yes"",""designation""=>""IT-TN:strada_forestale_tipo_b"",""emergency""=>""yes"",""foot""=>""yes"",""forestry""=>""yes"",""motor_vehicle""=>""private"",""surface""=>""asphalt"",""tracktype""=>""grade1"",""width""=>""2.5"""
453977397,Strada Forestale Cinque Croci 1,track,,,,,,0.0,"""bicycle""=>""yes"",""designation""=>""IT-TN:strada_forestale_tipo_b"",""emergency""=>""yes"",""foot""=>""yes"",""forestry""=>""yes"",""motor_vehicle""=>""private"",""surface""=>""asphalt"",""tracktype""=>""grade1"",""width""=>""2.5"""
453977397,Strada Forestale Cinque Croci 1,track,,,,,,0.0,"""bicycle""=>""yes"",""designation""=>""IT-TN:strada_forestale_tipo_b"",""emergency""=>""yes"",""foot""=>""yes"",""forestry""=>""yes"",""motor_vehicle""=>""private"",""surface""=>""asphalt"",""tracktype""=>""grade1"",""width""=>""2.5"""
453977397,Strada Forestale Cinque Croci 1,track,,,,,,0.0,"""bicycle""=>""yes"",""designation""=>""IT-TN:strada_forestale_tipo_b"",""emergency""=>""yes"",""foot""=>""yes"",""forestry""=>""yes"",""motor_vehicle""=>""private"",""surface""=>""asphalt"",""tracktype""=>""grade1"",""width""=>""2.5"""
453977397,Strada Forestale Cinque Croci 1,track,,,,,,0.0,"""bicycle""=>""yes"",""designation""=>""IT-TN:strada_forestale_tipo_b"",""emergency""=>""yes"",""foot""=>""yes"",""forestry""=>""yes"",""motor_vehicle""=>""private"",""surface""=>""asphalt"",""tracktype""=>""grade1"",""width""=>""2.5"""
225902341,Strada Forestale Cinque Croci 1,track,,,,,,0.0,"""bicycle""=>""yes"",""designation""=>""IT-TN:strada_forestale_tipo_b"",""emergency""=>""yes"",""foot""=>""yes"",""forestry""=>""yes"",""motor_vehicle""=>""private"",""surface""=>""asphalt"",""tracktype""=>""grade1"",""width""=>""2.5"""
171059667,,path,,,,,,0.0,"""bicycle""=>""permissive"",""hiking""=>""yes"",""mtb:scale""=>""2"",""sac_scale""=>""mountain_hiking"",""surface""=>""ground"",""tracktype""=>""grade3"",""trail_visibility""=>""good"""
453977397,Strada Forestale Cinque Croci 1,track,,,,,,0.0,"""bicycle""=>""yes"",""designation""=>""IT-TN:strada_forestale_tipo_b"",""emergency""=>""yes"",""foot""=>""yes"",""forestry""=>""yes"",""motor_vehicle""=>""private"",""surface""=>""asphalt"",""tracktype""=>""grade1"",""width""=>""2.5"""
171059665,Strada Forestale Conseria,track,,,,,,0.0,"""bicycle""=>""yes"",""designation""=>""IT-TN:strada_forestale_tipo_a"",""emergency""=>""yes"",""forestry""=>""yes"",""horse""=>""yes"",""motor_vehicle""=>""forestry"",""sac_scale""=>""hiking"",""surface""=>""unpaved"",""tracktype""=>""grade4"",""width""=>""2.5"""
225902341,Strada Forestale Cinque Croci 1,track,,,,,,0.0,"""bicycle""=>""yes"",""designation""=>""IT-TN:strada_forestale_tipo_b"",""emergency""=>""yes"",""foot""=>""yes"",""forestry""=>""yes"",""motor_vehicle""=>""private"",""surface""=>""asphalt"",""tracktype""=>""grade1"",""width""=>""2.5"""
171059667,,path,,,,,,0.0,"""bicycle""=>""permissive"",""hiking""=>""yes"",""mtb:scale""=>""2"",""sac_scale""=>""mountain_hiking"",""surface""=>""ground"",""tracktype""=>""grade3"",""trail_visibility""=>""good"""
453977397,Strada Forestale Cinque Croci 1,track,,,,,,0.0,"""bicycle""=>""yes"",""designation""=>""IT-TN:strada_forestale_tipo_b"",""emergency""=>""yes"",""foot""=>""yes"",""forestry""=>""yes"",""motor_vehicle""=>""private"",""surface""=>""asphalt"",""tracktype""=>""grade1"",""width""=>""2.5"""
171059665,Strada Forestale Conseria,track,,,,,,0.0,"""bicycle""=>""yes"",""designation""=>""IT-TN:strada_forestale_tipo_a"",""emergency""=>""yes"",""forestry""=>""yes"",""horse""=>""yes"",""motor_vehicle""=>""forestry"",""sac_scale""=>""hiking"",""surface""=>""unpaved"",""tracktype""=>""grade4"",""width""=>""2.5"""
225902341,Strada Forestale Cinque Croci 1,track,,,,,,0.0,"""bicycle""=>""yes"",""designation""=>""IT-TN:strada_forestale_tipo_b"",""emergency""=>""yes"",""foot""=>""yes"",""forestry""=>""yes"",""motor_vehicle""=>""private"",""surface""=>""asphalt"",""tracktype""=>""grade1"",""width""=>""2.5"""
171059667,,path,,,,,,0.0,"""bicycle""=>""permissive"",""hiking""=>""yes"",""mtb:scale""=>""2"",""sac_scale""=>""mountain_hiking"",""surface""=>""ground"",""tracktype""=>""grade3"",""trail_visibility""=>""good"""
453977397,Strada Forestale Cinque Croci 1,track,,,,,,0.0,"""bicycle""=>""yes"",""designation""=>""IT-TN:strada_forestale_tipo_b"",""emergency""=>""yes"",""foot""=>""yes"",""forestry""=>""yes"",""motor_vehicle""=>""private"",""surface""=>""asphalt"",""tracktype""=>""grade1"",""width""=>""2.5"""
171059665,Strada Forestale Conseria,track,,,,,,0.0,"""bicycle""=>""yes"",""designation""=>""IT-TN:strada_forestale_tipo_a"",""emergency""=>""yes"",""forestry""=>""yes"",""horse""=>""yes"",""motor_vehicle""=>""forestry"",""sac_scale""=>""hiking"",""surface""=>""unpaved"",""tracktype""=>""grade4"",""width""=>""2.5"""
171059667,,path,,,,,,0.0,"""bicycle""=>""permissive"",""hiking""=>""yes"",""mtb:scale""=>""2"",""sac_scale""=>""mountain_hiking"",""surface""=>""ground"",""tracktype""=>""grade3"",""trail_visibility""=>""good"""
171059667,,path,,,,,,0.0,"""bicycle""=>""permissive"",""hiking""=>""yes"",""mtb:scale""=>""2"",""sac_scale""=>""mountain_hiking"",""surface""=>""ground"",""tracktype""=>""grade3"",""trail_visibility""=>""good"""
171059667,,path,,,,,,0.0,"""bicycle""=>""permissive"",""hiking""=>""yes"",""mtb:scale""=>""2"",""sac_scale""=>""mountain_hiking"",""surface""=>""ground"",""tracktype""=>""grade3"",""trail_visibility""=>""good"""
171059667,,path,,,,,,0.0,"""bicycle""=>""permissive"",""hiking""=>""yes"",""mtb:scale""=>""2"",""sac_scale""=>""mountain_hiking"",""surface""=>""ground"",""tracktype""=>""grade3"",""trail_visibility""=>""good"""
171059667,,path,,,,,,0.0,"""bicycle""=>""permissive"",""hiking""=>""yes"",""mtb:scale""=>""2"",""sac_scale""=>""mountain_hiking"",""surface""=>""ground"",""tracktype""=>""grade3"",""trail_visibility""=>""good"""
171059667,,path,,,,,,0.0,"""bicycle""=>""permissive"",""hiking""=>""yes"",""mtb:scale""=>""2"",""sac_scale""=>""mountain_hiking"",""surface""=>""ground"",""tracktype""=>""grade3"",""trail_visibility""=>""good"""
171059667,,path,,,,,,0.0,"""bicycle""=>""permissive"",""hiking""=>""yes"",""mtb:scale""=>""2"",""sac_scale""=>""mountain_hiking"",""surface""=>""ground"",""tracktype""=>""grade3"",""trail_visibility""=>""good"""
171059667,,path,,,,,,0.0,"""bicycle""=>""permissive"",""hiking""=>""yes"",""mtb:scale""=>""2"",""sac_scale""=>""mountain_hiking"",""surface""=>""ground"",""tracktype""=>""grade3"",""trail_visibility""=>""good"""
171059667,,path,,,,,,0.0,"""bicycle""=>""permissive"",""hiking""=>""yes"",""mtb:scale""=>""2"",""sac_scale""=>""mountain_hiking"",""surface""=>""ground"",""tracktype""=>""grade3"",""trail_visibility""=>""good"""
171059667,,path,,,,,,0.0,"""bicycle""=>""permissive"",""hiking""=>""yes"",""mtb:scale""=>""2"",""sac_scale""=>""mountain_hiking"",""surface""=>""ground"",""tracktype""=>""grade3"",""trail_visibility""=>""good"""
171059667,,path,,,,,,0.0,"""bicycle""=>""permissive"",""hiking""=>""yes"",""mtb:scale""=>""2"",""sac_scale""=>""mountain_hiking"",""surface""=>""ground"",""tracktype""=>""grade3"",""trail_visibility""=>""good"""
171059667,,path,,,,,,0.0,"""bicycle""=>""permissive"",""hiking""=>""yes"",""mtb:scale""=>""2"",""sac_scale""=>""mountain_hiking"",""surface""=>""ground"",""tracktype""=>""grade3"",""trail_visibility""=>""good"""
171059667,,path,,,,,,0.0,"""bicycle""=>""permissive"",""hiking""=>""yes"",""mtb:scale""=>""2"",""sac_scale""=>""mountain_hiking"",""surface""=>""ground"",""tracktype""=>""grade3"",""trail_visibility""=>""good"""
171059667,,path,,,,,,0.0,"""bicycle""=>""permissive"",""hiking""=>""yes"",""mtb:scale""=>""2"",""sac_scale""=>""mountain_hiking"",""surface""=>""ground"",""tracktype""=>""grade3"",""trail_visibility""=>""good"""
171059667,,path,,,,,,0.0,"""bicycle""=>""permissive"",""hiking""=>""yes"",""mtb:scale""=>""2"",""sac_scale""=>""mountain_hiking"",""surface""=>""ground"",""tracktype""=>""grade3"",""trail_visibility""=>""good"""
171059667,,path,,,,,,0.0,"""bicycle""=>""permissive"",""hiking""=>""yes"",""mtb:scale""=>""2"",""sac_scale""=>""mountain_hiking"",""surface""=>""ground"",""tracktype""=>""grade3"",""trail_visibility""=>""good"""
171059667,,path,,,,,,0.0,"""bicycle""=>""permissive"",""hiking""=>""yes"",""mtb:scale""=>""2"",""sac_scale""=>""mountain_hiking"",""surface""=>""ground"",""tracktype""=>""grade3"",""trail_visibility""=>""good"""
171059667,,path,,,,,,0.0,"""bicycle""=>""permissive"",""hiking""=>""yes"",""mtb:scale""=>""2"",""sac_scale""=>""mountain_hiking"",""surface""=>""ground"",""tracktype""=>""grade3"",""trail_visibility""=>""good"""
171059667,,path,,,,,,0.0,"""bicycle""=>""permissive"",""hiking""=>""yes"",""mtb:scale""=>""2"",""sac_scale""=>""mountain_hiking"",""surface""=>""ground"",""tracktype""=>""grade3"",""trail_visibility""=>""good"""
171059667,,path,,,,,,0.0,"""bicycle""=>""permissive"",""hiking""=>""yes"",""mtb:scale""=>""2"",""sac_scale""=>""mountain_hiking"",""surface""=>""ground"",""tracktype""=>""grade3"",""trail_visibility""=>""good"""
171059667,,path,,,,,,0.0,"""bicycle""=>""permissive"",""hiking""=>""yes"",""mtb:scale""=>""2"",""sac_scale""=>""mountain_hiking"",""surface""=>""ground"",""tracktype""=>""grade3"",""trail_visibility""=>""good"""
997103491,Val Campelle,,,,,,,0.0,"""natural""=>""valley"",""wikidata""=>""Q28671052"",""wikipedia""=>""it:Val Campelle"""
171059667,,path,,,,,,0.0,"""bicycle""=>""permissive"",""hiking""=>""yes"",""mtb:scale""=>""2"",""sac_scale""=>""mountain_hiking"",""surface""=>""ground"",""tracktype""=>""grade3"",""trail_visibility""=>""good"""
997103491,Val Campelle,,,,,,,0.0,"""natural""=>""valley"",""wikidata""=>""Q28671052"",""wikipedia""=>""it:Val Campelle"""
,,,,,,,,,
318817970,,path,,,,,,0.0,"""access""=>""forestry"",""motor_vehicle""=>""forestry"",""surface""=>""gravel"",""tracktype""=>""grade3"",""width""=>""2"""
452136605,Strada Forestale Cinque Croci 1,track,,,,,,0.0,"""bicycle""=>""yes"",""designation""=>""IT-TN:strada_forestale_tipo_b"",""emergency""=>""yes"",""forestry""=>""yes"",""motor_vehicle""=>""private"",""surface""=>""asphalt"",""tracktype""=>""grade1"",""width""=>""2.5"""
318817973,,track,,,,,,0.0,"""access""=>""forestry"",""motor_vehicle""=>""forestry"",""surface""=>""gravel"",""tracktype""=>""grade2"",""width""=>""2"""
318817970,,path,,,,,,0.0,"""access""=>""forestry"",""motor_vehicle""=>""forestry"",""surface""=>""gravel"",""tracktype""=>""grade3"",""width""=>""2"""
443090971,,,,,fence,,,10.0,"""fence_type""=>""metal"",""handrail""=>""yes"",""layer""=>""1"""
74481089,Ponte Consèria,unclassified,,,,,,23.0,"""bridge""=>""yes"",""bridge:structure""=>""beam"",""layer""=>""1"",""surface""=>""asphalt"",""width""=>""4"""
443090972,,,,,fence,,,10.0,"""fence_type""=>""metal"",""handrail""=>""yes"",""layer""=>""1"""
452136605,Strada Forestale Cinque Croci 1,track,,,,,,0.0,"""bicycle""=>""yes"",""designation""=>""IT-TN:strada_forestale_tipo_b"",""emergency""=>""yes"",""forestry""=>""yes"",""motor_vehicle""=>""private"",""surface""=>""asphalt"",""tracktype""=>""grade1"",""width""=>""2.5"""
318817973,,track,,,,,,0.0,"""access""=>""forestry"",""motor_vehicle""=>""forestry"",""surface""=>""gravel"",""tracktype""=>""grade2"",""width""=>""2"""
443090971,,,,,fence,,,10.0,"""fence_type""=>""metal"",""handrail""=>""yes"",""layer""=>""1"""
74481089,Ponte Consèria,unclassified,,,,,,23.0,"""bridge""=>""yes"",""bridge:structure""=>""beam"",""layer""=>""1"",""surface""=>""asphalt"",""width""=>""4"""
443090972,,,,,fence,,,10.0,"""fence_type""=>""metal"",""handrail""=>""yes"",""layer""=>""1"""
452136605,Strada Forestale Cinque Croci 1,track,,,,,,0.0,"""bicycle""=>""yes"",""designation""=>""IT-TN:strada_forestale_tipo_b"",""emergency""=>""yes"",""forestry""=>""yes"",""motor_vehicle""=>""private"",""surface""=>""asphalt"",""tracktype""=>""grade1"",""width""=>""2.5"""
69716059,Strada della Val Campelle,unclassified,,,,,,3.0,"""service""=>""alley"",""surface""=>""gravel"",""width""=>""4"""
443090971,,,,,fence,,,10.0,"""fence_type""=>""metal"",""handrail""=>""yes"",""layer""=>""1"""
74481089,Ponte Consèria,unclassified,,,,,,23.0,"""bridge""=>""yes"",""bridge:structure""=>""beam"",""layer""=>""1"",""surface""=>""asphalt"",""width""=>""4"""
443090972,,,,,fence,,,10.0,"""fence_type""=>""metal"",""handrail""=>""yes"",""layer""=>""1"""
1346949933,Torrente Maso di Spinelle della Val Conseria,,stream,,,,,0.0,"""boat""=>""no"""
69716059,Strada della Val Campelle,unclassified,,,,,,3.0,"""service""=>""alley"",""surface""=>""gravel"",""width""=>""4"""
443090971,,,,,fence,,,10.0,"""fence_type""=>""metal"",""handrail""=>""yes"",""layer""=>""1"""
74481089,Ponte Consèria,unclassified,,,,,,23.0,"""bridge""=>""yes"",""bridge:structure""=>""beam"",""layer""=>""1"",""surface""=>""asphalt"",""width""=>""4"""
443090972,,,,,fence,,,10.0,"""fence_type""=>""metal"",""handrail""=>""yes"",""layer""=>""1"""
1346949933,Torrente Maso di Spinelle della Val Conseria,,stream,,,,,0.0,"""boat""=>""no"""
