<?xml version='1.0' encoding='UTF-8'?>
<gpx version="1.1" creator="https://www.komoot.de" xmlns="http://www.topografix.com/GPX/1/1" xmlns:xsi="http://www.w3.org/2001/XMLSchema-instance" xsi:schemaLocation="http://www.topografix.com/GPX/1/1 http://www.topografix.com/GPX/1/1/gpx.xsd">
  <metadata>
    <name>Hike</name>
    <author>
      <link href="https://www.komoot.de">
        <text>komoot</text>
        <type>text/html</type>
      </link>
    </author>
  </metadata>
  <trk>
    <name>Hike</name>
    <type>hike</type>
    <trkseg>
      <trkpt lat="46.080894" lon="11.158483">
        <ele>460.169316</ele>
        <time>2026-02-28T07:38:52.000Z</time>
      </trkpt>
      <trkpt lat="46.080887" lon="11.158488">
        <ele>460.169316</ele>
        <time>2026-02-28T07:38:53.000Z</time>
      </trkpt>
      <trkpt lat="46.080871" lon="11.158458">
        <ele>460.169316</ele>
        <time>2026-02-28T07:38:59.000Z</time>
      </trkpt>
      <trkpt lat="46.080852" lon="11.158370">
        <ele>460.169316</ele>
        <time>2026-02-28T07:39:06.000Z</time>
      </trkpt>
      <trkpt lat="46.080829" lon="11.158278">
        <ele>460.169316</ele>
        <time>2026-02-28T07:39:13.000Z</time>
      </trkpt>
      <trkpt lat="46.080821" lon="11.158195">
        <ele>460.169316</ele>
        <time>2026-02-28T07:39:19.000Z</time>
      </trkpt>
      <trkpt lat="46.080821" lon="11.158179">
        <ele>460.169316</ele>
        <time>2026-02-28T07:39:20.000Z</time>
      </trkpt>
      <trkpt lat="46.080818" lon="11.158072">
        <ele>460.169316</ele>
        <time>2026-02-28T07:39:27.000Z</time>
      </trkpt>
      <trkpt lat="46.080813" lon="11.158028">
        <ele>460.169316</ele>
        <time>2026-02-28T07:39:30.000Z</time>
      </trkpt>
      <trkpt lat="46.080816" lon="11.157987">
        <ele>460.169316</ele>
        <time>2026-02-28T07:39:33.000Z</time>
      </trkpt>
      <trkpt lat="46.080818" lon="11.157970">
        <ele>460.169316</ele>
        <time>2026-02-28T07:39:34.000Z</time>
      </trkpt>
      <trkpt lat="46.080825" lon="11.157893">
        <ele>460.169316</ele>
        <time>2026-02-28T07:39:39.000Z</time>
      </trkpt>
      <trkpt lat="46.080829" lon="11.157846">
        <ele>460.169316</ele>
        <time>2026-02-28T07:39:42.000Z</time>
      </trkpt>
      <trkpt lat="46.080835" lon="11.157785">
        <ele>460.169316</ele>
        <time>2026-02-28T07:39:46.000Z</time>
      </trkpt>
      <trkpt lat="46.080837" lon="11.157736">
        <ele>460.169316</ele>
        <time>2026-02-28T07:39:49.000Z</time>
      </trkpt>
      <trkpt lat="46.080838" lon="11.157721">
        <ele>460.169316</ele>
        <time>2026-02-28T07:39:50.000Z</time>
      </trkpt>
      <trkpt lat="46.080844" lon="11.157645">
        <ele>460.169316</ele>
        <time>2026-02-28T07:39:55.000Z</time>
      </trkpt>
      <trkpt lat="46.080845" lon="11.157598">
        <ele>460.169316</ele>
        <time>2026-02-28T07:39:58.000Z</time>
      </trkpt>
      <trkpt lat="46.080846" lon="11.157580">
        <ele>460.169316</ele>
        <time>2026-02-28T07:39:59.000Z</time>
      </trkpt>
      <trkpt lat="46.080854" lon="11.157456">
        <ele>460.169316</ele>
        <time>2026-02-28T07:40:07.000Z</time>
      </trkpt>
      <trkpt lat="46.080854" lon="11.157403">
        <ele>460.169316</ele>
        <time>2026-02-28T07:40:10.000Z</time>
      </trkpt>
      <trkpt lat="46.080864" lon="11.157311">
        <ele>460.169316</ele>
        <time>2026-02-28T07:40:16.000Z</time>
      </trkpt>
      <trkpt lat="46.080862" lon="11.157284">
        <ele>460.169316</ele>
        <time>2026-02-28T07:40:18.000Z</time>
      </trkpt>
      <trkpt lat="46.080866" lon="11.157173">
        <ele>460.583450</ele>
        <time>2026-02-28T07:40:25.000Z</time>
      </trkpt>
      <trkpt lat="46.080866" lon="11.157144">
        <ele>460.806720</ele>
        <time>2026-02-28T07:40:27.000Z</time>
      </trkpt>
      <trkpt lat="46.080877" lon="11.157040">
        <ele>461.616665</ele>
        <time>2026-02-28T07:40:34.000Z</time>
      </trkpt>
      <trkpt lat="46.080883" lon="11.157009">
        <ele>461.864450</ele>
        <time>2026-02-28T07:40:36.000Z</time>
      </trkpt>
      <trkpt lat="46.080916" lon="11.156892">
        <ele>462.836847</ele>
        <time>2026-02-28T07:40:44.000Z</time>
      </trkpt>
      <trkpt lat="46.080925" lon="11.156868">
        <ele>463.046896</ele>
        <time>2026-02-28T07:40:46.000Z</time>
      </trkpt>
      <trkpt lat="46.080982" lon="11.156759">
        <ele>464.097842</ele>
        <time>2026-02-28T07:40:54.000Z</time>
      </trkpt>
      <trkpt lat="46.081027" lon="11.156654">
        <ele>465.048084</ele>
        <time>2026-02-28T07:41:02.000Z</time>
      </trkpt>
      <trkpt lat="46.081052" lon="11.156607">
        <ele>465.504079</ele>
        <time>2026-02-28T07:41:05.000Z</time>
      </trkpt>
      <trkpt lat="46.081082" lon="11.156540">
        <ele>466.118044</ele>
        <time>2026-02-28T07:41:10.000Z</time>
      </trkpt>
      <trkpt lat="46.081093" lon="11.156513">
        <ele>466.359118</ele>
        <time>2026-02-28T07:41:12.000Z</time>
      </trkpt>
      <trkpt lat="46.081122" lon="11.156439">
        <ele>467.013478</ele>
        <time>2026-02-28T07:41:17.000Z</time>
      </trkpt>
      <trkpt lat="46.081150" lon="11.156403">
        <ele>467.429895</ele>
        <time>2026-02-28T07:41:20.000Z</time>
      </trkpt>
      <trkpt lat="46.081170" lon="11.156355">
        <ele>467.860990</ele>
        <time>2026-02-28T07:41:24.000Z</time>
      </trkpt>
      <trkpt lat="46.081201" lon="11.156301">
        <ele>468.400647</ele>
        <time>2026-02-28T07:41:28.000Z</time>
      </trkpt>
      <trkpt lat="46.081213" lon="11.156274">
        <ele>468.647528</ele>
        <time>2026-02-28T07:41:30.000Z</time>
      </trkpt>
      <trkpt lat="46.081262" lon="11.156200">
        <ele>469.435163</ele>
        <time>2026-02-28T07:41:35.000Z</time>
      </trkpt>
      <trkpt lat="46.081269" lon="11.156186">
        <ele>469.568032</ele>
        <time>2026-02-28T07:41:36.000Z</time>
      </trkpt>
      <trkpt lat="46.081290" lon="11.156106">
        <ele>470.226572</ele>
        <time>2026-02-28T07:41:41.000Z</time>
      </trkpt>
      <trkpt lat="46.081292" lon="11.156067">
        <ele>470.527648</ele>
        <time>2026-02-28T07:41:43.000Z</time>
      </trkpt>
      <trkpt lat="46.081313" lon="11.156006">
        <ele>471.051941</ele>
        <time>2026-02-28T07:41:47.000Z</time>
      </trkpt>
      <trkpt lat="46.081322" lon="11.155972">
        <ele>471.332116</ele>
        <time>2026-02-28T07:41:50.000Z</time>
      </trkpt>
      <trkpt lat="46.081334" lon="11.155945">
        <ele>471.578996</ele>
        <time>2026-02-28T07:41:52.000Z</time>
      </trkpt>
      <trkpt lat="46.081368" lon="11.155876">
        <ele>472.230618</ele>
        <time>2026-02-28T07:41:58.000Z</time>
      </trkpt>
      <trkpt lat="46.081378" lon="11.155862">
        <ele>472.385333</ele>
        <time>2026-02-28T07:42:00.000Z</time>
      </trkpt>
      <trkpt lat="46.081413" lon="11.155850">
        <ele>472.784643</ele>
        <time>2026-02-28T07:42:04.000Z</time>
      </trkpt>
      <trkpt lat="46.081455" lon="11.155809">
        <ele>473.347628</ele>
        <time>2026-02-28T07:42:08.000Z</time>
      </trkpt>
      <trkpt lat="46.081460" lon="11.155802">
        <ele>473.424986</ele>
        <time>2026-02-28T07:42:09.000Z</time>
      </trkpt>
      <trkpt lat="46.081476" lon="11.155708">
        <ele>474.170150</ele>
        <time>2026-02-28T07:42:15.000Z</time>
      </trkpt>
      <trkpt lat="46.081485" lon="11.155607">
        <ele>474.954125</ele>
        <time>2026-02-28T07:42:22.000Z</time>
      </trkpt>
      <trkpt lat="46.081487" lon="11.155570">
        <ele>475.239847</ele>
        <time>2026-02-28T07:42:24.000Z</time>
      </trkpt>
      <trkpt lat="46.081484" lon="11.155503">
        <ele>475.756744</ele>
        <time>2026-02-28T07:42:28.000Z</time>
      </trkpt>
      <trkpt lat="46.081469" lon="11.155460">
        <ele>476.127303</ele>
        <time>2026-02-28T07:42:31.000Z</time>
      </trkpt>
      <trkpt lat="46.081444" lon="11.155358">
        <ele>476.960170</ele>
        <time>2026-02-28T07:42:37.000Z</time>
      </trkpt>
      <trkpt lat="46.081436" lon="11.155332">
        <ele>477.179151</ele>
        <time>2026-02-28T07:42:39.000Z</time>
      </trkpt>
      <trkpt lat="46.081413" lon="11.155245">
        <ele>477.895952</ele>
        <time>2026-02-28T07:42:45.000Z</time>
      </trkpt>
      <trkpt lat="46.081407" lon="11.155221">
        <ele>478.092360</ele>
        <time>2026-02-28T07:42:47.000Z</time>
      </trkpt>
      <trkpt lat="46.081397" lon="11.155132">
        <ele>478.786491</ele>
        <time>2026-02-28T07:42:52.000Z</time>
      </trkpt>
      <trkpt lat="46.081378" lon="11.155066">
        <ele>479.336641</ele>
        <time>2026-02-28T07:42:56.000Z</time>
      </trkpt>
      <trkpt lat="46.081361" lon="11.155003">
        <ele>479.857080</ele>
        <time>2026-02-28T07:43:00.000Z</time>
      </trkpt>
      <trkpt lat="46.081349" lon="11.154928">
        <ele>480.523556</ele>
        <time>2026-02-28T07:43:04.000Z</time>
      </trkpt>
      <trkpt lat="46.081343" lon="11.154859">
        <ele>481.183877</ele>
        <time>2026-02-28T07:43:08.000Z</time>
      </trkpt>
      <trkpt lat="46.081343" lon="11.154786">
        <ele>481.877052</ele>
        <time>2026-02-28T07:43:12.000Z</time>
      </trkpt>
      <trkpt lat="46.081352" lon="11.154756">
        <ele>482.187421</ele>
        <time>2026-02-28T07:43:14.000Z</time>
      </trkpt>
      <trkpt lat="46.081364" lon="11.154693">
        <ele>482.807786</ele>
        <time>2026-02-28T07:43:18.000Z</time>
      </trkpt>
      <trkpt lat="46.081376" lon="11.154644">
        <ele>483.301216</ele>
        <time>2026-02-28T07:43:21.000Z</time>
      </trkpt>
      <trkpt lat="46.081396" lon="11.154625">
        <ele>483.629104</ele>
        <time>2026-02-28T07:43:23.000Z</time>
      </trkpt>
      <trkpt lat="46.081413" lon="11.154635">
        <ele>483.880453</ele>
        <time>2026-02-28T07:43:25.000Z</time>
      </trkpt>
      <trkpt lat="46.081419" lon="11.154646">
        <ele>484.013330</ele>
        <time>2026-02-28T07:43:26.000Z</time>
      </trkpt>
      <trkpt lat="46.081425" lon="11.154658">
        <ele>484.153795</ele>
        <time>2026-02-28T07:43:27.000Z</time>
      </trkpt>
      <trkpt lat="46.081454" lon="11.154722">
        <ele>484.879689</ele>
        <time>2026-02-28T07:43:32.000Z</time>
      </trkpt>
      <trkpt lat="46.081470" lon="11.154727">
        <ele>485.103808</ele>
        <time>2026-02-28T07:43:35.000Z</time>
      </trkpt>
      <trkpt lat="46.081473" lon="11.154719">
        <ele>485.190163</ele>
        <time>2026-02-28T07:43:36.000Z</time>
      </trkpt>
      <trkpt lat="46.081472" lon="11.154705">
        <ele>485.323804</ele>
        <time>2026-02-28T07:43:38.000Z</time>
      </trkpt>
      <trkpt lat="46.081477" lon="11.154694">
        <ele>485.448684</ele>
        <time>2026-02-28T07:43:39.000Z</time>
      </trkpt>
      <trkpt lat="46.081474" lon="11.154583">
        <ele>486.503487</ele>
        <time>2026-02-28T07:43:46.000Z</time>
      </trkpt>
      <trkpt lat="46.081474" lon="11.154479">
        <ele>487.491022</ele>
        <time>2026-02-28T07:43:52.000Z</time>
      </trkpt>
      <trkpt lat="46.081494" lon="11.154340">
        <ele>488.838998</ele>
        <time>2026-02-28T07:44:00.000Z</time>
      </trkpt>
      <trkpt lat="46.081513" lon="11.154247">
        <ele>489.759590</ele>
        <time>2026-02-28T07:44:06.000Z</time>
      </trkpt>
      <trkpt lat="46.081519" lon="11.154232">
        <ele>489.924009</ele>
        <time>2026-02-28T07:44:07.000Z</time>
      </trkpt>
      <trkpt lat="46.081585" lon="11.154154">
        <ele>491.092294</ele>
        <time>2026-02-28T07:44:14.000Z</time>
      </trkpt>
      <trkpt lat="46.081665" lon="11.154061">
        <ele>492.499139</ele>
        <time>2026-02-28T07:44:20.000Z</time>
      </trkpt>
      <trkpt lat="46.081700" lon="11.154016">
        <ele>493.141130</ele>
        <time>2026-02-28T07:44:25.000Z</time>
      </trkpt>
      <trkpt lat="46.081708" lon="11.154004">
        <ele>493.299172</ele>
        <time>2026-02-28T07:44:26.000Z</time>
      </trkpt>
      <trkpt lat="46.081766" lon="11.153928">
        <ele>494.372118</ele>
        <time>2026-02-28T07:44:33.000Z</time>
      </trkpt>
      <trkpt lat="46.081816" lon="11.153860">
        <ele>495.313088</ele>
        <time>2026-02-28T07:44:38.000Z</time>
      </trkpt>
      <trkpt lat="46.081823" lon="11.153847">
        <ele>495.469359</ele>
        <time>2026-02-28T07:44:39.000Z</time>
      </trkpt>
      <trkpt lat="46.081884" lon="11.153813">
        <ele>496.364655</ele>
        <time>2026-02-28T07:44:46.000Z</time>
      </trkpt>
      <trkpt lat="46.081893" lon="11.153834">
        <ele>496.599052</ele>
        <time>2026-02-28T07:44:48.000Z</time>
      </trkpt>
      <trkpt lat="46.081899" lon="11.153890">
        <ele>497.137104</ele>
        <time>2026-02-28T07:44:52.000Z</time>
      </trkpt>
      <trkpt lat="46.081901" lon="11.153906">
        <ele>497.291479</ele>
        <time>2026-02-28T07:44:53.000Z</time>
      </trkpt>
      <trkpt lat="46.081917" lon="11.153956">
        <ele>497.814340</ele>
        <time>2026-02-28T07:44:58.000Z</time>
      </trkpt>
      <trkpt lat="46.081917" lon="11.153975">
        <ele>497.994754</ele>
        <time>2026-02-28T07:45:00.000Z</time>
      </trkpt>
      <trkpt lat="46.081926" lon="11.154012">
        <ele>498.367062</ele>
        <time>2026-02-28T07:45:03.000Z</time>
      </trkpt>
      <trkpt lat="46.081940" lon="11.154042">
        <ele>498.710396</ele>
        <time>2026-02-28T07:45:06.000Z</time>
      </trkpt>
      <trkpt lat="46.081944" lon="11.154051">
        <ele>498.811894</ele>
        <time>2026-02-28T07:45:07.000Z</time>
      </trkpt>
      <trkpt lat="46.081955" lon="11.154122">
        <ele>499.502683</ele>
        <time>2026-02-28T07:45:12.000Z</time>
      </trkpt>
      <trkpt lat="46.081958" lon="11.154140">
        <ele>499.678466</ele>
        <time>2026-02-28T07:45:13.000Z</time>
      </trkpt>
      <trkpt lat="46.081966" lon="11.154200">
        <ele>500.258623</ele>
        <time>2026-02-28T07:45:18.000Z</time>
      </trkpt>
      <trkpt lat="46.081960" lon="11.154252">
        <ele>500.759171</ele>
        <time>2026-02-28T07:45:23.000Z</time>
      </trkpt>
      <trkpt lat="46.081951" lon="11.154312">
        <ele>501.342067</ele>
        <time>2026-02-28T07:45:26.000Z</time>
      </trkpt>
      <trkpt lat="46.081954" lon="11.154338">
        <ele>501.592342</ele>
        <time>2026-02-28T07:45:28.000Z</time>
      </trkpt>
      <trkpt lat="46.081965" lon="11.154416">
        <ele>502.348139</ele>
        <time>2026-02-28T07:45:33.000Z</time>
      </trkpt>
      <trkpt lat="46.081987" lon="11.154483">
        <ele>503.052019</ele>
        <time>2026-02-28T07:45:38.000Z</time>
      </trkpt>
      <trkpt lat="46.081992" lon="11.154514">
        <ele>503.354231</ele>
        <time>2026-02-28T07:45:40.000Z</time>
      </trkpt>
      <trkpt lat="46.082003" lon="11.154555">
        <ele>503.771652</ele>
        <time>2026-02-28T07:45:43.000Z</time>
      </trkpt>
      <trkpt lat="46.082028" lon="11.154621">
        <ele>504.485710</ele>
        <time>2026-02-28T07:45:48.000Z</time>
      </trkpt>
      <trkpt lat="46.082042" lon="11.154664">
        <ele>505.022936</ele>
        <time>2026-02-28T07:45:52.000Z</time>
      </trkpt>
      <trkpt lat="46.082045" lon="11.154675">
        <ele>505.188552</ele>
        <time>2026-02-28T07:45:53.000Z</time>
      </trkpt>
      <trkpt lat="46.082056" lon="11.154714">
        <ele>505.778462</ele>
        <time>2026-02-28T07:45:56.000Z</time>
      </trkpt>
      <trkpt lat="46.082056" lon="11.154751">
        <ele>506.296898</ele>
        <time>2026-02-28T07:45:59.000Z</time>
      </trkpt>
      <trkpt lat="46.082060" lon="11.154775">
        <ele>506.642752</ele>
        <time>2026-02-28T07:46:01.000Z</time>
      </trkpt>
      <trkpt lat="46.082079" lon="11.154836">
        <ele>507.579692</ele>
        <time>2026-02-28T07:46:05.000Z</time>
      </trkpt>
      <trkpt lat="46.082084" lon="11.154846">
        <ele>507.752420</ele>
        <time>2026-02-28T07:46:06.000Z</time>
      </trkpt>
      <trkpt lat="46.082100" lon="11.154891">
        <ele>508.460963</ele>
        <time>2026-02-28T07:46:09.000Z</time>
      </trkpt>
      <trkpt lat="46.082119" lon="11.154922">
        <ele>509.040606</ele>
        <time>2026-02-28T07:46:13.000Z</time>
      </trkpt>
      <trkpt lat="46.082131" lon="11.154943">
        <ele>509.421845</ele>
        <time>2026-02-28T07:46:15.000Z</time>
      </trkpt>
      <trkpt lat="46.082144" lon="11.154957">
        <ele>509.749632</ele>
        <time>2026-02-28T07:46:19.000Z</time>
      </trkpt>
      <trkpt lat="46.082175" lon="11.154993">
        <ele>510.553745</ele>
        <time>2026-02-28T07:46:22.000Z</time>
      </trkpt>
      <trkpt lat="46.082220" lon="11.155052">
        <ele>511.782469</ele>
        <time>2026-02-28T07:46:28.000Z</time>
      </trkpt>
      <trkpt lat="46.082256" lon="11.155096">
        <ele>512.735857</ele>
        <time>2026-02-28T07:46:33.000Z</time>
      </trkpt>
      <trkpt lat="46.082278" lon="11.155134">
        <ele>513.429402</ele>
        <time>2026-02-28T07:46:36.000Z</time>
      </trkpt>
      <trkpt lat="46.082306" lon="11.155176">
        <ele>514.245643</ele>
        <time>2026-02-28T07:46:40.000Z</time>
      </trkpt>
      <trkpt lat="46.082348" lon="11.155228">
        <ele>515.363993</ele>
        <time>2026-02-28T07:46:46.000Z</time>
      </trkpt>
      <trkpt lat="46.082356" lon="11.155238">
        <ele>515.577883</ele>
        <time>2026-02-28T07:46:47.000Z</time>
      </trkpt>
      <trkpt lat="46.082381" lon="11.155273">
        <ele>516.281833</ele>
        <time>2026-02-28T07:46:51.000Z</time>
      </trkpt>
      <trkpt lat="46.082412" lon="11.155300">
        <ele>517.013460</ele>
        <time>2026-02-28T07:46:55.000Z</time>
      </trkpt>
      <trkpt lat="46.082436" lon="11.155324">
        <ele>517.603487</ele>
        <time>2026-02-28T07:46:58.000Z</time>
      </trkpt>
      <trkpt lat="46.082456" lon="11.155343">
        <ele>518.087328</ele>
        <time>2026-02-28T07:47:02.000Z</time>
      </trkpt>
      <trkpt lat="46.082478" lon="11.155353">
        <ele>518.553309</ele>
        <time>2026-02-28T07:47:06.000Z</time>
      </trkpt>
      <trkpt lat="46.082497" lon="11.155367">
        <ele>518.984346</ele>
        <time>2026-02-28T07:47:08.000Z</time>
      </trkpt>
      <trkpt lat="46.082536" lon="11.155398">
        <ele>519.883982</ele>
        <time>2026-02-28T07:47:13.000Z</time>
      </trkpt>
      <trkpt lat="46.082544" lon="11.155408">
        <ele>520.097872</ele>
        <time>2026-02-28T07:47:14.000Z</time>
      </trkpt>
      <trkpt lat="46.082571" lon="11.155437">
        <ele>520.778014</ele>
        <time>2026-02-28T07:47:18.000Z</time>
      </trkpt>
      <trkpt lat="46.082607" lon="11.155462">
        <ele>521.585208</ele>
        <time>2026-02-28T07:47:22.000Z</time>
      </trkpt>
      <trkpt lat="46.082626" lon="11.155478">
        <ele>522.029699</ele>
        <time>2026-02-28T07:47:24.000Z</time>
      </trkpt>
      <trkpt lat="46.082646" lon="11.155502">
        <ele>522.555353</ele>
        <time>2026-02-28T07:47:27.000Z</time>
      </trkpt>
      <trkpt lat="46.082677" lon="11.155515">
        <ele>523.207529</ele>
        <time>2026-02-28T07:47:32.000Z</time>
      </trkpt>
      <trkpt lat="46.082696" lon="11.155522">
        <ele>523.603677</ele>
        <time>2026-02-28T07:47:34.000Z</time>
      </trkpt>
      <trkpt lat="46.082728" lon="11.155527">
        <ele>524.253885</ele>
        <time>2026-02-28T07:47:37.000Z</time>
      </trkpt>
      <trkpt lat="46.082776" lon="11.155537">
        <ele>525.233592</ele>
        <time>2026-02-28T07:47:40.000Z</time>
      </trkpt>
      <trkpt lat="46.082789" lon="11.155540">
        <ele>525.499544</ele>
        <time>2026-02-28T07:47:41.000Z</time>
      </trkpt>
      <trkpt lat="46.082826" lon="11.155538">
        <ele>526.247496</ele>
        <time>2026-02-28T07:47:45.000Z</time>
      </trkpt>
      <trkpt lat="46.082856" lon="11.155540">
        <ele>526.854166</ele>
        <time>2026-02-28T07:47:49.000Z</time>
      </trkpt>
      <trkpt lat="46.082861" lon="11.155542">
        <ele>526.958985</ele>
        <time>2026-02-28T07:47:50.000Z</time>
      </trkpt>
      <trkpt lat="46.082895" lon="11.155544">
        <ele>527.646381</ele>
        <time>2026-02-28T07:47:56.000Z</time>
      </trkpt>
      <trkpt lat="46.082895" lon="11.155543">
        <ele>527.660393</ele>
        <time>2026-02-28T07:47:57.000Z</time>
      </trkpt>
      <trkpt lat="46.082928" lon="11.155532">
        <ele>528.344602</ele>
        <time>2026-02-28T07:48:05.000Z</time>
      </trkpt>
      <trkpt lat="46.082939" lon="11.155536">
        <ele>528.573770</ele>
        <time>2026-02-28T07:48:06.000Z</time>
      </trkpt>
      <trkpt lat="46.082960" lon="11.155537">
        <ele>528.998216</ele>
        <time>2026-02-28T07:48:09.000Z</time>
      </trkpt>
      <trkpt lat="46.083003" lon="11.155543">
        <ele>529.870906</ele>
        <time>2026-02-28T07:48:13.000Z</time>
      </trkpt>
      <trkpt lat="46.083028" lon="11.155551">
        <ele>530.388215</ele>
        <time>2026-02-28T07:48:15.000Z</time>
      </trkpt>
      <trkpt lat="46.083047" lon="11.155556">
        <ele>530.778370</ele>
        <time>2026-02-28T07:48:17.000Z</time>
      </trkpt>
      <trkpt lat="46.083063" lon="11.155562">
        <ele>531.112336</ele>
        <time>2026-02-28T07:48:21.000Z</time>
      </trkpt>
      <trkpt lat="46.083122" lon="11.155581">
        <ele>532.333550</ele>
        <time>2026-02-28T07:48:27.000Z</time>
      </trkpt>
      <trkpt lat="46.083152" lon="11.155591">
        <ele>532.955559</ele>
        <time>2026-02-28T07:48:30.000Z</time>
      </trkpt>
      <trkpt lat="46.083163" lon="11.155598">
        <ele>533.198450</ele>
        <time>2026-02-28T07:48:32.000Z</time>
      </trkpt>
      <trkpt lat="46.083194" lon="11.155627">
        <ele>533.944950</ele>
        <time>2026-02-28T07:48:36.000Z</time>
      </trkpt>
      <trkpt lat="46.083216" lon="11.155643">
        <ele>534.442709</ele>
        <time>2026-02-28T07:48:39.000Z</time>
      </trkpt>
      <trkpt lat="46.083255" lon="11.155679">
        <ele>535.378180</ele>
        <time>2026-02-28T07:48:44.000Z</time>
      </trkpt>
      <trkpt lat="46.083276" lon="11.155692">
        <ele>535.839847</ele>
        <time>2026-02-28T07:48:46.000Z</time>
      </trkpt>
      <trkpt lat="46.083311" lon="11.155714">
        <ele>536.611148</ele>
        <time>2026-02-28T07:48:51.000Z</time>
      </trkpt>
      <trkpt lat="46.083337" lon="11.155737">
        <ele>537.227353</ele>
        <time>2026-02-28T07:48:55.000Z</time>
      </trkpt>
      <trkpt lat="46.083361" lon="11.155751">
        <ele>537.750351</ele>
        <time>2026-02-28T07:48:58.000Z</time>
      </trkpt>
      <trkpt lat="46.083404" lon="11.155772">
        <ele>538.667465</ele>
        <time>2026-02-28T07:49:03.000Z</time>
      </trkpt>
      <trkpt lat="46.083436" lon="11.155779">
        <ele>539.321287</ele>
        <time>2026-02-28T07:49:07.000Z</time>
      </trkpt>
      <trkpt lat="46.083476" lon="11.155781">
        <ele>540.129802</ele>
        <time>2026-02-28T07:49:11.000Z</time>
      </trkpt>
      <trkpt lat="46.083538" lon="11.155793">
        <ele>541.274483</ele>
        <time>2026-02-28T07:49:16.000Z</time>
      </trkpt>
      <trkpt lat="46.083558" lon="11.155798">
        <ele>541.524022</ele>
        <time>2026-02-28T07:49:18.000Z</time>
      </trkpt>
      <trkpt lat="46.083568" lon="11.155803">
        <ele>541.654140</ele>
        <time>2026-02-28T07:49:19.000Z</time>
      </trkpt>
      <trkpt lat="46.083632" lon="11.155839">
        <ele>542.498686</ele>
        <time>2026-02-28T07:49:25.000Z</time>
      </trkpt>
      <trkpt lat="46.083671" lon="11.155868">
        <ele>543.038145</ele>
        <time>2026-02-28T07:49:29.000Z</time>
      </trkpt>
      <trkpt lat="46.083691" lon="11.155889">
        <ele>543.342309</ele>
        <time>2026-02-28T07:49:31.000Z</time>
      </trkpt>
      <trkpt lat="46.083737" lon="11.155930">
        <ele>544.007149</ele>
        <time>2026-02-28T07:49:37.000Z</time>
      </trkpt>
      <trkpt lat="46.083745" lon="11.155934">
        <ele>544.111243</ele>
        <time>2026-02-28T07:49:38.000Z</time>
      </trkpt>
      <trkpt lat="46.083790" lon="11.155957">
        <ele>544.698185</ele>
        <time>2026-02-28T07:49:43.000Z</time>
      </trkpt>
      <trkpt lat="46.083804" lon="11.155968">
        <ele>544.894193</ele>
        <time>2026-02-28T07:49:45.000Z</time>
      </trkpt>
      <trkpt lat="46.083842" lon="11.155983">
        <ele>545.378539</ele>
        <time>2026-02-28T07:49:50.000Z</time>
      </trkpt>
      <trkpt lat="46.083859" lon="11.155986">
        <ele>545.589088</ele>
        <time>2026-02-28T07:49:52.000Z</time>
      </trkpt>
      <trkpt lat="46.083866" lon="11.155988">
        <ele>545.676816</ele>
        <time>2026-02-28T07:49:53.000Z</time>
      </trkpt>
      <trkpt lat="46.083897" lon="11.156003">
        <ele>546.078805</ele>
        <time>2026-02-28T07:49:57.000Z</time>
      </trkpt>
      <trkpt lat="46.083939" lon="11.156022">
        <ele>546.619952</ele>
        <time>2026-02-28T07:50:01.000Z</time>
      </trkpt>
      <trkpt lat="46.083962" lon="11.156026">
        <ele>546.904752</ele>
        <time>2026-02-28T07:50:03.000Z</time>
      </trkpt>
      <trkpt lat="46.084019" lon="11.156031">
        <ele>547.606777</ele>
        <time>2026-02-28T07:50:08.000Z</time>
      </trkpt>
      <trkpt lat="46.084047" lon="11.156037">
        <ele>547.954777</ele>
        <time>2026-02-28T07:50:11.000Z</time>
      </trkpt>
      <trkpt lat="46.084086" lon="11.156045">
        <ele>548.439051</ele>
        <time>2026-02-28T07:50:16.000Z</time>
      </trkpt>
      <trkpt lat="46.084120" lon="11.156044">
        <ele>548.857117</ele>
        <time>2026-02-28T07:50:20.000Z</time>
      </trkpt>
      <trkpt lat="46.084142" lon="11.156068">
        <ele>549.196272</ele>
        <time>2026-02-28T07:50:23.000Z</time>
      </trkpt>
      <trkpt lat="46.084177" lon="11.156116">
        <ele>549.790114</ele>
        <time>2026-02-28T07:50:27.000Z</time>
      </trkpt>
      <trkpt lat="46.084211" lon="11.156168">
        <ele>550.399461</ele>
        <time>2026-02-28T07:50:31.000Z</time>
      </trkpt>
      <trkpt lat="46.084244" lon="11.156211">
        <ele>550.946282</ele>
        <time>2026-02-28T07:50:34.000Z</time>
      </trkpt>
      <trkpt lat="46.084290" lon="11.156264">
        <ele>551.670176</ele>
        <time>2026-02-28T07:50:39.000Z</time>
      </trkpt>
      <trkpt lat="46.084296" lon="11.156269">
        <ele>551.755372</ele>
        <time>2026-02-28T07:50:40.000Z</time>
      </trkpt>
      <trkpt lat="46.084383" lon="11.156290">
        <ele>552.839792</ele>
        <time>2026-02-28T07:50:48.000Z</time>
      </trkpt>
      <trkpt lat="46.084394" lon="11.156298">
        <ele>552.991251</ele>
        <time>2026-02-28T07:50:49.000Z</time>
      </trkpt>
      <trkpt lat="46.084434" lon="11.156308">
        <ele>553.490329</ele>
        <time>2026-02-28T07:50:53.000Z</time>
      </trkpt>
      <trkpt lat="46.084512" lon="11.156375">
        <ele>554.606505</ele>
        <time>2026-02-28T07:51:02.000Z</time>
      </trkpt>
      <trkpt lat="46.084519" lon="11.156381">
        <ele>554.706618</ele>
        <time>2026-02-28T07:51:03.000Z</time>
      </trkpt>
      <trkpt lat="46.084570" lon="11.156441">
        <ele>555.515833</ele>
        <time>2026-02-28T07:51:09.000Z</time>
      </trkpt>
      <trkpt lat="46.084591" lon="11.156473">
        <ele>555.891463</ele>
        <time>2026-02-28T07:51:12.000Z</time>
      </trkpt>
      <trkpt lat="46.084637" lon="11.156530">
        <ele>556.637123</ele>
        <time>2026-02-28T07:51:18.000Z</time>
      </trkpt>
      <trkpt lat="46.084645" lon="11.156538">
        <ele>556.756812</ele>
        <time>2026-02-28T07:51:19.000Z</time>
      </trkpt>
      <trkpt lat="46.084708" lon="11.156606">
        <ele>557.724294</ele>
        <time>2026-02-28T07:51:26.000Z</time>
      </trkpt>
      <trkpt lat="46.084717" lon="11.156613">
        <ele>557.850008</ele>
        <time>2026-02-28T07:51:27.000Z</time>
      </trkpt>
      <trkpt lat="46.084769" lon="11.156660">
        <ele>558.604502</ele>
        <time>2026-02-28T07:51:34.000Z</time>
      </trkpt>
      <trkpt lat="46.084780" lon="11.156672">
        <ele>558.774078</ele>
        <time>2026-02-28T07:51:36.000Z</time>
      </trkpt>
      <trkpt lat="46.084828" lon="11.156718">
        <ele>559.482630</ele>
        <time>2026-02-28T07:51:41.000Z</time>
      </trkpt>
      <trkpt lat="46.084849" lon="11.156735">
        <ele>559.778704</ele>
        <time>2026-02-28T07:51:43.000Z</time>
      </trkpt>
      <trkpt lat="46.084874" lon="11.156773">
        <ele>560.225293</ele>
        <time>2026-02-28T07:51:48.000Z</time>
      </trkpt>
      <trkpt lat="46.084893" lon="11.156803">
        <ele>560.571691</ele>
        <time>2026-02-28T07:51:50.000Z</time>
      </trkpt>
      <trkpt lat="46.084931" lon="11.156862">
        <ele>561.258214</ele>
        <time>2026-02-28T07:51:55.000Z</time>
      </trkpt>
      <trkpt lat="46.084939" lon="11.156871">
        <ele>561.382959</ele>
        <time>2026-02-28T07:51:56.000Z</time>
      </trkpt>
      <trkpt lat="46.085000" lon="11.156955">
        <ele>562.419952</ele>
        <time>2026-02-28T07:52:04.000Z</time>
      </trkpt>
      <trkpt lat="46.085008" lon="11.156967">
        <ele>562.561873</ele>
        <time>2026-02-28T07:52:05.000Z</time>
      </trkpt>
      <trkpt lat="46.085039" lon="11.157064">
        <ele>563.411307</ele>
        <time>2026-02-28T07:52:11.000Z</time>
      </trkpt>
      <trkpt lat="46.085062" lon="11.157123">
        <ele>563.858223</ele>
        <time>2026-02-28T07:52:16.000Z</time>
      </trkpt>
      <trkpt lat="46.085066" lon="11.157163">
        <ele>564.125087</ele>
        <time>2026-02-28T07:52:18.000Z</time>
      </trkpt>
      <trkpt lat="46.085067" lon="11.157238">
        <ele>564.620428</ele>
        <time>2026-02-28T07:52:22.000Z</time>
      </trkpt>
      <trkpt lat="46.085060" lon="11.157344">
        <ele>565.323546</ele>
        <time>2026-02-28T07:52:28.000Z</time>
      </trkpt>
      <trkpt lat="46.085056" lon="11.157360">
        <ele>565.435853</ele>
        <time>2026-02-28T07:52:29.000Z</time>
      </trkpt>
      <trkpt lat="46.085048" lon="11.157447">
        <ele>566.015369</ele>
        <time>2026-02-28T07:52:35.000Z</time>
      </trkpt>
      <trkpt lat="46.085055" lon="11.157561">
        <ele>566.771093</ele>
        <time>2026-02-28T07:52:42.000Z</time>
      </trkpt>
      <trkpt lat="46.085055" lon="11.157606">
        <ele>567.068243</ele>
        <time>2026-02-28T07:52:45.000Z</time>
      </trkpt>
      <trkpt lat="46.085046" lon="11.157674">
        <ele>567.525371</ele>
        <time>2026-02-28T07:52:49.000Z</time>
      </trkpt>
      <trkpt lat="46.085034" lon="11.157749">
        <ele>568.033628</ele>
        <time>2026-02-28T07:52:54.000Z</time>
      </trkpt>
      <trkpt lat="46.085025" lon="11.157795">
        <ele>568.349235</ele>
        <time>2026-02-28T07:52:57.000Z</time>
      </trkpt>
      <trkpt lat="46.085005" lon="11.157902">
        <ele>569.080999</ele>
        <time>2026-02-28T07:53:04.000Z</time>
      </trkpt>
      <trkpt lat="46.085003" lon="11.157912">
        <ele>569.149722</ele>
        <time>2026-02-28T07:53:05.000Z</time>
      </trkpt>
      <trkpt lat="46.084994" lon="11.157991">
        <ele>569.678376</ele>
        <time>2026-02-28T07:53:11.000Z</time>
      </trkpt>
      <trkpt lat="46.084980" lon="11.158065">
        <ele>570.184875</ele>
        <time>2026-02-28T07:53:15.000Z</time>
      </trkpt>
      <trkpt lat="46.084974" lon="11.158121">
        <ele>570.559048</ele>
        <time>2026-02-28T07:53:19.000Z</time>
      </trkpt>
      <trkpt lat="46.084972" lon="11.158140">
        <ele>570.685948</ele>
        <time>2026-02-28T07:53:20.000Z</time>
      </trkpt>
      <trkpt lat="46.084968" lon="11.158227">
        <ele>571.261699</ele>
        <time>2026-02-28T07:53:24.000Z</time>
      </trkpt>
      <trkpt lat="46.084981" lon="11.158258">
        <ele>571.500910</ele>
        <time>2026-02-28T07:53:27.000Z</time>
      </trkpt>
      <trkpt lat="46.085017" lon="11.158295">
        <ele>571.921818</ele>
        <time>2026-02-28T07:53:31.000Z</time>
      </trkpt>
      <trkpt lat="46.085038" lon="11.158312">
        <ele>572.151108</ele>
        <time>2026-02-28T07:53:33.000Z</time>
      </trkpt>
      <trkpt lat="46.085086" lon="11.158355">
        <ele>572.689121</ele>
        <time>2026-02-28T07:53:37.000Z</time>
      </trkpt>
      <trkpt lat="46.085093" lon="11.158361">
        <ele>572.766652</ele>
        <time>2026-02-28T07:53:38.000Z</time>
      </trkpt>
      <trkpt lat="46.085121" lon="11.158379">
        <ele>573.058525</ele>
        <time>2026-02-28T07:53:41.000Z</time>
      </trkpt>
      <trkpt lat="46.085144" lon="11.158385">
        <ele>573.281052</ele>
        <time>2026-02-28T07:53:44.000Z</time>
      </trkpt>
      <trkpt lat="46.085225" lon="11.158367">
        <ele>574.061320</ele>
        <time>2026-02-28T07:53:51.000Z</time>
      </trkpt>
      <trkpt lat="46.085269" lon="11.158353">
        <ele>574.490302</ele>
        <time>2026-02-28T07:53:54.000Z</time>
      </trkpt>
      <trkpt lat="46.085291" lon="11.158350">
        <ele>574.700687</ele>
        <time>2026-02-28T07:53:56.000Z</time>
      </trkpt>
      <trkpt lat="46.085320" lon="11.158336">
        <ele>574.991848</ele>
        <time>2026-02-28T07:53:59.000Z</time>
      </trkpt>
      <trkpt lat="46.085355" lon="11.158365">
        <ele>575.376172</ele>
        <time>2026-02-28T07:54:03.000Z</time>
      </trkpt>
      <trkpt lat="46.085371" lon="11.158387">
        <ele>575.586666</ele>
        <time>2026-02-28T07:54:05.000Z</time>
      </trkpt>
      <trkpt lat="46.085385" lon="11.158461">
        <ele>576.093162</ele>
        <time>2026-02-28T07:54:10.000Z</time>
      </trkpt>
      <trkpt lat="46.085415" lon="11.158578">
        <ele>576.916851</ele>
        <time>2026-02-28T07:54:17.000Z</time>
      </trkpt>
      <trkpt lat="46.085449" lon="11.158661">
        <ele>577.553375</ele>
        <time>2026-02-28T07:54:23.000Z</time>
      </trkpt>
      <trkpt lat="46.085469" lon="11.158724">
        <ele>578.010888</ele>
        <time>2026-02-28T07:54:27.000Z</time>
      </trkpt>
      <trkpt lat="46.085475" lon="11.158758">
        <ele>578.242552</ele>
        <time>2026-02-28T07:54:29.000Z</time>
      </trkpt>
      <trkpt lat="46.085501" lon="11.158836">
        <ele>578.814002</ele>
        <time>2026-02-28T07:54:35.000Z</time>
      </trkpt>
      <trkpt lat="46.085558" lon="11.158934">
        <ele>579.658546</ele>
        <time>2026-02-28T07:54:43.000Z</time>
      </trkpt>
      <trkpt lat="46.085573" lon="11.158938">
        <ele>579.803776</ele>
        <time>2026-02-28T07:54:44.000Z</time>
      </trkpt>
      <trkpt lat="46.085605" lon="11.159007">
        <ele>580.345167</ele>
        <time>2026-02-28T07:54:49.000Z</time>
      </trkpt>
      <trkpt lat="46.085617" lon="11.159053">
        <ele>580.588443</ele>
        <time>2026-02-28T07:54:53.000Z</time>
      </trkpt>
      <trkpt lat="46.085630" lon="11.159087">
        <ele>580.780624</ele>
        <time>2026-02-28T07:54:55.000Z</time>
      </trkpt>
      <trkpt lat="46.085683" lon="11.159211">
        <ele>581.501622</ele>
        <time>2026-02-28T07:55:03.000Z</time>
      </trkpt>
      <trkpt lat="46.085734" lon="11.159326">
        <ele>582.177296</ele>
        <time>2026-02-28T07:55:10.000Z</time>
      </trkpt>
      <trkpt lat="46.085740" lon="11.159338">
        <ele>582.250523</ele>
        <time>2026-02-28T07:55:11.000Z</time>
      </trkpt>
      <trkpt lat="46.085810" lon="11.159436">
        <ele>582.946879</ele>
        <time>2026-02-28T07:55:19.000Z</time>
      </trkpt>
      <trkpt lat="46.085853" lon="11.159514">
        <ele>583.440088</ele>
        <time>2026-02-28T07:55:26.000Z</time>
      </trkpt>
      <trkpt lat="46.085859" lon="11.159522">
        <ele>583.498414</ele>
        <time>2026-02-28T07:55:27.000Z</time>
      </trkpt>
      <trkpt lat="46.085903" lon="11.159567">
        <ele>583.883420</ele>
        <time>2026-02-28T07:55:33.000Z</time>
      </trkpt>
      <trkpt lat="46.085922" lon="11.159589">
        <ele>584.057338</ele>
        <time>2026-02-28T07:55:35.000Z</time>
      </trkpt>
      <trkpt lat="46.085956" lon="11.159624">
        <ele>584.355495</ele>
        <time>2026-02-28T07:55:40.000Z</time>
      </trkpt>
      <trkpt lat="46.086032" lon="11.159672">
        <ele>584.947660</ele>
        <time>2026-02-28T07:55:47.000Z</time>
      </trkpt>
      <trkpt lat="46.086094" lon="11.159716">
        <ele>585.440848</ele>
        <time>2026-02-28T07:55:53.000Z</time>
      </trkpt>
      <trkpt lat="46.086106" lon="11.159726">
        <ele>585.539768</ele>
        <time>2026-02-28T07:55:54.000Z</time>
      </trkpt>
      <trkpt lat="46.086143" lon="11.159724">
        <ele>585.804020</ele>
        <time>2026-02-28T07:55:58.000Z</time>
      </trkpt>
      <trkpt lat="46.086197" lon="11.159729">
        <ele>586.190208</ele>
        <time>2026-02-28T07:56:04.000Z</time>
      </trkpt>
      <trkpt lat="46.086213" lon="11.159731">
        <ele>586.304828</ele>
        <time>2026-02-28T07:56:05.000Z</time>
      </trkpt>
      <trkpt lat="46.086313" lon="11.159759">
        <ele>587.031855</ele>
        <time>2026-02-28T07:56:12.000Z</time>
      </trkpt>
      <trkpt lat="46.086332" lon="11.159764">
        <ele>587.169697</ele>
        <time>2026-02-28T07:56:14.000Z</time>
      </trkpt>
      <trkpt lat="46.086358" lon="11.159774">
        <ele>587.361746</ele>
        <time>2026-02-28T07:56:18.000Z</time>
      </trkpt>
      <trkpt lat="46.086391" lon="11.159747">
        <ele>587.632544</ele>
        <time>2026-02-28T07:56:23.000Z</time>
      </trkpt>
      <trkpt lat="46.086411" lon="11.159735">
        <ele>587.787149</ele>
        <time>2026-02-28T07:56:25.000Z</time>
      </trkpt>
      <trkpt lat="46.086464" lon="11.159728">
        <ele>588.166990</ele>
        <time>2026-02-28T07:56:31.000Z</time>
      </trkpt>
      <trkpt lat="46.086522" lon="11.159743">
        <ele>588.587539</ele>
        <time>2026-02-28T07:56:35.000Z</time>
      </trkpt>
      <trkpt lat="46.086536" lon="11.159765">
        <ele>588.735331</ele>
        <time>2026-02-28T07:56:37.000Z</time>
      </trkpt>
      <trkpt lat="46.086568" lon="11.159835">
        <ele>589.150324</ele>
        <time>2026-02-28T07:56:42.000Z</time>
      </trkpt>
      <trkpt lat="46.086562" lon="11.159842">
        <ele>589.205408</ele>
        <time>2026-02-28T07:56:50.000Z</time>
      </trkpt>
      <trkpt lat="46.086547" lon="11.159843">
        <ele>589.312577</ele>
        <time>2026-02-28T07:56:56.000Z</time>
      </trkpt>
      <trkpt lat="46.086537" lon="11.159831">
        <ele>589.405431</ele>
        <time>2026-02-28T07:57:02.000Z</time>
      </trkpt>
      <trkpt lat="46.086532" lon="11.159832">
        <ele>589.441457</ele>
        <time>2026-02-28T07:57:05.000Z</time>
      </trkpt>
      <trkpt lat="46.086529" lon="11.159830">
        <ele>589.465046</ele>
        <time>2026-02-28T07:57:06.000Z</time>
      </trkpt>
      <trkpt lat="46.086525" lon="11.159796">
        <ele>589.635749</ele>
        <time>2026-02-28T07:57:12.000Z</time>
      </trkpt>
      <trkpt lat="46.086530" lon="11.159786">
        <ele>589.696771</ele>
        <time>2026-02-28T07:57:13.000Z</time>
      </trkpt>
      <trkpt lat="46.086540" lon="11.159787">
        <ele>589.768312</ele>
        <time>2026-02-28T07:57:20.000Z</time>
      </trkpt>
      <trkpt lat="46.086550" lon="11.159780">
        <ele>589.847648</ele>
        <time>2026-02-28T07:57:24.000Z</time>
      </trkpt>
      <trkpt lat="46.086562" lon="11.159776">
        <ele>589.935550</ele>
        <time>2026-02-28T07:57:30.000Z</time>
      </trkpt>
      <trkpt lat="46.086537" lon="11.159756">
        <ele>590.139598</ele>
        <time>2026-02-28T07:57:40.000Z</time>
      </trkpt>
      <trkpt lat="46.086571" lon="11.159768">
        <ele>590.389419</ele>
        <time>2026-02-28T07:57:47.000Z</time>
      </trkpt>
      <trkpt lat="46.086576" lon="11.159773">
        <ele>590.432846</ele>
        <time>2026-02-28T07:57:49.000Z</time>
      </trkpt>
      <trkpt lat="46.086563" lon="11.159780">
        <ele>590.531885</ele>
        <time>2026-02-28T07:57:56.000Z</time>
      </trkpt>
      <trkpt lat="46.086559" lon="11.159777">
        <ele>590.564064</ele>
        <time>2026-02-28T07:57:57.000Z</time>
      </trkpt>
      <trkpt lat="46.086551" lon="11.159776">
        <ele>590.621374</ele>
        <time>2026-02-28T07:57:59.000Z</time>
      </trkpt>
      <trkpt lat="46.086546" lon="11.159770">
        <ele>590.667801</ele>
        <time>2026-02-28T07:58:03.000Z</time>
      </trkpt>
      <trkpt lat="46.086560" lon="11.159770">
        <ele>590.767718</ele>
        <time>2026-02-28T07:58:13.000Z</time>
      </trkpt>
      <trkpt lat="46.086550" lon="11.159771">
        <ele>590.839259</ele>
        <time>2026-02-28T07:58:15.000Z</time>
      </trkpt>
      <trkpt lat="46.086534" lon="11.159773">
        <ele>590.953878</ele>
        <time>2026-02-28T07:58:19.000Z</time>
      </trkpt>
      <trkpt lat="46.086539" lon="11.159740">
        <ele>591.121080</ele>
        <time>2026-02-28T07:58:22.000Z</time>
      </trkpt>
      <trkpt lat="46.086599" lon="11.159698">
        <ele>591.597096</ele>
        <time>2026-02-28T07:58:29.000Z</time>
      </trkpt>
      <trkpt lat="46.086621" lon="11.159687">
        <ele>591.763281</ele>
        <time>2026-02-28T07:58:31.000Z</time>
      </trkpt>
      <trkpt lat="46.086638" lon="11.159672">
        <ele>591.905526</ele>
        <time>2026-02-28T07:58:33.000Z</time>
      </trkpt>
      <trkpt lat="46.086663" lon="11.159654">
        <ele>592.104959</ele>
        <time>2026-02-28T07:58:36.000Z</time>
      </trkpt>
      <trkpt lat="46.086694" lon="11.159568">
        <ele>592.584716</ele>
        <time>2026-02-28T07:58:43.000Z</time>
      </trkpt>
      <trkpt lat="46.086705" lon="11.159539">
        <ele>592.748330</ele>
        <time>2026-02-28T07:58:45.000Z</time>
      </trkpt>
      <trkpt lat="46.086728" lon="11.159483">
        <ele>593.070485</ele>
        <time>2026-02-28T07:58:49.000Z</time>
      </trkpt>
      <trkpt lat="46.086742" lon="11.159464">
        <ele>593.257346</ele>
        <time>2026-02-28T07:58:51.000Z</time>
      </trkpt>
      <trkpt lat="46.086769" lon="11.159437">
        <ele>593.745986</ele>
        <time>2026-02-28T07:58:55.000Z</time>
      </trkpt>
      <trkpt lat="46.086774" lon="11.159435">
        <ele>593.823149</ele>
        <time>2026-02-28T07:58:56.000Z</time>
      </trkpt>
      <trkpt lat="46.086805" lon="11.159426">
        <ele>594.293405</ele>
        <time>2026-02-28T07:59:00.000Z</time>
      </trkpt>
      <trkpt lat="46.086816" lon="11.159421">
        <ele>594.464924</ele>
        <time>2026-02-28T07:59:02.000Z</time>
      </trkpt>
      <trkpt lat="46.086868" lon="11.159384">
        <ele>595.327258</ele>
        <time>2026-02-28T07:59:08.000Z</time>
      </trkpt>
      <trkpt lat="46.086934" lon="11.159359">
        <ele>596.342055</ele>
        <time>2026-02-28T07:59:14.000Z</time>
      </trkpt>
      <trkpt lat="46.086974" lon="11.159344">
        <ele>596.956688</ele>
        <time>2026-02-28T07:59:20.000Z</time>
      </trkpt>
      <trkpt lat="46.086994" lon="11.159337">
        <ele>597.262747</ele>
        <time>2026-02-28T07:59:22.000Z</time>
      </trkpt>
      <trkpt lat="46.087029" lon="11.159332">
        <ele>597.785783</ele>
        <time>2026-02-28T07:59:26.000Z</time>
      </trkpt>
      <trkpt lat="46.087053" lon="11.159331">
        <ele>598.142837</ele>
        <time>2026-02-28T07:59:28.000Z</time>
      </trkpt>
      <trkpt lat="46.087099" lon="11.159308">
        <ele>598.866872</ele>
        <time>2026-02-28T07:59:32.000Z</time>
      </trkpt>
      <trkpt lat="46.087129" lon="11.159286">
        <ele>599.367393</ele>
        <time>2026-02-28T07:59:36.000Z</time>
      </trkpt>
      <trkpt lat="46.087135" lon="11.159272">
        <ele>599.537133</ele>
        <time>2026-02-28T07:59:38.000Z</time>
      </trkpt>
      <trkpt lat="46.087166" lon="11.159219">
        <ele>600.252215</ele>
        <time>2026-02-28T07:59:43.000Z</time>
      </trkpt>
      <trkpt lat="46.087180" lon="11.159191">
        <ele>600.608230</ele>
        <time>2026-02-28T07:59:45.000Z</time>
      </trkpt>
      <trkpt lat="46.087207" lon="11.159157">
        <ele>601.141326</ele>
        <time>2026-02-28T07:59:48.000Z</time>
      </trkpt>
      <trkpt lat="46.087244" lon="11.159096">
        <ele>601.977143</ele>
        <time>2026-02-28T07:59:54.000Z</time>
      </trkpt>
      <trkpt lat="46.087282" lon="11.159058">
        <ele>602.664856</ele>
        <time>2026-02-28T07:59:59.000Z</time>
      </trkpt>
      <trkpt lat="46.087306" lon="11.159043">
        <ele>603.053851</ele>
        <time>2026-02-28T08:00:01.000Z</time>
      </trkpt>
      <trkpt lat="46.087323" lon="11.159018">
        <ele>603.414958</ele>
        <time>2026-02-28T08:00:04.000Z</time>
      </trkpt>
      <trkpt lat="46.087354" lon="11.158981">
        <ele>604.013420</ele>
        <time>2026-02-28T08:00:08.000Z</time>
      </trkpt>
      <trkpt lat="46.087385" lon="11.158962">
        <ele>604.514345</ele>
        <time>2026-02-28T08:00:11.000Z</time>
      </trkpt>
      <trkpt lat="46.087422" lon="11.158960">
        <ele>605.064962</ele>
        <time>2026-02-28T08:00:14.000Z</time>
      </trkpt>
      <trkpt lat="46.087472" lon="11.158978">
        <ele>605.831342</ele>
        <time>2026-02-28T08:00:18.000Z</time>
      </trkpt>
      <trkpt lat="46.087508" lon="11.159015">
        <ele>606.488791</ele>
        <time>2026-02-28T08:00:22.000Z</time>
      </trkpt>
      <trkpt lat="46.087530" lon="11.159057">
        <ele>607.031642</ele>
        <time>2026-02-28T08:00:26.000Z</time>
      </trkpt>
      <trkpt lat="46.087538" lon="11.159085">
        <ele>607.343977</ele>
        <time>2026-02-28T08:00:28.000Z</time>
      </trkpt>
      <trkpt lat="46.087551" lon="11.159154">
        <ele>608.081431</ele>
        <time>2026-02-28T08:00:33.000Z</time>
      </trkpt>
      <trkpt lat="46.087557" lon="11.159168">
        <ele>608.251171</ele>
        <time>2026-02-28T08:00:34.000Z</time>
      </trkpt>
      <trkpt lat="46.087566" lon="11.159214">
        <ele>608.744129</ele>
        <time>2026-02-28T08:00:37.000Z</time>
      </trkpt>
      <trkpt lat="46.087569" lon="11.159228">
        <ele>608.895259</ele>
        <time>2026-02-28T08:00:38.000Z</time>
      </trkpt>
      <trkpt lat="46.087579" lon="11.159259">
        <ele>609.247884</ele>
        <time>2026-02-28T08:00:41.000Z</time>
      </trkpt>
      <trkpt lat="46.087586" lon="11.159282">
        <ele>609.506940</ele>
        <time>2026-02-28T08:00:43.000Z</time>
      </trkpt>
      <trkpt lat="46.087604" lon="11.159332">
        <ele>610.087970</ele>
        <time>2026-02-28T08:00:48.000Z</time>
      </trkpt>
      <trkpt lat="46.087610" lon="11.159339">
        <ele>610.202747</ele>
        <time>2026-02-28T08:00:49.000Z</time>
      </trkpt>
      <trkpt lat="46.087648" lon="11.159401">
        <ele>611.056125</ele>
        <time>2026-02-28T08:00:55.000Z</time>
      </trkpt>
      <trkpt lat="46.087706" lon="11.159475">
        <ele>612.207848</ele>
        <time>2026-02-28T08:01:03.000Z</time>
      </trkpt>
      <trkpt lat="46.087713" lon="11.159484">
        <ele>612.347321</ele>
        <time>2026-02-28T08:01:04.000Z</time>
      </trkpt>
      <trkpt lat="46.087722" lon="11.159550">
        <ele>613.041073</ele>
        <time>2026-02-28T08:01:10.000Z</time>
      </trkpt>
      <trkpt lat="46.087724" lon="11.159561">
        <ele>613.158360</ele>
        <time>2026-02-28T08:01:11.000Z</time>
      </trkpt>
      <trkpt lat="46.087736" lon="11.159577">
        <ele>613.401419</ele>
        <time>2026-02-28T08:01:13.000Z</time>
      </trkpt>
      <trkpt lat="46.087772" lon="11.159610">
        <ele>614.035811</ele>
        <time>2026-02-28T08:01:18.000Z</time>
      </trkpt>
      <trkpt lat="46.087814" lon="11.159638">
        <ele>614.723929</ele>
        <time>2026-02-28T08:01:23.000Z</time>
      </trkpt>
      <trkpt lat="46.087839" lon="11.159661">
        <ele>615.164940</ele>
        <time>2026-02-28T08:01:26.000Z</time>
      </trkpt>
      <trkpt lat="46.087874" lon="11.159701">
        <ele>615.829101</ele>
        <time>2026-02-28T08:01:31.000Z</time>
      </trkpt>
      <trkpt lat="46.087900" lon="11.159724">
        <ele>616.282720</ele>
        <time>2026-02-28T08:01:34.000Z</time>
      </trkpt>
      <trkpt lat="46.087938" lon="11.159752">
        <ele>616.917336</ele>
        <time>2026-02-28T08:01:39.000Z</time>
      </trkpt>
      <trkpt lat="46.087973" lon="11.159778">
        <ele>617.502842</ele>
        <time>2026-02-28T08:01:43.000Z</time>
      </trkpt>
      <trkpt lat="46.088024" lon="11.159828">
        <ele>618.419983</ele>
        <time>2026-02-28T08:01:49.000Z</time>
      </trkpt>
      <trkpt lat="46.088047" lon="11.159849">
        <ele>618.824828</ele>
        <time>2026-02-28T08:01:52.000Z</time>
      </trkpt>
      <trkpt lat="46.088056" lon="11.159858">
        <ele>618.987707</ele>
        <time>2026-02-28T08:01:54.000Z</time>
      </trkpt>
      <trkpt lat="46.088064" lon="11.159839">
        <ele>619.216956</ele>
        <time>2026-02-28T08:01:58.000Z</time>
      </trkpt>
      <trkpt lat="46.088074" lon="11.159821">
        <ele>619.454823</ele>
        <time>2026-02-28T08:02:00.000Z</time>
      </trkpt>
      <trkpt lat="46.088098" lon="11.159776">
        <ele>620.040649</ele>
        <time>2026-02-28T08:02:06.000Z</time>
      </trkpt>
      <trkpt lat="46.088095" lon="11.159780">
        <ele>620.101573</ele>
        <time>2026-02-28T08:02:08.000Z</time>
      </trkpt>
      <trkpt lat="46.088100" lon="11.159751">
        <ele>620.410584</ele>
        <time>2026-02-28T08:02:15.000Z</time>
      </trkpt>
      <trkpt lat="46.088110" lon="11.159726">
        <ele>620.709019</ele>
        <time>2026-02-28T08:02:18.000Z</time>
      </trkpt>
      <trkpt lat="46.088129" lon="11.159661">
        <ele>621.438431</ele>
        <time>2026-02-28T08:02:25.000Z</time>
      </trkpt>
      <trkpt lat="46.088137" lon="11.159621">
        <ele>621.868918</ele>
        <time>2026-02-28T08:02:29.000Z</time>
      </trkpt>
      <trkpt lat="46.088138" lon="11.159598">
        <ele>622.107224</ele>
        <time>2026-02-28T08:02:31.000Z</time>
      </trkpt>
      <trkpt lat="46.088142" lon="11.159520">
        <ele>622.916009</ele>
        <time>2026-02-28T08:02:36.000Z</time>
      </trkpt>
      <trkpt lat="46.088137" lon="11.159483">
        <ele>623.305814</ele>
        <time>2026-02-28T08:02:39.000Z</time>
      </trkpt>
      <trkpt lat="46.088137" lon="11.159418">
        <ele>623.977967</ele>
        <time>2026-02-28T08:02:43.000Z</time>
      </trkpt>
      <trkpt lat="46.088135" lon="11.159390">
        <ele>624.269041</ele>
        <time>2026-02-28T08:02:45.000Z</time>
      </trkpt>
      <trkpt lat="46.088148" lon="11.159327">
        <ele>624.948735</ele>
        <time>2026-02-28T08:02:50.000Z</time>
      </trkpt>
      <trkpt lat="46.088150" lon="11.159315">
        <ele>625.076357</ele>
        <time>2026-02-28T08:02:51.000Z</time>
      </trkpt>
      <trkpt lat="46.088165" lon="11.159252">
        <ele>625.765149</ele>
        <time>2026-02-28T08:02:55.000Z</time>
      </trkpt>
      <trkpt lat="46.088166" lon="11.159240">
        <ele>625.890131</ele>
        <time>2026-02-28T08:02:56.000Z</time>
      </trkpt>
      <trkpt lat="46.088168" lon="11.159224">
        <ele>626.058249</ele>
        <time>2026-02-28T08:02:57.000Z</time>
      </trkpt>
      <trkpt lat="46.088176" lon="11.159160">
        <ele>626.730724</ele>
        <time>2026-02-28T08:03:02.000Z</time>
      </trkpt>
      <trkpt lat="46.088179" lon="11.159144">
        <ele>626.902116</ele>
        <time>2026-02-28T08:03:03.000Z</time>
      </trkpt>
      <trkpt lat="46.088193" lon="11.159056">
        <ele>627.835741</ele>
        <time>2026-02-28T08:03:09.000Z</time>
      </trkpt>
      <trkpt lat="46.088195" lon="11.159043">
        <ele>627.973439</ele>
        <time>2026-02-28T08:03:10.000Z</time>
      </trkpt>
      <trkpt lat="46.088219" lon="11.158951">
        <ele>628.989865</ele>
        <time>2026-02-28T08:03:17.000Z</time>
      </trkpt>
      <trkpt lat="46.088222" lon="11.158931">
        <ele>629.201463</ele>
        <time>2026-02-28T08:03:19.000Z</time>
      </trkpt>
      <trkpt lat="46.088224" lon="11.158855">
        <ele>629.987928</ele>
        <time>2026-02-28T08:03:25.000Z</time>
      </trkpt>
      <trkpt lat="46.088228" lon="11.158838">
        <ele>630.173563</ele>
        <time>2026-02-28T08:03:26.000Z</time>
      </trkpt>
      <trkpt lat="46.088243" lon="11.158775">
        <ele>630.862353</ele>
        <time>2026-02-28T08:03:31.000Z</time>
      </trkpt>
      <trkpt lat="46.088252" lon="11.158742">
        <ele>631.229035</ele>
        <time>2026-02-28T08:03:34.000Z</time>
      </trkpt>
      <trkpt lat="46.088258" lon="11.158710">
        <ele>631.571820</ele>
        <time>2026-02-28T08:03:37.000Z</time>
      </trkpt>
      <trkpt lat="46.088258" lon="11.158671">
        <ele>631.975111</ele>
        <time>2026-02-28T08:03:40.000Z</time>
      </trkpt>
      <trkpt lat="46.088267" lon="11.158596">
        <ele>632.762193</ele>
        <time>2026-02-28T08:03:46.000Z</time>
      </trkpt>
      <trkpt lat="46.088268" lon="11.158588">
        <ele>632.846252</ele>
        <time>2026-02-28T08:03:47.000Z</time>
      </trkpt>
      <trkpt lat="46.088269" lon="11.158496">
        <ele>633.797721</ele>
        <time>2026-02-28T08:03:55.000Z</time>
      </trkpt>
      <trkpt lat="46.088258" lon="11.158387">
        <ele>634.936737</ele>
        <time>2026-02-28T08:04:02.000Z</time>
      </trkpt>
      <trkpt lat="46.088260" lon="11.158377">
        <ele>635.044358</ele>
        <time>2026-02-28T08:04:03.000Z</time>
      </trkpt>
      <trkpt lat="46.088265" lon="11.158278">
        <ele>636.070807</ele>
        <time>2026-02-28T08:04:11.000Z</time>
      </trkpt>
      <trkpt lat="46.088275" lon="11.158139">
        <ele>637.515888</ele>
        <time>2026-02-28T08:04:21.000Z</time>
      </trkpt>
      <trkpt lat="46.088299" lon="11.158057">
        <ele>638.436246</ele>
        <time>2026-02-28T08:04:29.000Z</time>
      </trkpt>
      <trkpt lat="46.088308" lon="11.158025">
        <ele>638.793324</ele>
        <time>2026-02-28T08:04:32.000Z</time>
      </trkpt>
      <trkpt lat="46.088312" lon="11.157979">
        <ele>639.272724</ele>
        <time>2026-02-28T08:04:36.000Z</time>
      </trkpt>
      <trkpt lat="46.088318" lon="11.157919">
        <ele>639.899587</ele>
        <time>2026-02-28T08:04:41.000Z</time>
      </trkpt>
      <trkpt lat="46.088322" lon="11.157899">
        <ele>640.114830</ele>
        <time>2026-02-28T08:04:43.000Z</time>
      </trkpt>
      <trkpt lat="46.088335" lon="11.157822">
        <ele>640.934322</ele>
        <time>2026-02-28T08:04:50.000Z</time>
      </trkpt>
      <trkpt lat="46.088322" lon="11.157743">
        <ele>641.773923</ele>
        <time>2026-02-28T08:04:56.000Z</time>
      </trkpt>
      <trkpt lat="46.088320" lon="11.157720">
        <ele>642.013623</ele>
        <time>2026-02-28T08:04:58.000Z</time>
      </trkpt>
      <trkpt lat="46.088319" lon="11.157696">
        <ele>642.262249</ele>
        <time>2026-02-28T08:05:02.000Z</time>
      </trkpt>
      <trkpt lat="46.088311" lon="11.157661">
        <ele>642.643325</ele>
        <time>2026-02-28T08:05:05.000Z</time>
      </trkpt>
      <trkpt lat="46.088300" lon="11.157621">
        <ele>643.088285</ele>
        <time>2026-02-28T08:05:09.000Z</time>
      </trkpt>
      <trkpt lat="46.088288" lon="11.157575">
        <ele>643.596498</ele>
        <time>2026-02-28T08:05:13.000Z</time>
      </trkpt>
      <trkpt lat="46.088281" lon="11.157529">
        <ele>644.083489</ele>
        <time>2026-02-28T08:05:17.000Z</time>
      </trkpt>
      <trkpt lat="46.088268" lon="11.157490">
        <ele>644.530941</ele>
        <time>2026-02-28T08:05:21.000Z</time>
      </trkpt>
      <trkpt lat="46.088258" lon="11.157456">
        <ele>644.912836</ele>
        <time>2026-02-28T08:05:24.000Z</time>
      </trkpt>
      <trkpt lat="46.088243" lon="11.157410">
        <ele>645.438466</ele>
        <time>2026-02-28T08:05:29.000Z</time>
      </trkpt>
      <trkpt lat="46.088228" lon="11.157376">
        <ele>645.855158</ele>
        <time>2026-02-28T08:05:32.000Z</time>
      </trkpt>
      <trkpt lat="46.088195" lon="11.157342">
        <ele>646.459894</ele>
        <time>2026-02-28T08:05:37.000Z</time>
      </trkpt>
      <trkpt lat="46.088182" lon="11.157328">
        <ele>646.701820</ele>
        <time>2026-02-28T08:05:39.000Z</time>
      </trkpt>
      <trkpt lat="46.088143" lon="11.157274">
        <ele>647.746374</ele>
        <time>2026-02-28T08:05:45.000Z</time>
      </trkpt>
      <trkpt lat="46.088137" lon="11.157264">
        <ele>647.924856</ele>
        <time>2026-02-28T08:05:46.000Z</time>
      </trkpt>
      <trkpt lat="46.088107" lon="11.157226">
        <ele>648.702030</ele>
        <time>2026-02-28T08:05:51.000Z</time>
      </trkpt>
      <trkpt lat="46.088089" lon="11.157206">
        <ele>649.144302</ele>
        <time>2026-02-28T08:05:54.000Z</time>
      </trkpt>
      <trkpt lat="46.088064" lon="11.157179">
        <ele>649.752218</ele>
        <time>2026-02-28T08:05:58.000Z</time>
      </trkpt>
      <trkpt lat="46.088064" lon="11.157171">
        <ele>649.860203</ele>
        <time>2026-02-28T08:06:00.000Z</time>
      </trkpt>
      <trkpt lat="46.088062" lon="11.157174">
        <ele>649.916371</ele>
        <time>2026-02-28T08:06:08.000Z</time>
      </trkpt>
      <trkpt lat="46.088047" lon="11.157165">
        <ele>650.232574</ele>
        <time>2026-02-28T08:06:14.000Z</time>
      </trkpt>
      <trkpt lat="46.088049" lon="11.157171">
        <ele>650.322431</ele>
        <time>2026-02-28T08:06:22.000Z</time>
      </trkpt>
      <trkpt lat="46.088052" lon="11.157162">
        <ele>650.457217</ele>
        <time>2026-02-28T08:06:26.000Z</time>
      </trkpt>
      <trkpt lat="46.088065" lon="11.157137">
        <ele>650.878985</ele>
        <time>2026-02-28T08:06:30.000Z</time>
      </trkpt>
      <trkpt lat="46.088070" lon="11.157123">
        <ele>651.091542</ele>
        <time>2026-02-28T08:06:31.000Z</time>
      </trkpt>
      <trkpt lat="46.088088" lon="11.157055">
        <ele>652.073995</ele>
        <time>2026-02-28T08:06:37.000Z</time>
      </trkpt>
      <trkpt lat="46.088098" lon="11.156986">
        <ele>653.025483</ele>
        <time>2026-02-28T08:06:44.000Z</time>
      </trkpt>
      <trkpt lat="46.088105" lon="11.156928">
        <ele>653.820138</ele>
        <time>2026-02-28T08:06:49.000Z</time>
      </trkpt>
      <trkpt lat="46.088109" lon="11.156909">
        <ele>654.088158</ele>
        <time>2026-02-28T08:06:51.000Z</time>
      </trkpt>
      <trkpt lat="46.088109" lon="11.156852">
        <ele>654.857550</ele>
        <time>2026-02-28T08:06:56.000Z</time>
      </trkpt>
      <trkpt lat="46.088110" lon="11.156824">
        <ele>655.235998</ele>
        <time>2026-02-28T08:06:58.000Z</time>
      </trkpt>
      <trkpt lat="46.088119" lon="11.156753">
        <ele>656.210239</ele>
        <time>2026-02-28T08:07:05.000Z</time>
      </trkpt>
      <trkpt lat="46.088119" lon="11.156745">
        <ele>656.318224</ele>
        <time>2026-02-28T08:07:06.000Z</time>
      </trkpt>
      <trkpt lat="46.088126" lon="11.156681">
        <ele>657.192779</ele>
        <time>2026-02-28T08:07:12.000Z</time>
      </trkpt>
      <trkpt lat="46.088127" lon="11.156668">
        <ele>657.369331</ele>
        <time>2026-02-28T08:07:13.000Z</time>
      </trkpt>
      <trkpt lat="46.088133" lon="11.156581">
        <ele>658.549457</ele>
        <time>2026-02-28T08:07:20.000Z</time>
      </trkpt>
      <trkpt lat="46.088143" lon="11.156524">
        <ele>659.343083</ele>
        <time>2026-02-28T08:07:26.000Z</time>
      </trkpt>
      <trkpt lat="46.088162" lon="11.156448">
        <ele>660.433551</ele>
        <time>2026-02-28T08:07:32.000Z</time>
      </trkpt>
      <trkpt lat="46.088164" lon="11.156435">
        <ele>660.613292</ele>
        <time>2026-02-28T08:07:33.000Z</time>
      </trkpt>
      <trkpt lat="46.088166" lon="11.156384">
        <ele>661.302794</ele>
        <time>2026-02-28T08:07:38.000Z</time>
      </trkpt>
      <trkpt lat="46.088159" lon="11.156361">
        <ele>661.641827</ele>
        <time>2026-02-28T08:07:40.000Z</time>
      </trkpt>
      <trkpt lat="46.088162" lon="11.156321">
        <ele>662.184899</ele>
        <time>2026-02-28T08:07:44.000Z</time>
      </trkpt>
      <trkpt lat="46.088169" lon="11.156271">
        <ele>662.873416</ele>
        <time>2026-02-28T08:07:48.000Z</time>
      </trkpt>
      <trkpt lat="46.088168" lon="11.156264">
        <ele>662.969887</ele>
        <time>2026-02-28T08:07:49.000Z</time>
      </trkpt>
      <trkpt lat="46.088173" lon="11.156222">
        <ele>663.545098</ele>
        <time>2026-02-28T08:07:53.000Z</time>
      </trkpt>
      <trkpt lat="46.088173" lon="11.156214">
        <ele>663.653083</ele>
        <time>2026-02-28T08:07:54.000Z</time>
      </trkpt>
      <trkpt lat="46.088178" lon="11.156191">
        <ele>663.978432</ele>
        <time>2026-02-28T08:07:56.000Z</time>
      </trkpt>
      <trkpt lat="46.088183" lon="11.156160">
        <ele>664.408040</ele>
        <time>2026-02-28T08:07:59.000Z</time>
      </trkpt>
      <trkpt lat="46.088186" lon="11.156121">
        <ele>664.937693</ele>
        <time>2026-02-28T08:08:03.000Z</time>
      </trkpt>
      <trkpt lat="46.088187" lon="11.156110">
        <ele>665.087442</ele>
        <time>2026-02-28T08:08:04.000Z</time>
      </trkpt>
      <trkpt lat="46.088207" lon="11.156044">
        <ele>666.059640</ele>
        <time>2026-02-28T08:08:09.000Z</time>
      </trkpt>
      <trkpt lat="46.088209" lon="11.156035">
        <ele>666.187207</ele>
        <time>2026-02-28T08:08:10.000Z</time>
      </trkpt>
      <trkpt lat="46.088222" lon="11.155974">
        <ele>667.048586</ele>
        <time>2026-02-28T08:08:15.000Z</time>
      </trkpt>
      <trkpt lat="46.088221" lon="11.155955">
        <ele>667.305787</ele>
        <time>2026-02-28T08:08:17.000Z</time>
      </trkpt>
      <trkpt lat="46.088226" lon="11.155923">
        <ele>667.748551</ele>
        <time>2026-02-28T08:08:19.000Z</time>
      </trkpt>
      <trkpt lat="46.088234" lon="11.155883">
        <ele>668.310476</ele>
        <time>2026-02-28T08:08:23.000Z</time>
      </trkpt>
      <trkpt lat="46.088237" lon="11.155851">
        <ele>668.746343</ele>
        <time>2026-02-28T08:08:26.000Z</time>
      </trkpt>
      <trkpt lat="46.088258" lon="11.155795">
        <ele>669.605654</ele>
        <time>2026-02-28T08:08:32.000Z</time>
      </trkpt>
      <trkpt lat="46.088264" lon="11.155726">
        <ele>670.544313</ele>
        <time>2026-02-28T08:08:38.000Z</time>
      </trkpt>
      <trkpt lat="46.088266" lon="11.155714">
        <ele>670.710901</ele>
        <time>2026-02-28T08:08:39.000Z</time>
      </trkpt>
      <trkpt lat="46.088268" lon="11.155694">
        <ele>670.983654</ele>
        <time>2026-02-28T08:08:42.000Z</time>
      </trkpt>
      <trkpt lat="46.088272" lon="11.155686">
        <ele>671.116775</ele>
        <time>2026-02-28T08:08:44.000Z</time>
      </trkpt>
      <trkpt lat="46.088271" lon="11.155684">
        <ele>671.150055</ele>
        <time>2026-02-28T08:08:47.000Z</time>
      </trkpt>
      <trkpt lat="46.088266" lon="11.155655">
        <ele>671.553414</ele>
        <time>2026-02-28T08:08:52.000Z</time>
      </trkpt>
      <trkpt lat="46.088264" lon="11.155642">
        <ele>671.733154</ele>
        <time>2026-02-28T08:08:53.000Z</time>
      </trkpt>
      <trkpt lat="46.088252" lon="11.155582">
        <ele>672.576040</ele>
        <time>2026-02-28T08:08:59.000Z</time>
      </trkpt>
      <trkpt lat="46.088249" lon="11.155564">
        <ele>672.825923</ele>
        <time>2026-02-28T08:09:01.000Z</time>
      </trkpt>
      <trkpt lat="46.088241" lon="11.155513">
        <ele>673.531712</ele>
        <time>2026-02-28T08:09:06.000Z</time>
      </trkpt>
      <trkpt lat="46.088236" lon="11.155489">
        <ele>673.869966</ele>
        <time>2026-02-28T08:09:08.000Z</time>
      </trkpt>
      <trkpt lat="46.088234" lon="11.155448">
        <ele>674.424755</ele>
        <time>2026-02-28T08:09:13.000Z</time>
      </trkpt>
      <trkpt lat="46.088234" lon="11.155425">
        <ele>674.735210</ele>
        <time>2026-02-28T08:09:15.000Z</time>
      </trkpt>
      <trkpt lat="46.088231" lon="11.155378">
        <ele>675.372301</ele>
        <time>2026-02-28T08:09:19.000Z</time>
      </trkpt>
      <trkpt lat="46.088226" lon="11.155344">
        <ele>675.841439</ele>
        <time>2026-02-28T08:09:22.000Z</time>
      </trkpt>
      <trkpt lat="46.088227" lon="11.155288">
        <ele>676.597582</ele>
        <time>2026-02-28T08:09:26.000Z</time>
      </trkpt>
      <trkpt lat="46.088225" lon="11.155246">
        <ele>677.165837</ele>
        <time>2026-02-28T08:09:29.000Z</time>
      </trkpt>
      <trkpt lat="46.088228" lon="11.155198">
        <ele>677.816370</ele>
        <time>2026-02-28T08:09:33.000Z</time>
      </trkpt>
      <trkpt lat="46.088234" lon="11.155167">
        <ele>678.250799</ele>
        <time>2026-02-28T08:09:36.000Z</time>
      </trkpt>
      <trkpt lat="46.088235" lon="11.155159">
        <ele>678.360523</ele>
        <time>2026-02-28T08:09:37.000Z</time>
      </trkpt>
      <trkpt lat="46.088242" lon="11.155097">
        <ele>679.208421</ele>
        <time>2026-02-28T08:09:42.000Z</time>
      </trkpt>
      <trkpt lat="46.088247" lon="11.155034">
        <ele>680.064349</ele>
        <time>2026-02-28T08:09:47.000Z</time>
      </trkpt>
      <trkpt lat="46.088247" lon="11.155013">
        <ele>680.347809</ele>
        <time>2026-02-28T08:09:49.000Z</time>
      </trkpt>
      <trkpt lat="46.088257" lon="11.154937">
        <ele>681.391961</ele>
        <time>2026-02-28T08:09:55.000Z</time>
      </trkpt>
      <trkpt lat="46.088263" lon="11.154914">
        <ele>681.723652</ele>
        <time>2026-02-28T08:09:57.000Z</time>
      </trkpt>
      <trkpt lat="46.088281" lon="11.154864">
        <ele>682.364376</ele>
        <time>2026-02-28T08:10:01.000Z</time>
      </trkpt>
      <trkpt lat="46.088285" lon="11.154852">
        <ele>682.515449</ele>
        <time>2026-02-28T08:10:02.000Z</time>
      </trkpt>
      <trkpt lat="46.088309" lon="11.154792">
        <ele>683.301378</ele>
        <time>2026-02-28T08:10:07.000Z</time>
      </trkpt>
      <trkpt lat="46.088316" lon="11.154773">
        <ele>683.545500</ele>
        <time>2026-02-28T08:10:09.000Z</time>
      </trkpt>
      <trkpt lat="46.088335" lon="11.154730">
        <ele>684.124025</ele>
        <time>2026-02-28T08:10:13.000Z</time>
      </trkpt>
      <trkpt lat="46.088347" lon="11.154707">
        <ele>684.450605</ele>
        <time>2026-02-28T08:10:16.000Z</time>
      </trkpt>
      <trkpt lat="46.088357" lon="11.154672">
        <ele>684.880126</ele>
        <time>2026-02-28T08:10:19.000Z</time>
      </trkpt>
      <trkpt lat="46.088368" lon="11.154636">
        <ele>685.326501</ele>
        <time>2026-02-28T08:10:22.000Z</time>
      </trkpt>
      <trkpt lat="46.088390" lon="11.154596">
        <ele>685.905772</ele>
        <time>2026-02-28T08:10:26.000Z</time>
      </trkpt>
      <trkpt lat="46.088416" lon="11.154562">
        <ele>686.480038</ele>
        <time>2026-02-28T08:10:30.000Z</time>
      </trkpt>
      <trkpt lat="46.088437" lon="11.154539">
        <ele>686.911492</ele>
        <time>2026-02-28T08:10:33.000Z</time>
      </trkpt>
      <trkpt lat="46.088473" lon="11.154494">
        <ele>687.690993</ele>
        <time>2026-02-28T08:10:38.000Z</time>
      </trkpt>
      <trkpt lat="46.088481" lon="11.154487">
        <ele>687.844094</ele>
        <time>2026-02-28T08:10:39.000Z</time>
      </trkpt>
      <trkpt lat="46.088509" lon="11.154436">
        <ele>688.582156</ele>
        <time>2026-02-28T08:10:44.000Z</time>
      </trkpt>
      <trkpt lat="46.088541" lon="11.154376">
        <ele>689.440991</ele>
        <time>2026-02-28T08:10:50.000Z</time>
      </trkpt>
      <trkpt lat="46.088583" lon="11.154299">
        <ele>690.552537</ele>
        <time>2026-02-28T08:10:57.000Z</time>
      </trkpt>
      <trkpt lat="46.088589" lon="11.154290">
        <ele>690.694188</ele>
        <time>2026-02-28T08:10:58.000Z</time>
      </trkpt>
      <trkpt lat="46.088608" lon="11.154261">
        <ele>691.146856</ele>
        <time>2026-02-28T08:11:01.000Z</time>
      </trkpt>
      <trkpt lat="46.088642" lon="11.154220">
        <ele>691.872016</ele>
        <time>2026-02-28T08:11:05.000Z</time>
      </trkpt>
      <trkpt lat="46.088656" lon="11.154210">
        <ele>692.127630</ele>
        <time>2026-02-28T08:11:07.000Z</time>
      </trkpt>
      <trkpt lat="46.088693" lon="11.154188">
        <ele>692.782424</ele>
        <time>2026-02-28T08:11:12.000Z</time>
      </trkpt>
      <trkpt lat="46.088728" lon="11.154170">
        <ele>693.390381</ele>
        <time>2026-02-28T08:11:16.000Z</time>
      </trkpt>
      <trkpt lat="46.088755" lon="11.154154">
        <ele>693.867970</ele>
        <time>2026-02-28T08:11:19.000Z</time>
      </trkpt>
      <trkpt lat="46.088809" lon="11.154119">
        <ele>694.836601</ele>
        <time>2026-02-28T08:11:25.000Z</time>
      </trkpt>
      <trkpt lat="46.088816" lon="11.154113">
        <ele>694.969833</ele>
        <time>2026-02-28T08:11:26.000Z</time>
      </trkpt>
      <trkpt lat="46.088873" lon="11.154061">
        <ele>696.073373</ele>
        <time>2026-02-28T08:11:32.000Z</time>
      </trkpt>
      <trkpt lat="46.088900" lon="11.154037">
        <ele>696.592305</ele>
        <time>2026-02-28T08:11:35.000Z</time>
      </trkpt>
      <trkpt lat="46.088932" lon="11.154010">
        <ele>697.198896</ele>
        <time>2026-02-28T08:11:39.000Z</time>
      </trkpt>
      <trkpt lat="46.088971" lon="11.153971">
        <ele>697.975397</ele>
        <time>2026-02-28T08:11:43.000Z</time>
      </trkpt>
      <trkpt lat="46.088977" lon="11.153963">
        <ele>698.109099</ele>
        <time>2026-02-28T08:11:44.000Z</time>
      </trkpt>
      <trkpt lat="46.089004" lon="11.153947">
        <ele>698.586688</ele>
        <time>2026-02-28T08:11:47.000Z</time>
      </trkpt>
      <trkpt lat="46.089053" lon="11.153912">
        <ele>699.481335</ele>
        <time>2026-02-28T08:11:53.000Z</time>
      </trkpt>
      <trkpt lat="46.089072" lon="11.153904">
        <ele>699.805170</ele>
        <time>2026-02-28T08:11:55.000Z</time>
      </trkpt>
      <trkpt lat="46.089126" lon="11.153876">
        <ele>700.744034</ele>
        <time>2026-02-28T08:12:01.000Z</time>
      </trkpt>
      <trkpt lat="46.089144" lon="11.153867">
        <ele>701.055729</ele>
        <time>2026-02-28T08:12:03.000Z</time>
      </trkpt>
      <trkpt lat="46.089180" lon="11.153842">
        <ele>701.709463</ele>
        <time>2026-02-28T08:12:08.000Z</time>
      </trkpt>
      <trkpt lat="46.089197" lon="11.153830">
        <ele>702.019134</ele>
        <time>2026-02-28T08:12:10.000Z</time>
      </trkpt>
      <trkpt lat="46.089213" lon="11.153823">
        <ele>702.292689</ele>
        <time>2026-02-28T08:12:12.000Z</time>
      </trkpt>
      <trkpt lat="46.089224" lon="11.153815">
        <ele>702.494253</ele>
        <time>2026-02-28T08:12:14.000Z</time>
      </trkpt>
      <trkpt lat="46.089266" lon="11.153795">
        <ele>703.217903</ele>
        <time>2026-02-28T08:12:18.000Z</time>
      </trkpt>
      <trkpt lat="46.089295" lon="11.153787">
        <ele>703.700967</ele>
        <time>2026-02-28T08:12:20.000Z</time>
      </trkpt>
      <trkpt lat="46.089331" lon="11.153768">
        <ele>704.328166</ele>
        <time>2026-02-28T08:12:24.000Z</time>
      </trkpt>
      <trkpt lat="46.089351" lon="11.153752">
        <ele>704.702368</ele>
        <time>2026-02-28T08:12:27.000Z</time>
      </trkpt>
      <trkpt lat="46.089380" lon="11.153729">
        <ele>705.243864</ele>
        <time>2026-02-28T08:12:31.000Z</time>
      </trkpt>
      <trkpt lat="46.089393" lon="11.153720">
        <ele>705.479798</ele>
        <time>2026-02-28T08:12:33.000Z</time>
      </trkpt>
      <trkpt lat="46.089438" lon="11.153692">
        <ele>706.281652</ele>
        <time>2026-02-28T08:12:39.000Z</time>
      </trkpt>
      <trkpt lat="46.089445" lon="11.153690">
        <ele>706.398403</ele>
        <time>2026-02-28T08:12:40.000Z</time>
      </trkpt>
      <trkpt lat="46.089494" lon="11.153664">
        <ele>707.252634</ele>
        <time>2026-02-28T08:12:46.000Z</time>
      </trkpt>
      <trkpt lat="46.089545" lon="11.153628">
        <ele>708.181647</ele>
        <time>2026-02-28T08:12:53.000Z</time>
      </trkpt>
      <trkpt lat="46.089594" lon="11.153600">
        <ele>709.043977</ele>
        <time>2026-02-28T08:12:59.000Z</time>
      </trkpt>
      <trkpt lat="46.089610" lon="11.153583">
        <ele>709.369141</ele>
        <time>2026-02-28T08:13:01.000Z</time>
      </trkpt>
      <trkpt lat="46.089628" lon="11.153564">
        <ele>709.734110</ele>
        <time>2026-02-28T08:13:04.000Z</time>
      </trkpt>
      <trkpt lat="46.089632" lon="11.153561">
        <ele>709.807876</ele>
        <time>2026-02-28T08:13:05.000Z</time>
      </trkpt>
      <trkpt lat="46.089638" lon="11.153556">
        <ele>709.921255</ele>
        <time>2026-02-28T08:13:06.000Z</time>
      </trkpt>
      <trkpt lat="46.089645" lon="11.153549">
        <ele>710.060626</ele>
        <time>2026-02-28T08:13:07.000Z</time>
      </trkpt>
      <trkpt lat="46.089650" lon="11.153541">
        <ele>710.182821</ele>
        <time>2026-02-28T08:13:08.000Z</time>
      </trkpt>
      <trkpt lat="46.089680" lon="11.153501">
        <ele>710.851324</ele>
        <time>2026-02-28T08:13:13.000Z</time>
      </trkpt>
      <trkpt lat="46.089690" lon="11.153486">
        <ele>711.087406</ele>
        <time>2026-02-28T08:13:15.000Z</time>
      </trkpt>
      <trkpt lat="46.089712" lon="11.153445">
        <ele>711.731702</ele>
        <time>2026-02-28T08:13:20.000Z</time>
      </trkpt>
      <trkpt lat="46.089726" lon="11.153430">
        <ele>712.048114</ele>
        <time>2026-02-28T08:13:22.000Z</time>
      </trkpt>
      <trkpt lat="46.089775" lon="11.153391">
        <ele>713.063445</ele>
        <time>2026-02-28T08:13:27.000Z</time>
      </trkpt>
      <trkpt lat="46.089791" lon="11.153376">
        <ele>713.409655</ele>
        <time>2026-02-28T08:13:29.000Z</time>
      </trkpt>
      <trkpt lat="46.089825" lon="11.153351">
        <ele>714.102011</ele>
        <time>2026-02-28T08:13:34.000Z</time>
      </trkpt>
      <trkpt lat="46.089844" lon="11.153342">
        <ele>714.464809</ele>
        <time>2026-02-28T08:13:36.000Z</time>
      </trkpt>
      <trkpt lat="46.089868" lon="11.153317">
        <ele>715.001917</ele>
        <time>2026-02-28T08:13:41.000Z</time>
      </trkpt>
      <trkpt lat="46.089883" lon="11.153303">
        <ele>715.326061</ele>
        <time>2026-02-28T08:13:43.000Z</time>
      </trkpt>
      <trkpt lat="46.089913" lon="11.153273">
        <ele>715.988358</ele>
        <time>2026-02-28T08:13:47.000Z</time>
      </trkpt>
      <trkpt lat="46.089926" lon="11.153254">
        <ele>716.324152</ele>
        <time>2026-02-28T08:13:50.000Z</time>
      </trkpt>
      <trkpt lat="46.089948" lon="11.153237">
        <ele>716.776947</ele>
        <time>2026-02-28T08:13:53.000Z</time>
      </trkpt>
      <trkpt lat="46.089974" lon="11.153210">
        <ele>717.358200</ele>
        <time>2026-02-28T08:13:56.000Z</time>
      </trkpt>
      <trkpt lat="46.090012" lon="11.153172">
        <ele>718.197110</ele>
        <time>2026-02-28T08:14:00.000Z</time>
      </trkpt>
      <trkpt lat="46.090044" lon="11.153143">
        <ele>718.882752</ele>
        <time>2026-02-28T08:14:04.000Z</time>
      </trkpt>
      <trkpt lat="46.090049" lon="11.153133">
        <ele>719.037851</ele>
        <time>2026-02-28T08:14:06.000Z</time>
      </trkpt>
      <trkpt lat="46.090060" lon="11.153112">
        <ele>719.368946</ele>
        <time>2026-02-28T08:14:09.000Z</time>
      </trkpt>
      <trkpt lat="46.090070" lon="11.153095">
        <ele>719.649398</ele>
        <time>2026-02-28T08:14:15.000Z</time>
      </trkpt>
      <trkpt lat="46.090067" lon="11.153110">
        <ele>719.845806</ele>
        <time>2026-02-28T08:14:24.000Z</time>
      </trkpt>
      <trkpt lat="46.090060" lon="11.153085">
        <ele>720.185001</ele>
        <time>2026-02-28T08:14:34.000Z</time>
      </trkpt>
      <trkpt lat="46.090062" lon="11.153038">
        <ele>720.777427</ele>
        <time>2026-02-28T08:14:40.000Z</time>
      </trkpt>
      <trkpt lat="46.090081" lon="11.153036">
        <ele>721.123020</ele>
        <time>2026-02-28T08:14:45.000Z</time>
      </trkpt>
      <trkpt lat="46.090094" lon="11.153039">
        <ele>721.361852</ele>
        <time>2026-02-28T08:14:55.000Z</time>
      </trkpt>
      <trkpt lat="46.090087" lon="11.153027">
        <ele>721.559129</ele>
        <time>2026-02-28T08:15:06.000Z</time>
      </trkpt>
      <trkpt lat="46.090087" lon="11.153028">
        <ele>721.571710</ele>
        <time>2026-02-28T08:15:09.000Z</time>
      </trkpt>
      <trkpt lat="46.090078" lon="11.153025">
        <ele>721.739284</ele>
        <time>2026-02-28T08:15:18.000Z</time>
      </trkpt>
      <trkpt lat="46.090075" lon="11.153008">
        <ele>721.959978</ele>
        <time>2026-02-28T08:15:24.000Z</time>
      </trkpt>
      <trkpt lat="46.090090" lon="11.152935">
        <ele>722.917865</ele>
        <time>2026-02-28T08:15:31.000Z</time>
      </trkpt>
      <trkpt lat="46.090094" lon="11.152909">
        <ele>723.252926</ele>
        <time>2026-02-28T08:15:33.000Z</time>
      </trkpt>
      <trkpt lat="46.090107" lon="11.152872">
        <ele>723.774758</ele>
        <time>2026-02-28T08:15:37.000Z</time>
      </trkpt>
      <trkpt lat="46.090117" lon="11.152843">
        <ele>724.182221</ele>
        <time>2026-02-28T08:15:40.000Z</time>
      </trkpt>
      <trkpt lat="46.090127" lon="11.152818">
        <ele>724.545315</ele>
        <time>2026-02-28T08:15:42.000Z</time>
      </trkpt>
      <trkpt lat="46.090157" lon="11.152765">
        <ele>725.406014</ele>
        <time>2026-02-28T08:15:47.000Z</time>
      </trkpt>
      <trkpt lat="46.090159" lon="11.152756">
        <ele>725.524915</ele>
        <time>2026-02-28T08:15:48.000Z</time>
      </trkpt>
      <trkpt lat="46.090162" lon="11.152749">
        <ele>725.628441</ele>
        <time>2026-02-28T08:15:49.000Z</time>
      </trkpt>
      <trkpt lat="46.090182" lon="11.152711">
        <ele>726.228607</ele>
        <time>2026-02-28T08:15:54.000Z</time>
      </trkpt>
      <trkpt lat="46.090190" lon="11.152694">
        <ele>726.487075</ele>
        <time>2026-02-28T08:15:56.000Z</time>
      </trkpt>
      <trkpt lat="46.090208" lon="11.152664">
        <ele>726.986155</ele>
        <time>2026-02-28T08:15:59.000Z</time>
      </trkpt>
      <trkpt lat="46.090216" lon="11.152627">
        <ele>727.473754</ele>
        <time>2026-02-28T08:16:02.000Z</time>
      </trkpt>
      <trkpt lat="46.090216" lon="11.152621">
        <ele>727.549241</ele>
        <time>2026-02-28T08:16:03.000Z</time>
      </trkpt>
      <trkpt lat="46.090224" lon="11.152585">
        <ele>728.024844</ele>
        <time>2026-02-28T08:16:06.000Z</time>
      </trkpt>
      <trkpt lat="46.090223" lon="11.152574">
        <ele>728.164420</ele>
        <time>2026-02-28T08:16:07.000Z</time>
      </trkpt>
      <trkpt lat="46.090217" lon="11.152534">
        <ele>728.679301</ele>
        <time>2026-02-28T08:16:10.000Z</time>
      </trkpt>
      <trkpt lat="46.090221" lon="11.152531">
        <ele>728.761093</ele>
        <time>2026-02-28T08:16:11.000Z</time>
      </trkpt>
      <trkpt lat="46.090224" lon="11.152519">
        <ele>728.921576</ele>
        <time>2026-02-28T08:16:12.000Z</time>
      </trkpt>
      <trkpt lat="46.090219" lon="11.152487">
        <ele>729.334263</ele>
        <time>2026-02-28T08:16:15.000Z</time>
      </trkpt>
      <trkpt lat="46.090221" lon="11.152440">
        <ele>729.926687</ele>
        <time>2026-02-28T08:16:18.000Z</time>
      </trkpt>
      <trkpt lat="46.090221" lon="11.152426">
        <ele>730.102822</ele>
        <time>2026-02-28T08:16:19.000Z</time>
      </trkpt>
      <trkpt lat="46.090221" lon="11.152370">
        <ele>730.807365</ele>
        <time>2026-02-28T08:16:23.000Z</time>
      </trkpt>
      <trkpt lat="46.090221" lon="11.152342">
        <ele>731.159636</ele>
        <time>2026-02-28T08:16:25.000Z</time>
      </trkpt>
      <trkpt lat="46.090220" lon="11.152331">
        <ele>731.299212</ele>
        <time>2026-02-28T08:16:26.000Z</time>
      </trkpt>
      <trkpt lat="46.090236" lon="11.152271">
        <ele>732.107958</ele>
        <time>2026-02-28T08:16:32.000Z</time>
      </trkpt>
      <trkpt lat="46.090239" lon="11.152258">
        <ele>732.280329</ele>
        <time>2026-02-28T08:16:33.000Z</time>
      </trkpt>
      <trkpt lat="46.090259" lon="11.152207">
        <ele>733.017440</ele>
        <time>2026-02-28T08:16:39.000Z</time>
      </trkpt>
      <trkpt lat="46.090264" lon="11.152198">
        <ele>733.162520</ele>
        <time>2026-02-28T08:16:40.000Z</time>
      </trkpt>
      <trkpt lat="46.090286" lon="11.152158">
        <ele>733.804808</ele>
        <time>2026-02-28T08:16:45.000Z</time>
      </trkpt>
      <trkpt lat="46.090297" lon="11.152139">
        <ele>734.116193</ele>
        <time>2026-02-28T08:16:47.000Z</time>
      </trkpt>
      <trkpt lat="46.090312" lon="11.152111">
        <ele>734.561321</ele>
        <time>2026-02-28T08:16:51.000Z</time>
      </trkpt>
      <trkpt lat="46.090329" lon="11.152082">
        <ele>735.039049</ele>
        <time>2026-02-28T08:16:56.000Z</time>
      </trkpt>
      <trkpt lat="46.090334" lon="11.152070">
        <ele>735.215174</ele>
        <time>2026-02-28T08:16:57.000Z</time>
      </trkpt>
      <trkpt lat="46.090353" lon="11.152009">
        <ele>736.056467</ele>
        <time>2026-02-28T08:17:04.000Z</time>
      </trkpt>
      <trkpt lat="46.090359" lon="11.151995">
        <ele>736.263520</ele>
        <time>2026-02-28T08:17:06.000Z</time>
      </trkpt>
      <trkpt lat="46.090380" lon="11.151951">
        <ele>736.935506</ele>
        <time>2026-02-28T08:17:11.000Z</time>
      </trkpt>
      <trkpt lat="46.090388" lon="11.151932">
        <ele>737.215152</ele>
        <time>2026-02-28T08:17:13.000Z</time>
      </trkpt>
      <trkpt lat="46.090411" lon="11.151880">
        <ele>737.991094</ele>
        <time>2026-02-28T08:17:18.000Z</time>
      </trkpt>
      <trkpt lat="46.090416" lon="11.151858">
        <ele>738.282361</ele>
        <time>2026-02-28T08:17:20.000Z</time>
      </trkpt>
      <trkpt lat="46.090421" lon="11.151833">
        <ele>738.609705</ele>
        <time>2026-02-28T08:17:22.000Z</time>
      </trkpt>
      <trkpt lat="46.090430" lon="11.151801">
        <ele>739.044145</ele>
        <time>2026-02-28T08:17:25.000Z</time>
      </trkpt>
      <trkpt lat="46.090439" lon="11.151776">
        <ele>739.398522</ele>
        <time>2026-02-28T08:17:27.000Z</time>
      </trkpt>
      <trkpt lat="46.090447" lon="11.151747">
        <ele>739.791177</ele>
        <time>2026-02-28T08:17:30.000Z</time>
      </trkpt>
      <trkpt lat="46.090472" lon="11.151705">
        <ele>740.487519</ele>
        <time>2026-02-28T08:17:34.000Z</time>
      </trkpt>
      <trkpt lat="46.090475" lon="11.151694">
        <ele>740.636227</ele>
        <time>2026-02-28T08:17:35.000Z</time>
      </trkpt>
      <trkpt lat="46.090483" lon="11.151670">
        <ele>740.971238</ele>
        <time>2026-02-28T08:17:37.000Z</time>
      </trkpt>
      <trkpt lat="46.090495" lon="11.151620">
        <ele>741.636892</ele>
        <time>2026-02-28T08:17:41.000Z</time>
      </trkpt>
      <trkpt lat="46.090497" lon="11.151596">
        <ele>741.941010</ele>
        <time>2026-02-28T08:17:44.000Z</time>
      </trkpt>
      <trkpt lat="46.090517" lon="11.151561">
        <ele>742.511564</ele>
        <time>2026-02-28T08:17:48.000Z</time>
      </trkpt>
      <trkpt lat="46.090542" lon="11.151515">
        <ele>743.246823</ele>
        <time>2026-02-28T08:17:52.000Z</time>
      </trkpt>
      <trkpt lat="46.090548" lon="11.151501">
        <ele>743.453875</ele>
        <time>2026-02-28T08:17:54.000Z</time>
      </trkpt>
      <trkpt lat="46.090571" lon="11.151443">
        <ele>744.081603</ele>
        <time>2026-02-28T08:18:00.000Z</time>
      </trkpt>
      <trkpt lat="46.090581" lon="11.151424">
        <ele>744.255353</ele>
        <time>2026-02-28T08:18:02.000Z</time>
      </trkpt>
      <trkpt lat="46.090606" lon="11.151381">
        <ele>744.664098</ele>
        <time>2026-02-28T08:18:06.000Z</time>
      </trkpt>
      <trkpt lat="46.090624" lon="11.151342">
        <ele>745.005358</ele>
        <time>2026-02-28T08:18:10.000Z</time>
      </trkpt>
      <trkpt lat="46.090633" lon="11.151322">
        <ele>745.179032</ele>
        <time>2026-02-28T08:18:12.000Z</time>
      </trkpt>
      <trkpt lat="46.090652" lon="11.151302">
        <ele>745.426124</ele>
        <time>2026-02-28T08:18:14.000Z</time>
      </trkpt>
      <trkpt lat="46.090656" lon="11.151289">
        <ele>745.529725</ele>
        <time>2026-02-28T08:18:15.000Z</time>
      </trkpt>
      <trkpt lat="46.090665" lon="11.151266">
        <ele>745.722100</ele>
        <time>2026-02-28T08:18:17.000Z</time>
      </trkpt>
      <trkpt lat="46.090693" lon="11.151204">
        <ele>746.261060</ele>
        <time>2026-02-28T08:18:23.000Z</time>
      </trkpt>
      <trkpt lat="46.090695" lon="11.151197">
        <ele>746.316210</ele>
        <time>2026-02-28T08:18:24.000Z</time>
      </trkpt>
      <trkpt lat="46.090707" lon="11.151167">
        <ele>746.568491</ele>
        <time>2026-02-28T08:18:27.000Z</time>
      </trkpt>
      <trkpt lat="46.090716" lon="11.151142">
        <ele>746.773679</ele>
        <time>2026-02-28T08:18:29.000Z</time>
      </trkpt>
      <trkpt lat="46.090730" lon="11.151113">
        <ele>747.031073</ele>
        <time>2026-02-28T08:18:31.000Z</time>
      </trkpt>
      <trkpt lat="46.090746" lon="11.151073">
        <ele>747.367447</ele>
        <time>2026-02-28T08:18:35.000Z</time>
      </trkpt>
      <trkpt lat="46.090760" lon="11.151026">
        <ele>747.740065</ele>
        <time>2026-02-28T08:18:39.000Z</time>
      </trkpt>
      <trkpt lat="46.090768" lon="11.150999">
        <ele>747.953946</ele>
        <time>2026-02-28T08:18:41.000Z</time>
      </trkpt>
      <trkpt lat="46.090788" lon="11.150904">
        <ele>748.677160</ele>
        <time>2026-02-28T08:18:48.000Z</time>
      </trkpt>
      <trkpt lat="46.090812" lon="11.150793">
        <ele>749.524129</ele>
        <time>2026-02-28T08:18:56.000Z</time>
      </trkpt>
      <trkpt lat="46.090814" lon="11.150777">
        <ele>749.642560</ele>
        <time>2026-02-28T08:18:57.000Z</time>
      </trkpt>
      <trkpt lat="46.090823" lon="11.150691">
        <ele>750.276122</ele>
        <time>2026-02-28T08:19:03.000Z</time>
      </trkpt>
      <trkpt lat="46.090831" lon="11.150641">
        <ele>750.649917</ele>
        <time>2026-02-28T08:19:06.000Z</time>
      </trkpt>
      <trkpt lat="46.090835" lon="11.150597">
        <ele>750.973178</ele>
        <time>2026-02-28T08:19:10.000Z</time>
      </trkpt>
      <trkpt lat="46.090835" lon="11.150559">
        <ele>751.249990</ele>
        <time>2026-02-28T08:19:14.000Z</time>
      </trkpt>
      <trkpt lat="46.090839" lon="11.150498">
        <ele>751.696329</ele>
        <time>2026-02-28T08:19:17.000Z</time>
      </trkpt>
      <trkpt lat="46.090843" lon="11.150434">
        <ele>752.164428</ele>
        <time>2026-02-28T08:19:21.000Z</time>
      </trkpt>
      <trkpt lat="46.090841" lon="11.150388">
        <ele>752.500174</ele>
        <time>2026-02-28T08:19:24.000Z</time>
      </trkpt>
      <trkpt lat="46.090847" lon="11.150329">
        <ele>752.934558</ele>
        <time>2026-02-28T08:19:29.000Z</time>
      </trkpt>
      <trkpt lat="46.090855" lon="11.150278">
        <ele>753.315453</ele>
        <time>2026-02-28T08:19:33.000Z</time>
      </trkpt>
      <trkpt lat="46.090862" lon="11.150225">
        <ele>753.708472</ele>
        <time>2026-02-28T08:19:36.000Z</time>
      </trkpt>
      <trkpt lat="46.090861" lon="11.150206">
        <ele>753.847276</ele>
        <time>2026-02-28T08:19:38.000Z</time>
      </trkpt>
      <trkpt lat="46.090861" lon="11.150197">
        <ele>753.912837</ele>
        <time>2026-02-28T08:19:39.000Z</time>
      </trkpt>
      <trkpt lat="46.090858" lon="11.150184">
        <ele>754.012641</ele>
        <time>2026-02-28T08:19:40.000Z</time>
      </trkpt>
      <trkpt lat="46.090857" lon="11.150172">
        <ele>754.100684</ele>
        <time>2026-02-28T08:19:41.000Z</time>
      </trkpt>
      <trkpt lat="46.090858" lon="11.150089">
        <ele>754.705392</ele>
        <time>2026-02-28T08:19:47.000Z</time>
      </trkpt>
      <trkpt lat="46.090854" lon="11.150074">
        <ele>754.822459</ele>
        <time>2026-02-28T08:19:48.000Z</time>
      </trkpt>
      <trkpt lat="46.090835" lon="11.149981">
        <ele>755.528704</ele>
        <time>2026-02-28T08:19:54.000Z</time>
      </trkpt>
      <trkpt lat="46.090829" lon="11.149951">
        <ele>755.756146</ele>
        <time>2026-02-28T08:19:56.000Z</time>
      </trkpt>
      <trkpt lat="46.090826" lon="11.149859">
        <ele>756.427064</ele>
        <time>2026-02-28T08:20:02.000Z</time>
      </trkpt>
      <trkpt lat="46.090831" lon="11.149772">
        <ele>757.062990</ele>
        <time>2026-02-28T08:20:08.000Z</time>
      </trkpt>
      <trkpt lat="46.090840" lon="11.149654">
        <ele>757.927748</ele>
        <time>2026-02-28T08:20:15.000Z</time>
      </trkpt>
      <trkpt lat="46.090848" lon="11.149574">
        <ele>758.516537</ele>
        <time>2026-02-28T08:20:21.000Z</time>
      </trkpt>
      <trkpt lat="46.090872" lon="11.149452">
        <ele>759.440312</ele>
        <time>2026-02-28T08:20:29.000Z</time>
      </trkpt>
      <trkpt lat="46.090880" lon="11.149332">
        <ele>760.318485</ele>
        <time>2026-02-28T08:20:37.000Z</time>
      </trkpt>
      <trkpt lat="46.090882" lon="11.149218">
        <ele>761.149186</ele>
        <time>2026-02-28T08:20:44.000Z</time>
      </trkpt>
      <trkpt lat="46.090890" lon="11.149135">
        <ele>761.759613</ele>
        <time>2026-02-28T08:20:48.000Z</time>
      </trkpt>
      <trkpt lat="46.090893" lon="11.149101">
        <ele>762.009284</ele>
        <time>2026-02-28T08:20:50.000Z</time>
      </trkpt>
      <trkpt lat="46.090910" lon="11.148982">
        <ele>762.802440</ele>
        <time>2026-02-28T08:20:57.000Z</time>
      </trkpt>
      <trkpt lat="46.090918" lon="11.148912">
        <ele>763.096217</ele>
        <time>2026-02-28T08:21:02.000Z</time>
      </trkpt>
      <trkpt lat="46.090935" lon="11.148840">
        <ele>763.411173</ele>
        <time>2026-02-28T08:21:07.000Z</time>
      </trkpt>
      <trkpt lat="46.090939" lon="11.148799">
        <ele>763.582624</ele>
        <time>2026-02-28T08:21:09.000Z</time>
      </trkpt>
      <trkpt lat="46.090951" lon="11.148744">
        <ele>763.821382</ele>
        <time>2026-02-28T08:21:13.000Z</time>
      </trkpt>
      <trkpt lat="46.090976" lon="11.148614">
        <ele>764.380021</ele>
        <time>2026-02-28T08:21:21.000Z</time>
      </trkpt>
      <trkpt lat="46.091002" lon="11.148469">
        <ele>765.000206</ele>
        <time>2026-02-28T08:21:32.000Z</time>
      </trkpt>
      <trkpt lat="46.091030" lon="11.148342">
        <ele>765.552044</ele>
        <time>2026-02-28T08:21:40.000Z</time>
      </trkpt>
      <trkpt lat="46.091071" lon="11.148186">
        <ele>766.242866</ele>
        <time>2026-02-28T08:21:51.000Z</time>
      </trkpt>
      <trkpt lat="46.091093" lon="11.148083">
        <ele>766.689155</ele>
        <time>2026-02-28T08:21:58.000Z</time>
      </trkpt>
      <trkpt lat="46.091128" lon="11.147964">
        <ele>767.224413</ele>
        <time>2026-02-28T08:22:06.000Z</time>
      </trkpt>
      <trkpt lat="46.091140" lon="11.147862">
        <ele>767.652824</ele>
        <time>2026-02-28T08:22:12.000Z</time>
      </trkpt>
      <trkpt lat="46.091161" lon="11.147792">
        <ele>767.968649</ele>
        <time>2026-02-28T08:22:17.000Z</time>
      </trkpt>
      <trkpt lat="46.091175" lon="11.147690">
        <ele>768.399219</ele>
        <time>2026-02-28T08:22:23.000Z</time>
      </trkpt>
      <trkpt lat="46.091185" lon="11.147608">
        <ele>768.743987</ele>
        <time>2026-02-28T08:22:29.000Z</time>
      </trkpt>
      <trkpt lat="46.091184" lon="11.147587">
        <ele>768.831152</ele>
        <time>2026-02-28T08:22:34.000Z</time>
      </trkpt>
      <trkpt lat="46.091183" lon="11.147592">
        <ele>768.852700</ele>
        <time>2026-02-28T08:22:35.000Z</time>
      </trkpt>
      <trkpt lat="46.091185" lon="11.147598">
        <ele>768.880267</ele>
        <time>2026-02-28T08:22:42.000Z</time>
      </trkpt>
      <trkpt lat="46.091184" lon="11.147577">
        <ele>768.967432</ele>
        <time>2026-02-28T08:22:52.000Z</time>
      </trkpt>
      <trkpt lat="46.091184" lon="11.147572">
        <ele>768.988136</ele>
        <time>2026-02-28T08:22:54.000Z</time>
      </trkpt>
      <trkpt lat="46.091195" lon="11.147578">
        <ele>769.058359</ele>
        <time>2026-02-28T08:22:57.000Z</time>
      </trkpt>
      <trkpt lat="46.091214" lon="11.147545">
        <ele>769.235966</ele>
        <time>2026-02-28T08:23:02.000Z</time>
      </trkpt>
      <trkpt lat="46.091233" lon="11.147514">
        <ele>769.407282</ele>
        <time>2026-02-28T08:23:06.000Z</time>
      </trkpt>
      <trkpt lat="46.091253" lon="11.147483">
        <ele>769.582610</ele>
        <time>2026-02-28T08:23:09.000Z</time>
      </trkpt>
      <trkpt lat="46.091291" lon="11.147439">
        <ele>769.873608</ele>
        <time>2026-02-28T08:23:15.000Z</time>
      </trkpt>
      <trkpt lat="46.091309" lon="11.147381">
        <ele>770.136734</ele>
        <time>2026-02-28T08:23:21.000Z</time>
      </trkpt>
      <trkpt lat="46.091308" lon="11.147370">
        <ele>770.182674</ele>
        <time>2026-02-28T08:23:22.000Z</time>
      </trkpt>
      <trkpt lat="46.091348" lon="11.147309">
        <ele>770.530308</ele>
        <time>2026-02-28T08:23:28.000Z</time>
      </trkpt>
      <trkpt lat="46.091394" lon="11.147252">
        <ele>770.892458</ele>
        <time>2026-02-28T08:23:33.000Z</time>
      </trkpt>
      <trkpt lat="46.091411" lon="11.147230">
        <ele>771.028851</ele>
        <time>2026-02-28T08:23:35.000Z</time>
      </trkpt>
      <trkpt lat="46.091443" lon="11.147200">
        <ele>771.256756</ele>
        <time>2026-02-28T08:23:38.000Z</time>
      </trkpt>
      <trkpt lat="46.091481" lon="11.147143">
        <ele>771.584161</ele>
        <time>2026-02-28T08:23:43.000Z</time>
      </trkpt>
      <trkpt lat="46.091508" lon="11.147077">
        <ele>771.901469</ele>
        <time>2026-02-28T08:23:50.000Z</time>
      </trkpt>
      <trkpt lat="46.091517" lon="11.147040">
        <ele>772.063834</ele>
        <time>2026-02-28T08:23:53.000Z</time>
      </trkpt>
      <trkpt lat="46.091544" lon="11.146978">
        <ele>772.366992</ele>
        <time>2026-02-28T08:23:58.000Z</time>
      </trkpt>
      <trkpt lat="46.091565" lon="11.146931">
        <ele>772.598511</ele>
        <time>2026-02-28T08:24:03.000Z</time>
      </trkpt>
      <trkpt lat="46.091579" lon="11.146902">
        <ele>772.744828</ele>
        <time>2026-02-28T08:24:06.000Z</time>
      </trkpt>
      <trkpt lat="46.091613" lon="11.146836">
        <ele>773.085280</ele>
        <time>2026-02-28T08:24:12.000Z</time>
      </trkpt>
      <trkpt lat="46.091633" lon="11.146758">
        <ele>773.451009</ele>
        <time>2026-02-28T08:24:18.000Z</time>
      </trkpt>
      <trkpt lat="46.091637" lon="11.146746">
        <ele>773.643113</ele>
        <time>2026-02-28T08:24:19.000Z</time>
      </trkpt>
      <trkpt lat="46.091651" lon="11.146690">
        <ele>774.502007</ele>
        <time>2026-02-28T08:24:24.000Z</time>
      </trkpt>
      <trkpt lat="46.091655" lon="11.146664">
        <ele>774.886268</ele>
        <time>2026-02-28T08:24:26.000Z</time>
      </trkpt>
      <trkpt lat="46.091661" lon="11.146636">
        <ele>775.309113</ele>
        <time>2026-02-28T08:24:29.000Z</time>
      </trkpt>
      <trkpt lat="46.091666" lon="11.146608">
        <ele>775.726289</ele>
        <time>2026-02-28T08:24:31.000Z</time>
      </trkpt>
      <trkpt lat="46.091675" lon="11.146568">
        <ele>776.333045</ele>
        <time>2026-02-28T08:24:34.000Z</time>
      </trkpt>
      <trkpt lat="46.091707" lon="11.146495">
        <ele>777.579096</ele>
        <time>2026-02-28T08:24:41.000Z</time>
      </trkpt>
      <trkpt lat="46.091755" lon="11.146421">
        <ele>779.041046</ele>
        <time>2026-02-28T08:24:49.000Z</time>
      </trkpt>
      <trkpt lat="46.091767" lon="11.146390">
        <ele>779.553289</ele>
        <time>2026-02-28T08:24:52.000Z</time>
      </trkpt>
      <trkpt lat="46.091795" lon="11.146331">
        <ele>780.584810</ele>
        <time>2026-02-28T08:24:57.000Z</time>
      </trkpt>
      <trkpt lat="46.091828" lon="11.146251">
        <ele>781.927843</ele>
        <time>2026-02-28T08:25:04.000Z</time>
      </trkpt>
      <trkpt lat="46.091831" lon="11.146245">
        <ele>782.034568</ele>
        <time>2026-02-28T08:25:05.000Z</time>
      </trkpt>
      <trkpt lat="46.091851" lon="11.146201">
        <ele>782.793632</ele>
        <time>2026-02-28T08:25:10.000Z</time>
      </trkpt>
      <trkpt lat="46.091861" lon="11.146176">
        <ele>783.210044</ele>
        <time>2026-02-28T08:25:12.000Z</time>
      </trkpt>
      <trkpt lat="46.091889" lon="11.146129">
        <ele>784.104039</ele>
        <time>2026-02-28T08:25:16.000Z</time>
      </trkpt>
      <trkpt lat="46.091917" lon="11.146072">
        <ele>785.111876</ele>
        <time>2026-02-28T08:25:20.000Z</time>
      </trkpt>
      <trkpt lat="46.091933" lon="11.146049">
        <ele>785.581917</ele>
        <time>2026-02-28T08:25:23.000Z</time>
      </trkpt>
      <trkpt lat="46.091946" lon="11.146024">
        <ele>786.032766</ele>
        <time>2026-02-28T08:25:26.000Z</time>
      </trkpt>
      <trkpt lat="46.091974" lon="11.145995">
        <ele>786.750008</ele>
        <time>2026-02-28T08:25:30.000Z</time>
      </trkpt>
      <trkpt lat="46.091989" lon="11.145967">
        <ele>787.260503</ele>
        <time>2026-02-28T08:25:34.000Z</time>
      </trkpt>
      <trkpt lat="46.092004" lon="11.145939">
        <ele>787.770998</ele>
        <time>2026-02-28T08:25:38.000Z</time>
      </trkpt>
      <trkpt lat="46.092015" lon="11.145925">
        <ele>788.076249</ele>
        <time>2026-02-28T08:25:44.000Z</time>
      </trkpt>
      <trkpt lat="46.092028" lon="11.145940">
        <ele>788.422649</ele>
        <time>2026-02-28T08:25:47.000Z</time>
      </trkpt>
      <trkpt lat="46.092039" lon="11.145983">
        <ele>789.083935</ele>
        <time>2026-02-28T08:25:53.000Z</time>
      </trkpt>
      <trkpt lat="46.092043" lon="11.145989">
        <ele>789.204018</ele>
        <time>2026-02-28T08:25:54.000Z</time>
      </trkpt>
      <trkpt lat="46.092042" lon="11.146048">
        <ele>790.055549</ele>
        <time>2026-02-28T08:26:00.000Z</time>
      </trkpt>
      <trkpt lat="46.092043" lon="11.146057">
        <ele>790.187061</ele>
        <time>2026-02-28T08:26:01.000Z</time>
      </trkpt>
      <trkpt lat="46.092049" lon="11.146068">
        <ele>790.388983</ele>
        <time>2026-02-28T08:26:06.000Z</time>
      </trkpt>
      <trkpt lat="46.092053" lon="11.146065">
        <ele>790.482787</ele>
        <time>2026-02-28T08:26:07.000Z</time>
      </trkpt>
      <trkpt lat="46.092055" lon="11.146064">
        <ele>790.526828</ele>
        <time>2026-02-28T08:26:08.000Z</time>
      </trkpt>
      <trkpt lat="46.092061" lon="11.146074">
        <ele>790.717618</ele>
        <time>2026-02-28T08:26:12.000Z</time>
      </trkpt>
      <trkpt lat="46.092076" lon="11.146057">
        <ele>791.114551</ele>
        <time>2026-02-28T08:26:17.000Z</time>
      </trkpt>
      <trkpt lat="46.092108" lon="11.146064">
        <ele>791.787933</ele>
        <time>2026-02-28T08:26:23.000Z</time>
      </trkpt>
      <trkpt lat="46.092131" lon="11.146016">
        <ele>792.629731</ele>
        <time>2026-02-28T08:26:28.000Z</time>
      </trkpt>
      <trkpt lat="46.092139" lon="11.146004">
        <ele>792.869898</ele>
        <time>2026-02-28T08:26:30.000Z</time>
      </trkpt>
      <trkpt lat="46.092156" lon="11.146006">
        <ele>793.224761</ele>
        <time>2026-02-28T08:26:34.000Z</time>
      </trkpt>
      <trkpt lat="46.092157" lon="11.146039">
        <ele>793.701352</ele>
        <time>2026-02-28T08:26:37.000Z</time>
      </trkpt>
      <trkpt lat="46.092155" lon="11.146056">
        <ele>793.950139</ele>
        <time>2026-02-28T08:26:39.000Z</time>
      </trkpt>
      <trkpt lat="46.092157" lon="11.146104">
        <ele>794.643950</ele>
        <time>2026-02-28T08:26:44.000Z</time>
      </trkpt>
      <trkpt lat="46.092156" lon="11.146118">
        <ele>794.847016</ele>
        <time>2026-02-28T08:26:45.000Z</time>
      </trkpt>
      <trkpt lat="46.092165" lon="11.146133">
        <ele>795.133200</ele>
        <time>2026-02-28T08:26:50.000Z</time>
      </trkpt>
      <trkpt lat="46.092167" lon="11.146127">
        <ele>795.229251</ele>
        <time>2026-02-28T08:26:51.000Z</time>
      </trkpt>
      <trkpt lat="46.092167" lon="11.146116">
        <ele>795.387963</ele>
        <time>2026-02-28T08:26:52.000Z</time>
      </trkpt>
      <trkpt lat="46.092191" lon="11.146046">
        <ele>796.514638</ele>
        <time>2026-02-28T08:26:57.000Z</time>
      </trkpt>
      <trkpt lat="46.092214" lon="11.146004">
        <ele>797.286782</ele>
        <time>2026-02-28T08:27:00.000Z</time>
      </trkpt>
      <trkpt lat="46.092228" lon="11.145983">
        <ele>797.707075</ele>
        <time>2026-02-28T08:27:04.000Z</time>
      </trkpt>
      <trkpt lat="46.092233" lon="11.145969">
        <ele>797.934284</ele>
        <time>2026-02-28T08:27:06.000Z</time>
      </trkpt>
      <trkpt lat="46.092271" lon="11.145914">
        <ele>799.054453</ele>
        <time>2026-02-28T08:27:12.000Z</time>
      </trkpt>
      <trkpt lat="46.092285" lon="11.145907">
        <ele>799.362739</ele>
        <time>2026-02-28T08:27:15.000Z</time>
      </trkpt>
      <trkpt lat="46.092281" lon="11.145935">
        <ele>799.775215</ele>
        <time>2026-02-28T08:27:18.000Z</time>
      </trkpt>
      <trkpt lat="46.092278" lon="11.145953">
        <ele>800.042320</ele>
        <time>2026-02-28T08:27:20.000Z</time>
      </trkpt>
      <trkpt lat="46.092274" lon="11.146066">
        <ele>801.674847</ele>
        <time>2026-02-28T08:27:29.000Z</time>
      </trkpt>
      <trkpt lat="46.092276" lon="11.146076">
        <ele>801.825010</ele>
        <time>2026-02-28T08:27:30.000Z</time>
      </trkpt>
      <trkpt lat="46.092285" lon="11.146103">
        <ele>802.257240</ele>
        <time>2026-02-28T08:27:34.000Z</time>
      </trkpt>
      <trkpt lat="46.092288" lon="11.146115">
        <ele>802.441287</ele>
        <time>2026-02-28T08:27:36.000Z</time>
      </trkpt>
      <trkpt lat="46.092286" lon="11.146120">
        <ele>802.524569</ele>
        <time>2026-02-28T08:27:37.000Z</time>
      </trkpt>
      <trkpt lat="46.092284" lon="11.146126">
        <ele>802.620620</ele>
        <time>2026-02-28T08:27:38.000Z</time>
      </trkpt>
      <trkpt lat="46.092281" lon="11.146167">
        <ele>803.215466</ele>
        <time>2026-02-28T08:27:44.000Z</time>
      </trkpt>
      <trkpt lat="46.092285" lon="11.146190">
        <ele>803.557593</ele>
        <time>2026-02-28T08:27:47.000Z</time>
      </trkpt>
      <trkpt lat="46.092289" lon="11.146207">
        <ele>803.816609</ele>
        <time>2026-02-28T08:27:49.000Z</time>
      </trkpt>
      <trkpt lat="46.092288" lon="11.146258">
        <ele>804.552749</ele>
        <time>2026-02-28T08:27:55.000Z</time>
      </trkpt>
      <trkpt lat="46.092285" lon="11.146263">
        <ele>804.648143</ele>
        <time>2026-02-28T08:27:56.000Z</time>
      </trkpt>
      <trkpt lat="46.092288" lon="11.146300">
        <ele>805.185628</ele>
        <time>2026-02-28T08:28:02.000Z</time>
      </trkpt>
      <trkpt lat="46.092288" lon="11.146309">
        <ele>805.315483</ele>
        <time>2026-02-28T08:28:03.000Z</time>
      </trkpt>
      <trkpt lat="46.092286" lon="11.146341">
        <ele>805.779062</ele>
        <time>2026-02-28T08:28:07.000Z</time>
      </trkpt>
      <trkpt lat="46.092280" lon="11.146366">
        <ele>806.160760</ele>
        <time>2026-02-28T08:28:09.000Z</time>
      </trkpt>
      <trkpt lat="46.092259" lon="11.146424">
        <ele>807.104793</ele>
        <time>2026-02-28T08:28:14.000Z</time>
      </trkpt>
      <trkpt lat="46.092248" lon="11.146452">
        <ele>807.569106</ele>
        <time>2026-02-28T08:28:18.000Z</time>
      </trkpt>
      <trkpt lat="46.092250" lon="11.146453">
        <ele>807.613146</ele>
        <time>2026-02-28T08:28:19.000Z</time>
      </trkpt>
      <trkpt lat="46.092251" lon="11.146474">
        <ele>807.916855</ele>
        <time>2026-02-28T08:28:23.000Z</time>
      </trkpt>
      <trkpt lat="46.092250" lon="11.146496">
        <ele>808.234960</ele>
        <time>2026-02-28T08:28:25.000Z</time>
      </trkpt>
      <trkpt lat="46.092250" lon="11.146516">
        <ele>808.523528</ele>
        <time>2026-02-28T08:28:28.000Z</time>
      </trkpt>
      <trkpt lat="46.092251" lon="11.146550">
        <ele>809.014533</ele>
        <time>2026-02-28T08:28:34.000Z</time>
      </trkpt>
      <trkpt lat="46.092248" lon="11.146568">
        <ele>809.281638</ele>
        <time>2026-02-28T08:28:36.000Z</time>
      </trkpt>
      <trkpt lat="46.092248" lon="11.146614">
        <ele>809.945343</ele>
        <time>2026-02-28T08:28:41.000Z</time>
      </trkpt>
      <trkpt lat="46.092252" lon="11.146634">
        <ele>810.245670</ele>
        <time>2026-02-28T08:28:44.000Z</time>
      </trkpt>
      <trkpt lat="46.092256" lon="11.146667">
        <ele>810.729024</ele>
        <time>2026-02-28T08:28:48.000Z</time>
      </trkpt>
      <trkpt lat="46.092272" lon="11.146707">
        <ele>811.378512</ele>
        <time>2026-02-28T08:28:53.000Z</time>
      </trkpt>
      <trkpt lat="46.092300" lon="11.146728">
        <ele>812.015242</ele>
        <time>2026-02-28T08:28:57.000Z</time>
      </trkpt>
      <trkpt lat="46.092328" lon="11.146722">
        <ele>812.586335</ele>
        <time>2026-02-28T08:29:02.000Z</time>
      </trkpt>
      <trkpt lat="46.092344" lon="11.146722">
        <ele>812.909128</ele>
        <time>2026-02-28T08:29:04.000Z</time>
      </trkpt>
      <trkpt lat="46.092397" lon="11.146728">
        <ele>813.981672</ele>
        <time>2026-02-28T08:29:11.000Z</time>
      </trkpt>
      <trkpt lat="46.092402" lon="11.146730">
        <ele>814.086354</ele>
        <time>2026-02-28T08:29:12.000Z</time>
      </trkpt>
      <trkpt lat="46.092444" lon="11.146743">
        <ele>814.952989</ele>
        <time>2026-02-28T08:29:19.000Z</time>
      </trkpt>
      <trkpt lat="46.092468" lon="11.146765">
        <ele>815.526733</ele>
        <time>2026-02-28T08:29:26.000Z</time>
      </trkpt>
      <trkpt lat="46.092474" lon="11.146770">
        <ele>815.666541</ele>
        <time>2026-02-28T08:29:27.000Z</time>
      </trkpt>
      <trkpt lat="46.092510" lon="11.146818">
        <ele>816.655730</ele>
        <time>2026-02-28T08:29:33.000Z</time>
      </trkpt>
      <trkpt lat="46.092521" lon="11.146821">
        <ele>816.881585</ele>
        <time>2026-02-28T08:29:35.000Z</time>
      </trkpt>
      <trkpt lat="46.092555" lon="11.146776">
        <ele>817.812659</ele>
        <time>2026-02-28T08:29:43.000Z</time>
      </trkpt>
      <trkpt lat="46.092560" lon="11.146768">
        <ele>817.963335</ele>
        <time>2026-02-28T08:29:44.000Z</time>
      </trkpt>
      <trkpt lat="46.092600" lon="11.146745">
        <ele>818.832112</ele>
        <time>2026-02-28T08:29:50.000Z</time>
      </trkpt>
      <trkpt lat="46.092621" lon="11.146740">
        <ele>819.261515</ele>
        <time>2026-02-28T08:29:52.000Z</time>
      </trkpt>
      <trkpt lat="46.092654" lon="11.146726">
        <ele>819.955493</ele>
        <time>2026-02-28T08:29:57.000Z</time>
      </trkpt>
      <trkpt lat="46.092671" lon="11.146717">
        <ele>820.320846</ele>
        <time>2026-02-28T08:30:00.000Z</time>
      </trkpt>
      <trkpt lat="46.092701" lon="11.146712">
        <ele>820.930113</ele>
        <time>2026-02-28T08:30:04.000Z</time>
      </trkpt>
      <trkpt lat="46.092750" lon="11.146716">
        <ele>821.920252</ele>
        <time>2026-02-28T08:30:11.000Z</time>
      </trkpt>
      <trkpt lat="46.092775" lon="11.146714">
        <ele>822.425392</ele>
        <time>2026-02-28T08:30:16.000Z</time>
      </trkpt>
      <trkpt lat="46.092793" lon="11.146686">
        <ele>822.959562</ele>
        <time>2026-02-28T08:30:20.000Z</time>
      </trkpt>
      <trkpt lat="46.092797" lon="11.146668">
        <ele>823.224013</ele>
        <time>2026-02-28T08:30:22.000Z</time>
      </trkpt>
      <trkpt lat="46.092812" lon="11.146638">
        <ele>823.741458</ele>
        <time>2026-02-28T08:30:27.000Z</time>
      </trkpt>
      <trkpt lat="46.092823" lon="11.146634">
        <ele>823.970327</ele>
        <time>2026-02-28T08:30:29.000Z</time>
      </trkpt>
      <trkpt lat="46.092881" lon="11.146626">
        <ele>825.145794</ele>
        <time>2026-02-28T08:30:35.000Z</time>
      </trkpt>
      <trkpt lat="46.092890" lon="11.146622">
        <ele>825.335795</ele>
        <time>2026-02-28T08:30:36.000Z</time>
      </trkpt>
      <trkpt lat="46.092932" lon="11.146629">
        <ele>826.188769</ele>
        <time>2026-02-28T08:30:41.000Z</time>
      </trkpt>
      <trkpt lat="46.092939" lon="11.146632">
        <ele>826.336096</ele>
        <time>2026-02-28T08:30:42.000Z</time>
      </trkpt>
      <trkpt lat="46.092956" lon="11.146637">
        <ele>826.686126</ele>
        <time>2026-02-28T08:30:44.000Z</time>
      </trkpt>
      <trkpt lat="46.092993" lon="11.146658">
        <ele>827.488327</ele>
        <time>2026-02-28T08:30:49.000Z</time>
      </trkpt>
      <trkpt lat="46.093008" lon="11.146670">
        <ele>827.834399</ele>
        <time>2026-02-28T08:30:51.000Z</time>
      </trkpt>
      <trkpt lat="46.093031" lon="11.146724">
        <ele>828.721023</ele>
        <time>2026-02-28T08:30:56.000Z</time>
      </trkpt>
      <trkpt lat="46.093033" lon="11.146747">
        <ele>829.045333</ele>
        <time>2026-02-28T08:30:58.000Z</time>
      </trkpt>
      <trkpt lat="46.093046" lon="11.146806">
        <ele>829.911457</ele>
        <time>2026-02-28T08:31:05.000Z</time>
      </trkpt>
      <trkpt lat="46.093048" lon="11.146817">
        <ele>830.070558</ele>
        <time>2026-02-28T08:31:06.000Z</time>
      </trkpt>
      <trkpt lat="46.093049" lon="11.146827">
        <ele>830.211914</ele>
        <time>2026-02-28T08:31:07.000Z</time>
      </trkpt>
      <trkpt lat="46.093066" lon="11.146885">
        <ele>831.092886</ele>
        <time>2026-02-28T08:31:14.000Z</time>
      </trkpt>
      <trkpt lat="46.093096" lon="11.146924">
        <ele>831.907772</ele>
        <time>2026-02-28T08:31:21.000Z</time>
      </trkpt>
      <trkpt lat="46.093102" lon="11.146927">
        <ele>832.035890</ele>
        <time>2026-02-28T08:31:22.000Z</time>
      </trkpt>
      <trkpt lat="46.093135" lon="11.146974">
        <ele>832.971645</ele>
        <time>2026-02-28T08:31:28.000Z</time>
      </trkpt>
      <trkpt lat="46.093150" lon="11.146996">
        <ele>833.403291</ele>
        <time>2026-02-28T08:31:31.000Z</time>
      </trkpt>
      <trkpt lat="46.093173" lon="11.147022">
        <ele>833.992895</ele>
        <time>2026-02-28T08:31:35.000Z</time>
      </trkpt>
      <trkpt lat="46.093183" lon="11.147019">
        <ele>834.198961</ele>
        <time>2026-02-28T08:31:38.000Z</time>
      </trkpt>
      <trkpt lat="46.093189" lon="11.147035">
        <ele>834.453447</ele>
        <time>2026-02-28T08:31:40.000Z</time>
      </trkpt>
      <trkpt lat="46.093186" lon="11.147039">
        <ele>834.535879</ele>
        <time>2026-02-28T08:31:44.000Z</time>
      </trkpt>
      <trkpt lat="46.093186" lon="11.147017">
        <ele>834.843677</ele>
        <time>2026-02-28T08:31:50.000Z</time>
      </trkpt>
      <trkpt lat="46.093180" lon="11.147015">
        <ele>834.967917</ele>
        <time>2026-02-28T08:31:52.000Z</time>
      </trkpt>
      <trkpt lat="46.093178" lon="11.147043">
        <ele>835.361732</ele>
        <time>2026-02-28T08:31:58.000Z</time>
      </trkpt>
      <trkpt lat="46.093196" lon="11.147057">
        <ele>835.774332</ele>
        <time>2026-02-28T08:32:02.000Z</time>
      </trkpt>
      <trkpt lat="46.093199" lon="11.147072">
        <ele>835.992748</ele>
        <time>2026-02-28T08:32:12.000Z</time>
      </trkpt>
      <trkpt lat="46.093208" lon="11.147076">
        <ele>836.182748</ele>
        <time>2026-02-28T08:32:21.000Z</time>
      </trkpt>
      <trkpt lat="46.093252" lon="11.147108">
        <ele>837.176941</ele>
        <time>2026-02-28T08:32:29.000Z</time>
      </trkpt>
      <trkpt lat="46.093290" lon="11.147145">
        <ele>838.101983</ele>
        <time>2026-02-28T08:32:35.000Z</time>
      </trkpt>
      <trkpt lat="46.093297" lon="11.147156">
        <ele>838.310857</ele>
        <time>2026-02-28T08:32:37.000Z</time>
      </trkpt>
      <trkpt lat="46.093324" lon="11.147180">
        <ele>838.950749</ele>
        <time>2026-02-28T08:32:43.000Z</time>
      </trkpt>
      <trkpt lat="46.093328" lon="11.147181">
        <ele>839.032651</ele>
        <time>2026-02-28T08:32:44.000Z</time>
      </trkpt>
      <trkpt lat="46.093350" lon="11.147206">
        <ele>839.597747</ele>
        <time>2026-02-28T08:32:50.000Z</time>
      </trkpt>
      <trkpt lat="46.093364" lon="11.147225">
        <ele>839.985610</ele>
        <time>2026-02-28T08:32:53.000Z</time>
      </trkpt>
      <trkpt lat="46.093385" lon="11.147250">
        <ele>840.535003</ele>
        <time>2026-02-28T08:32:58.000Z</time>
      </trkpt>
      <trkpt lat="46.093400" lon="11.147277">
        <ele>841.019022</ele>
        <time>2026-02-28T08:33:04.000Z</time>
      </trkpt>
      <trkpt lat="46.093401" lon="11.147274">
        <ele>841.065591</ele>
        <time>2026-02-28T08:33:06.000Z</time>
      </trkpt>
      <trkpt lat="46.093423" lon="11.147236">
        <ele>841.758156</ele>
        <time>2026-02-28T08:33:13.000Z</time>
      </trkpt>
      <trkpt lat="46.093428" lon="11.147231">
        <ele>841.880911</ele>
        <time>2026-02-28T08:33:15.000Z</time>
      </trkpt>
      <trkpt lat="46.093434" lon="11.147229">
        <ele>842.005151</ele>
        <time>2026-02-28T08:33:18.000Z</time>
      </trkpt>
      <trkpt lat="46.093445" lon="11.147223">
        <ele>842.242418</ele>
        <time>2026-02-28T08:33:20.000Z</time>
      </trkpt>
      <trkpt lat="46.093449" lon="11.147221">
        <ele>842.327830</ele>
        <time>2026-02-28T08:33:21.000Z</time>
      </trkpt>
      <trkpt lat="46.093477" lon="11.147203">
        <ele>842.946311</ele>
        <time>2026-02-28T08:33:26.000Z</time>
      </trkpt>
      <trkpt lat="46.093487" lon="11.147194">
        <ele>843.184127</ele>
        <time>2026-02-28T08:33:28.000Z</time>
      </trkpt>
      <trkpt lat="46.093495" lon="11.147184">
        <ele>843.397723</ele>
        <time>2026-02-28T08:33:29.000Z</time>
      </trkpt>
      <trkpt lat="46.093511" lon="11.147144">
        <ele>844.043774</ele>
        <time>2026-02-28T08:33:35.000Z</time>
      </trkpt>
      <trkpt lat="46.093515" lon="11.147133">
        <ele>844.217546</ele>
        <time>2026-02-28T08:33:36.000Z</time>
      </trkpt>
      <trkpt lat="46.093543" lon="11.147090">
        <ele>845.042788</ele>
        <time>2026-02-28T08:33:43.000Z</time>
      </trkpt>
      <trkpt lat="46.093546" lon="11.147083">
        <ele>845.157916</ele>
        <time>2026-02-28T08:33:44.000Z</time>
      </trkpt>
      <trkpt lat="46.093598" lon="11.147021">
        <ele>846.519164</ele>
        <time>2026-02-28T08:33:51.000Z</time>
      </trkpt>
      <trkpt lat="46.093648" lon="11.146999">
        <ele>847.325391</ele>
        <time>2026-02-28T08:33:59.000Z</time>
      </trkpt>
      <trkpt lat="46.093651" lon="11.146992">
        <ele>847.376222</ele>
        <time>2026-02-28T08:34:00.000Z</time>
      </trkpt>
      <trkpt lat="46.093685" lon="11.146935">
        <ele>847.840654</ele>
        <time>2026-02-28T08:34:07.000Z</time>
      </trkpt>
      <trkpt lat="46.093689" lon="11.146927">
        <ele>847.901578</ele>
        <time>2026-02-28T08:34:08.000Z</time>
      </trkpt>
      <trkpt lat="46.093695" lon="11.146894">
        <ele>848.112315</ele>
        <time>2026-02-28T08:34:12.000Z</time>
      </trkpt>
      <trkpt lat="46.093697" lon="11.146882">
        <ele>848.188553</ele>
        <time>2026-02-28T08:34:13.000Z</time>
      </trkpt>
      <trkpt lat="46.093700" lon="11.146861">
        <ele>848.320998</ele>
        <time>2026-02-28T08:34:15.000Z</time>
      </trkpt>
      <trkpt lat="46.093703" lon="11.146842">
        <ele>848.441369</ele>
        <time>2026-02-28T08:34:17.000Z</time>
      </trkpt>
      <trkpt lat="46.093732" lon="11.146731">
        <ele>849.174085</ele>
        <time>2026-02-28T08:34:24.000Z</time>
      </trkpt>
      <trkpt lat="46.093755" lon="11.146607">
        <ele>849.966984</ele>
        <time>2026-02-28T08:34:32.000Z</time>
      </trkpt>
      <trkpt lat="46.093770" lon="11.146575">
        <ele>850.205576</ele>
        <time>2026-02-28T08:34:34.000Z</time>
      </trkpt>
      <trkpt lat="46.093778" lon="11.146555">
        <ele>850.348198</ele>
        <time>2026-02-28T08:34:37.000Z</time>
      </trkpt>
      <trkpt lat="46.093805" lon="11.146477">
        <ele>850.886709</ele>
        <time>2026-02-28T08:34:43.000Z</time>
      </trkpt>
      <trkpt lat="46.093830" lon="11.146396">
        <ele>851.434380</ele>
        <time>2026-02-28T08:34:50.000Z</time>
      </trkpt>
      <trkpt lat="46.093836" lon="11.146373">
        <ele>851.586176</ele>
        <time>2026-02-28T08:34:52.000Z</time>
      </trkpt>
      <trkpt lat="46.093852" lon="11.146315">
        <ele>851.971760</ele>
        <time>2026-02-28T08:34:57.000Z</time>
      </trkpt>
      <trkpt lat="46.093862" lon="11.146298">
        <ele>852.109462</ele>
        <time>2026-02-28T08:34:59.000Z</time>
      </trkpt>
      <trkpt lat="46.093888" lon="11.146270">
        <ele>852.398517</ele>
        <time>2026-02-28T08:35:03.000Z</time>
      </trkpt>
      <trkpt lat="46.093919" lon="11.146266">
        <ele>852.675754</ele>
        <time>2026-02-28T08:35:08.000Z</time>
      </trkpt>
      <trkpt lat="46.093960" lon="11.146253">
        <ele>853.049687</ele>
        <time>2026-02-28T08:35:14.000Z</time>
      </trkpt>
      <trkpt lat="46.093976" lon="11.146248">
        <ele>853.195516</ele>
        <time>2026-02-28T08:35:16.000Z</time>
      </trkpt>
      <trkpt lat="46.093992" lon="11.146231">
        <ele>853.372547</ele>
        <time>2026-02-28T08:35:20.000Z</time>
      </trkpt>
      <trkpt lat="46.094001" lon="11.146206">
        <ele>853.546545</ele>
        <time>2026-02-28T08:35:23.000Z</time>
      </trkpt>
      <trkpt lat="46.094018" lon="11.146191">
        <ele>853.724072</ele>
        <time>2026-02-28T08:35:25.000Z</time>
      </trkpt>
      <trkpt lat="46.094044" lon="11.146185">
        <ele>853.958615</ele>
        <time>2026-02-28T08:35:30.000Z</time>
      </trkpt>
      <trkpt lat="46.094032" lon="11.146210">
        <ele>854.146429</ele>
        <time>2026-02-28T08:35:35.000Z</time>
      </trkpt>
      <trkpt lat="46.094030" lon="11.146213">
        <ele>854.172135</ele>
        <time>2026-02-28T08:35:36.000Z</time>
      </trkpt>
      <trkpt lat="46.094044" lon="11.146195">
        <ele>854.339211</ele>
        <time>2026-02-28T08:35:46.000Z</time>
      </trkpt>
      <trkpt lat="46.094045" lon="11.146147">
        <ele>854.635849</ele>
        <time>2026-02-28T08:35:55.000Z</time>
      </trkpt>
      <trkpt lat="46.094050" lon="11.146140">
        <ele>854.697925</ele>
        <time>2026-02-28T08:35:59.000Z</time>
      </trkpt>
      <trkpt lat="46.094053" lon="11.146112">
        <ele>854.872938</ele>
        <time>2026-02-28T08:36:05.000Z</time>
      </trkpt>
      <trkpt lat="46.094060" lon="11.146037">
        <ele>855.340403</ele>
        <time>2026-02-28T08:36:12.000Z</time>
      </trkpt>
      <trkpt lat="46.094056" lon="11.145952">
        <ele>855.866670</ele>
        <time>2026-02-28T08:36:17.000Z</time>
      </trkpt>
      <trkpt lat="46.094050" lon="11.145946">
        <ele>855.931709</ele>
        <time>2026-02-28T08:36:18.000Z</time>
      </trkpt>
      <trkpt lat="46.093998" lon="11.145948">
        <ele>856.395066</ele>
        <time>2026-02-28T08:36:23.000Z</time>
      </trkpt>
      <trkpt lat="46.093932" lon="11.145946">
        <ele>856.983094</ele>
        <time>2026-02-28T08:36:29.000Z</time>
      </trkpt>
      <trkpt lat="46.093871" lon="11.145921">
        <ele>857.547973</ele>
        <time>2026-02-28T08:36:36.000Z</time>
      </trkpt>
      <trkpt lat="46.093848" lon="11.145904">
        <ele>857.778192</ele>
        <time>2026-02-28T08:36:41.000Z</time>
      </trkpt>
      <trkpt lat="46.093845" lon="11.145909">
        <ele>857.819034</ele>
        <time>2026-02-28T08:36:43.000Z</time>
      </trkpt>
      <trkpt lat="46.093842" lon="11.145911">
        <ele>857.848474</ele>
        <time>2026-02-28T08:36:52.000Z</time>
      </trkpt>
      <trkpt lat="46.093849" lon="11.145926">
        <ele>857.960158</ele>
        <time>2026-02-28T08:37:08.000Z</time>
      </trkpt>
      <trkpt lat="46.093851" lon="11.145921">
        <ele>857.995814</ele>
        <time>2026-02-28T08:37:09.000Z</time>
      </trkpt>
      <trkpt lat="46.093849" lon="11.145920">
        <ele>858.014669</ele>
        <time>2026-02-28T08:37:16.000Z</time>
      </trkpt>
      <trkpt lat="46.093846" lon="11.145914">
        <ele>858.060362</ele>
        <time>2026-02-28T08:37:22.000Z</time>
      </trkpt>
      <trkpt lat="46.093845" lon="11.145909">
        <ele>858.092506</ele>
        <time>2026-02-28T08:37:23.000Z</time>
      </trkpt>
      <trkpt lat="46.093854" lon="11.145899">
        <ele>858.193712</ele>
        <time>2026-02-28T08:37:31.000Z</time>
      </trkpt>
      <trkpt lat="46.093854" lon="11.145898">
        <ele>858.199890</ele>
        <time>2026-02-28T08:37:32.000Z</time>
      </trkpt>
      <trkpt lat="46.093845" lon="11.145892">
        <ele>858.288210</ele>
        <time>2026-02-28T08:37:45.000Z</time>
      </trkpt>
      <trkpt lat="46.093849" lon="11.145895">
        <ele>858.328372</ele>
        <time>2026-02-28T08:37:56.000Z</time>
      </trkpt>
      <trkpt lat="46.093870" lon="11.145915">
        <ele>858.552546</ele>
        <time>2026-02-28T08:38:07.000Z</time>
      </trkpt>
      <trkpt lat="46.093873" lon="11.145905">
        <ele>858.619850</ele>
        <time>2026-02-28T08:38:18.000Z</time>
      </trkpt>
      <trkpt lat="46.093877" lon="11.145905">
        <ele>858.655480</ele>
        <time>2026-02-28T08:38:25.000Z</time>
      </trkpt>
      <trkpt lat="46.093881" lon="11.145906">
        <ele>858.691642</ele>
        <time>2026-02-28T08:38:27.000Z</time>
      </trkpt>
      <trkpt lat="46.093848" lon="11.145892">
        <ele>858.998048</ele>
        <time>2026-02-28T08:38:38.000Z</time>
      </trkpt>
      <trkpt lat="46.093863" lon="11.145887">
        <ele>859.135185</ele>
        <time>2026-02-28T08:38:48.000Z</time>
      </trkpt>
      <trkpt lat="46.093872" lon="11.145888">
        <ele>859.215590</ele>
        <time>2026-02-28T08:38:56.000Z</time>
      </trkpt>
      <trkpt lat="46.093874" lon="11.145881">
        <ele>859.262357</ele>
        <time>2026-02-28T08:38:58.000Z</time>
      </trkpt>
      <trkpt lat="46.093876" lon="11.145879">
        <ele>859.284036</ele>
        <time>2026-02-28T08:38:59.000Z</time>
      </trkpt>
      <trkpt lat="46.093879" lon="11.145879">
        <ele>859.310759</ele>
        <time>2026-02-28T08:39:00.000Z</time>
      </trkpt>
      <trkpt lat="46.093848" lon="11.145894">
        <ele>859.602024</ele>
        <time>2026-02-28T08:39:13.000Z</time>
      </trkpt>
      <trkpt lat="46.093863" lon="11.145896">
        <ele>859.736207</ele>
        <time>2026-02-28T08:39:22.000Z</time>
      </trkpt>
      <trkpt lat="46.093859" lon="11.145902">
        <ele>859.787619</ele>
        <time>2026-02-28T08:39:31.000Z</time>
      </trkpt>
      <trkpt lat="46.093878" lon="11.145903">
        <ele>859.956975</ele>
        <time>2026-02-28T08:39:43.000Z</time>
      </trkpt>
      <trkpt lat="46.093864" lon="11.145906">
        <ele>860.083050</ele>
        <time>2026-02-28T08:39:53.000Z</time>
      </trkpt>
      <trkpt lat="46.093859" lon="11.145913">
        <ele>860.145126</ele>
        <time>2026-02-28T08:39:58.000Z</time>
      </trkpt>
      <trkpt lat="46.093865" lon="11.145925">
        <ele>860.236510</ele>
        <time>2026-02-28T08:40:01.000Z</time>
      </trkpt>
      <trkpt lat="46.093869" lon="11.145932">
        <ele>860.292539</ele>
        <time>2026-02-28T08:40:05.000Z</time>
      </trkpt>
      <trkpt lat="46.093867" lon="11.145925">
        <ele>860.339305</ele>
        <time>2026-02-28T08:40:09.000Z</time>
      </trkpt>
      <trkpt lat="46.093871" lon="11.145921">
        <ele>860.382665</ele>
        <time>2026-02-28T08:40:11.000Z</time>
      </trkpt>
      <trkpt lat="46.093872" lon="11.145922">
        <ele>860.393505</ele>
        <time>2026-02-28T08:40:14.000Z</time>
      </trkpt>
      <trkpt lat="46.093905" lon="11.145924">
        <ele>860.687713</ele>
        <time>2026-02-28T08:40:20.000Z</time>
      </trkpt>
      <trkpt lat="46.093943" lon="11.145931">
        <ele>861.028950</ele>
        <time>2026-02-28T08:40:27.000Z</time>
      </trkpt>
      <trkpt lat="46.094004" lon="11.145935">
        <ele>861.572872</ele>
        <time>2026-02-28T08:40:34.000Z</time>
      </trkpt>
      <trkpt lat="46.094052" lon="11.145924">
        <ele>862.005800</ele>
        <time>2026-02-28T08:40:40.000Z</time>
      </trkpt>
      <trkpt lat="46.094099" lon="11.145939">
        <ele>862.434585</ele>
        <time>2026-02-28T08:40:48.000Z</time>
      </trkpt>
      <trkpt lat="46.094126" lon="11.145971">
        <ele>862.745897</ele>
        <time>2026-02-28T08:40:54.000Z</time>
      </trkpt>
      <trkpt lat="46.094144" lon="11.145998">
        <ele>862.977251</ele>
        <time>2026-02-28T08:41:01.000Z</time>
      </trkpt>
      <trkpt lat="46.094147" lon="11.146032">
        <ele>863.255456</ele>
        <time>2026-02-28T08:41:08.000Z</time>
      </trkpt>
      <trkpt lat="46.094141" lon="11.146131">
        <ele>864.930078</ele>
        <time>2026-02-28T08:41:16.000Z</time>
      </trkpt>
      <trkpt lat="46.094140" lon="11.146136">
        <ele>865.017767</ele>
        <time>2026-02-28T08:41:17.000Z</time>
      </trkpt>
      <trkpt lat="46.094147" lon="11.146197">
        <ele>866.059665</ele>
        <time>2026-02-28T08:41:22.000Z</time>
      </trkpt>
      <trkpt lat="46.094160" lon="11.146239">
        <ele>866.834710</ele>
        <time>2026-02-28T08:41:26.000Z</time>
      </trkpt>
      <trkpt lat="46.094172" lon="11.146260">
        <ele>867.293245</ele>
        <time>2026-02-28T08:41:28.000Z</time>
      </trkpt>
      <trkpt lat="46.094180" lon="11.146278">
        <ele>867.653513</ele>
        <time>2026-02-28T08:41:30.000Z</time>
      </trkpt>
      <trkpt lat="46.094186" lon="11.146289">
        <ele>867.889344</ele>
        <time>2026-02-28T08:41:32.000Z</time>
      </trkpt>
      <trkpt lat="46.094187" lon="11.146296">
        <ele>868.009778</ele>
        <time>2026-02-28T08:41:35.000Z</time>
      </trkpt>
      <trkpt lat="46.094185" lon="11.146292">
        <ele>868.092876</ele>
        <time>2026-02-28T08:41:36.000Z</time>
      </trkpt>
      <trkpt lat="46.094186" lon="11.146267">
        <ele>868.514854</ele>
        <time>2026-02-28T08:41:44.000Z</time>
      </trkpt>
      <trkpt lat="46.094194" lon="11.146236">
        <ele>869.072237</ele>
        <time>2026-02-28T08:41:47.000Z</time>
      </trkpt>
      <trkpt lat="46.094204" lon="11.146188">
        <ele>869.916803</ele>
        <time>2026-02-28T08:41:52.000Z</time>
      </trkpt>
      <trkpt lat="46.094207" lon="11.146179">
        <ele>870.085073</ele>
        <time>2026-02-28T08:41:53.000Z</time>
      </trkpt>
      <trkpt lat="46.094211" lon="11.146163">
        <ele>870.371676</ele>
        <time>2026-02-28T08:41:55.000Z</time>
      </trkpt>
      <trkpt lat="46.094226" lon="11.146138">
        <ele>870.928749</ele>
        <time>2026-02-28T08:41:58.000Z</time>
      </trkpt>
      <trkpt lat="46.094234" lon="11.146117">
        <ele>871.332502</ele>
        <time>2026-02-28T08:42:01.000Z</time>
      </trkpt>
      <trkpt lat="46.094242" lon="11.146104">
        <ele>871.625383</ele>
        <time>2026-02-28T08:42:03.000Z</time>
      </trkpt>
      <trkpt lat="46.094260" lon="11.146070">
        <ele>872.346194</ele>
        <time>2026-02-28T08:42:07.000Z</time>
      </trkpt>
      <trkpt lat="46.094274" lon="11.146053">
        <ele>872.790936</ele>
        <time>2026-02-28T08:42:09.000Z</time>
      </trkpt>
      <trkpt lat="46.094288" lon="11.146040">
        <ele>873.195561</ele>
        <time>2026-02-28T08:42:11.000Z</time>
      </trkpt>
      <trkpt lat="46.094302" lon="11.146027">
        <ele>873.600185</ele>
        <time>2026-02-28T08:42:14.000Z</time>
      </trkpt>
      <trkpt lat="46.094328" lon="11.145997">
        <ele>874.409332</ele>
        <time>2026-02-28T08:42:18.000Z</time>
      </trkpt>
      <trkpt lat="46.094333" lon="11.145990">
        <ele>874.578671</ele>
        <time>2026-02-28T08:42:19.000Z</time>
      </trkpt>
      <trkpt lat="46.094366" lon="11.145946">
        <ele>875.670808</ele>
        <time>2026-02-28T08:42:24.000Z</time>
      </trkpt>
      <trkpt lat="46.094380" lon="11.145926">
        <ele>876.149676</ele>
        <time>2026-02-28T08:42:26.000Z</time>
      </trkpt>
      <trkpt lat="46.094398" lon="11.145902">
        <ele>876.745387</ele>
        <time>2026-02-28T08:42:29.000Z</time>
      </trkpt>
      <trkpt lat="46.094442" lon="11.145870">
        <ele>877.942850</ele>
        <time>2026-02-28T08:42:34.000Z</time>
      </trkpt>
      <trkpt lat="46.094479" lon="11.145840">
        <ele>878.974311</ele>
        <time>2026-02-28T08:42:39.000Z</time>
      </trkpt>
      <trkpt lat="46.094499" lon="11.145820">
        <ele>879.565725</ele>
        <time>2026-02-28T08:42:42.000Z</time>
      </trkpt>
      <trkpt lat="46.094511" lon="11.145808">
        <ele>879.920573</ele>
        <time>2026-02-28T08:42:44.000Z</time>
      </trkpt>
      <trkpt lat="46.094528" lon="11.145770">
        <ele>880.682596</ele>
        <time>2026-02-28T08:42:49.000Z</time>
      </trkpt>
      <trkpt lat="46.094571" lon="11.145718">
        <ele>882.046265</ele>
        <time>2026-02-28T08:42:55.000Z</time>
      </trkpt>
      <trkpt lat="46.094614" lon="11.145681">
        <ele>883.263027</ele>
        <time>2026-02-28T08:43:01.000Z</time>
      </trkpt>
      <trkpt lat="46.094628" lon="11.145667">
        <ele>883.677016</ele>
        <time>2026-02-28T08:43:03.000Z</time>
      </trkpt>
      <trkpt lat="46.094652" lon="11.145651">
        <ele>884.319513</ele>
        <time>2026-02-28T08:43:06.000Z</time>
      </trkpt>
      <trkpt lat="46.094685" lon="11.145624">
        <ele>885.241480</ele>
        <time>2026-02-28T08:43:11.000Z</time>
      </trkpt>
      <trkpt lat="46.094727" lon="11.145584">
        <ele>886.464555</ele>
        <time>2026-02-28T08:43:16.000Z</time>
      </trkpt>
      <trkpt lat="46.094744" lon="11.145567">
        <ele>886.967256</ele>
        <time>2026-02-28T08:43:19.000Z</time>
      </trkpt>
      <trkpt lat="46.094752" lon="11.145557">
        <ele>887.224521</ele>
        <time>2026-02-28T08:43:21.000Z</time>
      </trkpt>
      <trkpt lat="46.094780" lon="11.145533">
        <ele>888.016028</ele>
        <time>2026-02-28T08:43:26.000Z</time>
      </trkpt>
      <trkpt lat="46.094789" lon="11.145522">
        <ele>888.302710</ele>
        <time>2026-02-28T08:43:28.000Z</time>
      </trkpt>
      <trkpt lat="46.094803" lon="11.145505">
        <ele>888.747451</ele>
        <time>2026-02-28T08:43:31.000Z</time>
      </trkpt>
      <trkpt lat="46.094830" lon="11.145468">
        <ele>889.652538</ele>
        <time>2026-02-28T08:43:36.000Z</time>
      </trkpt>
      <trkpt lat="46.094849" lon="11.145434">
        <ele>890.388343</ele>
        <time>2026-02-28T08:43:41.000Z</time>
      </trkpt>
      <trkpt lat="46.094874" lon="11.145393">
        <ele>891.308326</ele>
        <time>2026-02-28T08:43:45.000Z</time>
      </trkpt>
      <trkpt lat="46.094885" lon="11.145379">
        <ele>891.664839</ele>
        <time>2026-02-28T08:43:47.000Z</time>
      </trkpt>
      <trkpt lat="46.094917" lon="11.145336">
        <ele>892.727697</ele>
        <time>2026-02-28T08:43:53.000Z</time>
      </trkpt>
      <trkpt lat="46.094924" lon="11.145332">
        <ele>892.910662</ele>
        <time>2026-02-28T08:43:54.000Z</time>
      </trkpt>
      <trkpt lat="46.094962" lon="11.145310">
        <ele>893.905684</ele>
        <time>2026-02-28T08:43:59.000Z</time>
      </trkpt>
      <trkpt lat="46.094976" lon="11.145301">
        <ele>894.278151</ele>
        <time>2026-02-28T08:44:01.000Z</time>
      </trkpt>
      <trkpt lat="46.094984" lon="11.145296">
        <ele>894.490020</ele>
        <time>2026-02-28T08:44:02.000Z</time>
      </trkpt>
      <trkpt lat="46.094996" lon="11.145276">
        <ele>894.935675</ele>
        <time>2026-02-28T08:44:05.000Z</time>
      </trkpt>
      <trkpt lat="46.095031" lon="11.145279">
        <ele>895.787660</ele>
        <time>2026-02-28T08:44:10.000Z</time>
      </trkpt>
      <trkpt lat="46.095030" lon="11.145335">
        <ele>896.731621</ele>
        <time>2026-02-28T08:44:16.000Z</time>
      </trkpt>
      <trkpt lat="46.095029" lon="11.145346">
        <ele>896.918567</ele>
        <time>2026-02-28T08:44:17.000Z</time>
      </trkpt>
      <trkpt lat="46.095018" lon="11.145366">
        <ele>897.348715</ele>
        <time>2026-02-28T08:44:21.000Z</time>
      </trkpt>
      <trkpt lat="46.095001" lon="11.145408">
        <ele>898.168188</ele>
        <time>2026-02-28T08:44:26.000Z</time>
      </trkpt>
      <trkpt lat="46.095000" lon="11.145415">
        <ele>898.288621</ele>
        <time>2026-02-28T08:44:27.000Z</time>
      </trkpt>
      <trkpt lat="46.094984" lon="11.145470">
        <ele>899.293665</ele>
        <time>2026-02-28T08:44:32.000Z</time>
      </trkpt>
      <trkpt lat="46.094977" lon="11.145517">
        <ele>900.103717</ele>
        <time>2026-02-28T08:44:36.000Z</time>
      </trkpt>
      <trkpt lat="46.094973" lon="11.145559">
        <ele>900.818097</ele>
        <time>2026-02-28T08:44:41.000Z</time>
      </trkpt>
      <trkpt lat="46.094972" lon="11.145553">
        <ele>900.922081</ele>
        <time>2026-02-28T08:44:42.000Z</time>
      </trkpt>
      <trkpt lat="46.094966" lon="11.145586">
        <ele>901.496956</ele>
        <time>2026-02-28T08:44:47.000Z</time>
      </trkpt>
      <trkpt lat="46.094964" lon="11.145605">
        <ele>901.820790</ele>
        <time>2026-02-28T08:44:49.000Z</time>
      </trkpt>
      <trkpt lat="46.094961" lon="11.145614">
        <ele>901.989059</ele>
        <time>2026-02-28T08:44:52.000Z</time>
      </trkpt>
      <trkpt lat="46.094969" lon="11.145600">
        <ele>902.294746</ele>
        <time>2026-02-28T08:44:55.000Z</time>
      </trkpt>
      <trkpt lat="46.094969" lon="11.145598">
        <ele>902.328448</ele>
        <time>2026-02-28T08:44:56.000Z</time>
      </trkpt>
      <trkpt lat="46.094971" lon="11.145598">
        <ele>902.377047</ele>
        <time>2026-02-28T08:44:57.000Z</time>
      </trkpt>
      <trkpt lat="46.094979" lon="11.145585">
        <ele>902.669925</ele>
        <time>2026-02-28T08:45:02.000Z</time>
      </trkpt>
      <trkpt lat="46.094984" lon="11.145580">
        <ele>902.817778</ele>
        <time>2026-02-28T08:45:03.000Z</time>
      </trkpt>
      <trkpt lat="46.095016" lon="11.145526">
        <ele>904.014709</ele>
        <time>2026-02-28T08:45:08.000Z</time>
      </trkpt>
      <trkpt lat="46.095036" lon="11.145493">
        <ele>904.753228</ele>
        <time>2026-02-28T08:45:11.000Z</time>
      </trkpt>
      <trkpt lat="46.095058" lon="11.145461">
        <ele>905.512538</ele>
        <time>2026-02-28T08:45:16.000Z</time>
      </trkpt>
      <trkpt lat="46.095068" lon="11.145445">
        <ele>905.875496</ele>
        <time>2026-02-28T08:45:18.000Z</time>
      </trkpt>
      <trkpt lat="46.095090" lon="11.145407">
        <ele>906.709649</ele>
        <time>2026-02-28T08:45:22.000Z</time>
      </trkpt>
      <trkpt lat="46.095102" lon="11.145388">
        <ele>907.201495</ele>
        <time>2026-02-28T08:45:24.000Z</time>
      </trkpt>
      <trkpt lat="46.095132" lon="11.145350">
        <ele>908.371232</ele>
        <time>2026-02-28T08:45:29.000Z</time>
      </trkpt>
      <trkpt lat="46.095146" lon="11.145336">
        <ele>908.870322</ele>
        <time>2026-02-28T08:45:32.000Z</time>
      </trkpt>
      <trkpt lat="46.095164" lon="11.145320">
        <ele>909.489756</ele>
        <time>2026-02-28T08:45:35.000Z</time>
      </trkpt>
      <trkpt lat="46.095180" lon="11.145300">
        <ele>910.110054</ele>
        <time>2026-02-28T08:45:39.000Z</time>
      </trkpt>
      <trkpt lat="46.095186" lon="11.145296">
        <ele>910.303697</ele>
        <time>2026-02-28T08:45:40.000Z</time>
      </trkpt>
      <trkpt lat="46.095198" lon="11.145322">
        <ele>910.938170</ele>
        <time>2026-02-28T08:45:45.000Z</time>
      </trkpt>
      <trkpt lat="46.095194" lon="11.145333">
        <ele>911.190492</ele>
        <time>2026-02-28T08:45:46.000Z</time>
      </trkpt>
      <trkpt lat="46.095196" lon="11.145366">
        <ele>911.863434</ele>
        <time>2026-02-28T08:45:51.000Z</time>
      </trkpt>
      <trkpt lat="46.095190" lon="11.145376">
        <ele>912.132066</ele>
        <time>2026-02-28T08:45:53.000Z</time>
      </trkpt>
      <trkpt lat="46.095195" lon="11.145367">
        <ele>912.366336</ele>
        <time>2026-02-28T08:45:55.000Z</time>
      </trkpt>
      <trkpt lat="46.095203" lon="11.145363">
        <ele>912.614382</ele>
        <time>2026-02-28T08:45:56.000Z</time>
      </trkpt>
      <trkpt lat="46.095221" lon="11.145339">
        <ele>913.332545</ele>
        <time>2026-02-28T08:46:00.000Z</time>
      </trkpt>
      <trkpt lat="46.095232" lon="11.145322">
        <ele>913.804887</ele>
        <time>2026-02-28T08:46:02.000Z</time>
      </trkpt>
      <trkpt lat="46.095240" lon="11.145305">
        <ele>914.222248</ele>
        <time>2026-02-28T08:46:06.000Z</time>
      </trkpt>
      <trkpt lat="46.095242" lon="11.145300">
        <ele>914.339508</ele>
        <time>2026-02-28T08:46:07.000Z</time>
      </trkpt>
      <trkpt lat="46.095250" lon="11.145287">
        <ele>914.692592</ele>
        <time>2026-02-28T08:46:12.000Z</time>
      </trkpt>
      <trkpt lat="46.095254" lon="11.145283">
        <ele>914.835189</ele>
        <time>2026-02-28T08:46:13.000Z</time>
      </trkpt>
      <trkpt lat="46.095272" lon="11.145261">
        <ele>915.526413</ele>
        <time>2026-02-28T08:46:16.000Z</time>
      </trkpt>
      <trkpt lat="46.095286" lon="11.145254">
        <ele>915.960492</ele>
        <time>2026-02-28T08:46:19.000Z</time>
      </trkpt>
      <trkpt lat="46.095299" lon="11.145241">
        <ele>916.423932</ele>
        <time>2026-02-28T08:46:22.000Z</time>
      </trkpt>
      <trkpt lat="46.095300" lon="11.145206">
        <ele>917.135551</ele>
        <time>2026-02-28T08:46:27.000Z</time>
      </trkpt>
      <trkpt lat="46.095298" lon="11.145195">
        <ele>917.366566</ele>
        <time>2026-02-28T08:46:28.000Z</time>
      </trkpt>
      <trkpt lat="46.095280" lon="11.145128">
        <ele>918.826226</ele>
        <time>2026-02-28T08:46:34.000Z</time>
      </trkpt>
      <trkpt lat="46.095280" lon="11.145090">
        <ele>919.598185</ele>
        <time>2026-02-28T08:46:39.000Z</time>
      </trkpt>
      <trkpt lat="46.095280" lon="11.145079">
        <ele>919.821647</ele>
        <time>2026-02-28T08:46:40.000Z</time>
      </trkpt>
      <trkpt lat="46.095282" lon="11.145037">
        <ele>920.676875</ele>
        <time>2026-02-28T08:46:44.000Z</time>
      </trkpt>
      <trkpt lat="46.095295" lon="11.145045">
        <ele>921.090934</ele>
        <time>2026-02-28T08:46:47.000Z</time>
      </trkpt>
      <trkpt lat="46.095310" lon="11.145068">
        <ele>921.732340</ele>
        <time>2026-02-28T08:46:50.000Z</time>
      </trkpt>
      <trkpt lat="46.095334" lon="11.145094">
        <ele>922.611708</ele>
        <time>2026-02-28T08:46:56.000Z</time>
      </trkpt>
      <trkpt lat="46.095339" lon="11.145106">
        <ele>922.896104</ele>
        <time>2026-02-28T08:46:57.000Z</time>
      </trkpt>
      <trkpt lat="46.095362" lon="11.145134">
        <ele>923.777877</ele>
        <time>2026-02-28T08:47:01.000Z</time>
      </trkpt>
      <trkpt lat="46.095367" lon="11.145141">
        <ele>923.982025</ele>
        <time>2026-02-28T08:47:03.000Z</time>
      </trkpt>
      <trkpt lat="46.095398" lon="11.145182">
        <ele>925.214273</ele>
        <time>2026-02-28T08:47:09.000Z</time>
      </trkpt>
      <trkpt lat="46.095405" lon="11.145207">
        <ele>925.761977</ele>
        <time>2026-02-28T08:47:11.000Z</time>
      </trkpt>
      <trkpt lat="46.095422" lon="11.145255">
        <ele>926.856894</ele>
        <time>2026-02-28T08:47:16.000Z</time>
      </trkpt>
      <trkpt lat="46.095428" lon="11.145289">
        <ele>927.569607</ele>
        <time>2026-02-28T08:47:19.000Z</time>
      </trkpt>
      <trkpt lat="46.095430" lon="11.145328">
        <ele>928.364043</ele>
        <time>2026-02-28T08:47:22.000Z</time>
      </trkpt>
      <trkpt lat="46.095414" lon="11.145354">
        <ele>929.070208</ele>
        <time>2026-02-28T08:47:26.000Z</time>
      </trkpt>
      <trkpt lat="46.095399" lon="11.145373">
        <ele>929.655075</ele>
        <time>2026-02-28T08:47:29.000Z</time>
      </trkpt>
      <trkpt lat="46.095368" lon="11.145407">
        <ele>930.796029</ele>
        <time>2026-02-28T08:47:34.000Z</time>
      </trkpt>
      <trkpt lat="46.095355" lon="11.145424">
        <ele>931.310129</ele>
        <time>2026-02-28T08:47:40.000Z</time>
      </trkpt>
      <trkpt lat="46.095356" lon="11.145423">
        <ele>931.345779</ele>
        <time>2026-02-28T08:47:41.000Z</time>
      </trkpt>
      <trkpt lat="46.095365" lon="11.145409">
        <ele>931.733592</ele>
        <time>2026-02-28T08:47:43.000Z</time>
      </trkpt>
      <trkpt lat="46.095381" lon="11.145386">
        <ele>932.395411</ele>
        <time>2026-02-28T08:47:47.000Z</time>
      </trkpt>
      <trkpt lat="46.095406" lon="11.145365">
        <ele>933.242971</ele>
        <time>2026-02-28T08:47:53.000Z</time>
      </trkpt>
      <trkpt lat="46.095458" lon="11.145363">
        <ele>934.766836</ele>
        <time>2026-02-28T08:47:58.000Z</time>
      </trkpt>
      <trkpt lat="46.095479" lon="11.145363">
        <ele>935.382025</ele>
        <time>2026-02-28T08:48:01.000Z</time>
      </trkpt>
      <trkpt lat="46.095494" lon="11.145361">
        <ele>935.823319</ele>
        <time>2026-02-28T08:48:03.000Z</time>
      </trkpt>
      <trkpt lat="46.095493" lon="11.145390">
        <ele>936.413172</ele>
        <time>2026-02-28T08:48:09.000Z</time>
      </trkpt>
      <trkpt lat="46.095441" lon="11.145422">
        <ele>938.069404</ele>
        <time>2026-02-28T08:48:15.000Z</time>
      </trkpt>
      <trkpt lat="46.095416" lon="11.145445">
        <ele>938.938123</ele>
        <time>2026-02-28T08:48:20.000Z</time>
      </trkpt>
      <trkpt lat="46.095411" lon="11.145452">
        <ele>939.142271</ele>
        <time>2026-02-28T08:48:21.000Z</time>
      </trkpt>
      <trkpt lat="46.095410" lon="11.145456">
        <ele>939.228649</ele>
        <time>2026-02-28T08:48:23.000Z</time>
      </trkpt>
      <trkpt lat="46.095421" lon="11.145447">
        <ele>939.599144</ele>
        <time>2026-02-28T08:48:27.000Z</time>
      </trkpt>
      <trkpt lat="46.095441" lon="11.145447">
        <ele>940.185038</ele>
        <time>2026-02-28T08:48:30.000Z</time>
      </trkpt>
      <trkpt lat="46.095443" lon="11.145440">
        <ele>940.338838</ele>
        <time>2026-02-28T08:48:33.000Z</time>
      </trkpt>
      <trkpt lat="46.095442" lon="11.145427">
        <ele>940.604548</ele>
        <time>2026-02-28T08:48:35.000Z</time>
      </trkpt>
      <trkpt lat="46.095448" lon="11.145414">
        <ele>940.921784</ele>
        <time>2026-02-28T08:48:38.000Z</time>
      </trkpt>
      <trkpt lat="46.095465" lon="11.145408">
        <ele>941.434493</ele>
        <time>2026-02-28T08:48:42.000Z</time>
      </trkpt>
      <trkpt lat="46.095470" lon="11.145406">
        <ele>941.586497</ele>
        <time>2026-02-28T08:48:43.000Z</time>
      </trkpt>
      <trkpt lat="46.095504" lon="11.145397">
        <ele>942.599158</ele>
        <time>2026-02-28T08:48:48.000Z</time>
      </trkpt>
      <trkpt lat="46.095520" lon="11.145396">
        <ele>943.068313</ele>
        <time>2026-02-28T08:48:51.000Z</time>
      </trkpt>
      <trkpt lat="46.095531" lon="11.145400">
        <ele>943.400642</ele>
        <time>2026-02-28T08:48:53.000Z</time>
      </trkpt>
      <trkpt lat="46.095554" lon="11.145406">
        <ele>944.085356</ele>
        <time>2026-02-28T08:48:57.000Z</time>
      </trkpt>
      <trkpt lat="46.095569" lon="11.145421">
        <ele>944.620093</ele>
        <time>2026-02-28T08:49:00.000Z</time>
      </trkpt>
      <trkpt lat="46.095574" lon="11.145432">
        <ele>944.887281</ele>
        <time>2026-02-28T08:49:03.000Z</time>
      </trkpt>
      <trkpt lat="46.095568" lon="11.145441">
        <ele>945.140898</ele>
        <time>2026-02-28T08:49:07.000Z</time>
      </trkpt>
      <trkpt lat="46.095563" lon="11.145450">
        <ele>945.375167</ele>
        <time>2026-02-28T08:49:10.000Z</time>
      </trkpt>
      <trkpt lat="46.095551" lon="11.145455">
        <ele>945.741083</ele>
        <time>2026-02-28T08:49:15.000Z</time>
      </trkpt>
      <trkpt lat="46.095544" lon="11.145455">
        <ele>945.946146</ele>
        <time>2026-02-28T08:49:16.000Z</time>
      </trkpt>
      <trkpt lat="46.095536" lon="11.145457">
        <ele>946.184000</ele>
        <time>2026-02-28T08:49:17.000Z</time>
      </trkpt>
      <trkpt lat="46.095521" lon="11.145450">
        <ele>946.645856</ele>
        <time>2026-02-28T08:49:20.000Z</time>
      </trkpt>
      <trkpt lat="46.095532" lon="11.145448">
        <ele>946.970649</ele>
        <time>2026-02-28T08:49:23.000Z</time>
      </trkpt>
      <trkpt lat="46.095533" lon="11.145434">
        <ele>947.256559</ele>
        <time>2026-02-28T08:49:24.000Z</time>
      </trkpt>
      <trkpt lat="46.095549" lon="11.145405">
        <ele>948.009394</ele>
        <time>2026-02-28T08:49:28.000Z</time>
      </trkpt>
      <trkpt lat="46.095559" lon="11.145399">
        <ele>948.326687</ele>
        <time>2026-02-28T08:49:31.000Z</time>
      </trkpt>
      <trkpt lat="46.095575" lon="11.145393">
        <ele>948.810991</ele>
        <time>2026-02-28T08:49:33.000Z</time>
      </trkpt>
      <trkpt lat="46.095607" lon="11.145387">
        <ele>949.756312</ele>
        <time>2026-02-28T08:49:38.000Z</time>
      </trkpt>
      <trkpt lat="46.095613" lon="11.145387">
        <ele>949.932080</ele>
        <time>2026-02-28T08:49:39.000Z</time>
      </trkpt>
      <trkpt lat="46.095632" lon="11.145398">
        <ele>950.531861</ele>
        <time>2026-02-28T08:49:44.000Z</time>
      </trkpt>
      <trkpt lat="46.095650" lon="11.145398">
        <ele>951.059165</ele>
        <time>2026-02-28T08:49:48.000Z</time>
      </trkpt>
      <trkpt lat="46.095657" lon="11.145408">
        <ele>951.347816</ele>
        <time>2026-02-28T08:49:50.000Z</time>
      </trkpt>
      <trkpt lat="46.095670" lon="11.145411">
        <ele>951.733492</ele>
        <time>2026-02-28T08:49:53.000Z</time>
      </trkpt>
      <trkpt lat="46.095698" lon="11.145436">
        <ele>952.698240</ele>
        <time>2026-02-28T08:49:58.000Z</time>
      </trkpt>
      <trkpt lat="46.095687" lon="11.145442">
        <ele>953.042763</ele>
        <time>2026-02-28T08:49:59.000Z</time>
      </trkpt>
      <trkpt lat="46.095682" lon="11.145482">
        <ele>953.868442</ele>
        <time>2026-02-28T08:50:04.000Z</time>
      </trkpt>
      <trkpt lat="46.095675" lon="11.145492">
        <ele>954.157093</ele>
        <time>2026-02-28T08:50:06.000Z</time>
      </trkpt>
      <trkpt lat="46.095661" lon="11.145517">
        <ele>954.809879</ele>
        <time>2026-02-28T08:50:11.000Z</time>
      </trkpt>
      <trkpt lat="46.095657" lon="11.145503">
        <ele>955.117477</ele>
        <time>2026-02-28T08:50:15.000Z</time>
      </trkpt>
      <trkpt lat="46.095670" lon="11.145476">
        <ele>955.785218</ele>
        <time>2026-02-28T08:50:19.000Z</time>
      </trkpt>
      <trkpt lat="46.095686" lon="11.145463">
        <ele>956.323211</ele>
        <time>2026-02-28T08:50:21.000Z</time>
      </trkpt>
      <trkpt lat="46.095699" lon="11.145450">
        <ele>956.786650</ele>
        <time>2026-02-28T08:50:24.000Z</time>
      </trkpt>
      <trkpt lat="46.095714" lon="11.145432">
        <ele>957.358314</ele>
        <time>2026-02-28T08:50:27.000Z</time>
      </trkpt>
      <trkpt lat="46.095724" lon="11.145423">
        <ele>957.703632</ele>
        <time>2026-02-28T08:50:29.000Z</time>
      </trkpt>
      <trkpt lat="46.095760" lon="11.145420">
        <ele>958.760001</ele>
        <time>2026-02-28T08:50:35.000Z</time>
      </trkpt>
      <trkpt lat="46.095769" lon="11.145419">
        <ele>959.024434</ele>
        <time>2026-02-28T08:50:36.000Z</time>
      </trkpt>
      <trkpt lat="46.095803" lon="11.145419">
        <ele>959.752969</ele>
        <time>2026-02-28T08:50:42.000Z</time>
      </trkpt>
      <trkpt lat="46.095805" lon="11.145427">
        <ele>959.828044</ele>
        <time>2026-02-28T08:50:43.000Z</time>
      </trkpt>
      <trkpt lat="46.095824" lon="11.145470">
        <ele>960.278170</ele>
        <time>2026-02-28T08:50:47.000Z</time>
      </trkpt>
      <trkpt lat="46.095819" lon="11.145476">
        <ele>960.360980</ele>
        <time>2026-02-28T08:50:48.000Z</time>
      </trkpt>
      <trkpt lat="46.095782" lon="11.145502">
        <ele>960.884967</ele>
        <time>2026-02-28T08:50:54.000Z</time>
      </trkpt>
      <trkpt lat="46.095778" lon="11.145508">
        <ele>960.958444</ele>
        <time>2026-02-28T08:50:55.000Z</time>
      </trkpt>
      <trkpt lat="46.095777" lon="11.145520">
        <ele>961.065145</ele>
        <time>2026-02-28T08:51:00.000Z</time>
      </trkpt>
      <trkpt lat="46.095802" lon="11.145522">
        <ele>961.383903</ele>
        <time>2026-02-28T08:51:06.000Z</time>
      </trkpt>
      <trkpt lat="46.095809" lon="11.145519">
        <ele>961.476871</ele>
        <time>2026-02-28T08:51:07.000Z</time>
      </trkpt>
      <trkpt lat="46.095836" lon="11.145504">
        <ele>961.845227</ele>
        <time>2026-02-28T08:51:12.000Z</time>
      </trkpt>
      <trkpt lat="46.095844" lon="11.145497">
        <ele>961.964355</ele>
        <time>2026-02-28T08:51:13.000Z</time>
      </trkpt>
      <trkpt lat="46.095874" lon="11.145485">
        <ele>962.360698</ele>
        <time>2026-02-28T08:51:18.000Z</time>
      </trkpt>
      <trkpt lat="46.095873" lon="11.145492">
        <ele>962.423793</ele>
        <time>2026-02-28T08:51:19.000Z</time>
      </trkpt>
      <trkpt lat="46.095880" lon="11.145532">
        <ele>962.787992</ele>
        <time>2026-02-28T08:51:26.000Z</time>
      </trkpt>
      <trkpt lat="46.095870" lon="11.145551">
        <ele>962.998568</ele>
        <time>2026-02-28T08:51:29.000Z</time>
      </trkpt>
      <trkpt lat="46.095859" lon="11.145561">
        <ele>963.164111</ele>
        <time>2026-02-28T08:51:33.000Z</time>
      </trkpt>
      <trkpt lat="46.095846" lon="11.145574">
        <ele>963.365510</ele>
        <time>2026-02-28T08:51:36.000Z</time>
      </trkpt>
      <trkpt lat="46.095851" lon="11.145575">
        <ele>963.429773</ele>
        <time>2026-02-28T08:51:38.000Z</time>
      </trkpt>
      <trkpt lat="46.095864" lon="11.145567">
        <ele>963.609712</ele>
        <time>2026-02-28T08:51:41.000Z</time>
      </trkpt>
      <trkpt lat="46.095858" lon="11.145559">
        <ele>963.713744</ele>
        <time>2026-02-28T08:51:43.000Z</time>
      </trkpt>
      <trkpt lat="46.095847" lon="11.145539">
        <ele>963.939100</ele>
        <time>2026-02-28T08:51:49.000Z</time>
      </trkpt>
      <trkpt lat="46.095861" lon="11.145515">
        <ele>964.215971</ele>
        <time>2026-02-28T08:51:56.000Z</time>
      </trkpt>
      <trkpt lat="46.095854" lon="11.145525">
        <ele>964.341412</ele>
        <time>2026-02-28T08:52:02.000Z</time>
      </trkpt>
      <trkpt lat="46.095851" lon="11.145529">
        <ele>964.393427</ele>
        <time>2026-02-28T08:52:04.000Z</time>
      </trkpt>
      <trkpt lat="46.095854" lon="11.145534">
        <ele>964.451797</ele>
        <time>2026-02-28T08:52:06.000Z</time>
      </trkpt>
      <trkpt lat="46.095859" lon="11.145537">
        <ele>964.520741</ele>
        <time>2026-02-28T08:52:07.000Z</time>
      </trkpt>
      <trkpt lat="46.095866" lon="11.145541">
        <ele>964.616598</ele>
        <time>2026-02-28T08:52:10.000Z</time>
      </trkpt>
      <trkpt lat="46.095862" lon="11.145541">
        <ele>964.667521</ele>
        <time>2026-02-28T08:52:13.000Z</time>
      </trkpt>
      <trkpt lat="46.095858" lon="11.145533">
        <ele>964.754591</ele>
        <time>2026-02-28T08:52:22.000Z</time>
      </trkpt>
      <trkpt lat="46.095856" lon="11.145533">
        <ele>964.780052</ele>
        <time>2026-02-28T08:52:23.000Z</time>
      </trkpt>
      <trkpt lat="46.095854" lon="11.145543">
        <ele>964.871932</ele>
        <time>2026-02-28T08:52:27.000Z</time>
      </trkpt>
      <trkpt lat="46.095854" lon="11.145543">
        <ele>964.871932</ele>
        <time>2026-02-28T08:52:29.000Z</time>
      </trkpt>
      <trkpt lat="46.095858" lon="11.145556">
        <ele>964.997489</ele>
        <time>2026-02-28T08:52:32.000Z</time>
      </trkpt>
      <trkpt lat="46.095862" lon="11.145549">
        <ele>965.077564</ele>
        <time>2026-02-28T08:52:36.000Z</time>
      </trkpt>
      <trkpt lat="46.095866" lon="11.145548">
        <ele>965.129247</ele>
        <time>2026-02-28T08:52:38.000Z</time>
      </trkpt>
      <trkpt lat="46.095865" lon="11.145539">
        <ele>965.209714</ele>
        <time>2026-02-28T08:52:46.000Z</time>
      </trkpt>
      <trkpt lat="46.095866" lon="11.145535">
        <ele>965.247252</ele>
        <time>2026-02-28T08:52:54.000Z</time>
      </trkpt>
      <trkpt lat="46.095879" lon="11.145543">
        <ele>965.427191</ele>
        <time>2026-02-28T08:53:01.000Z</time>
      </trkpt>
      <trkpt lat="46.095880" lon="11.145541">
        <ele>965.448958</ele>
        <time>2026-02-28T08:53:05.000Z</time>
      </trkpt>
      <trkpt lat="46.095868" lon="11.145548">
        <ele>965.613753</ele>
        <time>2026-02-28T08:53:15.000Z</time>
      </trkpt>
      <trkpt lat="46.095871" lon="11.145564">
        <ele>965.760076</ele>
        <time>2026-02-28T08:53:19.000Z</time>
      </trkpt>
      <trkpt lat="46.095874" lon="11.145569">
        <ele>965.818446</ele>
        <time>2026-02-28T08:53:25.000Z</time>
      </trkpt>
      <trkpt lat="46.095878" lon="11.145596">
        <ele>966.062186</ele>
        <time>2026-02-28T08:53:33.000Z</time>
      </trkpt>
      <trkpt lat="46.095881" lon="11.145658">
        <ele>966.610865</ele>
        <time>2026-02-28T08:53:40.000Z</time>
      </trkpt>
      <trkpt lat="46.095817" lon="11.145768">
        <ele>967.878494</ele>
        <time>2026-02-28T08:53:43.000Z</time>
      </trkpt>
      <trkpt lat="46.095865" lon="11.145737">
        <ele>968.548055</ele>
        <time>2026-02-28T08:53:47.000Z</time>
      </trkpt>
      <trkpt lat="46.095961" lon="11.145623">
        <ele>970.131255</ele>
        <time>2026-02-28T08:53:56.000Z</time>
      </trkpt>
      <trkpt lat="46.095977" lon="11.145617">
        <ele>970.341722</ele>
        <time>2026-02-28T08:53:57.000Z</time>
      </trkpt>
      <trkpt lat="46.095999" lon="11.145650">
        <ele>970.745845</ele>
        <time>2026-02-28T08:54:04.000Z</time>
      </trkpt>
      <trkpt lat="46.095952" lon="11.145557">
        <ele>971.761764</ele>
        <time>2026-02-28T08:54:10.000Z</time>
      </trkpt>
      <trkpt lat="46.095934" lon="11.145520">
        <ele>972.160771</ele>
        <time>2026-02-28T08:54:12.000Z</time>
      </trkpt>
      <trkpt lat="46.095903" lon="11.145524">
        <ele>972.557001</ele>
        <time>2026-02-28T08:54:20.000Z</time>
      </trkpt>
      <trkpt lat="46.095892" lon="11.145564">
        <ele>972.936882</ele>
        <time>2026-02-28T08:54:29.000Z</time>
      </trkpt>
      <trkpt lat="46.095895" lon="11.145624">
        <ele>973.467948</ele>
        <time>2026-02-28T08:54:38.000Z</time>
      </trkpt>
      <trkpt lat="46.095896" lon="11.145607">
        <ele>973.618566</ele>
        <time>2026-02-28T08:54:40.000Z</time>
      </trkpt>
      <trkpt lat="46.095897" lon="11.145595">
        <ele>973.725267</ele>
        <time>2026-02-28T08:54:46.000Z</time>
      </trkpt>
      <trkpt lat="46.095895" lon="11.145596">
        <ele>973.752215</ele>
        <time>2026-02-28T08:54:54.000Z</time>
      </trkpt>
      <trkpt lat="46.095897" lon="11.145601">
        <ele>973.803173</ele>
        <time>2026-02-28T08:54:56.000Z</time>
      </trkpt>
      <trkpt lat="46.095900" lon="11.145604">
        <ele>973.849650</ele>
        <time>2026-02-28T08:55:02.000Z</time>
      </trkpt>
      <trkpt lat="46.095903" lon="11.145602">
        <ele>973.891726</ele>
        <time>2026-02-28T08:55:05.000Z</time>
      </trkpt>
      <trkpt lat="46.095906" lon="11.145603">
        <ele>973.930925</ele>
        <time>2026-02-28T08:55:09.000Z</time>
      </trkpt>
      <trkpt lat="46.095903" lon="11.145613">
        <ele>974.027114</ele>
        <time>2026-02-28T08:55:15.000Z</time>
      </trkpt>
      <trkpt lat="46.095900" lon="11.145607">
        <ele>974.092416</ele>
        <time>2026-02-28T08:55:26.000Z</time>
      </trkpt>
      <trkpt lat="46.095904" lon="11.145596">
        <ele>974.202068</ele>
        <time>2026-02-28T08:55:34.000Z</time>
      </trkpt>
      <trkpt lat="46.095903" lon="11.145584">
        <ele>974.308769</ele>
        <time>2026-02-28T08:55:40.000Z</time>
      </trkpt>
      <trkpt lat="46.095903" lon="11.145585">
        <ele>974.317597</ele>
        <time>2026-02-28T08:55:44.000Z</time>
      </trkpt>
      <trkpt lat="46.095911" lon="11.145570">
        <ele>974.484655</ele>
        <time>2026-02-28T08:55:49.000Z</time>
      </trkpt>
      <trkpt lat="46.095954" lon="11.145533">
        <ele>975.122124</ele>
        <time>2026-02-28T08:55:55.000Z</time>
      </trkpt>
      <trkpt lat="46.095958" lon="11.145532">
        <ele>975.173806</ele>
        <time>2026-02-28T08:55:56.000Z</time>
      </trkpt>
      <trkpt lat="46.095971" lon="11.145517">
        <ele>975.385764</ele>
        <time>2026-02-28T08:56:01.000Z</time>
      </trkpt>
      <trkpt lat="46.095975" lon="11.145514">
        <ele>975.443162</ele>
        <time>2026-02-28T08:56:02.000Z</time>
      </trkpt>
      <trkpt lat="46.095982" lon="11.145506">
        <ele>975.556870</ele>
        <time>2026-02-28T08:56:03.000Z</time>
      </trkpt>
      <trkpt lat="46.096011" lon="11.145501">
        <ele>975.928691</ele>
        <time>2026-02-28T08:56:07.000Z</time>
      </trkpt>
      <trkpt lat="46.096013" lon="11.145526">
        <ele>976.150859</ele>
        <time>2026-02-28T08:56:10.000Z</time>
      </trkpt>
      <trkpt lat="46.096009" lon="11.145539">
        <ele>976.276416</ele>
        <time>2026-02-28T08:56:12.000Z</time>
      </trkpt>
      <trkpt lat="46.096011" lon="11.145580">
        <ele>976.639265</ele>
        <time>2026-02-28T08:56:17.000Z</time>
      </trkpt>
      <trkpt lat="46.096011" lon="11.145592">
        <ele>976.745203</ele>
        <time>2026-02-28T08:56:18.000Z</time>
      </trkpt>
      <trkpt lat="46.096007" lon="11.145614">
        <ele>976.945987</ele>
        <time>2026-02-28T08:56:21.000Z</time>
      </trkpt>
      <trkpt lat="46.096002" lon="11.145624">
        <ele>977.054824</ele>
        <time>2026-02-28T08:56:22.000Z</time>
      </trkpt>
      <trkpt lat="46.095996" lon="11.145657">
        <ele>977.356001</ele>
        <time>2026-02-28T08:56:25.000Z</time>
      </trkpt>
      <trkpt lat="46.095993" lon="11.145667">
        <ele>977.452190</ele>
        <time>2026-02-28T08:56:26.000Z</time>
      </trkpt>
      <trkpt lat="46.095986" lon="11.145687">
        <ele>977.649968</ele>
        <time>2026-02-28T08:56:30.000Z</time>
      </trkpt>
      <trkpt lat="46.095972" lon="11.145703">
        <ele>977.877384</ele>
        <time>2026-02-28T08:56:33.000Z</time>
      </trkpt>
      <trkpt lat="46.095965" lon="11.145715">
        <ele>978.015819</ele>
        <time>2026-02-28T08:56:34.000Z</time>
      </trkpt>
      <trkpt lat="46.095944" lon="11.145745">
        <ele>978.392139</ele>
        <time>2026-02-28T08:56:38.000Z</time>
      </trkpt>
      <trkpt lat="46.095938" lon="11.145752">
        <ele>978.490392</ele>
        <time>2026-02-28T08:56:39.000Z</time>
      </trkpt>
      <trkpt lat="46.095950" lon="11.145751">
        <ele>978.643415</ele>
        <time>2026-02-28T08:56:42.000Z</time>
      </trkpt>
      <trkpt lat="46.095954" lon="11.145747">
        <ele>978.705384</ele>
        <time>2026-02-28T08:56:43.000Z</time>
      </trkpt>
      <trkpt lat="46.095968" lon="11.145730">
        <ele>978.938386</ele>
        <time>2026-02-28T08:56:45.000Z</time>
      </trkpt>
      <trkpt lat="46.095982" lon="11.145711">
        <ele>979.183133</ele>
        <time>2026-02-28T08:56:47.000Z</time>
      </trkpt>
      <trkpt lat="46.096018" lon="11.145661">
        <ele>979.819440</ele>
        <time>2026-02-28T08:56:52.000Z</time>
      </trkpt>
      <trkpt lat="46.096044" lon="11.145614">
        <ele>980.350216</ele>
        <time>2026-02-28T08:56:57.000Z</time>
      </trkpt>
      <trkpt lat="46.096054" lon="11.145581">
        <ele>980.668146</ele>
        <time>2026-02-28T08:57:00.000Z</time>
      </trkpt>
      <trkpt lat="46.096068" lon="11.145558">
        <ele>980.938321</ele>
        <time>2026-02-28T08:57:02.000Z</time>
      </trkpt>
      <trkpt lat="46.096087" lon="11.145527">
        <ele>981.303568</ele>
        <time>2026-02-28T08:57:06.000Z</time>
      </trkpt>
      <trkpt lat="46.096092" lon="11.145518">
        <ele>981.405374</ele>
        <time>2026-02-28T08:57:07.000Z</time>
      </trkpt>
      <trkpt lat="46.096108" lon="11.145490">
        <ele>981.725675</ele>
        <time>2026-02-28T08:57:11.000Z</time>
      </trkpt>
      <trkpt lat="46.096117" lon="11.145472">
        <ele>981.921581</ele>
        <time>2026-02-28T08:57:14.000Z</time>
      </trkpt>
      <trkpt lat="46.096119" lon="11.145465">
        <ele>981.988418</ele>
        <time>2026-02-28T08:57:15.000Z</time>
      </trkpt>
      <trkpt lat="46.096134" lon="11.145433">
        <ele>982.329406</ele>
        <time>2026-02-28T08:57:19.000Z</time>
      </trkpt>
      <trkpt lat="46.096126" lon="11.145409">
        <ele>982.688720</ele>
        <time>2026-02-28T08:57:23.000Z</time>
      </trkpt>
      <trkpt lat="46.096124" lon="11.145402">
        <ele>982.825318</ele>
        <time>2026-02-28T08:57:24.000Z</time>
      </trkpt>
      <trkpt lat="46.096112" lon="11.145380">
        <ele>983.330337</ele>
        <time>2026-02-28T08:57:27.000Z</time>
      </trkpt>
      <trkpt lat="46.096103" lon="11.145363">
        <ele>983.716231</ele>
        <time>2026-02-28T08:57:29.000Z</time>
      </trkpt>
      <trkpt lat="46.096095" lon="11.145349">
        <ele>984.043541</ele>
        <time>2026-02-28T08:57:30.000Z</time>
      </trkpt>
      <trkpt lat="46.096063" lon="11.145302">
        <ele>985.231955</ele>
        <time>2026-02-28T08:57:34.000Z</time>
      </trkpt>
      <trkpt lat="46.096051" lon="11.145286">
        <ele>985.657186</ele>
        <time>2026-02-28T08:57:36.000Z</time>
      </trkpt>
      <trkpt lat="46.096040" lon="11.145258">
        <ele>986.237819</ele>
        <time>2026-02-28T08:57:39.000Z</time>
      </trkpt>
      <trkpt lat="46.096030" lon="11.145228">
        <ele>986.838387</ele>
        <time>2026-02-28T08:57:42.000Z</time>
      </trkpt>
      <trkpt lat="46.096025" lon="11.145208">
        <ele>987.221974</ele>
        <time>2026-02-28T08:57:44.000Z</time>
      </trkpt>
      <trkpt lat="46.096011" lon="11.145162">
        <ele>988.128354</ele>
        <time>2026-02-28T08:57:47.000Z</time>
      </trkpt>
      <trkpt lat="46.096001" lon="11.145125">
        <ele>988.844845</ele>
        <time>2026-02-28T08:57:49.000Z</time>
      </trkpt>
      <trkpt lat="46.096000" lon="11.145075">
        <ele>989.747354</ele>
        <time>2026-02-28T08:57:54.000Z</time>
      </trkpt>
      <trkpt lat="46.096002" lon="11.145068">
        <ele>989.883953</ele>
        <time>2026-02-28T08:57:56.000Z</time>
      </trkpt>
      <trkpt lat="46.096021" lon="11.145053">
        <ele>990.447541</ele>
        <time>2026-02-28T08:58:00.000Z</time>
      </trkpt>
      <trkpt lat="46.096046" lon="11.145024">
        <ele>991.282337</ele>
        <time>2026-02-28T08:58:05.000Z</time>
      </trkpt>
      <trkpt lat="46.096048" lon="11.145017">
        <ele>991.418936</ele>
        <time>2026-02-28T08:58:06.000Z</time>
      </trkpt>
      <trkpt lat="46.096069" lon="11.144975">
        <ele>992.353169</ele>
        <time>2026-02-28T08:58:11.000Z</time>
      </trkpt>
      <trkpt lat="46.096078" lon="11.144957">
        <ele>992.753555</ele>
        <time>2026-02-28T08:58:13.000Z</time>
      </trkpt>
      <trkpt lat="46.096099" lon="11.144929">
        <ele>993.497708</ele>
        <time>2026-02-28T08:58:16.000Z</time>
      </trkpt>
      <trkpt lat="46.096132" lon="11.144890">
        <ele>994.607826</ele>
        <time>2026-02-28T08:58:21.000Z</time>
      </trkpt>
      <trkpt lat="46.096137" lon="11.144875">
        <ele>994.908109</ele>
        <time>2026-02-28T08:58:23.000Z</time>
      </trkpt>
      <trkpt lat="46.096143" lon="11.144848">
        <ele>995.419663</ele>
        <time>2026-02-28T08:58:26.000Z</time>
      </trkpt>
      <trkpt lat="46.096155" lon="11.144800">
        <ele>996.340272</ele>
        <time>2026-02-28T08:58:30.000Z</time>
      </trkpt>
      <trkpt lat="46.096163" lon="11.144778">
        <ele>996.788474</ele>
        <time>2026-02-28T08:58:32.000Z</time>
      </trkpt>
      <trkpt lat="46.096165" lon="11.144765">
        <ele>997.028732</ele>
        <time>2026-02-28T08:58:34.000Z</time>
      </trkpt>
      <trkpt lat="46.096183" lon="11.144729">
        <ele>997.829502</ele>
        <time>2026-02-28T08:58:39.000Z</time>
      </trkpt>
      <trkpt lat="46.096189" lon="11.144717">
        <ele>998.096425</ele>
        <time>2026-02-28T08:58:40.000Z</time>
      </trkpt>
      <trkpt lat="46.096211" lon="11.144678">
        <ele>999.003505</ele>
        <time>2026-02-28T08:58:44.000Z</time>
      </trkpt>
      <trkpt lat="46.096217" lon="11.144664">
        <ele>999.300449</ele>
        <time>2026-02-28T08:58:46.000Z</time>
      </trkpt>
      <trkpt lat="46.096229" lon="11.144648">
        <ele>999.725679</ele>
        <time>2026-02-28T08:58:48.000Z</time>
      </trkpt>
      <trkpt lat="46.096258" lon="11.144630">
        <ele>1000.547145</ele>
        <time>2026-02-28T08:58:52.000Z</time>
      </trkpt>
      <trkpt lat="46.096269" lon="11.144663">
        <ele>1001.207766</ele>
        <time>2026-02-28T08:58:56.000Z</time>
      </trkpt>
      <trkpt lat="46.096269" lon="11.144687">
        <ele>1001.640789</ele>
        <time>2026-02-28T08:58:58.000Z</time>
      </trkpt>
      <trkpt lat="46.096275" lon="11.144714">
        <ele>1002.152341</ele>
        <time>2026-02-28T08:59:01.000Z</time>
      </trkpt>
      <trkpt lat="46.096290" lon="11.144763">
        <ele>1003.118741</ele>
        <time>2026-02-28T08:59:06.000Z</time>
      </trkpt>
      <trkpt lat="46.096303" lon="11.144811">
        <ele>1004.048493</ele>
        <time>2026-02-28T08:59:11.000Z</time>
      </trkpt>
      <trkpt lat="46.096313" lon="11.144870">
        <ele>1005.144341</ele>
        <time>2026-02-28T08:59:16.000Z</time>
      </trkpt>
      <trkpt lat="46.096319" lon="11.144870">
        <ele>1005.300453</ele>
        <time>2026-02-28T08:59:21.000Z</time>
      </trkpt>
      <trkpt lat="46.096321" lon="11.144838">
        <ele>1005.880156</ele>
        <time>2026-02-28T08:59:24.000Z</time>
      </trkpt>
      <trkpt lat="46.096323" lon="11.144817">
        <ele>1006.262607</ele>
        <time>2026-02-28T08:59:26.000Z</time>
      </trkpt>
      <trkpt lat="46.096334" lon="11.144762">
        <ele>1007.295397</ele>
        <time>2026-02-28T08:59:30.000Z</time>
      </trkpt>
      <trkpt lat="46.096338" lon="11.144754">
        <ele>1007.473345</ele>
        <time>2026-02-28T08:59:31.000Z</time>
      </trkpt>
      <trkpt lat="46.096362" lon="11.144705">
        <ele>1008.555723</ele>
        <time>2026-02-28T08:59:37.000Z</time>
      </trkpt>
      <trkpt lat="46.096363" lon="11.144697">
        <ele>1008.702390</ele>
        <time>2026-02-28T08:59:38.000Z</time>
      </trkpt>
      <trkpt lat="46.096368" lon="11.144646">
        <ele>1009.631711</ele>
        <time>2026-02-28T08:59:42.000Z</time>
      </trkpt>
      <trkpt lat="46.096368" lon="11.144624">
        <ele>1010.028648</ele>
        <time>2026-02-28T08:59:44.000Z</time>
      </trkpt>
      <trkpt lat="46.096359" lon="11.144599">
        <ele>1010.536873</ele>
        <time>2026-02-28T08:59:47.000Z</time>
      </trkpt>
      <trkpt lat="46.096360" lon="11.144564">
        <ele>1011.168899</ele>
        <time>2026-02-28T08:59:50.000Z</time>
      </trkpt>
      <trkpt lat="46.096372" lon="11.144563">
        <ele>1011.481643</ele>
        <time>2026-02-28T08:59:52.000Z</time>
      </trkpt>
      <trkpt lat="46.096382" lon="11.144605">
        <ele>1012.282854</ele>
        <time>2026-02-28T08:59:56.000Z</time>
      </trkpt>
      <trkpt lat="46.096419" lon="11.144679">
        <ele>1013.928878</ele>
        <time>2026-02-28T09:00:03.000Z</time>
      </trkpt>
      <trkpt lat="46.096426" lon="11.144687">
        <ele>1014.161269</ele>
        <time>2026-02-28T09:00:04.000Z</time>
      </trkpt>
      <trkpt lat="46.096445" lon="11.144774">
        <ele>1015.806974</ele>
        <time>2026-02-28T09:00:12.000Z</time>
      </trkpt>
      <trkpt lat="46.096445" lon="11.144797">
        <ele>1016.221953</ele>
        <time>2026-02-28T09:00:14.000Z</time>
      </trkpt>
      <trkpt lat="46.096448" lon="11.144845">
        <ele>1017.091505</ele>
        <time>2026-02-28T09:00:19.000Z</time>
      </trkpt>
      <trkpt lat="46.096449" lon="11.144855">
        <ele>1017.273797</ele>
        <time>2026-02-28T09:00:21.000Z</time>
      </trkpt>
      <trkpt lat="46.096446" lon="11.144880">
        <ele>1017.731564</ele>
        <time>2026-02-28T09:00:24.000Z</time>
      </trkpt>
      <trkpt lat="46.096441" lon="11.144926">
        <ele>1018.571655</ele>
        <time>2026-02-28T09:00:28.000Z</time>
      </trkpt>
      <trkpt lat="46.096442" lon="11.144936">
        <ele>1018.753946</ele>
        <time>2026-02-28T09:00:29.000Z</time>
      </trkpt>
      <trkpt lat="46.096463" lon="11.145012">
        <ele>1020.230030</ele>
        <time>2026-02-28T09:00:36.000Z</time>
      </trkpt>
      <trkpt lat="46.096472" lon="11.145035">
        <ele>1020.706518</ele>
        <time>2026-02-28T09:00:38.000Z</time>
      </trkpt>
      <trkpt lat="46.096493" lon="11.145096">
        <ele>1021.935278</ele>
        <time>2026-02-28T09:00:44.000Z</time>
      </trkpt>
      <trkpt lat="46.096509" lon="11.145145">
        <ele>1022.912472</ele>
        <time>2026-02-28T09:00:50.000Z</time>
      </trkpt>
      <trkpt lat="46.096512" lon="11.145151">
        <ele>1023.045933</ele>
        <time>2026-02-28T09:00:51.000Z</time>
      </trkpt>
      <trkpt lat="46.096525" lon="11.145105">
        <ele>1023.942166</ele>
        <time>2026-02-28T09:00:57.000Z</time>
      </trkpt>
      <trkpt lat="46.096527" lon="11.145101">
        <ele>1024.031140</ele>
        <time>2026-02-28T09:00:58.000Z</time>
      </trkpt>
      <trkpt lat="46.096550" lon="11.145031">
        <ele>1025.428718</ele>
        <time>2026-02-28T09:01:05.000Z</time>
      </trkpt>
      <trkpt lat="46.096555" lon="11.145024">
        <ele>1025.610033</ele>
        <time>2026-02-28T09:01:06.000Z</time>
      </trkpt>
      <trkpt lat="46.096562" lon="11.144970">
        <ele>1026.601206</ele>
        <time>2026-02-28T09:01:11.000Z</time>
      </trkpt>
      <trkpt lat="46.096567" lon="11.144942">
        <ele>1027.122877</ele>
        <time>2026-02-28T09:01:14.000Z</time>
      </trkpt>
      <trkpt lat="46.096580" lon="11.144906">
        <ele>1027.855200</ele>
        <time>2026-02-28T09:01:19.000Z</time>
      </trkpt>
      <trkpt lat="46.096584" lon="11.144896">
        <ele>1028.063490</ele>
        <time>2026-02-28T09:01:20.000Z</time>
      </trkpt>
      <trkpt lat="46.096578" lon="11.144853">
        <ele>1028.854867</ele>
        <time>2026-02-28T09:01:25.000Z</time>
      </trkpt>
      <trkpt lat="46.096576" lon="11.144823">
        <ele>1029.331846</ele>
        <time>2026-02-28T09:01:28.000Z</time>
      </trkpt>
      <trkpt lat="46.096581" lon="11.144786">
        <ele>1029.718750</ele>
        <time>2026-02-28T09:01:31.000Z</time>
      </trkpt>
      <trkpt lat="46.096587" lon="11.144756">
        <ele>1030.039214</ele>
        <time>2026-02-28T09:01:35.000Z</time>
      </trkpt>
      <trkpt lat="46.096586" lon="11.144739">
        <ele>1030.214325</ele>
        <time>2026-02-28T09:01:37.000Z</time>
      </trkpt>
      <trkpt lat="46.096598" lon="11.144706">
        <ele>1030.596775</ele>
        <time>2026-02-28T09:01:41.000Z</time>
      </trkpt>
      <trkpt lat="46.096607" lon="11.144685">
        <ele>1030.850157</ele>
        <time>2026-02-28T09:01:43.000Z</time>
      </trkpt>
      <trkpt lat="46.096616" lon="11.144634">
        <ele>1031.390294</ele>
        <time>2026-02-28T09:01:47.000Z</time>
      </trkpt>
      <trkpt lat="46.096620" lon="11.144612">
        <ele>1031.623730</ele>
        <time>2026-02-28T09:01:49.000Z</time>
      </trkpt>
      <trkpt lat="46.096628" lon="11.144560">
        <ele>1032.170424</ele>
        <time>2026-02-28T09:01:54.000Z</time>
      </trkpt>
      <trkpt lat="46.096632" lon="11.144549">
        <ele>1032.297908</ele>
        <time>2026-02-28T09:01:55.000Z</time>
      </trkpt>
      <trkpt lat="46.096641" lon="11.144520">
        <ele>1032.624006</ele>
        <time>2026-02-28T09:02:01.000Z</time>
      </trkpt>
      <trkpt lat="46.096640" lon="11.144513">
        <ele>1032.697362</ele>
        <time>2026-02-28T09:02:02.000Z</time>
      </trkpt>
      <trkpt lat="46.096642" lon="11.144456">
        <ele>1033.283146</ele>
        <time>2026-02-28T09:02:07.000Z</time>
      </trkpt>
      <trkpt lat="46.096646" lon="11.144443">
        <ele>1033.429120</ele>
        <time>2026-02-28T09:02:08.000Z</time>
      </trkpt>
      <trkpt lat="46.096665" lon="11.144383">
        <ele>1034.106120</ele>
        <time>2026-02-28T09:02:13.000Z</time>
      </trkpt>
      <trkpt lat="46.096691" lon="11.144357">
        <ele>1034.574423</ele>
        <time>2026-02-28T09:02:17.000Z</time>
      </trkpt>
      <trkpt lat="46.096705" lon="11.144338">
        <ele>1034.858972</ele>
        <time>2026-02-28T09:02:20.000Z</time>
      </trkpt>
      <trkpt lat="46.096722" lon="11.144311">
        <ele>1035.233283</ele>
        <time>2026-02-28T09:02:26.000Z</time>
      </trkpt>
      <trkpt lat="46.096729" lon="11.144300">
        <ele>1035.386519</ele>
        <time>2026-02-28T09:02:29.000Z</time>
      </trkpt>
      <trkpt lat="46.096738" lon="11.144281">
        <ele>1035.622686</ele>
        <time>2026-02-28T09:02:33.000Z</time>
      </trkpt>
      <trkpt lat="46.096745" lon="11.144286">
        <ele>1035.738307</ele>
        <time>2026-02-28T09:02:35.000Z</time>
      </trkpt>
      <trkpt lat="46.096749" lon="11.144272">
        <ele>1035.893719</ele>
        <time>2026-02-28T09:02:43.000Z</time>
      </trkpt>
      <trkpt lat="46.096749" lon="11.144286">
        <ele>1036.037411</ele>
        <time>2026-02-28T09:02:49.000Z</time>
      </trkpt>
      <trkpt lat="46.096748" lon="11.144281">
        <ele>1036.090822</ele>
        <time>2026-02-28T09:02:54.000Z</time>
      </trkpt>
      <trkpt lat="46.096747" lon="11.144280">
        <ele>1036.108834</ele>
        <time>2026-02-28T09:02:58.000Z</time>
      </trkpt>
      <trkpt lat="46.096737" lon="11.144269">
        <ele>1036.294990</ele>
        <time>2026-02-28T09:03:04.000Z</time>
      </trkpt>
      <trkpt lat="46.096735" lon="11.144266">
        <ele>1036.337703</ele>
        <time>2026-02-28T09:03:12.000Z</time>
      </trkpt>
      <trkpt lat="46.096749" lon="11.144261">
        <ele>1036.551180</ele>
        <time>2026-02-28T09:03:21.000Z</time>
      </trkpt>
      <trkpt lat="46.096745" lon="11.144261">
        <ele>1036.610384</ele>
        <time>2026-02-28T09:03:28.000Z</time>
      </trkpt>
      <trkpt lat="46.096745" lon="11.144286">
        <ele>1036.866978</ele>
        <time>2026-02-28T09:03:31.000Z</time>
      </trkpt>
      <trkpt lat="46.096774" lon="11.144333">
        <ele>1037.512694</ele>
        <time>2026-02-28T09:03:37.000Z</time>
      </trkpt>
      <trkpt lat="46.096801" lon="11.144371">
        <ele>1038.071105</ele>
        <time>2026-02-28T09:03:41.000Z</time>
      </trkpt>
      <trkpt lat="46.096815" lon="11.144381">
        <ele>1038.302347</ele>
        <time>2026-02-28T09:03:43.000Z</time>
      </trkpt>
      <trkpt lat="46.096842" lon="11.144392">
        <ele>1038.717621</ele>
        <time>2026-02-28T09:03:48.000Z</time>
      </trkpt>
      <trkpt lat="46.096851" lon="11.144391">
        <ele>1038.851226</ele>
        <time>2026-02-28T09:03:50.000Z</time>
      </trkpt>
      <trkpt lat="46.096863" lon="11.144386">
        <ele>1039.036105</ele>
        <time>2026-02-28T09:03:58.000Z</time>
      </trkpt>
      <trkpt lat="46.096867" lon="11.144402">
        <ele>1039.210672</ele>
        <time>2026-02-28T09:04:08.000Z</time>
      </trkpt>
      <trkpt lat="46.096858" lon="11.144409">
        <ele>1039.362022</ele>
        <time>2026-02-28T09:04:18.000Z</time>
      </trkpt>
      <trkpt lat="46.096876" lon="11.144415">
        <ele>1039.635468</ele>
        <time>2026-02-28T09:04:28.000Z</time>
      </trkpt>
      <trkpt lat="46.096837" lon="11.144411">
        <ele>1040.214171</ele>
        <time>2026-02-28T09:04:32.000Z</time>
      </trkpt>
      <trkpt lat="46.096813" lon="11.144407">
        <ele>1040.571764</ele>
        <time>2026-02-28T09:04:35.000Z</time>
      </trkpt>
      <trkpt lat="46.096799" lon="11.144416">
        <ele>1040.798637</ele>
        <time>2026-02-28T09:04:40.000Z</time>
      </trkpt>
      <trkpt lat="46.096788" lon="11.144456">
        <ele>1041.240293</ele>
        <time>2026-02-28T09:04:44.000Z</time>
      </trkpt>
      <trkpt lat="46.096805" lon="11.144531">
        <ele>1042.050154</ele>
        <time>2026-02-28T09:04:51.000Z</time>
      </trkpt>
      <trkpt lat="46.096819" lon="11.144607">
        <ele>1042.857253</ele>
        <time>2026-02-28T09:04:58.000Z</time>
      </trkpt>
      <trkpt lat="46.096822" lon="11.144633">
        <ele>1043.127780</ele>
        <time>2026-02-28T09:05:00.000Z</time>
      </trkpt>
      <trkpt lat="46.096830" lon="11.144674">
        <ele>1043.564935</ele>
        <time>2026-02-28T09:05:04.000Z</time>
      </trkpt>
      <trkpt lat="46.096837" lon="11.144740">
        <ele>1044.250220</ele>
        <time>2026-02-28T09:05:09.000Z</time>
      </trkpt>
      <trkpt lat="46.096839" lon="11.144757">
        <ele>1044.427197</ele>
        <time>2026-02-28T09:05:10.000Z</time>
      </trkpt>
      <trkpt lat="46.096848" lon="11.144823">
        <ele>1045.117578</ele>
        <time>2026-02-28T09:05:15.000Z</time>
      </trkpt>
      <trkpt lat="46.096860" lon="11.144845">
        <ele>1045.404864</ele>
        <time>2026-02-28T09:05:19.000Z</time>
      </trkpt>
      <trkpt lat="46.096864" lon="11.144856">
        <ele>1045.532347</ele>
        <time>2026-02-28T09:05:21.000Z</time>
      </trkpt>
      <trkpt lat="46.096873" lon="11.144898">
        <ele>1045.983537</ele>
        <time>2026-02-28T09:05:26.000Z</time>
      </trkpt>
      <trkpt lat="46.096874" lon="11.144904">
        <ele>1046.046873</ele>
        <time>2026-02-28T09:05:27.000Z</time>
      </trkpt>
      <trkpt lat="46.096882" lon="11.144955">
        <ele>1046.583549</ele>
        <time>2026-02-28T09:05:30.000Z</time>
      </trkpt>
      <trkpt lat="46.096890" lon="11.145028">
        <ele>1047.342101</ele>
        <time>2026-02-28T09:05:34.000Z</time>
      </trkpt>
      <trkpt lat="46.096894" lon="11.145042">
        <ele>1047.497512</ele>
        <time>2026-02-28T09:05:36.000Z</time>
      </trkpt>
      <trkpt lat="46.096907" lon="11.145088">
        <ele>1048.007348</ele>
        <time>2026-02-28T09:05:40.000Z</time>
      </trkpt>
      <trkpt lat="46.096916" lon="11.145122">
        <ele>1048.380875</ele>
        <time>2026-02-28T09:05:43.000Z</time>
      </trkpt>
      <trkpt lat="46.096928" lon="11.145161">
        <ele>1048.818797</ele>
        <time>2026-02-28T09:05:46.000Z</time>
      </trkpt>
      <trkpt lat="46.096938" lon="11.145214">
        <ele>1049.382551</ele>
        <time>2026-02-28T09:05:49.000Z</time>
      </trkpt>
      <trkpt lat="46.096938" lon="11.145265">
        <ele>1049.906001</ele>
        <time>2026-02-28T09:05:52.000Z</time>
      </trkpt>
      <trkpt lat="46.096953" lon="11.145338">
        <ele>1050.687455</ele>
        <time>2026-02-28T09:05:58.000Z</time>
      </trkpt>
      <trkpt lat="46.096956" lon="11.145349">
        <ele>1050.808774</ele>
        <time>2026-02-28T09:05:59.000Z</time>
      </trkpt>
      <trkpt lat="46.096979" lon="11.145409">
        <ele>1051.512428</ele>
        <time>2026-02-28T09:06:05.000Z</time>
      </trkpt>
      <trkpt lat="46.096990" lon="11.145419">
        <ele>1051.704892</ele>
        <time>2026-02-28T09:06:07.000Z</time>
      </trkpt>
      <trkpt lat="46.097022" lon="11.145442">
        <ele>1052.234098</ele>
        <time>2026-02-28T09:06:11.000Z</time>
      </trkpt>
      <trkpt lat="46.097039" lon="11.145458">
        <ele>1052.534566</ele>
        <time>2026-02-28T09:06:13.000Z</time>
      </trkpt>
      <trkpt lat="46.097044" lon="11.145464">
        <ele>1052.630842</ele>
        <time>2026-02-28T09:06:14.000Z</time>
      </trkpt>
      <trkpt lat="46.097089" lon="11.145481">
        <ele>1053.319370</ele>
        <time>2026-02-28T09:06:20.000Z</time>
      </trkpt>
      <trkpt lat="46.097102" lon="11.145489">
        <ele>1053.528572</ele>
        <time>2026-02-28T09:06:21.000Z</time>
      </trkpt>
      <trkpt lat="46.097110" lon="11.145493">
        <ele>1053.653897</ele>
        <time>2026-02-28T09:06:22.000Z</time>
      </trkpt>
      <trkpt lat="46.097153" lon="11.145513">
        <ele>1054.322632</ele>
        <time>2026-02-28T09:06:27.000Z</time>
      </trkpt>
      <trkpt lat="46.097167" lon="11.145523">
        <ele>1054.553874</ele>
        <time>2026-02-28T09:06:29.000Z</time>
      </trkpt>
      <trkpt lat="46.097194" lon="11.145529">
        <ele>1054.958222</ele>
        <time>2026-02-28T09:06:33.000Z</time>
      </trkpt>
      <trkpt lat="46.097228" lon="11.145546">
        <ele>1055.490852</ele>
        <time>2026-02-28T09:06:36.000Z</time>
      </trkpt>
      <trkpt lat="46.097246" lon="11.145556">
        <ele>1055.776359</ele>
        <time>2026-02-28T09:06:38.000Z</time>
      </trkpt>
      <trkpt lat="46.097275" lon="11.145582">
        <ele>1056.397433</ele>
        <time>2026-02-28T09:06:42.000Z</time>
      </trkpt>
      <trkpt lat="46.097286" lon="11.145586">
        <ele>1056.612017</ele>
        <time>2026-02-28T09:06:44.000Z</time>
      </trkpt>
      <trkpt lat="46.097295" lon="11.145559">
        <ele>1057.004959</ele>
        <time>2026-02-28T09:06:49.000Z</time>
      </trkpt>
      <trkpt lat="46.097296" lon="11.145551">
        <ele>1057.111584</ele>
        <time>2026-02-28T09:06:50.000Z</time>
      </trkpt>
      <trkpt lat="46.097292" lon="11.145538">
        <ele>1057.298133</ele>
        <time>2026-02-28T09:06:51.000Z</time>
      </trkpt>
      <trkpt lat="46.097290" lon="11.145506">
        <ele>1057.719568</ele>
        <time>2026-02-28T09:06:54.000Z</time>
      </trkpt>
      <trkpt lat="46.097291" lon="11.145495">
        <ele>1057.865086</ele>
        <time>2026-02-28T09:06:56.000Z</time>
      </trkpt>
      <trkpt lat="46.097287" lon="11.145450">
        <ele>1058.460166</ele>
        <time>2026-02-28T09:07:00.000Z</time>
      </trkpt>
      <trkpt lat="46.097286" lon="11.145436">
        <ele>1058.644771</ele>
        <time>2026-02-28T09:07:01.000Z</time>
      </trkpt>
      <trkpt lat="46.097266" lon="11.145398">
        <ele>1059.270514</ele>
        <time>2026-02-28T09:07:06.000Z</time>
      </trkpt>
      <trkpt lat="46.097263" lon="11.145393">
        <ele>1059.357239</ele>
        <time>2026-02-28T09:07:07.000Z</time>
      </trkpt>
      <trkpt lat="46.097242" lon="11.145346">
        <ele>1060.090615</ele>
        <time>2026-02-28T09:07:11.000Z</time>
      </trkpt>
      <trkpt lat="46.097232" lon="11.145328">
        <ele>1060.393143</ele>
        <time>2026-02-28T09:07:13.000Z</time>
      </trkpt>
      <trkpt lat="46.097221" lon="11.145289">
        <ele>1060.945390</ele>
        <time>2026-02-28T09:07:16.000Z</time>
      </trkpt>
      <trkpt lat="46.097207" lon="11.145245">
        <ele>1061.580380</ele>
        <time>2026-02-28T09:07:20.000Z</time>
      </trkpt>
      <trkpt lat="46.097205" lon="11.145213">
        <ele>1062.001815</ele>
        <time>2026-02-28T09:07:22.000Z</time>
      </trkpt>
      <trkpt lat="46.097198" lon="11.145177">
        <ele>1062.492229</ele>
        <time>2026-02-28T09:07:25.000Z</time>
      </trkpt>
      <trkpt lat="46.097199" lon="11.145163">
        <ele>1062.676835</ele>
        <time>2026-02-28T09:07:26.000Z</time>
      </trkpt>
      <trkpt lat="46.097201" lon="11.145152">
        <ele>1062.825995</ele>
        <time>2026-02-28T09:07:27.000Z</time>
      </trkpt>
      <trkpt lat="46.097209" lon="11.145123">
        <ele>1063.235374</ele>
        <time>2026-02-28T09:07:29.000Z</time>
      </trkpt>
      <trkpt lat="46.097215" lon="11.145111">
        <ele>1063.429424</ele>
        <time>2026-02-28T09:07:31.000Z</time>
      </trkpt>
      <trkpt lat="46.097242" lon="11.145067">
        <ele>1064.200084</ele>
        <time>2026-02-28T09:07:37.000Z</time>
      </trkpt>
      <trkpt lat="46.097254" lon="11.145052">
        <ele>1064.500472</ele>
        <time>2026-02-28T09:07:39.000Z</time>
      </trkpt>
      <trkpt lat="46.097282" lon="11.145014">
        <ele>1065.227760</ele>
        <time>2026-02-28T09:07:45.000Z</time>
      </trkpt>
      <trkpt lat="46.097287" lon="11.145010">
        <ele>1065.335916</ele>
        <time>2026-02-28T09:07:46.000Z</time>
      </trkpt>
      <trkpt lat="46.097307" lon="11.144976">
        <ele>1065.920727</ele>
        <time>2026-02-28T09:07:51.000Z</time>
      </trkpt>
      <trkpt lat="46.097321" lon="11.144953">
        <ele>1066.322151</ele>
        <time>2026-02-28T09:07:54.000Z</time>
      </trkpt>
      <trkpt lat="46.097338" lon="11.144927">
        <ele>1066.790879</ele>
        <time>2026-02-28T09:07:57.000Z</time>
      </trkpt>
      <trkpt lat="46.097364" lon="11.144885">
        <ele>1067.529364</ele>
        <time>2026-02-28T09:08:03.000Z</time>
      </trkpt>
      <trkpt lat="46.097402" lon="11.144810">
        <ele>1068.747731</ele>
        <time>2026-02-28T09:08:10.000Z</time>
      </trkpt>
      <trkpt lat="46.097403" lon="11.144801">
        <ele>1068.867287</ele>
        <time>2026-02-28T09:08:11.000Z</time>
      </trkpt>
      <trkpt lat="46.097398" lon="11.144777">
        <ele>1069.195987</ele>
        <time>2026-02-28T09:08:16.000Z</time>
      </trkpt>
      <trkpt lat="46.097391" lon="11.144769">
        <ele>1069.364933</ele>
        <time>2026-02-28T09:08:19.000Z</time>
      </trkpt>
      <trkpt lat="46.097392" lon="11.144751">
        <ele>1069.601789</ele>
        <time>2026-02-28T09:08:22.000Z</time>
      </trkpt>
      <trkpt lat="46.097369" lon="11.144717">
        <ele>1070.224814</ele>
        <time>2026-02-28T09:08:26.000Z</time>
      </trkpt>
      <trkpt lat="46.097357" lon="11.144702">
        <ele>1070.525202</ele>
        <time>2026-02-28T09:08:28.000Z</time>
      </trkpt>
      <trkpt lat="46.097349" lon="11.144670">
        <ele>1070.971380</ele>
        <time>2026-02-28T09:08:32.000Z</time>
      </trkpt>
      <trkpt lat="46.097346" lon="11.144659">
        <ele>1071.126421</ele>
        <time>2026-02-28T09:08:33.000Z</time>
      </trkpt>
      <trkpt lat="46.097311" lon="11.144579">
        <ele>1072.367146</ele>
        <time>2026-02-28T09:08:39.000Z</time>
      </trkpt>
      <trkpt lat="46.097310" lon="11.144564">
        <ele>1072.564803</ele>
        <time>2026-02-28T09:08:40.000Z</time>
      </trkpt>
      <trkpt lat="46.097306" lon="11.144546">
        <ele>1072.812730</ele>
        <time>2026-02-28T09:08:42.000Z</time>
      </trkpt>
      <trkpt lat="46.097304" lon="11.144534">
        <ele>1072.974613</ele>
        <time>2026-02-28T09:08:43.000Z</time>
      </trkpt>
      <trkpt lat="46.097302" lon="11.144523">
        <ele>1073.123774</ele>
        <time>2026-02-28T09:08:44.000Z</time>
      </trkpt>
      <trkpt lat="46.097304" lon="11.144489">
        <ele>1073.571342</ele>
        <time>2026-02-28T09:08:47.000Z</time>
      </trkpt>
      <trkpt lat="46.097322" lon="11.144405">
        <ele>1074.724550</ele>
        <time>2026-02-28T09:08:53.000Z</time>
      </trkpt>
      <trkpt lat="46.097333" lon="11.144384">
        <ele>1075.069754</ele>
        <time>2026-02-28T09:08:55.000Z</time>
      </trkpt>
      <trkpt lat="46.097347" lon="11.144345">
        <ele>1075.645784</ele>
        <time>2026-02-28T09:08:59.000Z</time>
      </trkpt>
      <trkpt lat="46.097354" lon="11.144304">
        <ele>1076.199628</ele>
        <time>2026-02-28T09:09:02.000Z</time>
      </trkpt>
      <trkpt lat="46.097353" lon="11.144284">
        <ele>1076.462642</ele>
        <time>2026-02-28T09:09:04.000Z</time>
      </trkpt>
      <trkpt lat="46.097360" lon="11.144224">
        <ele>1077.260702</ele>
        <time>2026-02-28T09:09:08.000Z</time>
      </trkpt>
      <trkpt lat="46.097358" lon="11.144218">
        <ele>1077.348022</ele>
        <time>2026-02-28T09:09:09.000Z</time>
      </trkpt>
      <trkpt lat="46.097366" lon="11.144186">
        <ele>1077.794200</ele>
        <time>2026-02-28T09:09:13.000Z</time>
      </trkpt>
      <trkpt lat="46.097382" lon="11.144154">
        <ele>1078.311666</ele>
        <time>2026-02-28T09:09:16.000Z</time>
      </trkpt>
      <trkpt lat="46.097396" lon="11.144126">
        <ele>1078.764449</ele>
        <time>2026-02-28T09:09:18.000Z</time>
      </trkpt>
      <trkpt lat="46.097414" lon="11.144081">
        <ele>1079.445859</ele>
        <time>2026-02-28T09:09:21.000Z</time>
      </trkpt>
      <trkpt lat="46.097437" lon="11.144064">
        <ele>1079.934730</ele>
        <time>2026-02-28T09:09:24.000Z</time>
      </trkpt>
      <trkpt lat="46.097484" lon="11.144045">
        <ele>1080.858028</ele>
        <time>2026-02-28T09:09:30.000Z</time>
      </trkpt>
      <trkpt lat="46.097486" lon="11.144039">
        <ele>1080.945348</ele>
        <time>2026-02-28T09:09:33.000Z</time>
      </trkpt>
      <trkpt lat="46.097474" lon="11.144040">
        <ele>1081.172713</ele>
        <time>2026-02-28T09:09:36.000Z</time>
      </trkpt>
      <trkpt lat="46.097473" lon="11.144037">
        <ele>1081.216373</ele>
        <time>2026-02-28T09:09:37.000Z</time>
      </trkpt>
      <trkpt lat="46.097476" lon="11.144026">
        <ele>1081.371414</ele>
        <time>2026-02-28T09:09:39.000Z</time>
      </trkpt>
      <trkpt lat="46.097502" lon="11.143991">
        <ele>1082.044188</ele>
        <time>2026-02-28T09:09:44.000Z</time>
      </trkpt>
      <trkpt lat="46.097520" lon="11.143976">
        <ele>1082.437426</ele>
        <time>2026-02-28T09:09:47.000Z</time>
      </trkpt>
      <trkpt lat="46.097542" lon="11.143954">
        <ele>1082.943828</ele>
        <time>2026-02-28T09:09:51.000Z</time>
      </trkpt>
      <trkpt lat="46.097565" lon="11.143933">
        <ele>1083.458751</ele>
        <time>2026-02-28T09:09:54.000Z</time>
      </trkpt>
      <trkpt lat="46.097589" lon="11.143905">
        <ele>1084.042681</ele>
        <time>2026-02-28T09:09:59.000Z</time>
      </trkpt>
      <trkpt lat="46.097598" lon="11.143893">
        <ele>1084.274534</ele>
        <time>2026-02-28T09:10:00.000Z</time>
      </trkpt>
      <trkpt lat="46.097629" lon="11.143850">
        <ele>1085.088138</ele>
        <time>2026-02-28T09:10:05.000Z</time>
      </trkpt>
      <trkpt lat="46.097689" lon="11.143840">
        <ele>1086.230622</ele>
        <time>2026-02-28T09:10:10.000Z</time>
      </trkpt>
      <trkpt lat="46.097691" lon="11.143849">
        <ele>1086.354584</ele>
        <time>2026-02-28T09:10:11.000Z</time>
      </trkpt>
      <trkpt lat="46.097696" lon="11.143862">
        <ele>1086.549573</ele>
        <time>2026-02-28T09:10:12.000Z</time>
      </trkpt>
      <trkpt lat="46.097700" lon="11.143878">
        <ele>1086.772660</ele>
        <time>2026-02-28T09:10:13.000Z</time>
      </trkpt>
      <trkpt lat="46.097696" lon="11.143896">
        <ele>1087.020586</ele>
        <time>2026-02-28T09:10:15.000Z</time>
      </trkpt>
      <trkpt lat="46.097687" lon="11.143930">
        <ele>1087.497938</ele>
        <time>2026-02-28T09:10:17.000Z</time>
      </trkpt>
      <trkpt lat="46.097685" lon="11.143943">
        <ele>1087.672600</ele>
        <time>2026-02-28T09:10:18.000Z</time>
      </trkpt>
      <trkpt lat="46.097674" lon="11.144013">
        <ele>1088.614041</ele>
        <time>2026-02-28T09:10:24.000Z</time>
      </trkpt>
      <trkpt lat="46.097672" lon="11.144023">
        <ele>1088.750554</ele>
        <time>2026-02-28T09:10:25.000Z</time>
      </trkpt>
      <trkpt lat="46.097667" lon="11.144085">
        <ele>1089.569263</ele>
        <time>2026-02-28T09:10:31.000Z</time>
      </trkpt>
      <trkpt lat="46.097667" lon="11.144116">
        <ele>1089.847889</ele>
        <time>2026-02-28T09:10:33.000Z</time>
      </trkpt>
      <trkpt lat="46.097691" lon="11.144165">
        <ele>1089.489633</ele>
        <time>2026-02-28T09:10:40.000Z</time>
      </trkpt>
      <trkpt lat="46.097699" lon="11.144171">
        <ele>1089.411977</ele>
        <time>2026-02-28T09:10:41.000Z</time>
      </trkpt>
      <trkpt lat="46.097718" lon="11.144275">
        <ele>1088.769712</ele>
        <time>2026-02-28T09:10:47.000Z</time>
      </trkpt>
      <trkpt lat="46.097667" lon="11.144342">
        <ele>1088.175575</ele>
        <time>2026-02-28T09:10:52.000Z</time>
      </trkpt>
      <trkpt lat="46.097657" lon="11.144355">
        <ele>1088.059627</ele>
        <time>2026-02-28T09:10:53.000Z</time>
      </trkpt>
      <trkpt lat="46.097639" lon="11.144391">
        <ele>1087.794582</ele>
        <time>2026-02-28T09:10:56.000Z</time>
      </trkpt>
      <trkpt lat="46.097649" lon="11.144390">
        <ele>1087.708255</ele>
        <time>2026-02-28T09:45:02.000Z</time>
      </trkpt>
      <trkpt lat="46.097648" lon="11.144385">
        <ele>1087.677178</ele>
        <time>2026-02-28T09:45:03.000Z</time>
      </trkpt>
      <trkpt lat="46.097622" lon="11.144369">
        <ele>1087.433731</ele>
        <time>2026-02-28T09:45:10.000Z</time>
      </trkpt>
      <trkpt lat="46.097579" lon="11.144351">
        <ele>1087.048128</ele>
        <time>2026-02-28T09:45:16.000Z</time>
      </trkpt>
      <trkpt lat="46.097577" lon="11.144313">
        <ele>1086.820545</ele>
        <time>2026-02-28T09:45:19.000Z</time>
      </trkpt>
      <trkpt lat="46.097608" lon="11.144244">
        <ele>1086.329560</ele>
        <time>2026-02-28T09:45:23.000Z</time>
      </trkpt>
      <trkpt lat="46.097630" lon="11.144182">
        <ele>1085.913645</ele>
        <time>2026-02-28T09:45:28.000Z</time>
      </trkpt>
      <trkpt lat="46.097665" lon="11.144093">
        <ele>1085.302629</ele>
        <time>2026-02-28T09:45:36.000Z</time>
      </trkpt>
      <trkpt lat="46.097710" lon="11.144010">
        <ele>1084.673447</ele>
        <time>2026-02-28T09:45:42.000Z</time>
      </trkpt>
      <trkpt lat="46.097709" lon="11.144003">
        <ele>1084.630766</ele>
        <time>2026-02-28T09:45:44.000Z</time>
      </trkpt>
      <trkpt lat="46.097710" lon="11.143997">
        <ele>1084.593914</ele>
        <time>2026-02-28T09:45:47.000Z</time>
      </trkpt>
      <trkpt lat="46.097682" lon="11.143972">
        <ele>1084.310302</ele>
        <time>2026-02-28T09:45:55.000Z</time>
      </trkpt>
      <trkpt lat="46.097679" lon="11.143900">
        <ele>1083.879553</ele>
        <time>2026-02-28T09:45:59.000Z</time>
      </trkpt>
      <trkpt lat="46.097671" lon="11.143867">
        <ele>1083.670786</ele>
        <time>2026-02-28T09:46:02.000Z</time>
      </trkpt>
      <trkpt lat="46.097668" lon="11.143864">
        <ele>1083.639346</ele>
        <time>2026-02-28T09:46:03.000Z</time>
      </trkpt>
      <trkpt lat="46.097657" lon="11.143868">
        <ele>1083.541649</ele>
        <time>2026-02-28T09:46:06.000Z</time>
      </trkpt>
      <trkpt lat="46.097643" lon="11.143889">
        <ele>1083.367683</ele>
        <time>2026-02-28T09:46:08.000Z</time>
      </trkpt>
      <trkpt lat="46.097639" lon="11.143896">
        <ele>1083.313515</ele>
        <time>2026-02-28T09:46:09.000Z</time>
      </trkpt>
      <trkpt lat="46.097595" lon="11.143960">
        <ele>1082.775312</ele>
        <time>2026-02-28T09:46:16.000Z</time>
      </trkpt>
      <trkpt lat="46.097582" lon="11.143971">
        <ele>1082.645506</ele>
        <time>2026-02-28T09:46:18.000Z</time>
      </trkpt>
      <trkpt lat="46.097557" lon="11.143990">
        <ele>1082.402137</ele>
        <time>2026-02-28T09:46:21.000Z</time>
      </trkpt>
      <trkpt lat="46.097515" lon="11.144034">
        <ele>1081.955064</ele>
        <time>2026-02-28T09:46:26.000Z</time>
      </trkpt>
      <trkpt lat="46.097485" lon="11.144062">
        <ele>1081.647314</ele>
        <time>2026-02-28T09:46:29.000Z</time>
      </trkpt>
      <trkpt lat="46.097449" lon="11.144124">
        <ele>1081.164396</ele>
        <time>2026-02-28T09:46:34.000Z</time>
      </trkpt>
      <trkpt lat="46.097439" lon="11.144156">
        <ele>1080.954787</ele>
        <time>2026-02-28T09:46:36.000Z</time>
      </trkpt>
      <trkpt lat="46.097427" lon="11.144229">
        <ele>1080.506759</ele>
        <time>2026-02-28T09:46:41.000Z</time>
      </trkpt>
      <trkpt lat="46.097401" lon="11.144317">
        <ele>1079.935520</ele>
        <time>2026-02-28T09:46:47.000Z</time>
      </trkpt>
      <trkpt lat="46.097395" lon="11.144344">
        <ele>1079.766202</ele>
        <time>2026-02-28T09:46:49.000Z</time>
      </trkpt>
      <trkpt lat="46.097378" lon="11.144391">
        <ele>1079.449636</ele>
        <time>2026-02-28T09:46:52.000Z</time>
      </trkpt>
      <trkpt lat="46.097339" lon="11.144468">
        <ele>1078.880201</ele>
        <time>2026-02-28T09:46:57.000Z</time>
      </trkpt>
      <trkpt lat="46.097328" lon="11.144539">
        <ele>1078.445743</ele>
        <time>2026-02-28T09:47:02.000Z</time>
      </trkpt>
      <trkpt lat="46.097333" lon="11.144570">
        <ele>1078.255673</ele>
        <time>2026-02-28T09:47:04.000Z</time>
      </trkpt>
      <trkpt lat="46.097369" lon="11.144649">
        <ele>1077.691142</ele>
        <time>2026-02-28T09:47:10.000Z</time>
      </trkpt>
      <trkpt lat="46.097371" lon="11.144663">
        <ele>1077.605780</ele>
        <time>2026-02-28T09:47:11.000Z</time>
      </trkpt>
      <trkpt lat="46.097418" lon="11.144734">
        <ele>1077.019595</ele>
        <time>2026-02-28T09:47:18.000Z</time>
      </trkpt>
      <trkpt lat="46.097433" lon="11.144760">
        <ele>1076.817615</ele>
        <time>2026-02-28T09:47:20.000Z</time>
      </trkpt>
      <trkpt lat="46.097451" lon="11.144831">
        <ele>1076.366163</ele>
        <time>2026-02-28T09:47:25.000Z</time>
      </trkpt>
      <trkpt lat="46.097445" lon="11.144846">
        <ele>1076.262750</ele>
        <time>2026-02-28T09:47:26.000Z</time>
      </trkpt>
      <trkpt lat="46.097422" lon="11.144897">
        <ele>1075.899440</ele>
        <time>2026-02-28T09:47:30.000Z</time>
      </trkpt>
      <trkpt lat="46.097416" lon="11.144915">
        <ele>1075.780172</ele>
        <time>2026-02-28T09:47:31.000Z</time>
      </trkpt>
      <trkpt lat="46.097390" lon="11.144960">
        <ele>1075.430379</ele>
        <time>2026-02-28T09:47:34.000Z</time>
      </trkpt>
      <trkpt lat="46.097351" lon="11.145000">
        <ele>1075.018227</ele>
        <time>2026-02-28T09:47:39.000Z</time>
      </trkpt>
      <trkpt lat="46.097312" lon="11.145042">
        <ele>1074.599039</ele>
        <time>2026-02-28T09:47:44.000Z</time>
      </trkpt>
      <trkpt lat="46.097305" lon="11.145054">
        <ele>1074.505393</ele>
        <time>2026-02-28T09:47:45.000Z</time>
      </trkpt>
      <trkpt lat="46.097275" lon="11.145101">
        <ele>1074.037932</ele>
        <time>2026-02-28T09:47:49.000Z</time>
      </trkpt>
      <trkpt lat="46.097262" lon="11.145128">
        <ele>1073.780054</ele>
        <time>2026-02-28T09:47:51.000Z</time>
      </trkpt>
      <trkpt lat="46.097244" lon="11.145193">
        <ele>1073.230949</ele>
        <time>2026-02-28T09:47:56.000Z</time>
      </trkpt>
      <trkpt lat="46.097238" lon="11.145218">
        <ele>1073.023401</ele>
        <time>2026-02-28T09:47:57.000Z</time>
      </trkpt>
      <trkpt lat="46.097242" lon="11.145254">
        <ele>1072.737367</ele>
        <time>2026-02-28T09:48:00.000Z</time>
      </trkpt>
      <trkpt lat="46.097248" lon="11.145278">
        <ele>1072.537216</ele>
        <time>2026-02-28T09:48:02.000Z</time>
      </trkpt>
      <trkpt lat="46.097255" lon="11.145308">
        <ele>1072.288890</ele>
        <time>2026-02-28T09:48:04.000Z</time>
      </trkpt>
      <trkpt lat="46.097287" lon="11.145345">
        <ele>1071.824851</ele>
        <time>2026-02-28T09:48:08.000Z</time>
      </trkpt>
      <trkpt lat="46.097303" lon="11.145356">
        <ele>1071.624314</ele>
        <time>2026-02-28T09:48:10.000Z</time>
      </trkpt>
      <trkpt lat="46.097323" lon="11.145423">
        <ele>1071.052044</ele>
        <time>2026-02-28T09:48:15.000Z</time>
      </trkpt>
      <trkpt lat="46.097343" lon="11.145519">
        <ele>1070.265639</ele>
        <time>2026-02-28T09:48:20.000Z</time>
      </trkpt>
      <trkpt lat="46.097342" lon="11.145561">
        <ele>1069.935942</ele>
        <time>2026-02-28T09:48:23.000Z</time>
      </trkpt>
      <trkpt lat="46.097315" lon="11.145632">
        <ele>1069.300663</ele>
        <time>2026-02-28T09:48:27.000Z</time>
      </trkpt>
      <trkpt lat="46.097291" lon="11.145638">
        <ele>1069.025085</ele>
        <time>2026-02-28T09:48:29.000Z</time>
      </trkpt>
      <trkpt lat="46.097233" lon="11.145597">
        <ele>1068.294296</ele>
        <time>2026-02-28T09:48:34.000Z</time>
      </trkpt>
      <trkpt lat="46.097214" lon="11.145586">
        <ele>1068.062660</ele>
        <time>2026-02-28T09:48:36.000Z</time>
      </trkpt>
      <trkpt lat="46.097204" lon="11.145574">
        <ele>1067.915476</ele>
        <time>2026-02-28T09:48:41.000Z</time>
      </trkpt>
      <trkpt lat="46.097202" lon="11.145574">
        <ele>1067.892849</ele>
        <time>2026-02-28T09:48:42.000Z</time>
      </trkpt>
      <trkpt lat="46.097187" lon="11.145565">
        <ele>1067.709041</ele>
        <time>2026-02-28T09:48:52.000Z</time>
      </trkpt>
      <trkpt lat="46.097181" lon="11.145560">
        <ele>1067.630640</ele>
        <time>2026-02-28T09:48:59.000Z</time>
      </trkpt>
      <trkpt lat="46.097126" lon="11.145528">
        <ele>1066.959652</ele>
        <time>2026-02-28T09:49:04.000Z</time>
      </trkpt>
      <trkpt lat="46.097093" lon="11.145523">
        <ele>1066.584246</ele>
        <time>2026-02-28T09:49:07.000Z</time>
      </trkpt>
      <trkpt lat="46.097029" lon="11.145496">
        <ele>1065.829823</ele>
        <time>2026-02-28T09:49:13.000Z</time>
      </trkpt>
      <trkpt lat="46.097002" lon="11.145472">
        <ele>1065.470986</ele>
        <time>2026-02-28T09:49:16.000Z</time>
      </trkpt>
      <trkpt lat="46.096971" lon="11.145419">
        <ele>1064.927019</ele>
        <time>2026-02-28T09:49:20.000Z</time>
      </trkpt>
      <trkpt lat="46.096932" lon="11.145291">
        <ele>1063.830152</ele>
        <time>2026-02-28T09:49:26.000Z</time>
      </trkpt>
      <trkpt lat="46.096929" lon="11.145271">
        <ele>1063.669616</ele>
        <time>2026-02-28T09:49:27.000Z</time>
      </trkpt>
      <trkpt lat="46.096926" lon="11.145254">
        <ele>1063.531994</ele>
        <time>2026-02-28T09:49:28.000Z</time>
      </trkpt>
      <trkpt lat="46.096923" lon="11.145239">
        <ele>1063.409516</ele>
        <time>2026-02-28T09:49:29.000Z</time>
      </trkpt>
      <trkpt lat="46.096906" lon="11.145138">
        <ele>1062.594126</ele>
        <time>2026-02-28T09:49:36.000Z</time>
      </trkpt>
      <trkpt lat="46.096876" lon="11.145033">
        <ele>1061.703180</ele>
        <time>2026-02-28T09:49:43.000Z</time>
      </trkpt>
      <trkpt lat="46.096859" lon="11.144981">
        <ele>1061.252156</ele>
        <time>2026-02-28T09:49:46.000Z</time>
      </trkpt>
      <trkpt lat="46.096849" lon="11.144948">
        <ele>1060.969618</ele>
        <time>2026-02-28T09:49:48.000Z</time>
      </trkpt>
      <trkpt lat="46.096841" lon="11.144826">
        <ele>1060.008212</ele>
        <time>2026-02-28T09:49:56.000Z</time>
      </trkpt>
      <trkpt lat="46.096836" lon="11.144754">
        <ele>1059.440520</ele>
        <time>2026-02-28T09:50:00.000Z</time>
      </trkpt>
      <trkpt lat="46.096821" lon="11.144677">
        <ele>1058.813041</ele>
        <time>2026-02-28T09:50:04.000Z</time>
      </trkpt>
      <trkpt lat="46.096809" lon="11.144612">
        <ele>1058.285329</ele>
        <time>2026-02-28T09:50:08.000Z</time>
      </trkpt>
      <trkpt lat="46.096797" lon="11.144520">
        <ele>1057.550896</ele>
        <time>2026-02-28T09:50:13.000Z</time>
      </trkpt>
      <trkpt lat="46.096796" lon="11.144484">
        <ele>1057.268236</ele>
        <time>2026-02-28T09:50:15.000Z</time>
      </trkpt>
      <trkpt lat="46.096786" lon="11.144415">
        <ele>1056.715209</ele>
        <time>2026-02-28T09:50:20.000Z</time>
      </trkpt>
      <trkpt lat="46.096783" lon="11.144440">
        <ele>1056.516159</ele>
        <time>2026-02-28T09:50:22.000Z</time>
      </trkpt>
      <trkpt lat="46.096786" lon="11.144466">
        <ele>1056.309374</ele>
        <time>2026-02-28T09:50:24.000Z</time>
      </trkpt>
      <trkpt lat="46.096778" lon="11.144570">
        <ele>1055.488450</ele>
        <time>2026-02-28T09:50:32.000Z</time>
      </trkpt>
      <trkpt lat="46.096769" lon="11.144718">
        <ele>1054.322877</ele>
        <time>2026-02-28T09:50:40.000Z</time>
      </trkpt>
      <trkpt lat="46.096766" lon="11.144837">
        <ele>1053.801623</ele>
        <time>2026-02-28T09:50:47.000Z</time>
      </trkpt>
      <trkpt lat="46.096776" lon="11.144953">
        <ele>1053.458329</ele>
        <time>2026-02-28T09:50:54.000Z</time>
      </trkpt>
      <trkpt lat="46.096786" lon="11.145057">
        <ele>1053.149978</ele>
        <time>2026-02-28T09:51:00.000Z</time>
      </trkpt>
      <trkpt lat="46.096801" lon="11.145154">
        <ele>1052.858109</ele>
        <time>2026-02-28T09:51:06.000Z</time>
      </trkpt>
      <trkpt lat="46.096804" lon="11.145249">
        <ele>1052.578822</ele>
        <time>2026-02-28T09:51:11.000Z</time>
      </trkpt>
      <trkpt lat="46.096804" lon="11.145259">
        <ele>1052.549454</ele>
        <time>2026-02-28T09:51:12.000Z</time>
      </trkpt>
      <trkpt lat="46.096808" lon="11.145344">
        <ele>1052.299250</ele>
        <time>2026-02-28T09:51:18.000Z</time>
      </trkpt>
      <trkpt lat="46.096808" lon="11.145357">
        <ele>1052.261072</ele>
        <time>2026-02-28T09:51:19.000Z</time>
      </trkpt>
      <trkpt lat="46.096806" lon="11.145466">
        <ele>1051.940846</ele>
        <time>2026-02-28T09:51:25.000Z</time>
      </trkpt>
      <trkpt lat="46.096802" lon="11.145488">
        <ele>1051.874052</ele>
        <time>2026-02-28T09:51:26.000Z</time>
      </trkpt>
      <trkpt lat="46.096810" lon="11.145594">
        <ele>1051.560911</ele>
        <time>2026-02-28T09:51:32.000Z</time>
      </trkpt>
      <trkpt lat="46.096814" lon="11.145622">
        <ele>1051.476954</ele>
        <time>2026-02-28T09:51:34.000Z</time>
      </trkpt>
      <trkpt lat="46.096811" lon="11.145702">
        <ele>1051.241665</ele>
        <time>2026-02-28T09:51:39.000Z</time>
      </trkpt>
      <trkpt lat="46.096804" lon="11.145734">
        <ele>1051.143122</ele>
        <time>2026-02-28T09:51:42.000Z</time>
      </trkpt>
      <trkpt lat="46.096767" lon="11.145785">
        <ele>1050.926354</ele>
        <time>2026-02-28T09:51:46.000Z</time>
      </trkpt>
      <trkpt lat="46.096695" lon="11.145881">
        <ele>1050.511060</ele>
        <time>2026-02-28T09:51:54.000Z</time>
      </trkpt>
      <trkpt lat="46.096633" lon="11.145952">
        <ele>1050.175760</ele>
        <time>2026-02-28T09:52:00.000Z</time>
      </trkpt>
      <trkpt lat="46.096579" lon="11.146029">
        <ele>1049.854140</ele>
        <time>2026-02-28T09:52:07.000Z</time>
      </trkpt>
      <trkpt lat="46.096533" lon="11.146072">
        <ele>1049.621974</ele>
        <time>2026-02-28T09:52:11.000Z</time>
      </trkpt>
      <trkpt lat="46.096491" lon="11.146106">
        <ele>1049.417988</ele>
        <time>2026-02-28T09:52:14.000Z</time>
      </trkpt>
      <trkpt lat="46.096417" lon="11.146143">
        <ele>1049.086285</ele>
        <time>2026-02-28T09:52:19.000Z</time>
      </trkpt>
      <trkpt lat="46.096382" lon="11.146162">
        <ele>1048.927901</ele>
        <time>2026-02-28T09:52:22.000Z</time>
      </trkpt>
      <trkpt lat="46.096305" lon="11.146203">
        <ele>1048.580275</ele>
        <time>2026-02-28T09:52:29.000Z</time>
      </trkpt>
      <trkpt lat="46.096272" lon="11.146272">
        <ele>1048.334112</ele>
        <time>2026-02-28T09:52:35.000Z</time>
      </trkpt>
      <trkpt lat="46.096233" lon="11.146387">
        <ele>1047.958149</ele>
        <time>2026-02-28T09:52:42.000Z</time>
      </trkpt>
      <trkpt lat="46.096227" lon="11.146419">
        <ele>1047.860795</ele>
        <time>2026-02-28T09:52:44.000Z</time>
      </trkpt>
      <trkpt lat="46.096217" lon="11.146450">
        <ele>1047.760384</ele>
        <time>2026-02-28T09:52:46.000Z</time>
      </trkpt>
      <trkpt lat="46.096205" lon="11.146483">
        <ele>1047.650951</ele>
        <time>2026-02-28T09:52:48.000Z</time>
      </trkpt>
      <trkpt lat="46.096149" lon="11.146597">
        <ele>1047.240659</ele>
        <time>2026-02-28T09:52:55.000Z</time>
      </trkpt>
      <trkpt lat="46.096117" lon="11.146663">
        <ele>1047.004147</ele>
        <time>2026-02-28T09:53:00.000Z</time>
      </trkpt>
      <trkpt lat="46.096108" lon="11.146686">
        <ele>1046.926587</ele>
        <time>2026-02-28T09:53:02.000Z</time>
      </trkpt>
      <trkpt lat="46.096087" lon="11.146752">
        <ele>1046.713324</ele>
        <time>2026-02-28T09:53:06.000Z</time>
      </trkpt>
      <trkpt lat="46.096079" lon="11.146770">
        <ele>1046.650535</ele>
        <time>2026-02-28T09:53:07.000Z</time>
      </trkpt>
      <trkpt lat="46.096060" lon="11.146824">
        <ele>1046.472699</ele>
        <time>2026-02-28T09:53:11.000Z</time>
      </trkpt>
      <trkpt lat="46.096043" lon="11.146857">
        <ele>1046.248639</ele>
        <time>2026-02-28T09:53:14.000Z</time>
      </trkpt>
      <trkpt lat="46.096029" lon="11.146880">
        <ele>1046.041567</ele>
        <time>2026-02-28T09:53:15.000Z</time>
      </trkpt>
      <trkpt lat="46.095994" lon="11.146939">
        <ele>1045.516215</ele>
        <time>2026-02-28T09:53:20.000Z</time>
      </trkpt>
      <trkpt lat="46.095984" lon="11.146960">
        <ele>1045.343848</ele>
        <time>2026-02-28T09:53:22.000Z</time>
      </trkpt>
      <trkpt lat="46.095960" lon="11.147038">
        <ele>1044.766460</ele>
        <time>2026-02-28T09:53:28.000Z</time>
      </trkpt>
      <trkpt lat="46.095964" lon="11.147116">
        <ele>1044.237251</ele>
        <time>2026-02-28T09:53:33.000Z</time>
      </trkpt>
      <trkpt lat="46.095970" lon="11.147150">
        <ele>1043.999866</ele>
        <time>2026-02-28T09:53:35.000Z</time>
      </trkpt>
      <trkpt lat="46.095982" lon="11.147188">
        <ele>1043.717343</ele>
        <time>2026-02-28T09:53:37.000Z</time>
      </trkpt>
      <trkpt lat="46.096018" lon="11.147285">
        <ele>1042.972930</ele>
        <time>2026-02-28T09:53:42.000Z</time>
      </trkpt>
      <trkpt lat="46.096016" lon="11.147383">
        <ele>1042.309551</ele>
        <time>2026-02-28T09:53:47.000Z</time>
      </trkpt>
      <trkpt lat="46.096003" lon="11.147464">
        <ele>1041.746998</ele>
        <time>2026-02-28T09:53:51.000Z</time>
      </trkpt>
      <trkpt lat="46.095975" lon="11.147510">
        <ele>1041.332853</ele>
        <time>2026-02-28T09:53:55.000Z</time>
      </trkpt>
      <trkpt lat="46.095933" lon="11.147595">
        <ele>1040.626653</ele>
        <time>2026-02-28T09:54:01.000Z</time>
      </trkpt>
      <trkpt lat="46.095879" lon="11.147690">
        <ele>1039.795506</ele>
        <time>2026-02-28T09:54:07.000Z</time>
      </trkpt>
      <trkpt lat="46.095855" lon="11.147745">
        <ele>1039.355813</ele>
        <time>2026-02-28T09:54:11.000Z</time>
      </trkpt>
      <trkpt lat="46.095850" lon="11.147757">
        <ele>1039.261088</ele>
        <time>2026-02-28T09:54:12.000Z</time>
      </trkpt>
      <trkpt lat="46.095846" lon="11.147766">
        <ele>1039.188758</ele>
        <time>2026-02-28T09:54:13.000Z</time>
      </trkpt>
      <trkpt lat="46.095786" lon="11.147870">
        <ele>1038.273376</ele>
        <time>2026-02-28T09:54:20.000Z</time>
      </trkpt>
      <trkpt lat="46.095759" lon="11.147915">
        <ele>1037.870742</ele>
        <time>2026-02-28T09:54:23.000Z</time>
      </trkpt>
      <trkpt lat="46.095726" lon="11.147991">
        <ele>1037.264014</ele>
        <time>2026-02-28T09:54:28.000Z</time>
      </trkpt>
      <trkpt lat="46.095684" lon="11.148061">
        <ele>1036.637693</ele>
        <time>2026-02-28T09:54:32.000Z</time>
      </trkpt>
      <trkpt lat="46.095650" lon="11.148113">
        <ele>1036.154109</ele>
        <time>2026-02-28T09:54:36.000Z</time>
      </trkpt>
      <trkpt lat="46.095609" lon="11.148208">
        <ele>1035.396989</ele>
        <time>2026-02-28T09:54:42.000Z</time>
      </trkpt>
      <trkpt lat="46.095608" lon="11.148220">
        <ele>1035.315210</ele>
        <time>2026-02-28T09:54:43.000Z</time>
      </trkpt>
      <trkpt lat="46.095572" lon="11.148324">
        <ele>1034.528715</ele>
        <time>2026-02-28T09:54:50.000Z</time>
      </trkpt>
      <trkpt lat="46.095542" lon="11.148378">
        <ele>1034.060540</ele>
        <time>2026-02-28T09:54:53.000Z</time>
      </trkpt>
      <trkpt lat="46.095529" lon="11.148414">
        <ele>1033.785905</ele>
        <time>2026-02-28T09:54:56.000Z</time>
      </trkpt>
      <trkpt lat="46.095530" lon="11.148539">
        <ele>1032.940061</ele>
        <time>2026-02-28T09:55:03.000Z</time>
      </trkpt>
      <trkpt lat="46.095561" lon="11.148657">
        <ele>1032.086262</ele>
        <time>2026-02-28T09:55:09.000Z</time>
      </trkpt>
      <trkpt lat="46.095564" lon="11.148671">
        <ele>1031.987114</ele>
        <time>2026-02-28T09:55:10.000Z</time>
      </trkpt>
      <trkpt lat="46.095598" lon="11.148748">
        <ele>1031.369454</ele>
        <time>2026-02-28T09:55:16.000Z</time>
      </trkpt>
      <trkpt lat="46.095643" lon="11.148817">
        <ele>1030.728546</ele>
        <time>2026-02-28T09:55:22.000Z</time>
      </trkpt>
      <trkpt lat="46.095657" lon="11.148843">
        <ele>1030.505814</ele>
        <time>2026-02-28T09:55:24.000Z</time>
      </trkpt>
      <trkpt lat="46.095707" lon="11.148919">
        <ele>1029.796974</ele>
        <time>2026-02-28T09:55:30.000Z</time>
      </trkpt>
      <trkpt lat="46.095751" lon="11.148982">
        <ele>1029.191970</ele>
        <time>2026-02-28T09:55:36.000Z</time>
      </trkpt>
      <trkpt lat="46.095759" lon="11.148997">
        <ele>1029.063930</ele>
        <time>2026-02-28T09:55:37.000Z</time>
      </trkpt>
      <trkpt lat="46.095794" lon="11.149115">
        <ele>1028.657570</ele>
        <time>2026-02-28T09:55:44.000Z</time>
      </trkpt>
      <trkpt lat="46.095775" lon="11.149232">
        <ele>1028.392355</ele>
        <time>2026-02-28T09:55:52.000Z</time>
      </trkpt>
      <trkpt lat="46.095762" lon="11.149374">
        <ele>1028.076229</ele>
        <time>2026-02-28T09:56:00.000Z</time>
      </trkpt>
      <trkpt lat="46.095771" lon="11.149505">
        <ele>1027.785685</ele>
        <time>2026-02-28T09:56:07.000Z</time>
      </trkpt>
      <trkpt lat="46.095758" lon="11.149610">
        <ele>1027.550276</ele>
        <time>2026-02-28T09:56:14.000Z</time>
      </trkpt>
      <trkpt lat="46.095757" lon="11.149719">
        <ele>1027.309682</ele>
        <time>2026-02-28T09:56:21.000Z</time>
      </trkpt>
      <trkpt lat="46.095758" lon="11.149816">
        <ele>1027.095571</ele>
        <time>2026-02-28T09:56:28.000Z</time>
      </trkpt>
      <trkpt lat="46.095733" lon="11.149906">
        <ele>1026.881589</ele>
        <time>2026-02-28T09:56:34.000Z</time>
      </trkpt>
      <trkpt lat="46.095703" lon="11.149986">
        <ele>1026.680858</ele>
        <time>2026-02-28T09:56:41.000Z</time>
      </trkpt>
      <trkpt lat="46.095654" lon="11.150084">
        <ele>1026.414202</ele>
        <time>2026-02-28T09:56:48.000Z</time>
      </trkpt>
      <trkpt lat="46.095595" lon="11.150123">
        <ele>1026.207632</ele>
        <time>2026-02-28T09:56:55.000Z</time>
      </trkpt>
      <trkpt lat="46.095525" lon="11.150190">
        <ele>1025.940231</ele>
        <time>2026-02-28T09:57:02.000Z</time>
      </trkpt>
      <trkpt lat="46.095479" lon="11.150268">
        <ele>1025.714240</ele>
        <time>2026-02-28T09:57:09.000Z</time>
      </trkpt>
      <trkpt lat="46.095430" lon="11.150357">
        <ele>1025.463427</ele>
        <time>2026-02-28T09:57:16.000Z</time>
      </trkpt>
      <trkpt lat="46.095377" lon="11.150484">
        <ele>1025.136282</ele>
        <time>2026-02-28T09:57:24.000Z</time>
      </trkpt>
      <trkpt lat="46.095332" lon="11.150587">
        <ele>1024.867595</ele>
        <time>2026-02-28T09:57:31.000Z</time>
      </trkpt>
      <trkpt lat="46.095286" lon="11.150701">
        <ele>1024.576489</ele>
        <time>2026-02-28T09:57:38.000Z</time>
      </trkpt>
      <trkpt lat="46.095262" lon="11.150760">
        <ele>1024.425519</ele>
        <time>2026-02-28T09:57:42.000Z</time>
      </trkpt>
      <trkpt lat="46.095252" lon="11.150783">
        <ele>1024.365603</ele>
        <time>2026-02-28T09:57:44.000Z</time>
      </trkpt>
      <trkpt lat="46.095208" lon="11.150919">
        <ele>1024.034376</ele>
        <time>2026-02-28T09:57:52.000Z</time>
      </trkpt>
      <trkpt lat="46.095200" lon="11.150929">
        <ele>1024.000680</ele>
        <time>2026-02-28T09:57:53.000Z</time>
      </trkpt>
      <trkpt lat="46.095158" lon="11.151013">
        <ele>1023.772116</ele>
        <time>2026-02-28T09:57:58.000Z</time>
      </trkpt>
      <trkpt lat="46.095135" lon="11.151081">
        <ele>1023.605132</ele>
        <time>2026-02-28T09:58:03.000Z</time>
      </trkpt>
      <trkpt lat="46.095110" lon="11.151168">
        <ele>1023.397280</ele>
        <time>2026-02-28T09:58:09.000Z</time>
      </trkpt>
      <trkpt lat="46.095092" lon="11.151275">
        <ele>1023.143251</ele>
        <time>2026-02-28T09:58:16.000Z</time>
      </trkpt>
      <trkpt lat="46.095139" lon="11.151400">
        <ele>1021.358665</ele>
        <time>2026-02-28T09:58:24.000Z</time>
      </trkpt>
      <trkpt lat="46.095199" lon="11.151459">
        <ele>1020.044325</ele>
        <time>2026-02-28T09:58:30.000Z</time>
      </trkpt>
      <trkpt lat="46.095228" lon="11.151507">
        <ele>1019.245334</ele>
        <time>2026-02-28T09:58:33.000Z</time>
      </trkpt>
      <trkpt lat="46.095252" lon="11.151584">
        <ele>1018.185817</ele>
        <time>2026-02-28T09:58:37.000Z</time>
      </trkpt>
      <trkpt lat="46.095261" lon="11.151650">
        <ele>1017.341621</ele>
        <time>2026-02-28T09:58:42.000Z</time>
      </trkpt>
      <trkpt lat="46.095266" lon="11.151684">
        <ele>1016.905414</ele>
        <time>2026-02-28T09:58:44.000Z</time>
      </trkpt>
      <trkpt lat="46.095268" lon="11.151744">
        <ele>1016.151515</ele>
        <time>2026-02-28T09:58:47.000Z</time>
      </trkpt>
      <trkpt lat="46.095228" lon="11.151768">
        <ele>1015.367417</ele>
        <time>2026-02-28T09:58:51.000Z</time>
      </trkpt>
      <trkpt lat="46.095202" lon="11.151752">
        <ele>1014.855804</ele>
        <time>2026-02-28T09:58:53.000Z</time>
      </trkpt>
      <trkpt lat="46.095191" lon="11.151743">
        <ele>1014.626910</ele>
        <time>2026-02-28T09:58:54.000Z</time>
      </trkpt>
      <trkpt lat="46.095152" lon="11.151714">
        <ele>1013.832760</ele>
        <time>2026-02-28T09:58:57.000Z</time>
      </trkpt>
      <trkpt lat="46.095104" lon="11.151692">
        <ele>1012.921216</ele>
        <time>2026-02-28T09:59:01.000Z</time>
      </trkpt>
      <trkpt lat="46.095069" lon="11.151689">
        <ele>1012.286656</ele>
        <time>2026-02-28T09:59:04.000Z</time>
      </trkpt>
      <trkpt lat="46.095062" lon="11.151695">
        <ele>1012.139277</ele>
        <time>2026-02-28T09:59:05.000Z</time>
      </trkpt>
      <trkpt lat="46.095062" lon="11.151708">
        <ele>1011.976120</ele>
        <time>2026-02-28T09:59:07.000Z</time>
      </trkpt>
      <trkpt lat="46.095073" lon="11.151733">
        <ele>1011.604527</ele>
        <time>2026-02-28T09:59:09.000Z</time>
      </trkpt>
      <trkpt lat="46.095083" lon="11.151747">
        <ele>1011.352281</ele>
        <time>2026-02-28T09:59:10.000Z</time>
      </trkpt>
      <trkpt lat="46.095107" lon="11.151796">
        <ele>1010.599377</ele>
        <time>2026-02-28T09:59:13.000Z</time>
      </trkpt>
      <trkpt lat="46.095128" lon="11.151854">
        <ele>1009.778199</ele>
        <time>2026-02-28T09:59:16.000Z</time>
      </trkpt>
      <trkpt lat="46.095126" lon="11.151894">
        <ele>1009.274874</ele>
        <time>2026-02-28T09:59:18.000Z</time>
      </trkpt>
      <trkpt lat="46.095121" lon="11.151923">
        <ele>1008.899828</ele>
        <time>2026-02-28T09:59:20.000Z</time>
      </trkpt>
      <trkpt lat="46.095147" lon="11.152018">
        <ele>1007.618030</ele>
        <time>2026-02-28T09:59:25.000Z</time>
      </trkpt>
      <trkpt lat="46.095171" lon="11.152077">
        <ele>1006.759554</ele>
        <time>2026-02-28T09:59:29.000Z</time>
      </trkpt>
      <trkpt lat="46.095174" lon="11.152115">
        <ele>1006.279554</ele>
        <time>2026-02-28T09:59:31.000Z</time>
      </trkpt>
      <trkpt lat="46.095182" lon="11.152149">
        <ele>1005.828942</ele>
        <time>2026-02-28T09:59:33.000Z</time>
      </trkpt>
      <trkpt lat="46.095195" lon="11.152212">
        <ele>1005.003996</ele>
        <time>2026-02-28T09:59:37.000Z</time>
      </trkpt>
      <trkpt lat="46.095209" lon="11.152249">
        <ele>1004.474999</ele>
        <time>2026-02-28T09:59:39.000Z</time>
      </trkpt>
      <trkpt lat="46.095222" lon="11.152280">
        <ele>1004.020325</ele>
        <time>2026-02-28T09:59:41.000Z</time>
      </trkpt>
      <trkpt lat="46.095259" lon="11.152369">
        <ele>1002.717983</ele>
        <time>2026-02-28T09:59:46.000Z</time>
      </trkpt>
      <trkpt lat="46.095266" lon="11.152389">
        <ele>1002.436814</ele>
        <time>2026-02-28T09:59:47.000Z</time>
      </trkpt>
      <trkpt lat="46.095257" lon="11.152467">
        <ele>1001.444416</ele>
        <time>2026-02-28T09:59:52.000Z</time>
      </trkpt>
      <trkpt lat="46.095243" lon="11.152471">
        <ele>1001.186114</ele>
        <time>2026-02-28T09:59:53.000Z</time>
      </trkpt>
      <trkpt lat="46.095225" lon="11.152476">
        <ele>1000.854355</ele>
        <time>2026-02-28T09:59:54.000Z</time>
      </trkpt>
      <trkpt lat="46.095196" lon="11.152452">
        <ele>1000.249211</ele>
        <time>2026-02-28T09:59:58.000Z</time>
      </trkpt>
      <trkpt lat="46.095191" lon="11.152443">
        <ele>1000.104479</ele>
        <time>2026-02-28T09:59:59.000Z</time>
      </trkpt>
      <trkpt lat="46.095186" lon="11.152436">
        <ele>999.978356</ele>
        <time>2026-02-28T10:00:00.000Z</time>
      </trkpt>
      <trkpt lat="46.095170" lon="11.152417">
        <ele>999.603235</ele>
        <time>2026-02-28T10:00:02.000Z</time>
      </trkpt>
      <trkpt lat="46.095125" lon="11.152360">
        <ele>998.519234</ele>
        <time>2026-02-28T10:00:07.000Z</time>
      </trkpt>
      <trkpt lat="46.095090" lon="11.152324">
        <ele>997.741166</ele>
        <time>2026-02-28T10:00:11.000Z</time>
      </trkpt>
      <trkpt lat="46.095063" lon="11.152292">
        <ele>997.108647</ele>
        <time>2026-02-28T10:00:14.000Z</time>
      </trkpt>
      <trkpt lat="46.095055" lon="11.152282">
        <ele>996.917036</ele>
        <time>2026-02-28T10:00:15.000Z</time>
      </trkpt>
      <trkpt lat="46.094999" lon="11.152238">
        <ele>995.762848</ele>
        <time>2026-02-28T10:00:20.000Z</time>
      </trkpt>
      <trkpt lat="46.094976" lon="11.152226">
        <ele>995.320178</ele>
        <time>2026-02-28T10:00:22.000Z</time>
      </trkpt>
      <trkpt lat="46.094953" lon="11.152207">
        <ele>994.840452</ele>
        <time>2026-02-28T10:00:24.000Z</time>
      </trkpt>
      <trkpt lat="46.094923" lon="11.152150">
        <ele>993.942361</ele>
        <time>2026-02-28T10:00:28.000Z</time>
      </trkpt>
      <trkpt lat="46.094866" lon="11.152102">
        <ele>992.747735</ele>
        <time>2026-02-28T10:00:33.000Z</time>
      </trkpt>
      <trkpt lat="46.094839" lon="11.152076">
        <ele>992.160142</ele>
        <time>2026-02-28T10:00:35.000Z</time>
      </trkpt>
      <trkpt lat="46.094809" lon="11.152038">
        <ele>991.437473</ele>
        <time>2026-02-28T10:00:38.000Z</time>
      </trkpt>
      <trkpt lat="46.094782" lon="11.151998">
        <ele>990.736893</ele>
        <time>2026-02-28T10:00:42.000Z</time>
      </trkpt>
      <trkpt lat="46.094754" lon="11.151948">
        <ele>989.773957</ele>
        <time>2026-02-28T10:00:46.000Z</time>
      </trkpt>
      <trkpt lat="46.094734" lon="11.151885">
        <ele>988.702597</ele>
        <time>2026-02-28T10:00:50.000Z</time>
      </trkpt>
      <trkpt lat="46.094714" lon="11.151822">
        <ele>987.631237</ele>
        <time>2026-02-28T10:00:54.000Z</time>
      </trkpt>
      <trkpt lat="46.094700" lon="11.151774">
        <ele>986.826061</ele>
        <time>2026-02-28T10:00:58.000Z</time>
      </trkpt>
      <trkpt lat="46.094696" lon="11.151763">
        <ele>986.634008</ele>
        <time>2026-02-28T10:00:59.000Z</time>
      </trkpt>
      <trkpt lat="46.094688" lon="11.151733">
        <ele>986.137018</ele>
        <time>2026-02-28T10:01:02.000Z</time>
      </trkpt>
      <trkpt lat="46.094670" lon="11.151642">
        <ele>984.673808</ele>
        <time>2026-02-28T10:01:06.000Z</time>
      </trkpt>
      <trkpt lat="46.094664" lon="11.151602">
        <ele>984.041004</ele>
        <time>2026-02-28T10:01:08.000Z</time>
      </trkpt>
      <trkpt lat="46.094662" lon="11.151554">
        <ele>983.297464</ele>
        <time>2026-02-28T10:01:10.000Z</time>
      </trkpt>
      <trkpt lat="46.094657" lon="11.151498">
        <ele>982.424415</ele>
        <time>2026-02-28T10:01:14.000Z</time>
      </trkpt>
      <trkpt lat="46.094653" lon="11.151479">
        <ele>982.117388</ele>
        <time>2026-02-28T10:01:15.000Z</time>
      </trkpt>
      <trkpt lat="46.094643" lon="11.151424">
        <ele>981.238204</ele>
        <time>2026-02-28T10:01:18.000Z</time>
      </trkpt>
      <trkpt lat="46.094632" lon="11.151360">
        <ele>980.218661</ele>
        <time>2026-02-28T10:01:22.000Z</time>
      </trkpt>
      <trkpt lat="46.094623" lon="11.151291">
        <ele>979.133038</ele>
        <time>2026-02-28T10:01:26.000Z</time>
      </trkpt>
      <trkpt lat="46.094623" lon="11.151241">
        <ele>978.359911</ele>
        <time>2026-02-28T10:01:29.000Z</time>
      </trkpt>
      <trkpt lat="46.094619" lon="11.151157">
        <ele>977.058000</ele>
        <time>2026-02-28T10:01:33.000Z</time>
      </trkpt>
      <trkpt lat="46.094615" lon="11.151119">
        <ele>976.463693</ele>
        <time>2026-02-28T10:01:35.000Z</time>
      </trkpt>
      <trkpt lat="46.094614" lon="11.151104">
        <ele>976.230686</ele>
        <time>2026-02-28T10:01:36.000Z</time>
      </trkpt>
      <trkpt lat="46.094613" lon="11.151047">
        <ele>975.349039</ele>
        <time>2026-02-28T10:01:40.000Z</time>
      </trkpt>
      <trkpt lat="46.094614" lon="11.150997">
        <ele>974.575591</ele>
        <time>2026-02-28T10:01:43.000Z</time>
      </trkpt>
      <trkpt lat="46.094614" lon="11.150981">
        <ele>974.328191</ele>
        <time>2026-02-28T10:01:44.000Z</time>
      </trkpt>
      <trkpt lat="46.094616" lon="11.150953">
        <ele>973.892949</ele>
        <time>2026-02-28T10:01:46.000Z</time>
      </trkpt>
      <trkpt lat="46.094632" lon="11.150870">
        <ele>972.560896</ele>
        <time>2026-02-28T10:01:50.000Z</time>
      </trkpt>
      <trkpt lat="46.094641" lon="11.150794">
        <ele>971.368733</ele>
        <time>2026-02-28T10:01:55.000Z</time>
      </trkpt>
      <trkpt lat="46.094636" lon="11.150788">
        <ele>971.223693</ele>
        <time>2026-02-28T10:01:57.000Z</time>
      </trkpt>
      <trkpt lat="46.094633" lon="11.150767">
        <ele>970.892161</ele>
        <time>2026-02-28T10:02:04.000Z</time>
      </trkpt>
      <trkpt lat="46.094626" lon="11.150809">
        <ele>970.224242</ele>
        <time>2026-02-28T10:02:08.000Z</time>
      </trkpt>
      <trkpt lat="46.094615" lon="11.150831">
        <ele>969.804865</ele>
        <time>2026-02-28T10:02:10.000Z</time>
      </trkpt>
      <trkpt lat="46.094607" lon="11.150853">
        <ele>969.420758</ele>
        <time>2026-02-28T10:02:12.000Z</time>
      </trkpt>
      <trkpt lat="46.094597" lon="11.150909">
        <ele>968.526608</ele>
        <time>2026-02-28T10:02:17.000Z</time>
      </trkpt>
      <trkpt lat="46.094583" lon="11.150942">
        <ele>967.928432</ele>
        <time>2026-02-28T10:02:20.000Z</time>
      </trkpt>
      <trkpt lat="46.094571" lon="11.150956">
        <ele>967.584260</ele>
        <time>2026-02-28T10:02:22.000Z</time>
      </trkpt>
      <trkpt lat="46.094552" lon="11.150958">
        <ele>967.159483</ele>
        <time>2026-02-28T10:02:27.000Z</time>
      </trkpt>
      <trkpt lat="46.094549" lon="11.150951">
        <ele>967.032243</ele>
        <time>2026-02-28T10:02:28.000Z</time>
      </trkpt>
      <trkpt lat="46.094544" lon="11.150944">
        <ele>966.876857</ele>
        <time>2026-02-28T10:02:30.000Z</time>
      </trkpt>
      <trkpt lat="46.094528" lon="11.150956">
        <ele>966.474732</ele>
        <time>2026-02-28T10:02:35.000Z</time>
      </trkpt>
      <trkpt lat="46.094527" lon="11.150961">
        <ele>966.394268</ele>
        <time>2026-02-28T10:02:37.000Z</time>
      </trkpt>
      <trkpt lat="46.094519" lon="11.150996">
        <ele>965.824439</ele>
        <time>2026-02-28T10:02:43.000Z</time>
      </trkpt>
      <trkpt lat="46.094512" lon="11.151009">
        <ele>965.569944</ele>
        <time>2026-02-28T10:02:44.000Z</time>
      </trkpt>
      <trkpt lat="46.094506" lon="11.151037">
        <ele>965.116793</ele>
        <time>2026-02-28T10:02:48.000Z</time>
      </trkpt>
      <trkpt lat="46.094498" lon="11.151048">
        <ele>964.870320</ele>
        <time>2026-02-28T10:02:50.000Z</time>
      </trkpt>
      <trkpt lat="46.094468" lon="11.151092">
        <ele>963.916205</ele>
        <time>2026-02-28T10:02:54.000Z</time>
      </trkpt>
      <trkpt lat="46.094450" lon="11.151126">
        <ele>963.254788</ele>
        <time>2026-02-28T10:02:58.000Z</time>
      </trkpt>
      <trkpt lat="46.094444" lon="11.151137">
        <ele>963.038389</ele>
        <time>2026-02-28T10:02:59.000Z</time>
      </trkpt>
      <trkpt lat="46.094406" lon="11.151210">
        <ele>961.626995</ele>
        <time>2026-02-28T10:03:05.000Z</time>
      </trkpt>
      <trkpt lat="46.094401" lon="11.151222">
        <ele>961.410526</ele>
        <time>2026-02-28T10:03:06.000Z</time>
      </trkpt>
      <trkpt lat="46.094382" lon="11.151271">
        <ele>960.542460</ele>
        <time>2026-02-28T10:03:11.000Z</time>
      </trkpt>
      <trkpt lat="46.094378" lon="11.151306">
        <ele>959.993969</ele>
        <time>2026-02-28T10:03:15.000Z</time>
      </trkpt>
      <trkpt lat="46.094373" lon="11.151321">
        <ele>959.736627</ele>
        <time>2026-02-28T10:03:16.000Z</time>
      </trkpt>
      <trkpt lat="46.094341" lon="11.151412">
        <ele>958.158962</ele>
        <time>2026-02-28T10:03:21.000Z</time>
      </trkpt>
      <trkpt lat="46.094324" lon="11.151455">
        <ele>957.393610</ele>
        <time>2026-02-28T10:03:24.000Z</time>
      </trkpt>
      <trkpt lat="46.094308" lon="11.151480">
        <ele>956.867579</ele>
        <time>2026-02-28T10:03:26.000Z</time>
      </trkpt>
      <trkpt lat="46.094260" lon="11.151541">
        <ele>955.440993</ele>
        <time>2026-02-28T10:03:31.000Z</time>
      </trkpt>
      <trkpt lat="46.094234" lon="11.151586">
        <ele>954.535315</ele>
        <time>2026-02-28T10:03:34.000Z</time>
      </trkpt>
      <trkpt lat="46.094221" lon="11.151626">
        <ele>953.852255</ele>
        <time>2026-02-28T10:03:37.000Z</time>
      </trkpt>
      <trkpt lat="46.094199" lon="11.151716">
        <ele>952.376691</ele>
        <time>2026-02-28T10:03:43.000Z</time>
      </trkpt>
      <trkpt lat="46.094194" lon="11.151781">
        <ele>951.365455</ele>
        <time>2026-02-28T10:03:47.000Z</time>
      </trkpt>
      <trkpt lat="46.094185" lon="11.151845">
        <ele>950.419369</ele>
        <time>2026-02-28T10:03:51.000Z</time>
      </trkpt>
      <trkpt lat="46.094184" lon="11.151857">
        <ele>950.315410</ele>
        <time>2026-02-28T10:03:52.000Z</time>
      </trkpt>
      <trkpt lat="46.094179" lon="11.151913">
        <ele>949.829760</ele>
        <time>2026-02-28T10:03:56.000Z</time>
      </trkpt>
      <trkpt lat="46.094173" lon="11.151992">
        <ele>949.146192</ele>
        <time>2026-02-28T10:04:00.000Z</time>
      </trkpt>
      <trkpt lat="46.094171" lon="11.152012">
        <ele>948.972386</ele>
        <time>2026-02-28T10:04:01.000Z</time>
      </trkpt>
      <trkpt lat="46.094146" lon="11.152084">
        <ele>948.279798</ele>
        <time>2026-02-28T10:04:06.000Z</time>
      </trkpt>
      <trkpt lat="46.094134" lon="11.152117">
        <ele>947.959298</ele>
        <time>2026-02-28T10:04:08.000Z</time>
      </trkpt>
      <trkpt lat="46.094123" lon="11.152167">
        <ele>947.508108</ele>
        <time>2026-02-28T10:04:11.000Z</time>
      </trkpt>
      <trkpt lat="46.094119" lon="11.152225">
        <ele>947.006770</ele>
        <time>2026-02-28T10:04:15.000Z</time>
      </trkpt>
      <trkpt lat="46.094120" lon="11.152253">
        <ele>946.765613</ele>
        <time>2026-02-28T10:04:17.000Z</time>
      </trkpt>
      <trkpt lat="46.094131" lon="11.152319">
        <ele>946.181760</ele>
        <time>2026-02-28T10:04:22.000Z</time>
      </trkpt>
      <trkpt lat="46.094137" lon="11.152350">
        <ele>945.904928</ele>
        <time>2026-02-28T10:04:24.000Z</time>
      </trkpt>
      <trkpt lat="46.094145" lon="11.152421">
        <ele>945.286225</ele>
        <time>2026-02-28T10:04:27.000Z</time>
      </trkpt>
      <trkpt lat="46.094141" lon="11.152504">
        <ele>944.570592</ele>
        <time>2026-02-28T10:04:31.000Z</time>
      </trkpt>
      <trkpt lat="46.094140" lon="11.152521">
        <ele>944.423844</ele>
        <time>2026-02-28T10:04:32.000Z</time>
      </trkpt>
      <trkpt lat="46.094128" lon="11.152567">
        <ele>944.001114</ele>
        <time>2026-02-28T10:04:39.000Z</time>
      </trkpt>
      <trkpt lat="46.094104" lon="11.152612">
        <ele>943.512824</ele>
        <time>2026-02-28T10:04:43.000Z</time>
      </trkpt>
      <trkpt lat="46.094092" lon="11.152633">
        <ele>943.278773</ele>
        <time>2026-02-28T10:04:45.000Z</time>
      </trkpt>
      <trkpt lat="46.094072" lon="11.152690">
        <ele>942.729313</ele>
        <time>2026-02-28T10:04:50.000Z</time>
      </trkpt>
      <trkpt lat="46.094071" lon="11.152705">
        <ele>942.599698</ele>
        <time>2026-02-28T10:04:51.000Z</time>
      </trkpt>
      <trkpt lat="46.094060" lon="11.152777">
        <ele>941.965550</ele>
        <time>2026-02-28T10:04:56.000Z</time>
      </trkpt>
      <trkpt lat="46.094061" lon="11.152789">
        <ele>941.861591</ele>
        <time>2026-02-28T10:04:57.000Z</time>
      </trkpt>
      <trkpt lat="46.094057" lon="11.152855">
        <ele>941.291738</ele>
        <time>2026-02-28T10:05:01.000Z</time>
      </trkpt>
      <trkpt lat="46.094059" lon="11.152898">
        <ele>940.921049</ele>
        <time>2026-02-28T10:05:03.000Z</time>
      </trkpt>
      <trkpt lat="46.094062" lon="11.152953">
        <ele>940.446514</ele>
        <time>2026-02-28T10:05:06.000Z</time>
      </trkpt>
      <trkpt lat="46.094065" lon="11.153002">
        <ele>940.023409</ele>
        <time>2026-02-28T10:05:09.000Z</time>
      </trkpt>
      <trkpt lat="46.094065" lon="11.153035">
        <ele>939.739564</ele>
        <time>2026-02-28T10:05:12.000Z</time>
      </trkpt>
      <trkpt lat="46.094066" lon="11.153065">
        <ele>939.481226</ele>
        <time>2026-02-28T10:05:16.000Z</time>
      </trkpt>
      <trkpt lat="46.094073" lon="11.153072">
        <ele>939.375569</ele>
        <time>2026-02-28T10:05:24.000Z</time>
      </trkpt>
      <trkpt lat="46.094041" lon="11.153081">
        <ele>938.971187</ele>
        <time>2026-02-28T10:05:29.000Z</time>
      </trkpt>
      <trkpt lat="46.094025" lon="11.153067">
        <ele>938.739058</ele>
        <time>2026-02-28T10:05:31.000Z</time>
      </trkpt>
      <trkpt lat="46.094017" lon="11.152993">
        <ele>938.094870</ele>
        <time>2026-02-28T10:05:36.000Z</time>
      </trkpt>
      <trkpt lat="46.094008" lon="11.152921">
        <ele>937.465593</ele>
        <time>2026-02-28T10:05:42.000Z</time>
      </trkpt>
      <trkpt lat="46.093995" lon="11.152788">
        <ele>936.310305</ele>
        <time>2026-02-28T10:05:50.000Z</time>
      </trkpt>
      <trkpt lat="46.093993" lon="11.152774">
        <ele>936.187357</ele>
        <time>2026-02-28T10:05:51.000Z</time>
      </trkpt>
      <trkpt lat="46.093969" lon="11.152666">
        <ele>935.211881</ele>
        <time>2026-02-28T10:05:58.000Z</time>
      </trkpt>
      <trkpt lat="46.093929" lon="11.152566">
        <ele>934.218916</ele>
        <time>2026-02-28T10:06:05.000Z</time>
      </trkpt>
      <trkpt lat="46.093890" lon="11.152480">
        <ele>933.335076</ele>
        <time>2026-02-28T10:06:13.000Z</time>
      </trkpt>
      <trkpt lat="46.093841" lon="11.152385">
        <ele>932.316708</ele>
        <time>2026-02-28T10:06:20.000Z</time>
      </trkpt>
      <trkpt lat="46.093814" lon="11.152317">
        <ele>931.642727</ele>
        <time>2026-02-28T10:06:25.000Z</time>
      </trkpt>
      <trkpt lat="46.093804" lon="11.152294">
        <ele>931.409229</ele>
        <time>2026-02-28T10:06:27.000Z</time>
      </trkpt>
      <trkpt lat="46.093797" lon="11.152176">
        <ele>930.390558</ele>
        <time>2026-02-28T10:06:35.000Z</time>
      </trkpt>
      <trkpt lat="46.093804" lon="11.152119">
        <ele>929.892651</ele>
        <time>2026-02-28T10:06:38.000Z</time>
      </trkpt>
      <trkpt lat="46.093810" lon="11.152040">
        <ele>929.209078</ele>
        <time>2026-02-28T10:06:43.000Z</time>
      </trkpt>
      <trkpt lat="46.093811" lon="11.152022">
        <ele>929.053757</ele>
        <time>2026-02-28T10:06:44.000Z</time>
      </trkpt>
      <trkpt lat="46.093813" lon="11.151988">
        <ele>928.760260</ele>
        <time>2026-02-28T10:06:46.000Z</time>
      </trkpt>
      <trkpt lat="46.093820" lon="11.151927">
        <ele>928.228441</ele>
        <time>2026-02-28T10:06:49.000Z</time>
      </trkpt>
      <trkpt lat="46.093815" lon="11.151836">
        <ele>927.498851</ele>
        <time>2026-02-28T10:06:54.000Z</time>
      </trkpt>
      <trkpt lat="46.093815" lon="11.151816">
        <ele>927.339626</ele>
        <time>2026-02-28T10:06:55.000Z</time>
      </trkpt>
      <trkpt lat="46.093823" lon="11.151712">
        <ele>926.506579</ele>
        <time>2026-02-28T10:07:01.000Z</time>
      </trkpt>
      <trkpt lat="46.093827" lon="11.151692">
        <ele>926.340865</ele>
        <time>2026-02-28T10:07:02.000Z</time>
      </trkpt>
      <trkpt lat="46.093848" lon="11.151604">
        <ele>925.599956</ele>
        <time>2026-02-28T10:07:07.000Z</time>
      </trkpt>
      <trkpt lat="46.093858" lon="11.151562">
        <ele>925.246425</ele>
        <time>2026-02-28T10:07:10.000Z</time>
      </trkpt>
      <trkpt lat="46.093866" lon="11.151468">
        <ele>924.492455</ele>
        <time>2026-02-28T10:07:16.000Z</time>
      </trkpt>
      <trkpt lat="46.093871" lon="11.151429">
        <ele>924.176705</ele>
        <time>2026-02-28T10:07:18.000Z</time>
      </trkpt>
      <trkpt lat="46.093889" lon="11.151347">
        <ele>923.491960</ele>
        <time>2026-02-28T10:07:23.000Z</time>
      </trkpt>
      <trkpt lat="46.093893" lon="11.151308">
        <ele>923.178094</ele>
        <time>2026-02-28T10:07:26.000Z</time>
      </trkpt>
      <trkpt lat="46.093899" lon="11.151258">
        <ele>922.774117</ele>
        <time>2026-02-28T10:07:29.000Z</time>
      </trkpt>
      <trkpt lat="46.093920" lon="11.151165">
        <ele>921.995461</ele>
        <time>2026-02-28T10:07:35.000Z</time>
      </trkpt>
      <trkpt lat="46.093921" lon="11.151146">
        <ele>921.843763</ele>
        <time>2026-02-28T10:07:36.000Z</time>
      </trkpt>
      <trkpt lat="46.093934" lon="11.151059">
        <ele>921.135240</ele>
        <time>2026-02-28T10:07:41.000Z</time>
      </trkpt>
      <trkpt lat="46.093938" lon="11.151043">
        <ele>920.999836</ele>
        <time>2026-02-28T10:07:42.000Z</time>
      </trkpt>
      <trkpt lat="46.093945" lon="11.151012">
        <ele>920.740284</ele>
        <time>2026-02-28T10:07:44.000Z</time>
      </trkpt>
      <trkpt lat="46.093952" lon="11.150976">
        <ele>920.442627</ele>
        <time>2026-02-28T10:07:46.000Z</time>
      </trkpt>
      <trkpt lat="46.093956" lon="11.150962">
        <ele>920.322081</ele>
        <time>2026-02-28T10:07:47.000Z</time>
      </trkpt>
      <trkpt lat="46.093959" lon="11.150949">
        <ele>920.213005</ele>
        <time>2026-02-28T10:07:48.000Z</time>
      </trkpt>
      <trkpt lat="46.093980" lon="11.150864">
        <ele>919.494640</ele>
        <time>2026-02-28T10:07:54.000Z</time>
      </trkpt>
      <trkpt lat="46.093983" lon="11.150848">
        <ele>919.362686</ele>
        <time>2026-02-28T10:07:55.000Z</time>
      </trkpt>
      <trkpt lat="46.093987" lon="11.150751">
        <ele>918.589084</ele>
        <time>2026-02-28T10:08:01.000Z</time>
      </trkpt>
      <trkpt lat="46.093989" lon="11.150727">
        <ele>918.396640</ele>
        <time>2026-02-28T10:08:02.000Z</time>
      </trkpt>
      <trkpt lat="46.093996" lon="11.150644">
        <ele>917.730991</ele>
        <time>2026-02-28T10:08:06.000Z</time>
      </trkpt>
      <trkpt lat="46.094013" lon="11.150570">
        <ele>917.110376</ele>
        <time>2026-02-28T10:08:10.000Z</time>
      </trkpt>
      <trkpt lat="46.094021" lon="11.150532">
        <ele>916.794217</ele>
        <time>2026-02-28T10:08:12.000Z</time>
      </trkpt>
      <trkpt lat="46.094054" lon="11.150460">
        <ele>916.107129</ele>
        <time>2026-02-28T10:08:16.000Z</time>
      </trkpt>
      <trkpt lat="46.094076" lon="11.150403">
        <ele>915.587791</ele>
        <time>2026-02-28T10:08:21.000Z</time>
      </trkpt>
      <trkpt lat="46.094112" lon="11.150331">
        <ele>914.881130</ele>
        <time>2026-02-28T10:08:26.000Z</time>
      </trkpt>
      <trkpt lat="46.094145" lon="11.150221">
        <ele>913.926965</ele>
        <time>2026-02-28T10:08:32.000Z</time>
      </trkpt>
      <trkpt lat="46.094148" lon="11.150196">
        <ele>913.724978</ele>
        <time>2026-02-28T10:08:34.000Z</time>
      </trkpt>
      <trkpt lat="46.094157" lon="11.150124">
        <ele>913.142534</ele>
        <time>2026-02-28T10:08:38.000Z</time>
      </trkpt>
      <trkpt lat="46.094161" lon="11.150087">
        <ele>912.844412</ele>
        <time>2026-02-28T10:08:40.000Z</time>
      </trkpt>
      <trkpt lat="46.094182" lon="11.149968">
        <ele>911.866837</ele>
        <time>2026-02-28T10:08:47.000Z</time>
      </trkpt>
      <trkpt lat="46.094187" lon="11.149952">
        <ele>911.727122</ele>
        <time>2026-02-28T10:08:48.000Z</time>
      </trkpt>
      <trkpt lat="46.094189" lon="11.149935">
        <ele>911.589848</ele>
        <time>2026-02-28T10:08:49.000Z</time>
      </trkpt>
      <trkpt lat="46.094222" lon="11.149826">
        <ele>910.642987</ele>
        <time>2026-02-28T10:08:56.000Z</time>
      </trkpt>
      <trkpt lat="46.094223" lon="11.149802">
        <ele>910.451574</ele>
        <time>2026-02-28T10:08:57.000Z</time>
      </trkpt>
      <trkpt lat="46.094228" lon="11.149766">
        <ele>910.159280</ele>
        <time>2026-02-28T10:08:59.000Z</time>
      </trkpt>
      <trkpt lat="46.094233" lon="11.149675">
        <ele>909.432542</ele>
        <time>2026-02-28T10:09:04.000Z</time>
      </trkpt>
      <trkpt lat="46.094241" lon="11.149637">
        <ele>909.116384</ele>
        <time>2026-02-28T10:09:06.000Z</time>
      </trkpt>
      <trkpt lat="46.094258" lon="11.149534">
        <ele>908.273477</ele>
        <time>2026-02-28T10:09:12.000Z</time>
      </trkpt>
      <trkpt lat="46.094278" lon="11.149442">
        <ele>907.504425</ele>
        <time>2026-02-28T10:09:17.000Z</time>
      </trkpt>
      <trkpt lat="46.094282" lon="11.149395">
        <ele>907.111785</ele>
        <time>2026-02-28T10:09:20.000Z</time>
      </trkpt>
      <trkpt lat="46.094281" lon="11.149314">
        <ele>906.440039</ele>
        <time>2026-02-28T10:09:24.000Z</time>
      </trkpt>
      <trkpt lat="46.094276" lon="11.149251">
        <ele>905.914244</ele>
        <time>2026-02-28T10:09:28.000Z</time>
      </trkpt>
      <trkpt lat="46.094270" lon="11.149194">
        <ele>905.436195</ele>
        <time>2026-02-28T10:09:32.000Z</time>
      </trkpt>
      <trkpt lat="46.094263" lon="11.149125">
        <ele>904.857969</ele>
        <time>2026-02-28T10:09:35.000Z</time>
      </trkpt>
      <trkpt lat="46.094255" lon="11.149076">
        <ele>904.440560</ele>
        <time>2026-02-28T10:09:40.000Z</time>
      </trkpt>
      <trkpt lat="46.094255" lon="11.149079">
        <ele>904.415685</ele>
        <time>2026-02-28T10:09:41.000Z</time>
      </trkpt>
      <trkpt lat="46.094259" lon="11.149079">
        <ele>904.367857</ele>
        <time>2026-02-28T10:09:53.000Z</time>
      </trkpt>
      <trkpt lat="46.094263" lon="11.149080">
        <ele>904.319315</ele>
        <time>2026-02-28T10:09:54.000Z</time>
      </trkpt>
      <trkpt lat="46.094279" lon="11.149004">
        <ele>903.660736</ele>
        <time>2026-02-28T10:10:01.000Z</time>
      </trkpt>
      <trkpt lat="46.094282" lon="11.148969">
        <ele>903.368314</ele>
        <time>2026-02-28T10:10:03.000Z</time>
      </trkpt>
      <trkpt lat="46.094285" lon="11.148866">
        <ele>902.513502</ele>
        <time>2026-02-28T10:10:09.000Z</time>
      </trkpt>
      <trkpt lat="46.094284" lon="11.148851">
        <ele>902.388551</ele>
        <time>2026-02-28T10:10:10.000Z</time>
      </trkpt>
      <trkpt lat="46.094292" lon="11.148753">
        <ele>901.570340</ele>
        <time>2026-02-28T10:10:16.000Z</time>
      </trkpt>
      <trkpt lat="46.094297" lon="11.148731">
        <ele>901.378373</ele>
        <time>2026-02-28T10:10:17.000Z</time>
      </trkpt>
      <trkpt lat="46.094299" lon="11.148624">
        <ele>900.490824</ele>
        <time>2026-02-28T10:10:22.000Z</time>
      </trkpt>
      <trkpt lat="46.094297" lon="11.148588">
        <ele>900.191362</ele>
        <time>2026-02-28T10:10:24.000Z</time>
      </trkpt>
      <trkpt lat="46.094284" lon="11.148501">
        <ele>899.453416</ele>
        <time>2026-02-28T10:10:29.000Z</time>
      </trkpt>
      <trkpt lat="46.094272" lon="11.148442">
        <ele>898.943590</ele>
        <time>2026-02-28T10:10:32.000Z</time>
      </trkpt>
      <trkpt lat="46.094256" lon="11.148375">
        <ele>898.356019</ele>
        <time>2026-02-28T10:10:36.000Z</time>
      </trkpt>
      <trkpt lat="46.094248" lon="11.148322">
        <ele>897.906262</ele>
        <time>2026-02-28T10:10:39.000Z</time>
      </trkpt>
      <trkpt lat="46.094243" lon="11.148259">
        <ele>897.380466</ele>
        <time>2026-02-28T10:10:43.000Z</time>
      </trkpt>
      <trkpt lat="46.094232" lon="11.148197">
        <ele>896.849813</ele>
        <time>2026-02-28T10:10:46.000Z</time>
      </trkpt>
      <trkpt lat="46.094213" lon="11.148118">
        <ele>896.156481</ele>
        <time>2026-02-28T10:10:50.000Z</time>
      </trkpt>
      <trkpt lat="46.094203" lon="11.148067">
        <ele>895.717018</ele>
        <time>2026-02-28T10:10:53.000Z</time>
      </trkpt>
      <trkpt lat="46.094190" lon="11.147962">
        <ele>894.832607</ele>
        <time>2026-02-28T10:10:59.000Z</time>
      </trkpt>
      <trkpt lat="46.094170" lon="11.147916">
        <ele>894.382415</ele>
        <time>2026-02-28T10:11:02.000Z</time>
      </trkpt>
      <trkpt lat="46.094168" lon="11.147874">
        <ele>894.033337</ele>
        <time>2026-02-28T10:11:04.000Z</time>
      </trkpt>
      <trkpt lat="46.094168" lon="11.147850">
        <ele>893.834332</ele>
        <time>2026-02-28T10:11:05.000Z</time>
      </trkpt>
      <trkpt lat="46.094168" lon="11.147833">
        <ele>893.693371</ele>
        <time>2026-02-28T10:11:06.000Z</time>
      </trkpt>
      <trkpt lat="46.094180" lon="11.147749">
        <ele>892.982230</ele>
        <time>2026-02-28T10:11:10.000Z</time>
      </trkpt>
      <trkpt lat="46.094179" lon="11.147697">
        <ele>892.550888</ele>
        <time>2026-02-28T10:11:13.000Z</time>
      </trkpt>
      <trkpt lat="46.094177" lon="11.147610">
        <ele>891.829100</ele>
        <time>2026-02-28T10:11:17.000Z</time>
      </trkpt>
      <trkpt lat="46.094179" lon="11.147548">
        <ele>891.314450</ele>
        <time>2026-02-28T10:11:20.000Z</time>
      </trkpt>
      <trkpt lat="46.094182" lon="11.147456">
        <ele>890.550757</ele>
        <time>2026-02-28T10:11:26.000Z</time>
      </trkpt>
      <trkpt lat="46.094185" lon="11.147434">
        <ele>890.364842</ele>
        <time>2026-02-28T10:11:27.000Z</time>
      </trkpt>
      <trkpt lat="46.094196" lon="11.147340">
        <ele>889.574389</ele>
        <time>2026-02-28T10:11:32.000Z</time>
      </trkpt>
      <trkpt lat="46.094195" lon="11.147287">
        <ele>889.134758</ele>
        <time>2026-02-28T10:11:35.000Z</time>
      </trkpt>
      <trkpt lat="46.094190" lon="11.147198">
        <ele>888.394366</ele>
        <time>2026-02-28T10:11:40.000Z</time>
      </trkpt>
      <trkpt lat="46.094190" lon="11.147162">
        <ele>888.095860</ele>
        <time>2026-02-28T10:11:42.000Z</time>
      </trkpt>
      <trkpt lat="46.094175" lon="11.147067">
        <ele>887.287973</ele>
        <time>2026-02-28T10:11:48.000Z</time>
      </trkpt>
      <trkpt lat="46.094176" lon="11.147033">
        <ele>887.005797</ele>
        <time>2026-02-28T10:11:50.000Z</time>
      </trkpt>
      <trkpt lat="46.094175" lon="11.146962">
        <ele>886.416954</ele>
        <time>2026-02-28T10:11:54.000Z</time>
      </trkpt>
      <trkpt lat="46.094175" lon="11.146947">
        <ele>886.292576</ele>
        <time>2026-02-28T10:11:55.000Z</time>
      </trkpt>
      <trkpt lat="46.094172" lon="11.146911">
        <ele>886.021921</ele>
        <time>2026-02-28T10:11:57.000Z</time>
      </trkpt>
      <trkpt lat="46.094168" lon="11.146815">
        <ele>885.776942</ele>
        <time>2026-02-28T10:12:02.000Z</time>
      </trkpt>
      <trkpt lat="46.094159" lon="11.146739">
        <ele>885.580548</ele>
        <time>2026-02-28T10:12:06.000Z</time>
      </trkpt>
      <trkpt lat="46.094151" lon="11.146674">
        <ele>885.412388</ele>
        <time>2026-02-28T10:12:10.000Z</time>
      </trkpt>
      <trkpt lat="46.094152" lon="11.146638">
        <ele>885.320612</ele>
        <time>2026-02-28T10:12:12.000Z</time>
      </trkpt>
      <trkpt lat="46.094158" lon="11.146531">
        <ele>885.047165</ele>
        <time>2026-02-28T10:12:18.000Z</time>
      </trkpt>
      <trkpt lat="46.094165" lon="11.146378">
        <ele>884.656586</ele>
        <time>2026-02-28T10:12:25.000Z</time>
      </trkpt>
      <trkpt lat="46.094159" lon="11.146324">
        <ele>884.517279</ele>
        <time>2026-02-28T10:12:28.000Z</time>
      </trkpt>
      <trkpt lat="46.094145" lon="11.146260">
        <ele>884.346335</ele>
        <time>2026-02-28T10:12:32.000Z</time>
      </trkpt>
      <trkpt lat="46.094129" lon="11.146183">
        <ele>884.141579</ele>
        <time>2026-02-28T10:12:37.000Z</time>
      </trkpt>
      <trkpt lat="46.094128" lon="11.146168">
        <ele>884.103194</ele>
        <time>2026-02-28T10:12:38.000Z</time>
      </trkpt>
      <trkpt lat="46.094117" lon="11.146025">
        <ele>883.736700</ele>
        <time>2026-02-28T10:12:45.000Z</time>
      </trkpt>
      <trkpt lat="46.094114" lon="11.146010">
        <ele>883.696934</ele>
        <time>2026-02-28T10:12:46.000Z</time>
      </trkpt>
      <trkpt lat="46.094077" lon="11.146000">
        <ele>883.558659</ele>
        <time>2026-02-28T10:12:50.000Z</time>
      </trkpt>
      <trkpt lat="46.094067" lon="11.146026">
        <ele>883.482926</ele>
        <time>2026-02-28T10:12:53.000Z</time>
      </trkpt>
      <trkpt lat="46.094065" lon="11.146075">
        <ele>883.357894</ele>
        <time>2026-02-28T10:12:56.000Z</time>
      </trkpt>
      <trkpt lat="46.094064" lon="11.146148">
        <ele>883.171906</ele>
        <time>2026-02-28T10:13:00.000Z</time>
      </trkpt>
      <trkpt lat="46.094068" lon="11.146172">
        <ele>883.109031</ele>
        <time>2026-02-28T10:13:02.000Z</time>
      </trkpt>
      <trkpt lat="46.094077" lon="11.146277">
        <ele>882.839532</ele>
        <time>2026-02-28T10:13:09.000Z</time>
      </trkpt>
      <trkpt lat="46.094080" lon="11.146411">
        <ele>882.498020</ele>
        <time>2026-02-28T10:13:17.000Z</time>
      </trkpt>
      <trkpt lat="46.094054" lon="11.146535">
        <ele>882.168035</ele>
        <time>2026-02-28T10:13:24.000Z</time>
      </trkpt>
      <trkpt lat="46.094038" lon="11.146637">
        <ele>881.901649</ele>
        <time>2026-02-28T10:13:30.000Z</time>
      </trkpt>
      <trkpt lat="46.094032" lon="11.146702">
        <ele>881.734616</ele>
        <time>2026-02-28T10:13:35.000Z</time>
      </trkpt>
      <trkpt lat="46.094038" lon="11.146753">
        <ele>881.602849</ele>
        <time>2026-02-28T10:13:38.000Z</time>
      </trkpt>
      <trkpt lat="46.094026" lon="11.146822">
        <ele>881.421644</ele>
        <time>2026-02-28T10:13:43.000Z</time>
      </trkpt>
      <trkpt lat="46.094028" lon="11.146864">
        <ele>881.314407</ele>
        <time>2026-02-28T10:13:45.000Z</time>
      </trkpt>
      <trkpt lat="46.094028" lon="11.146879">
        <ele>881.276198</ele>
        <time>2026-02-28T10:13:46.000Z</time>
      </trkpt>
      <trkpt lat="46.094030" lon="11.146935">
        <ele>881.133361</ele>
        <time>2026-02-28T10:13:50.000Z</time>
      </trkpt>
      <trkpt lat="46.094033" lon="11.146971">
        <ele>881.041000</ele>
        <time>2026-02-28T10:13:52.000Z</time>
      </trkpt>
      <trkpt lat="46.094038" lon="11.147053">
        <ele>880.831317</ele>
        <time>2026-02-28T10:13:58.000Z</time>
      </trkpt>
      <trkpt lat="46.094046" lon="11.147173">
        <ele>880.524235</ele>
        <time>2026-02-28T10:14:05.000Z</time>
      </trkpt>
      <trkpt lat="46.094030" lon="11.147292">
        <ele>880.215464</ele>
        <time>2026-02-28T10:14:12.000Z</time>
      </trkpt>
      <trkpt lat="46.093994" lon="11.147398">
        <ele>879.914812</ele>
        <time>2026-02-28T10:14:19.000Z</time>
      </trkpt>
      <trkpt lat="46.093949" lon="11.147501">
        <ele>879.604715</ele>
        <time>2026-02-28T10:14:26.000Z</time>
      </trkpt>
      <trkpt lat="46.093893" lon="11.147582">
        <ele>879.546111</ele>
        <time>2026-02-28T10:14:33.000Z</time>
      </trkpt>
      <trkpt lat="46.093864" lon="11.147728">
        <ele>879.941578</ele>
        <time>2026-02-28T10:14:41.000Z</time>
      </trkpt>
      <trkpt lat="46.093864" lon="11.147770">
        <ele>880.050945</ele>
        <time>2026-02-28T10:14:45.000Z</time>
      </trkpt>
      <trkpt lat="46.093857" lon="11.147828">
        <ele>880.204245</ele>
        <time>2026-02-28T10:14:48.000Z</time>
      </trkpt>
      <trkpt lat="46.093846" lon="11.147935">
        <ele>880.485915</ele>
        <time>2026-02-28T10:14:54.000Z</time>
      </trkpt>
      <trkpt lat="46.093835" lon="11.147963">
        <ele>880.569713</ele>
        <time>2026-02-28T10:14:56.000Z</time>
      </trkpt>
      <trkpt lat="46.093799" lon="11.148029">
        <ele>880.788367</ele>
        <time>2026-02-28T10:15:00.000Z</time>
      </trkpt>
      <trkpt lat="46.093760" lon="11.148128">
        <ele>881.084851</ele>
        <time>2026-02-28T10:15:07.000Z</time>
      </trkpt>
      <trkpt lat="46.093744" lon="11.148250">
        <ele>881.408166</ele>
        <time>2026-02-28T10:15:14.000Z</time>
      </trkpt>
      <trkpt lat="46.093742" lon="11.148268">
        <ele>881.455636</ele>
        <time>2026-02-28T10:15:15.000Z</time>
      </trkpt>
      <trkpt lat="46.093741" lon="11.148288">
        <ele>881.507850</ele>
        <time>2026-02-28T10:15:16.000Z</time>
      </trkpt>
      <trkpt lat="46.093733" lon="11.148396">
        <ele>881.790680</ele>
        <time>2026-02-28T10:15:23.000Z</time>
      </trkpt>
      <trkpt lat="46.093684" lon="11.148510">
        <ele>882.139929</ele>
        <time>2026-02-28T10:15:30.000Z</time>
      </trkpt>
      <trkpt lat="46.093594" lon="11.148618">
        <ele>882.579583</ele>
        <time>2026-02-28T10:15:39.000Z</time>
      </trkpt>
      <trkpt lat="46.093569" lon="11.148673">
        <ele>882.750826</ele>
        <time>2026-02-28T10:15:44.000Z</time>
      </trkpt>
      <trkpt lat="46.093520" lon="11.148754">
        <ele>883.030721</ele>
        <time>2026-02-28T10:15:51.000Z</time>
      </trkpt>
      <trkpt lat="46.093480" lon="11.148809">
        <ele>883.238256</ele>
        <time>2026-02-28T10:15:56.000Z</time>
      </trkpt>
      <trkpt lat="46.093471" lon="11.148833">
        <ele>883.309304</ele>
        <time>2026-02-28T10:15:58.000Z</time>
      </trkpt>
      <trkpt lat="46.093441" lon="11.148914">
        <ele>883.548424</ele>
        <time>2026-02-28T10:16:04.000Z</time>
      </trkpt>
      <trkpt lat="46.093442" lon="11.148928">
        <ele>883.585072</ele>
        <time>2026-02-28T10:16:05.000Z</time>
      </trkpt>
      <trkpt lat="46.093443" lon="11.148995">
        <ele>883.759580</ele>
        <time>2026-02-28T10:16:11.000Z</time>
      </trkpt>
      <trkpt lat="46.093442" lon="11.149006">
        <ele>883.788469</ele>
        <time>2026-02-28T10:16:12.000Z</time>
      </trkpt>
      <trkpt lat="46.093440" lon="11.149063">
        <ele>883.937086</ele>
        <time>2026-02-28T10:16:17.000Z</time>
      </trkpt>
      <trkpt lat="46.093442" lon="11.149080">
        <ele>883.981986</ele>
        <time>2026-02-28T10:16:19.000Z</time>
      </trkpt>
      <trkpt lat="46.093431" lon="11.149134">
        <ele>884.128543</ele>
        <time>2026-02-28T10:16:23.000Z</time>
      </trkpt>
      <trkpt lat="46.093425" lon="11.149179">
        <ele>884.247868</ele>
        <time>2026-02-28T10:16:26.000Z</time>
      </trkpt>
      <trkpt lat="46.093419" lon="11.149240">
        <ele>884.408301</ele>
        <time>2026-02-28T10:16:31.000Z</time>
      </trkpt>
      <trkpt lat="46.093418" lon="11.149284">
        <ele>884.522939</ele>
        <time>2026-02-28T10:16:34.000Z</time>
      </trkpt>
      <trkpt lat="46.093400" lon="11.149360">
        <ele>884.732065</ele>
        <time>2026-02-28T10:16:39.000Z</time>
      </trkpt>
      <trkpt lat="46.093384" lon="11.149409">
        <ele>884.873097</ele>
        <time>2026-02-28T10:16:42.000Z</time>
      </trkpt>
      <trkpt lat="46.093378" lon="11.149424">
        <ele>884.918189</ele>
        <time>2026-02-28T10:16:43.000Z</time>
      </trkpt>
      <trkpt lat="46.093365" lon="11.149460">
        <ele>885.023881</ele>
        <time>2026-02-28T10:16:45.000Z</time>
      </trkpt>
      <trkpt lat="46.093360" lon="11.149473">
        <ele>885.062590</ele>
        <time>2026-02-28T10:16:46.000Z</time>
      </trkpt>
      <trkpt lat="46.093352" lon="11.149496">
        <ele>885.129593</ele>
        <time>2026-02-28T10:16:48.000Z</time>
      </trkpt>
      <trkpt lat="46.093341" lon="11.149537">
        <ele>885.244068</ele>
        <time>2026-02-28T10:16:51.000Z</time>
      </trkpt>
      <trkpt lat="46.093337" lon="11.149657">
        <ele>885.556908</ele>
        <time>2026-02-28T10:16:59.000Z</time>
      </trkpt>
      <trkpt lat="46.093325" lon="11.149785">
        <ele>885.893251</ele>
        <time>2026-02-28T10:17:06.000Z</time>
      </trkpt>
      <trkpt lat="46.093295" lon="11.149922">
        <ele>886.023307</ele>
        <time>2026-02-28T10:17:14.000Z</time>
      </trkpt>
      <trkpt lat="46.093261" lon="11.150046">
        <ele>885.374924</ele>
        <time>2026-02-28T10:17:22.000Z</time>
      </trkpt>
      <trkpt lat="46.093232" lon="11.150172">
        <ele>884.729374</ele>
        <time>2026-02-28T10:17:29.000Z</time>
      </trkpt>
      <trkpt lat="46.093223" lon="11.150196">
        <ele>884.596701</ele>
        <time>2026-02-28T10:17:31.000Z</time>
      </trkpt>
      <trkpt lat="46.093192" lon="11.150282">
        <ele>884.125398</ele>
        <time>2026-02-28T10:17:36.000Z</time>
      </trkpt>
      <trkpt lat="46.093174" lon="11.150330">
        <ele>883.860053</ele>
        <time>2026-02-28T10:17:39.000Z</time>
      </trkpt>
      <trkpt lat="46.093150" lon="11.150399">
        <ele>883.484695</ele>
        <time>2026-02-28T10:17:43.000Z</time>
      </trkpt>
      <trkpt lat="46.093137" lon="11.150439">
        <ele>883.269891</ele>
        <time>2026-02-28T10:17:45.000Z</time>
      </trkpt>
      <trkpt lat="46.093136" lon="11.150489">
        <ele>883.026658</ele>
        <time>2026-02-28T10:17:48.000Z</time>
      </trkpt>
      <trkpt lat="46.093125" lon="11.150531">
        <ele>882.808349</ele>
        <time>2026-02-28T10:17:51.000Z</time>
      </trkpt>
      <trkpt lat="46.093121" lon="11.150605">
        <ele>882.447424</ele>
        <time>2026-02-28T10:17:55.000Z</time>
      </trkpt>
      <trkpt lat="46.093111" lon="11.150673">
        <ele>882.109413</ele>
        <time>2026-02-28T10:17:59.000Z</time>
      </trkpt>
      <trkpt lat="46.093098" lon="11.150749">
        <ele>881.728778</ele>
        <time>2026-02-28T10:18:03.000Z</time>
      </trkpt>
      <trkpt lat="46.093092" lon="11.150794">
        <ele>881.505952</ele>
        <time>2026-02-28T10:18:06.000Z</time>
      </trkpt>
      <trkpt lat="46.093089" lon="11.150879">
        <ele>881.092094</ele>
        <time>2026-02-28T10:18:11.000Z</time>
      </trkpt>
      <trkpt lat="46.093084" lon="11.150926">
        <ele>880.860877</ele>
        <time>2026-02-28T10:18:14.000Z</time>
      </trkpt>
      <trkpt lat="46.093067" lon="11.151033">
        <ele>880.327096</ele>
        <time>2026-02-28T10:18:21.000Z</time>
      </trkpt>
      <trkpt lat="46.093062" lon="11.151085">
        <ele>880.071821</ele>
        <time>2026-02-28T10:18:24.000Z</time>
      </trkpt>
      <trkpt lat="46.093059" lon="11.151138">
        <ele>879.813245</ele>
        <time>2026-02-28T10:18:27.000Z</time>
      </trkpt>
      <trkpt lat="46.093066" lon="11.151216">
        <ele>879.430797</ele>
        <time>2026-02-28T10:18:32.000Z</time>
      </trkpt>
      <trkpt lat="46.093068" lon="11.151250">
        <ele>879.264874</ele>
        <time>2026-02-28T10:18:34.000Z</time>
      </trkpt>
      <trkpt lat="46.093067" lon="11.151354">
        <ele>878.759113</ele>
        <time>2026-02-28T10:18:40.000Z</time>
      </trkpt>
      <trkpt lat="46.093063" lon="11.151384">
        <ele>878.610562</ele>
        <time>2026-02-28T10:18:42.000Z</time>
      </trkpt>
      <trkpt lat="46.093050" lon="11.151506">
        <ele>878.010359</ele>
        <time>2026-02-28T10:18:49.000Z</time>
      </trkpt>
      <trkpt lat="46.093052" lon="11.151593">
        <ele>877.587078</ele>
        <time>2026-02-28T10:18:54.000Z</time>
      </trkpt>
      <trkpt lat="46.093050" lon="11.151654">
        <ele>877.290127</ele>
        <time>2026-02-28T10:18:57.000Z</time>
      </trkpt>
      <trkpt lat="46.093050" lon="11.151749">
        <ele>876.828177</ele>
        <time>2026-02-28T10:19:03.000Z</time>
      </trkpt>
      <trkpt lat="46.093039" lon="11.151855">
        <ele>876.307000</ele>
        <time>2026-02-28T10:19:10.000Z</time>
      </trkpt>
      <trkpt lat="46.093038" lon="11.151869">
        <ele>876.238563</ele>
        <time>2026-02-28T10:19:11.000Z</time>
      </trkpt>
      <trkpt lat="46.093029" lon="11.151997">
        <ele>875.612955</ele>
        <time>2026-02-28T10:19:18.000Z</time>
      </trkpt>
      <trkpt lat="46.093029" lon="11.152014">
        <ele>875.530291</ele>
        <time>2026-02-28T10:19:19.000Z</time>
      </trkpt>
      <trkpt lat="46.093028" lon="11.152121">
        <ele>875.009942</ele>
        <time>2026-02-28T10:19:25.000Z</time>
      </trkpt>
      <trkpt lat="46.093027" lon="11.152138">
        <ele>874.926981</ele>
        <time>2026-02-28T10:19:26.000Z</time>
      </trkpt>
      <trkpt lat="46.093018" lon="11.152269">
        <ele>874.286858</ele>
        <time>2026-02-28T10:19:33.000Z</time>
      </trkpt>
      <trkpt lat="46.093019" lon="11.152366">
        <ele>873.815131</ele>
        <time>2026-02-28T10:19:39.000Z</time>
      </trkpt>
      <trkpt lat="46.093014" lon="11.152421">
        <ele>873.550721</ele>
        <time>2026-02-28T10:19:43.000Z</time>
      </trkpt>
      <trkpt lat="46.093013" lon="11.152591">
        <ele>872.899553</ele>
        <time>2026-02-28T10:19:52.000Z</time>
      </trkpt>
      <trkpt lat="46.093018" lon="11.152644">
        <ele>872.694679</ele>
        <time>2026-02-28T10:19:55.000Z</time>
      </trkpt>
      <trkpt lat="46.093030" lon="11.152724">
        <ele>872.381172</ele>
        <time>2026-02-28T10:20:00.000Z</time>
      </trkpt>
      <trkpt lat="46.093059" lon="11.152864">
        <ele>871.821525</ele>
        <time>2026-02-28T10:20:08.000Z</time>
      </trkpt>
      <trkpt lat="46.093064" lon="11.152875">
        <ele>871.771148</ele>
        <time>2026-02-28T10:20:09.000Z</time>
      </trkpt>
      <trkpt lat="46.093080" lon="11.152966">
        <ele>871.411567</ele>
        <time>2026-02-28T10:20:15.000Z</time>
      </trkpt>
      <trkpt lat="46.093088" lon="11.153048">
        <ele>871.094393</ele>
        <time>2026-02-28T10:20:20.000Z</time>
      </trkpt>
      <trkpt lat="46.093091" lon="11.153081">
        <ele>870.966913</ele>
        <time>2026-02-28T10:20:22.000Z</time>
      </trkpt>
      <trkpt lat="46.093103" lon="11.153242">
        <ele>870.346690</ele>
        <time>2026-02-28T10:20:30.000Z</time>
      </trkpt>
      <trkpt lat="46.093112" lon="11.153314">
        <ele>870.066467</ele>
        <time>2026-02-28T10:20:35.000Z</time>
      </trkpt>
      <trkpt lat="46.093104" lon="11.153414">
        <ele>869.680901</ele>
        <time>2026-02-28T10:20:41.000Z</time>
      </trkpt>
      <trkpt lat="46.093101" lon="11.153435">
        <ele>869.598777</ele>
        <time>2026-02-28T10:20:42.000Z</time>
      </trkpt>
      <trkpt lat="46.093100" lon="11.153488">
        <ele>869.395698</ele>
        <time>2026-02-28T10:20:45.000Z</time>
      </trkpt>
      <trkpt lat="46.093107" lon="11.153550">
        <ele>869.155096</ele>
        <time>2026-02-28T10:20:49.000Z</time>
      </trkpt>
      <trkpt lat="46.093091" lon="11.153662">
        <ele>868.717099</ele>
        <time>2026-02-28T10:20:55.000Z</time>
      </trkpt>
      <trkpt lat="46.093095" lon="11.153740">
        <ele>868.417523</ele>
        <time>2026-02-28T10:21:00.000Z</time>
      </trkpt>
      <trkpt lat="46.093097" lon="11.153754">
        <ele>868.362774</ele>
        <time>2026-02-28T10:21:01.000Z</time>
      </trkpt>
      <trkpt lat="46.093107" lon="11.153826">
        <ele>868.081519</ele>
        <time>2026-02-28T10:21:05.000Z</time>
      </trkpt>
      <trkpt lat="46.093097" lon="11.153883">
        <ele>867.856316</ele>
        <time>2026-02-28T10:21:08.000Z</time>
      </trkpt>
      <trkpt lat="46.093094" lon="11.153977">
        <ele>867.495891</ele>
        <time>2026-02-28T10:21:14.000Z</time>
      </trkpt>
      <trkpt lat="46.093079" lon="11.154066">
        <ele>867.145075</ele>
        <time>2026-02-28T10:21:19.000Z</time>
      </trkpt>
      <trkpt lat="46.093075" lon="11.154095">
        <ele>867.031822</ele>
        <time>2026-02-28T10:21:21.000Z</time>
      </trkpt>
      <trkpt lat="46.093073" lon="11.154220">
        <ele>866.552912</ele>
        <time>2026-02-28T10:21:29.000Z</time>
      </trkpt>
      <trkpt lat="46.093059" lon="11.154325">
        <ele>866.143369</ele>
        <time>2026-02-28T10:21:35.000Z</time>
      </trkpt>
      <trkpt lat="46.093060" lon="11.154371">
        <ele>865.967091</ele>
        <time>2026-02-28T10:21:38.000Z</time>
      </trkpt>
      <trkpt lat="46.093058" lon="11.154456">
        <ele>865.641331</ele>
        <time>2026-02-28T10:21:43.000Z</time>
      </trkpt>
      <trkpt lat="46.093052" lon="11.154570">
        <ele>865.203426</ele>
        <time>2026-02-28T10:21:49.000Z</time>
      </trkpt>
      <trkpt lat="46.093055" lon="11.154590">
        <ele>865.125049</ele>
        <time>2026-02-28T10:21:50.000Z</time>
      </trkpt>
      <trkpt lat="46.093035" lon="11.154699">
        <ele>864.693184</ele>
        <time>2026-02-28T10:21:57.000Z</time>
      </trkpt>
      <trkpt lat="46.093023" lon="11.154758">
        <ele>864.457680</ele>
        <time>2026-02-28T10:22:00.000Z</time>
      </trkpt>
      <trkpt lat="46.093023" lon="11.154844">
        <ele>864.128278</ele>
        <time>2026-02-28T10:22:05.000Z</time>
      </trkpt>
      <trkpt lat="46.093013" lon="11.154910">
        <ele>863.869517</ele>
        <time>2026-02-28T10:22:09.000Z</time>
      </trkpt>
      <trkpt lat="46.092992" lon="11.154983">
        <ele>863.550302</ele>
        <time>2026-02-28T10:22:13.000Z</time>
      </trkpt>
      <trkpt lat="46.092989" lon="11.155004">
        <ele>863.448662</ele>
        <time>2026-02-28T10:22:14.000Z</time>
      </trkpt>
      <trkpt lat="46.092962" lon="11.155107">
        <ele>862.926676</ele>
        <time>2026-02-28T10:22:20.000Z</time>
      </trkpt>
      <trkpt lat="46.092946" lon="11.155207">
        <ele>862.440175</ele>
        <time>2026-02-28T10:22:26.000Z</time>
      </trkpt>
      <trkpt lat="46.092940" lon="11.155288">
        <ele>862.054013</ele>
        <time>2026-02-28T10:22:31.000Z</time>
      </trkpt>
      <trkpt lat="46.092934" lon="11.155339">
        <ele>861.808794</ele>
        <time>2026-02-28T10:22:34.000Z</time>
      </trkpt>
      <trkpt lat="46.092911" lon="11.155514">
        <ele>860.964444</ele>
        <time>2026-02-28T10:22:44.000Z</time>
      </trkpt>
      <trkpt lat="46.092907" lon="11.155535">
        <ele>860.861207</ele>
        <time>2026-02-28T10:22:45.000Z</time>
      </trkpt>
      <trkpt lat="46.092854" lon="11.155674">
        <ele>860.109251</ele>
        <time>2026-02-28T10:22:52.000Z</time>
      </trkpt>
      <trkpt lat="46.092814" lon="11.155782">
        <ele>859.528839</ele>
        <time>2026-02-28T10:23:00.000Z</time>
      </trkpt>
      <trkpt lat="46.092809" lon="11.155799">
        <ele>859.441302</ele>
        <time>2026-02-28T10:23:01.000Z</time>
      </trkpt>
      <trkpt lat="46.092753" lon="11.155904">
        <ele>858.813377</ele>
        <time>2026-02-28T10:23:08.000Z</time>
      </trkpt>
      <trkpt lat="46.092717" lon="11.155984">
        <ele>858.361293</ele>
        <time>2026-02-28T10:23:13.000Z</time>
      </trkpt>
      <trkpt lat="46.092697" lon="11.156031">
        <ele>858.099889</ele>
        <time>2026-02-28T10:23:16.000Z</time>
      </trkpt>
      <trkpt lat="46.092678" lon="11.156100">
        <ele>857.747954</ele>
        <time>2026-02-28T10:23:20.000Z</time>
      </trkpt>
      <trkpt lat="46.092629" lon="11.156219">
        <ele>857.091889</ele>
        <time>2026-02-28T10:23:27.000Z</time>
      </trkpt>
      <trkpt lat="46.092623" lon="11.156233">
        <ele>857.013871</ele>
        <time>2026-02-28T10:23:28.000Z</time>
      </trkpt>
      <trkpt lat="46.092585" lon="11.156317">
        <ele>856.538437</ele>
        <time>2026-02-28T10:23:33.000Z</time>
      </trkpt>
      <trkpt lat="46.092552" lon="11.156423">
        <ele>855.987633</ele>
        <time>2026-02-28T10:23:40.000Z</time>
      </trkpt>
      <trkpt lat="46.092513" lon="11.156511">
        <ele>855.492560</ele>
        <time>2026-02-28T10:23:46.000Z</time>
      </trkpt>
      <trkpt lat="46.092489" lon="11.156643">
        <ele>854.845664</ele>
        <time>2026-02-28T10:23:53.000Z</time>
      </trkpt>
      <trkpt lat="46.092483" lon="11.156687">
        <ele>854.633087</ele>
        <time>2026-02-28T10:23:56.000Z</time>
      </trkpt>
      <trkpt lat="46.092470" lon="11.156762">
        <ele>854.266611</ele>
        <time>2026-02-28T10:24:00.000Z</time>
      </trkpt>
      <trkpt lat="46.092467" lon="11.156820">
        <ele>853.990898</ele>
        <time>2026-02-28T10:24:03.000Z</time>
      </trkpt>
      <trkpt lat="46.092463" lon="11.156900">
        <ele>853.610672</ele>
        <time>2026-02-28T10:24:08.000Z</time>
      </trkpt>
      <trkpt lat="46.092444" lon="11.157005">
        <ele>853.096252</ele>
        <time>2026-02-28T10:24:13.000Z</time>
      </trkpt>
      <trkpt lat="46.092439" lon="11.157019">
        <ele>853.021601</ele>
        <time>2026-02-28T10:24:14.000Z</time>
      </trkpt>
      <trkpt lat="46.092411" lon="11.157141">
        <ele>852.412410</ele>
        <time>2026-02-28T10:24:20.000Z</time>
      </trkpt>
      <trkpt lat="46.092406" lon="11.157195">
        <ele>852.154150</ele>
        <time>2026-02-28T10:24:23.000Z</time>
      </trkpt>
      <trkpt lat="46.092391" lon="11.157281">
        <ele>851.733769</ele>
        <time>2026-02-28T10:24:27.000Z</time>
      </trkpt>
      <trkpt lat="46.092382" lon="11.157342">
        <ele>851.438125</ele>
        <time>2026-02-28T10:24:30.000Z</time>
      </trkpt>
      <trkpt lat="46.092364" lon="11.157442">
        <ele>850.663226</ele>
        <time>2026-02-28T10:24:35.000Z</time>
      </trkpt>
      <trkpt lat="46.092364" lon="11.157471">
        <ele>850.425994</ele>
        <time>2026-02-28T10:24:37.000Z</time>
      </trkpt>
      <trkpt lat="46.092363" lon="11.157503">
        <ele>850.163956</ele>
        <time>2026-02-28T10:24:39.000Z</time>
      </trkpt>
      <trkpt lat="46.092370" lon="11.157560">
        <ele>849.690418</ele>
        <time>2026-02-28T10:24:42.000Z</time>
      </trkpt>
      <trkpt lat="46.092384" lon="11.157612">
        <ele>849.234106</ele>
        <time>2026-02-28T10:24:45.000Z</time>
      </trkpt>
      <trkpt lat="46.092393" lon="11.157662">
        <ele>848.811533</ele>
        <time>2026-02-28T10:24:48.000Z</time>
      </trkpt>
      <trkpt lat="46.092407" lon="11.157747">
        <ele>848.096858</ele>
        <time>2026-02-28T10:24:52.000Z</time>
      </trkpt>
      <trkpt lat="46.092414" lon="11.157815">
        <ele>847.534496</ele>
        <time>2026-02-28T10:24:56.000Z</time>
      </trkpt>
      <trkpt lat="46.092402" lon="11.157914">
        <ele>846.712359</ele>
        <time>2026-02-28T10:25:01.000Z</time>
      </trkpt>
      <trkpt lat="46.092400" lon="11.157930">
        <ele>846.579364</ele>
        <time>2026-02-28T10:25:02.000Z</time>
      </trkpt>
      <trkpt lat="46.092384" lon="11.158028">
        <ele>845.755768</ele>
        <time>2026-02-28T10:25:08.000Z</time>
      </trkpt>
      <trkpt lat="46.092371" lon="11.158076">
        <ele>845.334227</ele>
        <time>2026-02-28T10:25:11.000Z</time>
      </trkpt>
      <trkpt lat="46.092374" lon="11.158114">
        <ele>845.021364</ele>
        <time>2026-02-28T10:25:13.000Z</time>
      </trkpt>
      <trkpt lat="46.092374" lon="11.158151">
        <ele>844.718690</ele>
        <time>2026-02-28T10:25:15.000Z</time>
      </trkpt>
      <trkpt lat="46.092342" lon="11.158273">
        <ele>843.651682</ele>
        <time>2026-02-28T10:25:21.000Z</time>
      </trkpt>
      <trkpt lat="46.092298" lon="11.158398">
        <ele>842.504952</ele>
        <time>2026-02-28T10:25:28.000Z</time>
      </trkpt>
      <trkpt lat="46.092280" lon="11.158445">
        <ele>842.065741</ele>
        <time>2026-02-28T10:25:31.000Z</time>
      </trkpt>
      <trkpt lat="46.092262" lon="11.158525">
        <ele>841.377725</ele>
        <time>2026-02-28T10:25:35.000Z</time>
      </trkpt>
      <trkpt lat="46.092247" lon="11.158612">
        <ele>840.644364</ele>
        <time>2026-02-28T10:25:40.000Z</time>
      </trkpt>
      <trkpt lat="46.092239" lon="11.158667">
        <ele>840.184651</ele>
        <time>2026-02-28T10:25:43.000Z</time>
      </trkpt>
      <trkpt lat="46.092232" lon="11.158730">
        <ele>839.662711</ele>
        <time>2026-02-28T10:25:46.000Z</time>
      </trkpt>
      <trkpt lat="46.092219" lon="11.158781">
        <ele>839.218220</ele>
        <time>2026-02-28T10:25:49.000Z</time>
      </trkpt>
      <trkpt lat="46.092202" lon="11.158819">
        <ele>838.848296</ele>
        <time>2026-02-28T10:25:51.000Z</time>
      </trkpt>
      <trkpt lat="46.092155" lon="11.158893">
        <ele>838.027433</ele>
        <time>2026-02-28T10:25:56.000Z</time>
      </trkpt>
      <trkpt lat="46.092136" lon="11.158936">
        <ele>837.610343</ele>
        <time>2026-02-28T10:25:59.000Z</time>
      </trkpt>
      <trkpt lat="46.092134" lon="11.158957">
        <ele>837.436941</ele>
        <time>2026-02-28T10:26:00.000Z</time>
      </trkpt>
      <trkpt lat="46.092123" lon="11.159035">
        <ele>836.785808</ele>
        <time>2026-02-28T10:26:04.000Z</time>
      </trkpt>
      <trkpt lat="46.092120" lon="11.159054">
        <ele>836.626402</ele>
        <time>2026-02-28T10:26:05.000Z</time>
      </trkpt>
      <trkpt lat="46.092096" lon="11.159167">
        <ele>835.659632</ele>
        <time>2026-02-28T10:26:11.000Z</time>
      </trkpt>
      <trkpt lat="46.092088" lon="11.159222">
        <ele>835.199918</ele>
        <time>2026-02-28T10:26:14.000Z</time>
      </trkpt>
      <trkpt lat="46.092078" lon="11.159328">
        <ele>834.324805</ele>
        <time>2026-02-28T10:26:19.000Z</time>
      </trkpt>
      <trkpt lat="46.092077" lon="11.159365">
        <ele>834.021898</ele>
        <time>2026-02-28T10:26:21.000Z</time>
      </trkpt>
      <trkpt lat="46.092080" lon="11.159417">
        <ele>833.595046</ele>
        <time>2026-02-28T10:26:24.000Z</time>
      </trkpt>
      <trkpt lat="46.092079" lon="11.159498">
        <ele>832.932325</ele>
        <time>2026-02-28T10:26:28.000Z</time>
      </trkpt>
      <trkpt lat="46.092075" lon="11.159553">
        <ele>832.479933</ele>
        <time>2026-02-28T10:26:31.000Z</time>
      </trkpt>
      <trkpt lat="46.092059" lon="11.159599">
        <ele>832.058955</ele>
        <time>2026-02-28T10:26:34.000Z</time>
      </trkpt>
      <trkpt lat="46.092049" lon="11.159634">
        <ele>831.749292</ele>
        <time>2026-02-28T10:26:36.000Z</time>
      </trkpt>
      <trkpt lat="46.092044" lon="11.159653">
        <ele>831.583050</ele>
        <time>2026-02-28T10:26:37.000Z</time>
      </trkpt>
      <trkpt lat="46.092040" lon="11.159735">
        <ele>830.910595</ele>
        <time>2026-02-28T10:26:41.000Z</time>
      </trkpt>
      <trkpt lat="46.092034" lon="11.159761">
        <ele>830.686437</ele>
        <time>2026-02-28T10:26:42.000Z</time>
      </trkpt>
      <trkpt lat="46.092027" lon="11.159830">
        <ele>830.111646</ele>
        <time>2026-02-28T10:26:45.000Z</time>
      </trkpt>
      <trkpt lat="46.092022" lon="11.159907">
        <ele>829.167341</ele>
        <time>2026-02-28T10:26:49.000Z</time>
      </trkpt>
      <trkpt lat="46.092021" lon="11.159926">
        <ele>828.934678</ele>
        <time>2026-02-28T10:26:50.000Z</time>
      </trkpt>
      <trkpt lat="46.092024" lon="11.159972">
        <ele>828.370526</ele>
        <time>2026-02-28T10:26:53.000Z</time>
      </trkpt>
      <trkpt lat="46.092019" lon="11.160004">
        <ele>827.970002</ele>
        <time>2026-02-28T10:26:55.000Z</time>
      </trkpt>
      <trkpt lat="46.092023" lon="11.160062">
        <ele>827.258312</ele>
        <time>2026-02-28T10:26:58.000Z</time>
      </trkpt>
      <trkpt lat="46.092023" lon="11.160095">
        <ele>826.855373</ele>
        <time>2026-02-28T10:27:00.000Z</time>
      </trkpt>
      <trkpt lat="46.092035" lon="11.160181">
        <ele>825.784243</ele>
        <time>2026-02-28T10:27:04.000Z</time>
      </trkpt>
      <trkpt lat="46.092055" lon="11.160253">
        <ele>824.837202</ele>
        <time>2026-02-28T10:27:08.000Z</time>
      </trkpt>
      <trkpt lat="46.092051" lon="11.160298">
        <ele>824.283244</ele>
        <time>2026-02-28T10:27:13.000Z</time>
      </trkpt>
      <trkpt lat="46.092066" lon="11.160352">
        <ele>823.572964</ele>
        <time>2026-02-28T10:27:19.000Z</time>
      </trkpt>
      <trkpt lat="46.092076" lon="11.160380">
        <ele>823.188403</ele>
        <time>2026-02-28T10:27:21.000Z</time>
      </trkpt>
      <trkpt lat="46.092099" lon="11.160417">
        <ele>822.581696</ele>
        <time>2026-02-28T10:27:26.000Z</time>
      </trkpt>
      <trkpt lat="46.092141" lon="11.160495">
        <ele>821.375917</ele>
        <time>2026-02-28T10:27:31.000Z</time>
      </trkpt>
      <trkpt lat="46.092152" lon="11.160515">
        <ele>821.064235</ele>
        <time>2026-02-28T10:27:32.000Z</time>
      </trkpt>
      <trkpt lat="46.092184" lon="11.160582">
        <ele>820.070906</ele>
        <time>2026-02-28T10:27:37.000Z</time>
      </trkpt>
      <trkpt lat="46.092176" lon="11.160595">
        <ele>819.858689</ele>
        <time>2026-02-28T10:27:38.000Z</time>
      </trkpt>
      <trkpt lat="46.092166" lon="11.160611">
        <ele>819.595693</ele>
        <time>2026-02-28T10:27:39.000Z</time>
      </trkpt>
      <trkpt lat="46.092142" lon="11.160611">
        <ele>819.173132</ele>
        <time>2026-02-28T10:27:41.000Z</time>
      </trkpt>
      <trkpt lat="46.092128" lon="11.160607">
        <ele>818.921846</ele>
        <time>2026-02-28T10:27:42.000Z</time>
      </trkpt>
      <trkpt lat="46.092074" lon="11.160536">
        <ele>817.635177</ele>
        <time>2026-02-28T10:27:47.000Z</time>
      </trkpt>
      <trkpt lat="46.092059" lon="11.160514">
        <ele>817.258469</ele>
        <time>2026-02-28T10:27:49.000Z</time>
      </trkpt>
      <trkpt lat="46.092054" lon="11.160505">
        <ele>817.117663</ele>
        <time>2026-02-28T10:27:50.000Z</time>
      </trkpt>
      <trkpt lat="46.092041" lon="11.160486">
        <ele>816.791762</ele>
        <time>2026-02-28T10:27:52.000Z</time>
      </trkpt>
      <trkpt lat="46.091990" lon="11.160428">
        <ele>815.648153</ele>
        <time>2026-02-28T10:27:57.000Z</time>
      </trkpt>
      <trkpt lat="46.091975" lon="11.160389">
        <ele>815.103619</ele>
        <time>2026-02-28T10:27:59.000Z</time>
      </trkpt>
      <trkpt lat="46.091938" lon="11.160311">
        <ele>813.949730</ele>
        <time>2026-02-28T10:28:04.000Z</time>
      </trkpt>
      <trkpt lat="46.091925" lon="11.160297">
        <ele>813.664053</ele>
        <time>2026-02-28T10:28:06.000Z</time>
      </trkpt>
      <trkpt lat="46.091848" lon="11.160265">
        <ele>812.253153</ele>
        <time>2026-02-28T10:28:14.000Z</time>
      </trkpt>
      <trkpt lat="46.091786" lon="11.160260">
        <ele>811.159831</ele>
        <time>2026-02-28T10:28:19.000Z</time>
      </trkpt>
      <trkpt lat="46.091768" lon="11.160260">
        <ele>810.842911</ele>
        <time>2026-02-28T10:28:21.000Z</time>
      </trkpt>
      <trkpt lat="46.091725" lon="11.160275">
        <ele>810.063982</ele>
        <time>2026-02-28T10:28:25.000Z</time>
      </trkpt>
      <trkpt lat="46.091685" lon="11.160302">
        <ele>809.286369</ele>
        <time>2026-02-28T10:28:28.000Z</time>
      </trkpt>
      <trkpt lat="46.091676" lon="11.160318">
        <ele>809.034819</ele>
        <time>2026-02-28T10:28:29.000Z</time>
      </trkpt>
      <trkpt lat="46.091655" lon="11.160404">
        <ele>807.921535</ele>
        <time>2026-02-28T10:28:35.000Z</time>
      </trkpt>
      <trkpt lat="46.091671" lon="11.160459">
        <ele>807.193272</ele>
        <time>2026-02-28T10:28:38.000Z</time>
      </trkpt>
      <trkpt lat="46.091684" lon="11.160496">
        <ele>806.686816</ele>
        <time>2026-02-28T10:28:40.000Z</time>
      </trkpt>
      <trkpt lat="46.091698" lon="11.160517">
        <ele>806.331135</ele>
        <time>2026-02-28T10:28:44.000Z</time>
      </trkpt>
      <trkpt lat="46.091703" lon="11.160514">
        <ele>806.235784</ele>
        <time>2026-02-28T10:28:46.000Z</time>
      </trkpt>
      <trkpt lat="46.091703" lon="11.160516">
        <ele>806.211363</ele>
        <time>2026-02-28T10:28:51.000Z</time>
      </trkpt>
      <trkpt lat="46.091701" lon="11.160519">
        <ele>806.160552</ele>
        <time>2026-02-28T10:28:53.000Z</time>
      </trkpt>
      <trkpt lat="46.091736" lon="11.160553">
        <ele>805.417519</ele>
        <time>2026-02-28T10:29:01.000Z</time>
      </trkpt>
      <trkpt lat="46.091738" lon="11.160561">
        <ele>805.313683</ele>
        <time>2026-02-28T10:29:02.000Z</time>
      </trkpt>
      <trkpt lat="46.091753" lon="11.160617">
        <ele>804.580673</ele>
        <time>2026-02-28T10:29:07.000Z</time>
      </trkpt>
      <trkpt lat="46.091757" lon="11.160651">
        <ele>804.159590</ele>
        <time>2026-02-28T10:29:10.000Z</time>
      </trkpt>
      <trkpt lat="46.091761" lon="11.160663">
        <ele>803.997019</ele>
        <time>2026-02-28T10:29:11.000Z</time>
      </trkpt>
      <trkpt lat="46.091773" lon="11.160697">
        <ele>803.531197</ele>
        <time>2026-02-28T10:29:14.000Z</time>
      </trkpt>
      <trkpt lat="46.091792" lon="11.160752">
        <ele>802.780921</ele>
        <time>2026-02-28T10:29:18.000Z</time>
      </trkpt>
      <trkpt lat="46.091810" lon="11.160809">
        <ele>802.016173</ele>
        <time>2026-02-28T10:29:23.000Z</time>
      </trkpt>
      <trkpt lat="46.091811" lon="11.160821">
        <ele>801.868594</ele>
        <time>2026-02-28T10:29:24.000Z</time>
      </trkpt>
      <trkpt lat="46.091826" lon="11.160884">
        <ele>801.055270</ele>
        <time>2026-02-28T10:29:28.000Z</time>
      </trkpt>
      <trkpt lat="46.091836" lon="11.160913">
        <ele>800.659813</ele>
        <time>2026-02-28T10:29:31.000Z</time>
      </trkpt>
      <trkpt lat="46.091837" lon="11.160924">
        <ele>800.524350</ele>
        <time>2026-02-28T10:29:32.000Z</time>
      </trkpt>
      <trkpt lat="46.091837" lon="11.161000">
        <ele>799.596365</ele>
        <time>2026-02-28T10:29:37.000Z</time>
      </trkpt>
      <trkpt lat="46.091829" lon="11.161084">
        <ele>798.561070</ele>
        <time>2026-02-28T10:29:43.000Z</time>
      </trkpt>
      <trkpt lat="46.091795" lon="11.161130">
        <ele>797.608603</ele>
        <time>2026-02-28T10:29:48.000Z</time>
      </trkpt>
      <trkpt lat="46.091785" lon="11.161144">
        <ele>797.318125</ele>
        <time>2026-02-28T10:29:49.000Z</time>
      </trkpt>
      <trkpt lat="46.091770" lon="11.161203">
        <ele>796.409887</ele>
        <time>2026-02-28T10:29:53.000Z</time>
      </trkpt>
      <trkpt lat="46.091773" lon="11.161213">
        <ele>796.252410</ele>
        <time>2026-02-28T10:29:54.000Z</time>
      </trkpt>
      <trkpt lat="46.091774" lon="11.161219">
        <ele>796.163222</ele>
        <time>2026-02-28T10:29:55.000Z</time>
      </trkpt>
      <trkpt lat="46.091768" lon="11.161244">
        <ele>795.780865</ele>
        <time>2026-02-28T10:29:57.000Z</time>
      </trkpt>
      <trkpt lat="46.091754" lon="11.161271">
        <ele>795.293611</ele>
        <time>2026-02-28T10:29:59.000Z</time>
      </trkpt>
      <trkpt lat="46.091740" lon="11.161292">
        <ele>794.872594</ele>
        <time>2026-02-28T10:30:01.000Z</time>
      </trkpt>
      <trkpt lat="46.091721" lon="11.161323">
        <ele>794.274642</ele>
        <time>2026-02-28T10:30:04.000Z</time>
      </trkpt>
      <trkpt lat="46.091699" lon="11.161371">
        <ele>793.443064</ele>
        <time>2026-02-28T10:30:08.000Z</time>
      </trkpt>
      <trkpt lat="46.091694" lon="11.161386">
        <ele>793.202522</ele>
        <time>2026-02-28T10:30:09.000Z</time>
      </trkpt>
      <trkpt lat="46.091672" lon="11.161437">
        <ele>792.334442</ele>
        <time>2026-02-28T10:30:13.000Z</time>
      </trkpt>
      <trkpt lat="46.091657" lon="11.161477">
        <ele>791.677203</ele>
        <time>2026-02-28T10:30:17.000Z</time>
      </trkpt>
      <trkpt lat="46.091645" lon="11.161514">
        <ele>791.086842</ele>
        <time>2026-02-28T10:30:20.000Z</time>
      </trkpt>
      <trkpt lat="46.091639" lon="11.161532">
        <ele>790.798192</ele>
        <time>2026-02-28T10:30:21.000Z</time>
      </trkpt>
      <trkpt lat="46.091626" lon="11.161573">
        <ele>790.146608</ele>
        <time>2026-02-28T10:30:26.000Z</time>
      </trkpt>
      <trkpt lat="46.091621" lon="11.161594">
        <ele>789.825699</ele>
        <time>2026-02-28T10:30:27.000Z</time>
      </trkpt>
      <trkpt lat="46.091610" lon="11.161632">
        <ele>789.230549</ele>
        <time>2026-02-28T10:30:30.000Z</time>
      </trkpt>
      <trkpt lat="46.091599" lon="11.161654">
        <ele>788.838551</ele>
        <time>2026-02-28T10:30:33.000Z</time>
      </trkpt>
      <trkpt lat="46.091590" lon="11.161689">
        <ele>788.299031</ele>
        <time>2026-02-28T10:30:36.000Z</time>
      </trkpt>
      <trkpt lat="46.091573" lon="11.161736">
        <ele>787.532885</ele>
        <time>2026-02-28T10:30:39.000Z</time>
      </trkpt>
      <trkpt lat="46.091556" lon="11.161772">
        <ele>786.903395</ele>
        <time>2026-02-28T10:30:43.000Z</time>
      </trkpt>
      <trkpt lat="46.091547" lon="11.161802">
        <ele>786.430965</ele>
        <time>2026-02-28T10:30:46.000Z</time>
      </trkpt>
      <trkpt lat="46.091543" lon="11.161817">
        <ele>786.198690</ele>
        <time>2026-02-28T10:30:47.000Z</time>
      </trkpt>
      <trkpt lat="46.091523" lon="11.161850">
        <ele>785.565265</ele>
        <time>2026-02-28T10:30:51.000Z</time>
      </trkpt>
      <trkpt lat="46.091517" lon="11.161862">
        <ele>785.351448</ele>
        <time>2026-02-28T10:30:52.000Z</time>
      </trkpt>
      <trkpt lat="46.091498" lon="11.161901">
        <ele>784.662585</ele>
        <time>2026-02-28T10:30:55.000Z</time>
      </trkpt>
      <trkpt lat="46.091482" lon="11.161926">
        <ele>784.170901</ele>
        <time>2026-02-28T10:30:58.000Z</time>
      </trkpt>
      <trkpt lat="46.091480" lon="11.161931">
        <ele>784.087475</ele>
        <time>2026-02-28T10:30:59.000Z</time>
      </trkpt>
      <trkpt lat="46.091467" lon="11.161976">
        <ele>783.382901</ele>
        <time>2026-02-28T10:31:04.000Z</time>
      </trkpt>
      <trkpt lat="46.091459" lon="11.161995">
        <ele>783.061637</ele>
        <time>2026-02-28T10:31:06.000Z</time>
      </trkpt>
      <trkpt lat="46.091450" lon="11.162014">
        <ele>782.729080</ele>
        <time>2026-02-28T10:31:08.000Z</time>
      </trkpt>
      <trkpt lat="46.091432" lon="11.162052">
        <ele>782.063966</ele>
        <time>2026-02-28T10:31:12.000Z</time>
      </trkpt>
      <trkpt lat="46.091427" lon="11.162070">
        <ele>781.783712</ele>
        <time>2026-02-28T10:31:13.000Z</time>
      </trkpt>
      <trkpt lat="46.091415" lon="11.162118">
        <ele>781.046251</ele>
        <time>2026-02-28T10:31:17.000Z</time>
      </trkpt>
      <trkpt lat="46.091412" lon="11.162131">
        <ele>780.848228</ele>
        <time>2026-02-28T10:31:18.000Z</time>
      </trkpt>
      <trkpt lat="46.091407" lon="11.162173">
        <ele>780.232308</ele>
        <time>2026-02-28T10:31:22.000Z</time>
      </trkpt>
      <trkpt lat="46.091402" lon="11.162223">
        <ele>779.502166</ele>
        <time>2026-02-28T10:31:25.000Z</time>
      </trkpt>
      <trkpt lat="46.091400" lon="11.162237">
        <ele>779.295571</ele>
        <time>2026-02-28T10:31:26.000Z</time>
      </trkpt>
      <trkpt lat="46.091392" lon="11.162304">
        <ele>778.312948</ele>
        <time>2026-02-28T10:31:31.000Z</time>
      </trkpt>
      <trkpt lat="46.091393" lon="11.162325">
        <ele>778.008713</ele>
        <time>2026-02-28T10:31:32.000Z</time>
      </trkpt>
      <trkpt lat="46.091379" lon="11.162379">
        <ele>777.175477</ele>
        <time>2026-02-28T10:31:35.000Z</time>
      </trkpt>
      <trkpt lat="46.091365" lon="11.162430">
        <ele>776.382710</ele>
        <time>2026-02-28T10:31:38.000Z</time>
      </trkpt>
      <trkpt lat="46.091359" lon="11.162460">
        <ele>775.931438</ele>
        <time>2026-02-28T10:31:40.000Z</time>
      </trkpt>
      <trkpt lat="46.091357" lon="11.162493">
        <ele>775.452659</ele>
        <time>2026-02-28T10:31:43.000Z</time>
      </trkpt>
      <trkpt lat="46.091347" lon="11.162572">
        <ele>774.291979</ele>
        <time>2026-02-28T10:31:47.000Z</time>
      </trkpt>
      <trkpt lat="46.091335" lon="11.162633">
        <ele>773.375539</ele>
        <time>2026-02-28T10:31:50.000Z</time>
      </trkpt>
      <trkpt lat="46.091341" lon="11.162679">
        <ele>772.699027</ele>
        <time>2026-02-28T10:31:53.000Z</time>
      </trkpt>
      <trkpt lat="46.091359" lon="11.162748">
        <ele>771.633523</ele>
        <time>2026-02-28T10:31:57.000Z</time>
      </trkpt>
      <trkpt lat="46.091364" lon="11.162761">
        <ele>771.418668</ele>
        <time>2026-02-28T10:31:58.000Z</time>
      </trkpt>
      <trkpt lat="46.091399" lon="11.162839">
        <ele>770.075904</ele>
        <time>2026-02-28T10:32:04.000Z</time>
      </trkpt>
      <trkpt lat="46.091415" lon="11.162947">
        <ele>768.479723</ele>
        <time>2026-02-28T10:32:10.000Z</time>
      </trkpt>
      <trkpt lat="46.091410" lon="11.162976">
        <ele>768.047817</ele>
        <time>2026-02-28T10:32:12.000Z</time>
      </trkpt>
      <trkpt lat="46.091396" lon="11.163056">
        <ele>766.855304</ele>
        <time>2026-02-28T10:32:16.000Z</time>
      </trkpt>
      <trkpt lat="46.091395" lon="11.163073">
        <ele>766.608714</ele>
        <time>2026-02-28T10:32:17.000Z</time>
      </trkpt>
      <trkpt lat="46.091376" lon="11.163116">
        <ele>765.871793</ele>
        <time>2026-02-28T10:32:21.000Z</time>
      </trkpt>
      <trkpt lat="46.091365" lon="11.163122">
        <ele>765.626689</ele>
        <time>2026-02-28T10:32:22.000Z</time>
      </trkpt>
      <trkpt lat="46.091290" lon="11.163119">
        <ele>764.063022</ele>
        <time>2026-02-28T10:32:27.000Z</time>
      </trkpt>
      <trkpt lat="46.091255" lon="11.163142">
        <ele>763.261413</ele>
        <time>2026-02-28T10:32:33.000Z</time>
      </trkpt>
      <trkpt lat="46.091253" lon="11.163146">
        <ele>763.190140</ele>
        <time>2026-02-28T10:32:41.000Z</time>
      </trkpt>
      <trkpt lat="46.091255" lon="11.163148">
        <ele>763.139416</ele>
        <time>2026-02-28T10:32:42.000Z</time>
      </trkpt>
      <trkpt lat="46.091253" lon="11.163154">
        <ele>763.043198</ele>
        <time>2026-02-28T10:32:44.000Z</time>
      </trkpt>
      <trkpt lat="46.091232" lon="11.163147">
        <ele>762.593998</ele>
        <time>2026-02-28T10:32:48.000Z</time>
      </trkpt>
      <trkpt lat="46.091210" lon="11.163140">
        <ele>762.124469</ele>
        <time>2026-02-28T10:32:55.000Z</time>
      </trkpt>
      <trkpt lat="46.091173" lon="11.163083">
        <ele>760.996048</ele>
        <time>2026-02-28T10:33:01.000Z</time>
      </trkpt>
      <trkpt lat="46.091141" lon="11.163018">
        <ele>759.618998</ele>
        <time>2026-02-28T10:33:07.000Z</time>
      </trkpt>
      <trkpt lat="46.091113" lon="11.162934">
        <ele>758.003185</ele>
        <time>2026-02-28T10:33:13.000Z</time>
      </trkpt>
      <trkpt lat="46.091065" lon="11.162856">
        <ele>756.195251</ele>
        <time>2026-02-28T10:33:20.000Z</time>
      </trkpt>
      <trkpt lat="46.091047" lon="11.162733">
        <ele>754.015811</ele>
        <time>2026-02-28T10:33:27.000Z</time>
      </trkpt>
      <trkpt lat="46.091027" lon="11.162618">
        <ele>751.960292</ele>
        <time>2026-02-28T10:33:33.000Z</time>
      </trkpt>
      <trkpt lat="46.091022" lon="11.162571">
        <ele>751.135910</ele>
        <time>2026-02-28T10:33:36.000Z</time>
      </trkpt>
      <trkpt lat="46.091018" lon="11.162537">
        <ele>750.538022</ele>
        <time>2026-02-28T10:33:38.000Z</time>
      </trkpt>
      <trkpt lat="46.091013" lon="11.162483">
        <ele>749.593503</ele>
        <time>2026-02-28T10:33:41.000Z</time>
      </trkpt>
      <trkpt lat="46.090993" lon="11.162391">
        <ele>747.921948</ele>
        <time>2026-02-28T10:33:46.000Z</time>
      </trkpt>
      <trkpt lat="46.090983" lon="11.162377">
        <ele>747.573509</ele>
        <time>2026-02-28T10:33:47.000Z</time>
      </trkpt>
      <trkpt lat="46.090939" lon="11.162319">
        <ele>746.083184</ele>
        <time>2026-02-28T10:33:52.000Z</time>
      </trkpt>
      <trkpt lat="46.090928" lon="11.162310">
        <ele>745.767009</ele>
        <time>2026-02-28T10:33:53.000Z</time>
      </trkpt>
      <trkpt lat="46.090893" lon="11.162284">
        <ele>744.782751</ele>
        <time>2026-02-28T10:33:56.000Z</time>
      </trkpt>
      <trkpt lat="46.090843" lon="11.162293">
        <ele>743.523094</ele>
        <time>2026-02-28T10:34:00.000Z</time>
      </trkpt>
      <trkpt lat="46.090849" lon="11.162309">
        <ele>743.207741</ele>
        <time>2026-02-28T10:34:05.000Z</time>
      </trkpt>
      <trkpt lat="46.090841" lon="11.162308">
        <ele>743.006998</ele>
        <time>2026-02-28T10:34:06.000Z</time>
      </trkpt>
      <trkpt lat="46.090837" lon="11.162303">
        <ele>742.874658</ele>
        <time>2026-02-28T10:34:10.000Z</time>
      </trkpt>
      <trkpt lat="46.090838" lon="11.162299">
        <ele>742.800940</ele>
        <time>2026-02-28T10:34:15.000Z</time>
      </trkpt>
      <trkpt lat="46.090832" lon="11.162300">
        <ele>742.649947</ele>
        <time>2026-02-28T10:34:18.000Z</time>
      </trkpt>
      <trkpt lat="46.090815" lon="11.162280">
        <ele>742.101453</ele>
        <time>2026-02-28T10:34:22.000Z</time>
      </trkpt>
      <trkpt lat="46.090814" lon="11.162271">
        <ele>741.943427</ele>
        <time>2026-02-28T10:34:23.000Z</time>
      </trkpt>
      <trkpt lat="46.090811" lon="11.162258">
        <ele>741.705892</ele>
        <time>2026-02-28T10:34:24.000Z</time>
      </trkpt>
      <trkpt lat="46.090815" lon="11.162186">
        <ele>740.453606</ele>
        <time>2026-02-28T10:34:30.000Z</time>
      </trkpt>
      <trkpt lat="46.090815" lon="11.162139">
        <ele>739.638752</ele>
        <time>2026-02-28T10:34:35.000Z</time>
      </trkpt>
      <trkpt lat="46.090796" lon="11.162102">
        <ele>738.840562</ele>
        <time>2026-02-28T10:34:39.000Z</time>
      </trkpt>
      <trkpt lat="46.090788" lon="11.162052">
        <ele>737.950925</ele>
        <time>2026-02-28T10:34:42.000Z</time>
      </trkpt>
      <trkpt lat="46.090788" lon="11.162040">
        <ele>737.742877</ele>
        <time>2026-02-28T10:34:43.000Z</time>
      </trkpt>
      <trkpt lat="46.090784" lon="11.162008">
        <ele>737.179143</ele>
        <time>2026-02-28T10:34:46.000Z</time>
      </trkpt>
      <trkpt lat="46.090788" lon="11.161942">
        <ele>736.030518</ele>
        <time>2026-02-28T10:34:50.000Z</time>
      </trkpt>
      <trkpt lat="46.090806" lon="11.161912">
        <ele>735.342761</ele>
        <time>2026-02-28T10:34:54.000Z</time>
      </trkpt>
      <trkpt lat="46.090809" lon="11.161887">
        <ele>734.902887</ele>
        <time>2026-02-28T10:34:56.000Z</time>
      </trkpt>
      <trkpt lat="46.090808" lon="11.161854">
        <ele>734.330210</ele>
        <time>2026-02-28T10:34:58.000Z</time>
      </trkpt>
      <trkpt lat="46.090801" lon="11.161814">
        <ele>733.614979</ele>
        <time>2026-02-28T10:35:02.000Z</time>
      </trkpt>
      <trkpt lat="46.090786" lon="11.161754">
        <ele>732.509215</ele>
        <time>2026-02-28T10:35:06.000Z</time>
      </trkpt>
      <trkpt lat="46.090786" lon="11.161735">
        <ele>732.179806</ele>
        <time>2026-02-28T10:35:08.000Z</time>
      </trkpt>
      <trkpt lat="46.090788" lon="11.161720">
        <ele>731.914983</ele>
        <time>2026-02-28T10:35:10.000Z</time>
      </trkpt>
      <trkpt lat="46.090781" lon="11.161674">
        <ele>731.098493</ele>
        <time>2026-02-28T10:35:15.000Z</time>
      </trkpt>
      <trkpt lat="46.090763" lon="11.161658">
        <ele>730.569877</ele>
        <time>2026-02-28T10:35:21.000Z</time>
      </trkpt>
      <trkpt lat="46.090755" lon="11.161645">
        <ele>730.268554</ele>
        <time>2026-02-28T10:35:22.000Z</time>
      </trkpt>
      <trkpt lat="46.090746" lon="11.161612">
        <ele>729.653772</ele>
        <time>2026-02-28T10:35:26.000Z</time>
      </trkpt>
      <trkpt lat="46.090743" lon="11.161594">
        <ele>729.332815</ele>
        <time>2026-02-28T10:35:28.000Z</time>
      </trkpt>
      <trkpt lat="46.090742" lon="11.161577">
        <ele>729.037021</ele>
        <time>2026-02-28T10:35:31.000Z</time>
      </trkpt>
      <trkpt lat="46.090739" lon="11.161526">
        <ele>728.149642</ele>
        <time>2026-02-28T10:35:35.000Z</time>
      </trkpt>
      <trkpt lat="46.090736" lon="11.161511">
        <ele>727.878984</ele>
        <time>2026-02-28T10:35:37.000Z</time>
      </trkpt>
      <trkpt lat="46.090731" lon="11.161491">
        <ele>727.510396</ele>
        <time>2026-02-28T10:35:40.000Z</time>
      </trkpt>
      <trkpt lat="46.090728" lon="11.161456">
        <ele>726.898971</ele>
        <time>2026-02-28T10:35:44.000Z</time>
      </trkpt>
      <trkpt lat="46.090727" lon="11.161432">
        <ele>726.482125</ele>
        <time>2026-02-28T10:35:46.000Z</time>
      </trkpt>
      <trkpt lat="46.090717" lon="11.161413">
        <ele>726.068596</ele>
        <time>2026-02-28T10:35:49.000Z</time>
      </trkpt>
      <trkpt lat="46.090695" lon="11.161375">
        <ele>725.210387</ele>
        <time>2026-02-28T10:35:54.000Z</time>
      </trkpt>
      <trkpt lat="46.090690" lon="11.161366">
        <ele>725.010459</ele>
        <time>2026-02-28T10:35:55.000Z</time>
      </trkpt>
      <trkpt lat="46.090664" lon="11.161330">
        <ele>724.109334</ele>
        <time>2026-02-28T10:35:59.000Z</time>
      </trkpt>
      <trkpt lat="46.090644" lon="11.161276">
        <ele>723.047973</ele>
        <time>2026-02-28T10:36:03.000Z</time>
      </trkpt>
      <trkpt lat="46.090642" lon="11.161262">
        <ele>722.800154</ele>
        <time>2026-02-28T10:36:04.000Z</time>
      </trkpt>
      <trkpt lat="46.090634" lon="11.161227">
        <ele>722.161238</ele>
        <time>2026-02-28T10:36:08.000Z</time>
      </trkpt>
      <trkpt lat="46.090633" lon="11.161185">
        <ele>721.432639</ele>
        <time>2026-02-28T10:36:12.000Z</time>
      </trkpt>
      <trkpt lat="46.090631" lon="11.161138">
        <ele>720.616250</ele>
        <time>2026-02-28T10:36:18.000Z</time>
      </trkpt>
      <trkpt lat="46.090628" lon="11.161105">
        <ele>720.039222</ele>
        <time>2026-02-28T10:36:22.000Z</time>
      </trkpt>
      <trkpt lat="46.090626" lon="11.161097">
        <ele>719.891787</ele>
        <time>2026-02-28T10:36:23.000Z</time>
      </trkpt>
      <trkpt lat="46.090620" lon="11.161075">
        <ele>719.481931</ele>
        <time>2026-02-28T10:36:28.000Z</time>
      </trkpt>
      <trkpt lat="46.090615" lon="11.161035">
        <ele>718.777262</ele>
        <time>2026-02-28T10:36:31.000Z</time>
      </trkpt>
      <trkpt lat="46.090616" lon="11.161020">
        <ele>718.516002</ele>
        <time>2026-02-28T10:36:32.000Z</time>
      </trkpt>
      <trkpt lat="46.090589" lon="11.160980">
        <ele>717.548258</ele>
        <time>2026-02-28T10:36:37.000Z</time>
      </trkpt>
      <trkpt lat="46.090585" lon="11.160968">
        <ele>717.317426</ele>
        <time>2026-02-28T10:36:38.000Z</time>
      </trkpt>
      <trkpt lat="46.090579" lon="11.160914">
        <ele>716.369267</ele>
        <time>2026-02-28T10:36:42.000Z</time>
      </trkpt>
      <trkpt lat="46.090581" lon="11.160882">
        <ele>715.795830</ele>
        <time>2026-02-28T10:36:46.000Z</time>
      </trkpt>
      <trkpt lat="46.090582" lon="11.160872">
        <ele>715.605905</ele>
        <time>2026-02-28T10:36:47.000Z</time>
      </trkpt>
      <trkpt lat="46.090578" lon="11.160836">
        <ele>714.920543</ele>
        <time>2026-02-28T10:36:50.000Z</time>
      </trkpt>
      <trkpt lat="46.090580" lon="11.160764">
        <ele>713.565996</ele>
        <time>2026-02-28T10:36:55.000Z</time>
      </trkpt>
      <trkpt lat="46.090575" lon="11.160742">
        <ele>713.130798</ele>
        <time>2026-02-28T10:36:57.000Z</time>
      </trkpt>
      <trkpt lat="46.090571" lon="11.160702">
        <ele>712.371098</ele>
        <time>2026-02-28T10:37:00.000Z</time>
      </trkpt>
      <trkpt lat="46.090566" lon="11.160672">
        <ele>711.791100</ele>
        <time>2026-02-28T10:37:04.000Z</time>
      </trkpt>
      <trkpt lat="46.090564" lon="11.160655">
        <ele>711.466967</ele>
        <time>2026-02-28T10:37:07.000Z</time>
      </trkpt>
      <trkpt lat="46.090563" lon="11.160644">
        <ele>711.258419</ele>
        <time>2026-02-28T10:37:10.000Z</time>
      </trkpt>
      <trkpt lat="46.090552" lon="11.160605">
        <ele>710.466983</ele>
        <time>2026-02-28T10:37:16.000Z</time>
      </trkpt>
      <trkpt lat="46.090524" lon="11.160547">
        <ele>709.138550</ele>
        <time>2026-02-28T10:37:21.000Z</time>
      </trkpt>
      <trkpt lat="46.090516" lon="11.160516">
        <ele>708.516772</ele>
        <time>2026-02-28T10:37:24.000Z</time>
      </trkpt>
      <trkpt lat="46.090513" lon="11.160505">
        <ele>708.294578</ele>
        <time>2026-02-28T10:37:25.000Z</time>
      </trkpt>
      <trkpt lat="46.090500" lon="11.160473">
        <ele>707.597431</ele>
        <time>2026-02-28T10:37:29.000Z</time>
      </trkpt>
      <trkpt lat="46.090477" lon="11.160432">
        <ele>706.606135</ele>
        <time>2026-02-28T10:37:33.000Z</time>
      </trkpt>
      <trkpt lat="46.090474" lon="11.160419">
        <ele>706.348586</ele>
        <time>2026-02-28T10:37:34.000Z</time>
      </trkpt>
      <trkpt lat="46.090466" lon="11.160374">
        <ele>705.475320</ele>
        <time>2026-02-28T10:37:38.000Z</time>
      </trkpt>
      <trkpt lat="46.090457" lon="11.160349">
        <ele>704.945824</ele>
        <time>2026-02-28T10:37:41.000Z</time>
      </trkpt>
      <trkpt lat="46.090457" lon="11.160348">
        <ele>704.927025</ele>
        <time>2026-02-28T10:37:42.000Z</time>
      </trkpt>
      <trkpt lat="46.090459" lon="11.160291">
        <ele>703.854162</ele>
        <time>2026-02-28T10:37:46.000Z</time>
      </trkpt>
      <trkpt lat="46.090454" lon="11.160249">
        <ele>703.053093</ele>
        <time>2026-02-28T10:37:48.000Z</time>
      </trkpt>
      <trkpt lat="46.090448" lon="11.160218">
        <ele>702.448083</ele>
        <time>2026-02-28T10:37:51.000Z</time>
      </trkpt>
      <trkpt lat="46.090436" lon="11.160188">
        <ele>701.797062</ele>
        <time>2026-02-28T10:37:55.000Z</time>
      </trkpt>
      <trkpt lat="46.090423" lon="11.160160">
        <ele>701.163654</ele>
        <time>2026-02-28T10:37:58.000Z</time>
      </trkpt>
      <trkpt lat="46.090409" lon="11.160103">
        <ele>700.026948</ele>
        <time>2026-02-28T10:38:02.000Z</time>
      </trkpt>
      <trkpt lat="46.090404" lon="11.160083">
        <ele>699.627304</ele>
        <time>2026-02-28T10:38:03.000Z</time>
      </trkpt>
      <trkpt lat="46.090395" lon="11.160038">
        <ele>698.746915</ele>
        <time>2026-02-28T10:38:06.000Z</time>
      </trkpt>
      <trkpt lat="46.090397" lon="11.159950">
        <ele>697.091790</ele>
        <time>2026-02-28T10:38:11.000Z</time>
      </trkpt>
      <trkpt lat="46.090400" lon="11.159918">
        <ele>696.484778</ele>
        <time>2026-02-28T10:38:13.000Z</time>
      </trkpt>
      <trkpt lat="46.090401" lon="11.159881">
        <ele>695.788719</ele>
        <time>2026-02-28T10:38:16.000Z</time>
      </trkpt>
      <trkpt lat="46.090389" lon="11.159844">
        <ele>695.020891</ele>
        <time>2026-02-28T10:38:21.000Z</time>
      </trkpt>
      <trkpt lat="46.090385" lon="11.159838">
        <ele>694.864441</ele>
        <time>2026-02-28T10:38:22.000Z</time>
      </trkpt>
      <trkpt lat="46.090376" lon="11.159818">
        <ele>694.416269</ele>
        <time>2026-02-28T10:38:25.000Z</time>
      </trkpt>
      <trkpt lat="46.090359" lon="11.159785">
        <ele>693.643515</ele>
        <time>2026-02-28T10:38:29.000Z</time>
      </trkpt>
      <trkpt lat="46.090349" lon="11.159742">
        <ele>692.790959</ele>
        <time>2026-02-28T10:38:33.000Z</time>
      </trkpt>
      <trkpt lat="46.090344" lon="11.159664">
        <ele>691.318452</ele>
        <time>2026-02-28T10:38:37.000Z</time>
      </trkpt>
      <trkpt lat="46.090343" lon="11.159654">
        <ele>691.128526</ele>
        <time>2026-02-28T10:38:38.000Z</time>
      </trkpt>
      <trkpt lat="46.090332" lon="11.159665">
        <ele>690.765682</ele>
        <time>2026-02-28T10:38:41.000Z</time>
      </trkpt>
      <trkpt lat="46.090324" lon="11.159664">
        <ele>690.548026</ele>
        <time>2026-02-28T10:38:42.000Z</time>
      </trkpt>
      <trkpt lat="46.090313" lon="11.159639">
        <ele>689.991469</ele>
        <time>2026-02-28T10:38:44.000Z</time>
      </trkpt>
      <trkpt lat="46.090311" lon="11.159623">
        <ele>689.685852</ele>
        <time>2026-02-28T10:38:45.000Z</time>
      </trkpt>
      <trkpt lat="46.090309" lon="11.159541">
        <ele>688.143449</ele>
        <time>2026-02-28T10:38:51.000Z</time>
      </trkpt>
      <trkpt lat="46.090299" lon="11.159436">
        <ele>686.151116</ele>
        <time>2026-02-28T10:38:57.000Z</time>
      </trkpt>
      <trkpt lat="46.090288" lon="11.159416">
        <ele>685.671276</ele>
        <time>2026-02-28T10:38:59.000Z</time>
      </trkpt>
      <trkpt lat="46.090275" lon="11.159397">
        <ele>685.169548</ele>
        <time>2026-02-28T10:39:02.000Z</time>
      </trkpt>
      <trkpt lat="46.090264" lon="11.159340">
        <ele>684.057341</ele>
        <time>2026-02-28T10:39:06.000Z</time>
      </trkpt>
      <trkpt lat="46.090234" lon="11.159219">
        <ele>681.641777</ele>
        <time>2026-02-28T10:39:12.000Z</time>
      </trkpt>
      <trkpt lat="46.090226" lon="11.159208">
        <ele>681.342146</ele>
        <time>2026-02-28T10:39:13.000Z</time>
      </trkpt>
      <trkpt lat="46.090194" lon="11.159167">
        <ele>680.181823</ele>
        <time>2026-02-28T10:39:17.000Z</time>
      </trkpt>
      <trkpt lat="46.090162" lon="11.159149">
        <ele>679.250790</ele>
        <time>2026-02-28T10:39:21.000Z</time>
      </trkpt>
      <trkpt lat="46.090107" lon="11.159134">
        <ele>677.733565</ele>
        <time>2026-02-28T10:39:25.000Z</time>
      </trkpt>
      <trkpt lat="46.090078" lon="11.159144">
        <ele>676.925346</ele>
        <time>2026-02-28T10:39:28.000Z</time>
      </trkpt>
      <trkpt lat="46.090074" lon="11.159153">
        <ele>676.724402</ele>
        <time>2026-02-28T10:39:29.000Z</time>
      </trkpt>
      <trkpt lat="46.090045" lon="11.159187">
        <ele>675.711297</ele>
        <time>2026-02-28T10:39:33.000Z</time>
      </trkpt>
      <trkpt lat="46.090032" lon="11.159204">
        <ele>675.235599</ele>
        <time>2026-02-28T10:39:35.000Z</time>
      </trkpt>
      <trkpt lat="46.090024" lon="11.159219">
        <ele>674.879888</ele>
        <time>2026-02-28T10:39:36.000Z</time>
      </trkpt>
      <trkpt lat="46.090012" lon="11.159239">
        <ele>674.382750</ele>
        <time>2026-02-28T10:39:37.000Z</time>
      </trkpt>
      <trkpt lat="46.089989" lon="11.159290">
        <ele>673.239166</ele>
        <time>2026-02-28T10:39:41.000Z</time>
      </trkpt>
      <trkpt lat="46.089984" lon="11.159306">
        <ele>672.909270</ele>
        <time>2026-02-28T10:39:42.000Z</time>
      </trkpt>
      <trkpt lat="46.089970" lon="11.159369">
        <ele>671.665667</ele>
        <time>2026-02-28T10:39:47.000Z</time>
      </trkpt>
      <trkpt lat="46.089970" lon="11.159375">
        <ele>671.552877</ele>
        <time>2026-02-28T10:39:48.000Z</time>
      </trkpt>
      <trkpt lat="46.089965" lon="11.159388">
        <ele>671.273435</ele>
        <time>2026-02-28T10:39:51.000Z</time>
      </trkpt>
      <trkpt lat="46.089940" lon="11.159417">
        <ele>670.403737</ele>
        <time>2026-02-28T10:39:55.000Z</time>
      </trkpt>
      <trkpt lat="46.089931" lon="11.159441">
        <ele>669.890848</ele>
        <time>2026-02-28T10:39:58.000Z</time>
      </trkpt>
      <trkpt lat="46.089931" lon="11.159451">
        <ele>669.702865</ele>
        <time>2026-02-28T10:40:00.000Z</time>
      </trkpt>
      <trkpt lat="46.089915" lon="11.159506">
        <ele>668.581684</ele>
        <time>2026-02-28T10:40:05.000Z</time>
      </trkpt>
      <trkpt lat="46.089907" lon="11.159520">
        <ele>668.240682</ele>
        <time>2026-02-28T10:40:06.000Z</time>
      </trkpt>
      <trkpt lat="46.089898" lon="11.159551">
        <ele>667.608934</ele>
        <time>2026-02-28T10:40:10.000Z</time>
      </trkpt>
      <trkpt lat="46.089884" lon="11.159592">
        <ele>666.930234</ele>
        <time>2026-02-28T10:40:13.000Z</time>
      </trkpt>
      <trkpt lat="46.089876" lon="11.159614">
        <ele>666.630345</ele>
        <time>2026-02-28T10:40:15.000Z</time>
      </trkpt>
      <trkpt lat="46.089860" lon="11.159663">
        <ele>665.976508</ele>
        <time>2026-02-28T10:40:19.000Z</time>
      </trkpt>
      <trkpt lat="46.089856" lon="11.159679">
        <ele>665.771182</ele>
        <time>2026-02-28T10:40:20.000Z</time>
      </trkpt>
      <trkpt lat="46.089846" lon="11.159747">
        <ele>664.932001</ele>
        <time>2026-02-28T10:40:24.000Z</time>
      </trkpt>
      <trkpt lat="46.089833" lon="11.159789">
        <ele>664.376751</ele>
        <time>2026-02-28T10:40:27.000Z</time>
      </trkpt>
      <trkpt lat="46.089827" lon="11.159802">
        <ele>664.188232</ele>
        <time>2026-02-28T10:40:28.000Z</time>
      </trkpt>
      <trkpt lat="46.089803" lon="11.159883">
        <ele>663.124857</ele>
        <time>2026-02-28T10:40:33.000Z</time>
      </trkpt>
      <trkpt lat="46.089799" lon="11.159903">
        <ele>662.873568</ele>
        <time>2026-02-28T10:40:34.000Z</time>
      </trkpt>
      <trkpt lat="46.089796" lon="11.159941">
        <ele>662.411851</ele>
        <time>2026-02-28T10:40:38.000Z</time>
      </trkpt>
      <trkpt lat="46.089789" lon="11.159977">
        <ele>661.960483</ele>
        <time>2026-02-28T10:40:40.000Z</time>
      </trkpt>
      <trkpt lat="46.089786" lon="11.160011">
        <ele>661.546710</ele>
        <time>2026-02-28T10:40:43.000Z</time>
      </trkpt>
      <trkpt lat="46.089787" lon="11.160056">
        <ele>661.003169</ele>
        <time>2026-02-28T10:40:46.000Z</time>
      </trkpt>
      <trkpt lat="46.089779" lon="11.160112">
        <ele>660.312917</ele>
        <time>2026-02-28T10:40:49.000Z</time>
      </trkpt>
      <trkpt lat="46.089753" lon="11.160192">
        <ele>659.246331</ele>
        <time>2026-02-28T10:40:54.000Z</time>
      </trkpt>
      <trkpt lat="46.089747" lon="11.160212">
        <ele>658.983260</ele>
        <time>2026-02-28T10:40:55.000Z</time>
      </trkpt>
      <trkpt lat="46.089730" lon="11.160304">
        <ele>657.833843</ele>
        <time>2026-02-28T10:41:00.000Z</time>
      </trkpt>
      <trkpt lat="46.089716" lon="11.160354">
        <ele>657.182880</ele>
        <time>2026-02-28T10:41:03.000Z</time>
      </trkpt>
      <trkpt lat="46.089701" lon="11.160412">
        <ele>656.435574</ele>
        <time>2026-02-28T10:41:07.000Z</time>
      </trkpt>
      <trkpt lat="46.089693" lon="11.160456">
        <ele>655.886433</ele>
        <time>2026-02-28T10:41:10.000Z</time>
      </trkpt>
      <trkpt lat="46.089685" lon="11.160503">
        <ele>655.302187</ele>
        <time>2026-02-28T10:41:13.000Z</time>
      </trkpt>
      <trkpt lat="46.089663" lon="11.160591">
        <ele>654.172890</ele>
        <time>2026-02-28T10:41:18.000Z</time>
      </trkpt>
      <trkpt lat="46.089657" lon="11.160623">
        <ele>653.772700</ele>
        <time>2026-02-28T10:41:20.000Z</time>
      </trkpt>
      <trkpt lat="46.089632" lon="11.160725">
        <ele>652.466667</ele>
        <time>2026-02-28T10:41:25.000Z</time>
      </trkpt>
      <trkpt lat="46.089628" lon="11.160742">
        <ele>652.249945</ele>
        <time>2026-02-28T10:41:26.000Z</time>
      </trkpt>
      <trkpt lat="46.089611" lon="11.160811">
        <ele>651.365939</ele>
        <time>2026-02-28T10:41:30.000Z</time>
      </trkpt>
      <trkpt lat="46.089588" lon="11.160897">
        <ele>650.253181</ele>
        <time>2026-02-28T10:41:35.000Z</time>
      </trkpt>
      <trkpt lat="46.089584" lon="11.160914">
        <ele>650.036458</ele>
        <time>2026-02-28T10:41:36.000Z</time>
      </trkpt>
      <trkpt lat="46.089560" lon="11.161040">
        <ele>648.458992</ele>
        <time>2026-02-28T10:41:42.000Z</time>
      </trkpt>
      <trkpt lat="46.089546" lon="11.161083">
        <ele>647.885515</ele>
        <time>2026-02-28T10:41:44.000Z</time>
      </trkpt>
      <trkpt lat="46.089524" lon="11.161146">
        <ele>647.033973</ele>
        <time>2026-02-28T10:41:48.000Z</time>
      </trkpt>
      <trkpt lat="46.089481" lon="11.161210">
        <ele>645.958217</ele>
        <time>2026-02-28T10:41:53.000Z</time>
      </trkpt>
      <trkpt lat="46.089438" lon="11.161256">
        <ele>645.026191</ele>
        <time>2026-02-28T10:41:58.000Z</time>
      </trkpt>
      <trkpt lat="46.089407" lon="11.161269">
        <ele>644.464206</ele>
        <time>2026-02-28T10:42:01.000Z</time>
      </trkpt>
      <trkpt lat="46.089397" lon="11.161267">
        <ele>644.288467</ele>
        <time>2026-02-28T10:42:02.000Z</time>
      </trkpt>
      <trkpt lat="46.089335" lon="11.161258">
        <ele>643.203759</ele>
        <time>2026-02-28T10:42:07.000Z</time>
      </trkpt>
      <trkpt lat="46.089296" lon="11.161255">
        <ele>642.523909</ele>
        <time>2026-02-28T10:42:10.000Z</time>
      </trkpt>
      <trkpt lat="46.089265" lon="11.161257">
        <ele>641.983743</ele>
        <time>2026-02-28T10:42:12.000Z</time>
      </trkpt>
      <trkpt lat="46.089150" lon="11.161280">
        <ele>639.962739</ele>
        <time>2026-02-28T10:42:19.000Z</time>
      </trkpt>
      <trkpt lat="46.089116" lon="11.161315">
        <ele>639.235535</ele>
        <time>2026-02-28T10:42:26.000Z</time>
      </trkpt>
      <trkpt lat="46.089112" lon="11.161315">
        <ele>639.165906</ele>
        <time>2026-02-28T10:42:27.000Z</time>
      </trkpt>
      <trkpt lat="46.089077" lon="11.161343">
        <ele>638.469157</ele>
        <time>2026-02-28T10:42:34.000Z</time>
      </trkpt>
      <trkpt lat="46.089065" lon="11.161360">
        <ele>638.176317</ele>
        <time>2026-02-28T10:42:37.000Z</time>
      </trkpt>
      <trkpt lat="46.089064" lon="11.161363">
        <ele>638.136133</ele>
        <time>2026-02-28T10:42:38.000Z</time>
      </trkpt>
      <trkpt lat="46.089052" lon="11.161372">
        <ele>637.900677</ele>
        <time>2026-02-28T10:42:41.000Z</time>
      </trkpt>
      <trkpt lat="46.089049" lon="11.161372">
        <ele>637.848455</ele>
        <time>2026-02-28T10:42:42.000Z</time>
      </trkpt>
      <trkpt lat="46.089041" lon="11.161376">
        <ele>637.701062</ele>
        <time>2026-02-28T10:42:43.000Z</time>
      </trkpt>
      <trkpt lat="46.089016" lon="11.161389">
        <ele>637.238444</ele>
        <time>2026-02-28T10:42:45.000Z</time>
      </trkpt>
      <trkpt lat="46.088957" lon="11.161433">
        <ele>636.082173</ele>
        <time>2026-02-28T10:42:49.000Z</time>
      </trkpt>
      <trkpt lat="46.088944" lon="11.161442">
        <ele>635.850194</ele>
        <time>2026-02-28T10:42:50.000Z</time>
      </trkpt>
      <trkpt lat="46.088908" lon="11.161472">
        <ele>635.248024</ele>
        <time>2026-02-28T10:42:55.000Z</time>
      </trkpt>
      <trkpt lat="46.088871" lon="11.161496">
        <ele>634.660457</ele>
        <time>2026-02-28T10:42:58.000Z</time>
      </trkpt>
      <trkpt lat="46.088854" lon="11.161506">
        <ele>634.394559</ele>
        <time>2026-02-28T10:43:01.000Z</time>
      </trkpt>
      <trkpt lat="46.088863" lon="11.161501">
        <ele>634.254879</ele>
        <time>2026-02-28T10:43:10.000Z</time>
      </trkpt>
      <trkpt lat="46.088831" lon="11.161541">
        <ele>633.641544</ele>
        <time>2026-02-28T10:43:15.000Z</time>
      </trkpt>
      <trkpt lat="46.088823" lon="11.161548">
        <ele>633.506022</ele>
        <time>2026-02-28T10:43:16.000Z</time>
      </trkpt>
      <trkpt lat="46.088787" lon="11.161574">
        <ele>632.922916</ele>
        <time>2026-02-28T10:43:20.000Z</time>
      </trkpt>
      <trkpt lat="46.088755" lon="11.161580">
        <ele>632.455584</ele>
        <time>2026-02-28T10:43:24.000Z</time>
      </trkpt>
      <trkpt lat="46.088757" lon="11.161565">
        <ele>632.302164</ele>
        <time>2026-02-28T10:43:32.000Z</time>
      </trkpt>
      <trkpt lat="46.088760" lon="11.161523">
        <ele>631.878083</ele>
        <time>2026-02-28T10:43:36.000Z</time>
      </trkpt>
      <trkpt lat="46.088760" lon="11.161514">
        <ele>631.787687</ele>
        <time>2026-02-28T10:43:37.000Z</time>
      </trkpt>
      <trkpt lat="46.088756" lon="11.161485">
        <ele>631.490705</ele>
        <time>2026-02-28T10:43:40.000Z</time>
      </trkpt>
      <trkpt lat="46.088752" lon="11.161423">
        <ele>630.865286</ele>
        <time>2026-02-28T10:43:46.000Z</time>
      </trkpt>
      <trkpt lat="46.088741" lon="11.161348">
        <ele>630.095323</ele>
        <time>2026-02-28T10:43:54.000Z</time>
      </trkpt>
      <trkpt lat="46.088739" lon="11.161325">
        <ele>629.862501</ele>
        <time>2026-02-28T10:43:56.000Z</time>
      </trkpt>
      <trkpt lat="46.088735" lon="11.161282">
        <ele>629.426740</ele>
        <time>2026-02-28T10:44:00.000Z</time>
      </trkpt>
      <trkpt lat="46.088723" lon="11.161219">
        <ele>628.770534</ele>
        <time>2026-02-28T10:44:04.000Z</time>
      </trkpt>
      <trkpt lat="46.088720" lon="11.161206">
        <ele>628.632923</ele>
        <time>2026-02-28T10:44:05.000Z</time>
      </trkpt>
      <trkpt lat="46.088707" lon="11.161147">
        <ele>628.011136</ele>
        <time>2026-02-28T10:44:09.000Z</time>
      </trkpt>
      <trkpt lat="46.088695" lon="11.161120">
        <ele>627.689041</ele>
        <time>2026-02-28T10:44:11.000Z</time>
      </trkpt>
      <trkpt lat="46.088689" lon="11.161105">
        <ele>627.515118</ele>
        <time>2026-02-28T10:44:12.000Z</time>
      </trkpt>
      <trkpt lat="46.088677" lon="11.161061">
        <ele>627.040238</ele>
        <time>2026-02-28T10:44:15.000Z</time>
      </trkpt>
      <trkpt lat="46.088670" lon="11.161002">
        <ele>626.439030</ele>
        <time>2026-02-28T10:44:19.000Z</time>
      </trkpt>
      <trkpt lat="46.088660" lon="11.160967">
        <ele>626.058826</ele>
        <time>2026-02-28T10:44:21.000Z</time>
      </trkpt>
      <trkpt lat="46.088633" lon="11.160886">
        <ele>625.156169</ele>
        <time>2026-02-28T10:44:27.000Z</time>
      </trkpt>
      <trkpt lat="46.088630" lon="11.160874">
        <ele>625.028049</ele>
        <time>2026-02-28T10:44:28.000Z</time>
      </trkpt>
      <trkpt lat="46.088607" lon="11.160797">
        <ele>624.185976</ele>
        <time>2026-02-28T10:44:33.000Z</time>
      </trkpt>
      <trkpt lat="46.088600" lon="11.160769">
        <ele>623.887029</ele>
        <time>2026-02-28T10:44:35.000Z</time>
      </trkpt>
      <trkpt lat="46.088593" lon="11.160691">
        <ele>623.097060</ele>
        <time>2026-02-28T10:44:41.000Z</time>
      </trkpt>
      <trkpt lat="46.088588" lon="11.160665">
        <ele>622.826061</ele>
        <time>2026-02-28T10:44:43.000Z</time>
      </trkpt>
      <trkpt lat="46.088539" lon="11.160559">
        <ele>621.546569</ele>
        <time>2026-02-28T10:44:49.000Z</time>
      </trkpt>
      <trkpt lat="46.088530" lon="11.160550">
        <ele>621.387950</ele>
        <time>2026-02-28T10:44:50.000Z</time>
      </trkpt>
      <trkpt lat="46.088462" lon="11.160523">
        <ele>620.366502</ele>
        <time>2026-02-28T10:44:57.000Z</time>
      </trkpt>
      <trkpt lat="46.088453" lon="11.160512">
        <ele>620.195635</ele>
        <time>2026-02-28T10:44:58.000Z</time>
      </trkpt>
      <trkpt lat="46.088396" lon="11.160439">
        <ele>619.091535</ele>
        <time>2026-02-28T10:45:05.000Z</time>
      </trkpt>
      <trkpt lat="46.088388" lon="11.160428">
        <ele>618.931441</ele>
        <time>2026-02-28T10:45:06.000Z</time>
      </trkpt>
      <trkpt lat="46.088361" lon="11.160352">
        <ele>618.073768</ele>
        <time>2026-02-28T10:45:11.000Z</time>
      </trkpt>
      <trkpt lat="46.088342" lon="11.160307">
        <ele>617.544613</ele>
        <time>2026-02-28T10:45:13.000Z</time>
      </trkpt>
      <trkpt lat="46.088290" lon="11.160242">
        <ele>616.547940</ele>
        <time>2026-02-28T10:45:18.000Z</time>
      </trkpt>
      <trkpt lat="46.088281" lon="11.160235">
        <ele>616.399846</ele>
        <time>2026-02-28T10:45:19.000Z</time>
      </trkpt>
      <trkpt lat="46.088255" lon="11.160209">
        <ele>615.941612</ele>
        <time>2026-02-28T10:45:23.000Z</time>
      </trkpt>
      <trkpt lat="46.088241" lon="11.160191">
        <ele>615.669960</ele>
        <time>2026-02-28T10:45:25.000Z</time>
      </trkpt>
      <trkpt lat="46.088190" lon="11.160118">
        <ele>614.629223</ele>
        <time>2026-02-28T10:45:30.000Z</time>
      </trkpt>
      <trkpt lat="46.088177" lon="11.160100">
        <ele>614.368202</ele>
        <time>2026-02-28T10:45:31.000Z</time>
      </trkpt>
      <trkpt lat="46.088133" lon="11.160021">
        <ele>613.350524</ele>
        <time>2026-02-28T10:45:36.000Z</time>
      </trkpt>
      <trkpt lat="46.088117" lon="11.160000">
        <ele>613.037184</ele>
        <time>2026-02-28T10:45:38.000Z</time>
      </trkpt>
      <trkpt lat="46.088054" lon="11.159914">
        <ele>611.780767</ele>
        <time>2026-02-28T10:45:46.000Z</time>
      </trkpt>
      <trkpt lat="46.087979" lon="11.159832">
        <ele>610.417642</ele>
        <time>2026-02-28T10:45:55.000Z</time>
      </trkpt>
      <trkpt lat="46.087927" lon="11.159783">
        <ele>609.493993</ele>
        <time>2026-02-28T10:45:58.000Z</time>
      </trkpt>
      <trkpt lat="46.087870" lon="11.159732">
        <ele>608.460800</ele>
        <time>2026-02-28T10:46:03.000Z</time>
      </trkpt>
      <trkpt lat="46.087862" lon="11.159718">
        <ele>608.267032</ele>
        <time>2026-02-28T10:46:04.000Z</time>
      </trkpt>
      <trkpt lat="46.087813" lon="11.159674">
        <ele>607.377958</ele>
        <time>2026-02-28T10:46:09.000Z</time>
      </trkpt>
      <trkpt lat="46.087804" lon="11.159667">
        <ele>607.220461</ele>
        <time>2026-02-28T10:46:10.000Z</time>
      </trkpt>
      <trkpt lat="46.087791" lon="11.159654">
        <ele>606.976796</ele>
        <time>2026-02-28T10:46:13.000Z</time>
      </trkpt>
      <trkpt lat="46.087781" lon="11.159637">
        <ele>606.738684</ele>
        <time>2026-02-28T10:46:14.000Z</time>
      </trkpt>
      <trkpt lat="46.087739" lon="11.159582">
        <ele>605.864838</ele>
        <time>2026-02-28T10:46:19.000Z</time>
      </trkpt>
      <trkpt lat="46.087694" lon="11.159506">
        <ele>604.797401</ele>
        <time>2026-02-28T10:46:24.000Z</time>
      </trkpt>
      <trkpt lat="46.087665" lon="11.159486">
        <ele>604.302287</ele>
        <time>2026-02-28T10:46:26.000Z</time>
      </trkpt>
      <trkpt lat="46.087627" lon="11.159455">
        <ele>603.629836</ele>
        <time>2026-02-28T10:46:29.000Z</time>
      </trkpt>
      <trkpt lat="46.087583" lon="11.159384">
        <ele>602.612759</ele>
        <time>2026-02-28T10:46:34.000Z</time>
      </trkpt>
      <trkpt lat="46.087572" lon="11.159346">
        <ele>602.172907</ele>
        <time>2026-02-28T10:46:36.000Z</time>
      </trkpt>
      <trkpt lat="46.087561" lon="11.159281">
        <ele>601.458207</ele>
        <time>2026-02-28T10:46:40.000Z</time>
      </trkpt>
      <trkpt lat="46.087555" lon="11.159245">
        <ele>601.062708</ele>
        <time>2026-02-28T10:46:42.000Z</time>
      </trkpt>
      <trkpt lat="46.087529" lon="11.159173">
        <ele>600.195600</ele>
        <time>2026-02-28T10:46:47.000Z</time>
      </trkpt>
      <trkpt lat="46.087523" lon="11.159158">
        <ele>600.010632</ele>
        <time>2026-02-28T10:46:48.000Z</time>
      </trkpt>
      <trkpt lat="46.087508" lon="11.159101">
        <ele>599.359402</ele>
        <time>2026-02-28T10:46:51.000Z</time>
      </trkpt>
      <trkpt lat="46.087485" lon="11.159074">
        <ele>598.902600</ele>
        <time>2026-02-28T10:46:53.000Z</time>
      </trkpt>
      <trkpt lat="46.087464" lon="11.159065">
        <ele>598.565178</ele>
        <time>2026-02-28T10:46:55.000Z</time>
      </trkpt>
      <trkpt lat="46.087421" lon="11.159034">
        <ele>597.824731</ele>
        <time>2026-02-28T10:46:59.000Z</time>
      </trkpt>
      <trkpt lat="46.087343" lon="11.158981">
        <ele>596.496678</ele>
        <time>2026-02-28T10:47:06.000Z</time>
      </trkpt>
      <trkpt lat="46.087285" lon="11.159037">
        <ele>595.421587</ele>
        <time>2026-02-28T10:47:12.000Z</time>
      </trkpt>
      <trkpt lat="46.087270" lon="11.159094">
        <ele>594.770355</ele>
        <time>2026-02-28T10:47:16.000Z</time>
      </trkpt>
      <trkpt lat="46.087265" lon="11.159133">
        <ele>594.346698</ele>
        <time>2026-02-28T10:47:19.000Z</time>
      </trkpt>
      <trkpt lat="46.087262" lon="11.159143">
        <ele>594.230312</ele>
        <time>2026-02-28T10:47:20.000Z</time>
      </trkpt>
      <trkpt lat="46.087226" lon="11.159217">
        <ele>593.264769</ele>
        <time>2026-02-28T10:47:25.000Z</time>
      </trkpt>
      <trkpt lat="46.087189" lon="11.159248">
        <ele>592.605679</ele>
        <time>2026-02-28T10:47:28.000Z</time>
      </trkpt>
      <trkpt lat="46.087160" lon="11.159264">
        <ele>592.127445</ele>
        <time>2026-02-28T10:47:30.000Z</time>
      </trkpt>
      <trkpt lat="46.087116" lon="11.159298">
        <ele>591.358582</ele>
        <time>2026-02-28T10:47:35.000Z</time>
      </trkpt>
      <trkpt lat="46.087074" lon="11.159331">
        <ele>590.621896</ele>
        <time>2026-02-28T10:47:40.000Z</time>
      </trkpt>
      <trkpt lat="46.086985" lon="11.159379">
        <ele>589.158385</ele>
        <time>2026-02-28T10:47:46.000Z</time>
      </trkpt>
      <trkpt lat="46.086927" lon="11.159403">
        <ele>588.229025</ele>
        <time>2026-02-28T10:47:50.000Z</time>
      </trkpt>
      <trkpt lat="46.086917" lon="11.159408">
        <ele>588.066009</ele>
        <time>2026-02-28T10:47:51.000Z</time>
      </trkpt>
      <trkpt lat="46.086844" lon="11.159440">
        <ele>586.890870</ele>
        <time>2026-02-28T10:47:57.000Z</time>
      </trkpt>
      <trkpt lat="46.086825" lon="11.159462">
        <ele>586.515554</ele>
        <time>2026-02-28T10:48:00.000Z</time>
      </trkpt>
      <trkpt lat="46.086783" lon="11.159492">
        <ele>585.793653</ele>
        <time>2026-02-28T10:48:04.000Z</time>
      </trkpt>
      <trkpt lat="46.086727" lon="11.159519">
        <ele>584.884211</ele>
        <time>2026-02-28T10:48:08.000Z</time>
      </trkpt>
      <trkpt lat="46.086681" lon="11.159555">
        <ele>584.078093</ele>
        <time>2026-02-28T10:48:11.000Z</time>
      </trkpt>
      <trkpt lat="46.086632" lon="11.159581">
        <ele>583.273925</ele>
        <time>2026-02-28T10:48:16.000Z</time>
      </trkpt>
      <trkpt lat="46.086606" lon="11.159589">
        <ele>582.864463</ele>
        <time>2026-02-28T10:48:18.000Z</time>
      </trkpt>
      <trkpt lat="46.086574" lon="11.159611">
        <ele>582.318446</ele>
        <time>2026-02-28T10:48:22.000Z</time>
      </trkpt>
      <trkpt lat="46.086553" lon="11.159625">
        <ele>582.082353</ele>
        <time>2026-02-28T10:48:25.000Z</time>
      </trkpt>
      <trkpt lat="46.086495" lon="11.159664">
        <ele>581.607826</ele>
        <time>2026-02-28T10:48:30.000Z</time>
      </trkpt>
      <trkpt lat="46.086452" lon="11.159675">
        <ele>581.284010</ele>
        <time>2026-02-28T10:48:33.000Z</time>
      </trkpt>
      <trkpt lat="46.086391" lon="11.159673">
        <ele>580.831591</ele>
        <time>2026-02-28T10:48:37.000Z</time>
      </trkpt>
      <trkpt lat="46.086380" lon="11.159671">
        <ele>580.749382</ele>
        <time>2026-02-28T10:48:38.000Z</time>
      </trkpt>
      <trkpt lat="46.086316" lon="11.159657">
        <ele>580.269404</ele>
        <time>2026-02-28T10:48:43.000Z</time>
      </trkpt>
      <trkpt lat="46.086289" lon="11.159653">
        <ele>580.068151</ele>
        <time>2026-02-28T10:48:45.000Z</time>
      </trkpt>
      <trkpt lat="46.086237" lon="11.159653">
        <ele>579.682581</ele>
        <time>2026-02-28T10:48:49.000Z</time>
      </trkpt>
      <trkpt lat="46.086174" lon="11.159645">
        <ele>579.213641</ele>
        <time>2026-02-28T10:48:55.000Z</time>
      </trkpt>
      <trkpt lat="46.086161" lon="11.159645">
        <ele>579.117248</ele>
        <time>2026-02-28T10:48:56.000Z</time>
      </trkpt>
      <trkpt lat="46.086042" lon="11.159591">
        <ele>578.192218</ele>
        <time>2026-02-28T10:49:05.000Z</time>
      </trkpt>
      <trkpt lat="46.085988" lon="11.159570">
        <ele>577.777510</ele>
        <time>2026-02-28T10:49:10.000Z</time>
      </trkpt>
      <trkpt lat="46.085980" lon="11.159570">
        <ele>577.718191</ele>
        <time>2026-02-28T10:49:11.000Z</time>
      </trkpt>
      <trkpt lat="46.085911" lon="11.159575">
        <ele>577.205925</ele>
        <time>2026-02-28T10:49:17.000Z</time>
      </trkpt>
      <trkpt lat="46.085849" lon="11.159494">
        <ele>576.585550</ele>
        <time>2026-02-28T10:49:24.000Z</time>
      </trkpt>
      <trkpt lat="46.085817" lon="11.159423">
        <ele>576.150093</ele>
        <time>2026-02-28T10:49:29.000Z</time>
      </trkpt>
      <trkpt lat="46.085799" lon="11.159379">
        <ele>575.887383</ele>
        <time>2026-02-28T10:49:32.000Z</time>
      </trkpt>
      <trkpt lat="46.085699" lon="11.159259">
        <ele>574.922685</ele>
        <time>2026-02-28T10:49:41.000Z</time>
      </trkpt>
      <trkpt lat="46.085632" lon="11.159181">
        <ele>574.284162</ele>
        <time>2026-02-28T10:49:48.000Z</time>
      </trkpt>
      <trkpt lat="46.085610" lon="11.159094">
        <ele>573.807931</ele>
        <time>2026-02-28T10:49:54.000Z</time>
      </trkpt>
      <trkpt lat="46.085542" lon="11.158994">
        <ele>573.087719</ele>
        <time>2026-02-28T10:50:01.000Z</time>
      </trkpt>
      <trkpt lat="46.085469" lon="11.158895">
        <ele>572.344615</ele>
        <time>2026-02-28T10:50:08.000Z</time>
      </trkpt>
      <trkpt lat="46.085429" lon="11.158803">
        <ele>571.786202</ele>
        <time>2026-02-28T10:50:15.000Z</time>
      </trkpt>
      <trkpt lat="46.085392" lon="11.158697">
        <ele>571.175923</ele>
        <time>2026-02-28T10:50:21.000Z</time>
      </trkpt>
      <trkpt lat="46.085381" lon="11.158591">
        <ele>570.624719</ele>
        <time>2026-02-28T10:50:27.000Z</time>
      </trkpt>
      <trkpt lat="46.085377" lon="11.158527">
        <ele>570.294247</ele>
        <time>2026-02-28T10:50:31.000Z</time>
      </trkpt>
      <trkpt lat="46.085374" lon="11.158443">
        <ele>569.861679</ele>
        <time>2026-02-28T10:50:37.000Z</time>
      </trkpt>
      <trkpt lat="46.085368" lon="11.158423">
        <ele>569.749614</ele>
        <time>2026-02-28T10:50:38.000Z</time>
      </trkpt>
      <trkpt lat="46.085362" lon="11.158405">
        <ele>569.646908</ele>
        <time>2026-02-28T10:50:39.000Z</time>
      </trkpt>
      <trkpt lat="46.085358" lon="11.158388">
        <ele>569.554587</ele>
        <time>2026-02-28T10:50:42.000Z</time>
      </trkpt>
      <trkpt lat="46.085341" lon="11.158371">
        <ele>569.401183</ele>
        <time>2026-02-28T10:50:44.000Z</time>
      </trkpt>
      <trkpt lat="46.085277" lon="11.158346">
        <ele>568.909528</ele>
        <time>2026-02-28T10:50:49.000Z</time>
      </trkpt>
      <trkpt lat="46.085255" lon="11.158343">
        <ele>568.682649</ele>
        <time>2026-02-28T10:50:51.000Z</time>
      </trkpt>
      <trkpt lat="46.085194" lon="11.158344">
        <ele>567.975176</ele>
        <time>2026-02-28T10:50:55.000Z</time>
      </trkpt>
      <trkpt lat="46.085159" lon="11.158332">
        <ele>567.557956</ele>
        <time>2026-02-28T10:50:58.000Z</time>
      </trkpt>
      <trkpt lat="46.085124" lon="11.158303">
        <ele>567.089801</ele>
        <time>2026-02-28T10:51:03.000Z</time>
      </trkpt>
      <trkpt lat="46.085072" lon="11.158252">
        <ele>566.360446</ele>
        <time>2026-02-28T10:51:08.000Z</time>
      </trkpt>
      <trkpt lat="46.085037" lon="11.158211">
        <ele>565.837457</ele>
        <time>2026-02-28T10:51:12.000Z</time>
      </trkpt>
      <trkpt lat="46.085020" lon="11.158138">
        <ele>565.218055</ele>
        <time>2026-02-28T10:51:17.000Z</time>
      </trkpt>
      <trkpt lat="46.085016" lon="11.158086">
        <ele>564.797219</ele>
        <time>2026-02-28T10:51:20.000Z</time>
      </trkpt>
      <trkpt lat="46.085021" lon="11.157979">
        <ele>563.934593</ele>
        <time>2026-02-28T10:51:26.000Z</time>
      </trkpt>
      <trkpt lat="46.085033" lon="11.157862">
        <ele>562.983249</ele>
        <time>2026-02-28T10:51:33.000Z</time>
      </trkpt>
      <trkpt lat="46.085038" lon="11.157825">
        <ele>562.680037</ele>
        <time>2026-02-28T10:51:35.000Z</time>
      </trkpt>
      <trkpt lat="46.085053" lon="11.157730">
        <ele>561.896337</ele>
        <time>2026-02-28T10:51:40.000Z</time>
      </trkpt>
      <trkpt lat="46.085058" lon="11.157642">
        <ele>561.186122</ele>
        <time>2026-02-28T10:51:45.000Z</time>
      </trkpt>
      <trkpt lat="46.085056" lon="11.157594">
        <ele>560.799329</ele>
        <time>2026-02-28T10:51:48.000Z</time>
      </trkpt>
      <trkpt lat="46.085052" lon="11.157533">
        <ele>560.306477</ele>
        <time>2026-02-28T10:51:51.000Z</time>
      </trkpt>
      <trkpt lat="46.085056" lon="11.157431">
        <ele>559.484712</ele>
        <time>2026-02-28T10:51:56.000Z</time>
      </trkpt>
      <trkpt lat="46.085059" lon="11.157392">
        <ele>559.169085</ele>
        <time>2026-02-28T10:51:58.000Z</time>
      </trkpt>
      <trkpt lat="46.085065" lon="11.157274">
        <ele>558.217384</ele>
        <time>2026-02-28T10:52:05.000Z</time>
      </trkpt>
      <trkpt lat="46.085063" lon="11.157265">
        <ele>558.141366</ele>
        <time>2026-02-28T10:52:06.000Z</time>
      </trkpt>
      <trkpt lat="46.085068" lon="11.157169">
        <ele>557.366999</ele>
        <time>2026-02-28T10:52:11.000Z</time>
      </trkpt>
      <trkpt lat="46.085066" lon="11.157079">
        <ele>556.642697</ele>
        <time>2026-02-28T10:52:15.000Z</time>
      </trkpt>
      <trkpt lat="46.085056" lon="11.157025">
        <ele>556.193123</ele>
        <time>2026-02-28T10:52:19.000Z</time>
      </trkpt>
      <trkpt lat="46.085037" lon="11.156936">
        <ele>555.444092</ele>
        <time>2026-02-28T10:52:25.000Z</time>
      </trkpt>
      <trkpt lat="46.085028" lon="11.156922">
        <ele>555.290549</ele>
        <time>2026-02-28T10:52:26.000Z</time>
      </trkpt>
      <trkpt lat="46.084956" lon="11.156833">
        <ele>554.190679</ele>
        <time>2026-02-28T10:52:32.000Z</time>
      </trkpt>
      <trkpt lat="46.084915" lon="11.156800">
        <ele>553.646120</ele>
        <time>2026-02-28T10:52:36.000Z</time>
      </trkpt>
      <trkpt lat="46.084878" lon="11.156770">
        <ele>553.153826</ele>
        <time>2026-02-28T10:52:39.000Z</time>
      </trkpt>
      <trkpt lat="46.084848" lon="11.156736">
        <ele>552.711289</ele>
        <time>2026-02-28T10:52:42.000Z</time>
      </trkpt>
      <trkpt lat="46.084818" lon="11.156695">
        <ele>552.231906</ele>
        <time>2026-02-28T10:52:45.000Z</time>
      </trkpt>
      <trkpt lat="46.084805" lon="11.156678">
        <ele>552.028367</ele>
        <time>2026-02-28T10:52:46.000Z</time>
      </trkpt>
      <trkpt lat="46.084798" lon="11.156667">
        <ele>551.908287</ele>
        <time>2026-02-28T10:52:47.000Z</time>
      </trkpt>
      <trkpt lat="46.084797" lon="11.156616">
        <ele>551.497894</ele>
        <time>2026-02-28T10:52:50.000Z</time>
      </trkpt>
      <trkpt lat="46.084767" lon="11.156558">
        <ele>550.915914</ele>
        <time>2026-02-28T10:52:55.000Z</time>
      </trkpt>
      <trkpt lat="46.084745" lon="11.156535">
        <ele>550.600760</ele>
        <time>2026-02-28T10:52:57.000Z</time>
      </trkpt>
      <trkpt lat="46.084700" lon="11.156484">
        <ele>549.936953</ele>
        <time>2026-02-28T10:53:02.000Z</time>
      </trkpt>
      <trkpt lat="46.084673" lon="11.156465">
        <ele>549.588523</ele>
        <time>2026-02-28T10:53:04.000Z</time>
      </trkpt>
      <trkpt lat="46.084634" lon="11.156443">
        <ele>549.102846</ele>
        <time>2026-02-28T10:53:07.000Z</time>
      </trkpt>
      <trkpt lat="46.084595" lon="11.156427">
        <ele>548.632602</ele>
        <time>2026-02-28T10:53:11.000Z</time>
      </trkpt>
      <trkpt lat="46.084584" lon="11.156413">
        <ele>548.462439</ele>
        <time>2026-02-28T10:53:13.000Z</time>
      </trkpt>
      <trkpt lat="46.084520" lon="11.156364">
        <ele>547.438323</ele>
        <time>2026-02-28T10:53:19.000Z</time>
      </trkpt>
      <trkpt lat="46.084513" lon="11.156355">
        <ele>547.276426</ele>
        <time>2026-02-28T10:53:20.000Z</time>
      </trkpt>
      <trkpt lat="46.084441" lon="11.156279">
        <ele>545.736116</ele>
        <time>2026-02-28T10:53:27.000Z</time>
      </trkpt>
      <trkpt lat="46.084404" lon="11.156240">
        <ele>544.944960</ele>
        <time>2026-02-28T10:53:30.000Z</time>
      </trkpt>
      <trkpt lat="46.084383" lon="11.156214">
        <ele>544.467154</ele>
        <time>2026-02-28T10:53:32.000Z</time>
      </trkpt>
      <trkpt lat="46.084342" lon="11.156168">
        <ele>543.570393</ele>
        <time>2026-02-28T10:53:36.000Z</time>
      </trkpt>
      <trkpt lat="46.084322" lon="11.156146">
        <ele>543.136157</ele>
        <time>2026-02-28T10:53:38.000Z</time>
      </trkpt>
      <trkpt lat="46.084271" lon="11.156084">
        <ele>541.984637</ele>
        <time>2026-02-28T10:53:43.000Z</time>
      </trkpt>
      <trkpt lat="46.084190" lon="11.156033">
        <ele>540.458943</ele>
        <time>2026-02-28T10:53:50.000Z</time>
      </trkpt>
      <trkpt lat="46.084177" lon="11.156029">
        <ele>540.229491</ele>
        <time>2026-02-28T10:53:51.000Z</time>
      </trkpt>
      <trkpt lat="46.084093" lon="11.156017">
        <ele>538.772425</ele>
        <time>2026-02-28T10:53:57.000Z</time>
      </trkpt>
      <trkpt lat="46.084028" lon="11.156007">
        <ele>537.644059</ele>
        <time>2026-02-28T10:54:04.000Z</time>
      </trkpt>
      <trkpt lat="46.084018" lon="11.156012">
        <ele>537.461359</ele>
        <time>2026-02-28T10:54:05.000Z</time>
      </trkpt>
      <trkpt lat="46.083990" lon="11.156011">
        <ele>536.977889</ele>
        <time>2026-02-28T10:54:07.000Z</time>
      </trkpt>
      <trkpt lat="46.083980" lon="11.156005">
        <ele>536.790923</ele>
        <time>2026-02-28T10:54:08.000Z</time>
      </trkpt>
      <trkpt lat="46.083952" lon="11.155998">
        <ele>536.300389</ele>
        <time>2026-02-28T10:54:10.000Z</time>
      </trkpt>
      <trkpt lat="46.083933" lon="11.155984">
        <ele>535.932070</ele>
        <time>2026-02-28T10:54:14.000Z</time>
      </trkpt>
      <trkpt lat="46.083907" lon="11.155978">
        <ele>535.477559</ele>
        <time>2026-02-28T10:54:17.000Z</time>
      </trkpt>
      <trkpt lat="46.083897" lon="11.155979">
        <ele>535.304530</ele>
        <time>2026-02-28T10:54:18.000Z</time>
      </trkpt>
      <trkpt lat="46.083862" lon="11.155970">
        <ele>534.690844</ele>
        <time>2026-02-28T10:54:22.000Z</time>
      </trkpt>
      <trkpt lat="46.083852" lon="11.155964">
        <ele>534.503878</ele>
        <time>2026-02-28T10:54:23.000Z</time>
      </trkpt>
      <trkpt lat="46.083828" lon="11.155953">
        <ele>534.069172</ele>
        <time>2026-02-28T10:54:25.000Z</time>
      </trkpt>
      <trkpt lat="46.083790" lon="11.155933">
        <ele>533.370895</ele>
        <time>2026-02-28T10:54:28.000Z</time>
      </trkpt>
      <trkpt lat="46.083744" lon="11.155909">
        <ele>532.526474</ele>
        <time>2026-02-28T10:54:31.000Z</time>
      </trkpt>
      <trkpt lat="46.083717" lon="11.155891">
        <ele>532.013000</ele>
        <time>2026-02-28T10:54:33.000Z</time>
      </trkpt>
      <trkpt lat="46.083660" lon="11.155855">
        <ele>530.938829</ele>
        <time>2026-02-28T10:54:38.000Z</time>
      </trkpt>
      <trkpt lat="46.083634" lon="11.155834">
        <ele>530.424401</ele>
        <time>2026-02-28T10:54:41.000Z</time>
      </trkpt>
      <trkpt lat="46.083608" lon="11.155806">
        <ele>529.864220</ele>
        <time>2026-02-28T10:54:44.000Z</time>
      </trkpt>
      <trkpt lat="46.083532" lon="11.155772">
        <ele>528.490641</ele>
        <time>2026-02-28T10:54:49.000Z</time>
      </trkpt>
      <trkpt lat="46.083518" lon="11.155771">
        <ele>528.248684</ele>
        <time>2026-02-28T10:54:50.000Z</time>
      </trkpt>
      <trkpt lat="46.083446" lon="11.155757">
        <ele>526.994605</ele>
        <time>2026-02-28T10:54:57.000Z</time>
      </trkpt>
      <trkpt lat="46.083395" lon="11.155709">
        <ele>525.943291</ele>
        <time>2026-02-28T10:55:04.000Z</time>
      </trkpt>
      <trkpt lat="46.083382" lon="11.155694">
        <ele>525.655875</ele>
        <time>2026-02-28T10:55:06.000Z</time>
      </trkpt>
      <trkpt lat="46.083358" lon="11.155680">
        <ele>525.208974</ele>
        <time>2026-02-28T10:55:10.000Z</time>
      </trkpt>
      <trkpt lat="46.083334" lon="11.155673">
        <ele>524.786306</ele>
        <time>2026-02-28T10:55:12.000Z</time>
      </trkpt>
      <trkpt lat="46.083295" lon="11.155644">
        <ele>524.028843</ele>
        <time>2026-02-28T10:55:16.000Z</time>
      </trkpt>
      <trkpt lat="46.083264" lon="11.155617">
        <ele>523.403672</ele>
        <time>2026-02-28T10:55:19.000Z</time>
      </trkpt>
      <trkpt lat="46.083230" lon="11.155582">
        <ele>522.682533</ele>
        <time>2026-02-28T10:55:22.000Z</time>
      </trkpt>
      <trkpt lat="46.083188" lon="11.155557">
        <ele>521.898192</ele>
        <time>2026-02-28T10:55:27.000Z</time>
      </trkpt>
      <trkpt lat="46.083132" lon="11.155536">
        <ele>520.899385</ele>
        <time>2026-02-28T10:55:31.000Z</time>
      </trkpt>
      <trkpt lat="46.083112" lon="11.155523">
        <ele>520.520690</ele>
        <time>2026-02-28T10:55:33.000Z</time>
      </trkpt>
      <trkpt lat="46.083094" lon="11.155515">
        <ele>520.195555</ele>
        <time>2026-02-28T10:55:35.000Z</time>
      </trkpt>
      <trkpt lat="46.083050" lon="11.155500">
        <ele>519.415105</ele>
        <time>2026-02-28T10:55:40.000Z</time>
      </trkpt>
      <trkpt lat="46.083034" lon="11.155495">
        <ele>519.132508</ele>
        <time>2026-02-28T10:55:41.000Z</time>
      </trkpt>
      <trkpt lat="46.082988" lon="11.155484">
        <ele>518.327632</ele>
        <time>2026-02-28T10:55:44.000Z</time>
      </trkpt>
      <trkpt lat="46.082934" lon="11.155480">
        <ele>517.394282</ele>
        <time>2026-02-28T10:55:49.000Z</time>
      </trkpt>
      <trkpt lat="46.082925" lon="11.155479">
        <ele>517.238468</ele>
        <time>2026-02-28T10:55:50.000Z</time>
      </trkpt>
      <trkpt lat="46.082897" lon="11.155490">
        <ele>516.729162</ele>
        <time>2026-02-28T10:55:53.000Z</time>
      </trkpt>
      <trkpt lat="46.082854" lon="11.155509">
        <ele>515.922432</ele>
        <time>2026-02-28T10:55:56.000Z</time>
      </trkpt>
      <trkpt lat="46.082827" lon="11.155512">
        <ele>515.436680</ele>
        <time>2026-02-28T10:55:58.000Z</time>
      </trkpt>
      <trkpt lat="46.082807" lon="11.155508">
        <ele>515.074492</ele>
        <time>2026-02-28T10:56:00.000Z</time>
      </trkpt>
      <trkpt lat="46.082757" lon="11.155502">
        <ele>514.174510</ele>
        <time>2026-02-28T10:56:04.000Z</time>
      </trkpt>
      <trkpt lat="46.082736" lon="11.155488">
        <ele>513.759496</ele>
        <time>2026-02-28T10:56:06.000Z</time>
      </trkpt>
      <trkpt lat="46.082717" lon="11.155480">
        <ele>513.404444</ele>
        <time>2026-02-28T10:56:08.000Z</time>
      </trkpt>
      <trkpt lat="46.082668" lon="11.155446">
        <ele>512.429000</ele>
        <time>2026-02-28T10:56:12.000Z</time>
      </trkpt>
      <trkpt lat="46.082651" lon="11.155425">
        <ele>512.027434</ele>
        <time>2026-02-28T10:56:14.000Z</time>
      </trkpt>
      <trkpt lat="46.082634" lon="11.155403">
        <ele>511.617664</ele>
        <time>2026-02-28T10:56:16.000Z</time>
      </trkpt>
      <trkpt lat="46.082591" lon="11.155366">
        <ele>510.719413</ele>
        <time>2026-02-28T10:56:20.000Z</time>
      </trkpt>
      <trkpt lat="46.082580" lon="11.155355">
        <ele>510.479281</ele>
        <time>2026-02-28T10:56:21.000Z</time>
      </trkpt>
      <trkpt lat="46.082546" lon="11.155332">
        <ele>509.805602</ele>
        <time>2026-02-28T10:56:24.000Z</time>
      </trkpt>
      <trkpt lat="46.082511" lon="11.155310">
        <ele>509.120710</ele>
        <time>2026-02-28T10:56:27.000Z</time>
      </trkpt>
      <trkpt lat="46.082500" lon="11.155303">
        <ele>508.905030</ele>
        <time>2026-02-28T10:56:28.000Z</time>
      </trkpt>
      <trkpt lat="46.082461" lon="11.155268">
        <ele>508.080999</ele>
        <time>2026-02-28T10:56:32.000Z</time>
      </trkpt>
      <trkpt lat="46.082434" lon="11.155248">
        <ele>507.536497</ele>
        <time>2026-02-28T10:56:35.000Z</time>
      </trkpt>
      <trkpt lat="46.082426" lon="11.155243">
        <ele>507.380092</ele>
        <time>2026-02-28T10:56:36.000Z</time>
      </trkpt>
      <trkpt lat="46.082389" lon="11.155217">
        <ele>506.641760</ele>
        <time>2026-02-28T10:56:40.000Z</time>
      </trkpt>
      <trkpt lat="46.082347" lon="11.155183">
        <ele>505.777739</ele>
        <time>2026-02-28T10:56:44.000Z</time>
      </trkpt>
      <trkpt lat="46.082331" lon="11.155168">
        <ele>505.435393</ele>
        <time>2026-02-28T10:56:46.000Z</time>
      </trkpt>
      <trkpt lat="46.082307" lon="11.155148">
        <ele>504.938147</ele>
        <time>2026-02-28T10:56:48.000Z</time>
      </trkpt>
      <trkpt lat="46.082269" lon="11.155101">
        <ele>504.040050</ele>
        <time>2026-02-28T10:56:52.000Z</time>
      </trkpt>
      <trkpt lat="46.082239" lon="11.155066">
        <ele>503.347795</ele>
        <time>2026-02-28T10:56:55.000Z</time>
      </trkpt>
      <trkpt lat="46.082216" lon="11.155036">
        <ele>502.791438</ele>
        <time>2026-02-28T10:56:57.000Z</time>
      </trkpt>
      <trkpt lat="46.082186" lon="11.154994">
        <ele>502.041335</ele>
        <time>2026-02-28T10:57:01.000Z</time>
      </trkpt>
      <trkpt lat="46.082167" lon="11.154967">
        <ele>501.562789</ele>
        <time>2026-02-28T10:57:03.000Z</time>
      </trkpt>
      <trkpt lat="46.082140" lon="11.154927">
        <ele>500.868348</ele>
        <time>2026-02-28T10:57:06.000Z</time>
      </trkpt>
      <trkpt lat="46.082109" lon="11.154868">
        <ele>499.947435</ele>
        <time>2026-02-28T10:57:11.000Z</time>
      </trkpt>
      <trkpt lat="46.082094" lon="11.154835">
        <ele>499.456541</ele>
        <time>2026-02-28T10:57:14.000Z</time>
      </trkpt>
      <trkpt lat="46.082082" lon="11.154809">
        <ele>499.067979</ele>
        <time>2026-02-28T10:57:16.000Z</time>
      </trkpt>
      <trkpt lat="46.082057" lon="11.154747">
        <ele>498.175698</ele>
        <time>2026-02-28T10:57:21.000Z</time>
      </trkpt>
      <trkpt lat="46.082039" lon="11.154712">
        <ele>497.633586</ele>
        <time>2026-02-28T10:57:23.000Z</time>
      </trkpt>
      <trkpt lat="46.082020" lon="11.154677">
        <ele>497.080604</ele>
        <time>2026-02-28T10:57:25.000Z</time>
      </trkpt>
      <trkpt lat="46.081996" lon="11.154596">
        <ele>495.984700</ele>
        <time>2026-02-28T10:57:30.000Z</time>
      </trkpt>
      <trkpt lat="46.081992" lon="11.154578">
        <ele>495.749531</ele>
        <time>2026-02-28T10:57:31.000Z</time>
      </trkpt>
      <trkpt lat="46.081973" lon="11.154506">
        <ele>494.791063</ele>
        <time>2026-02-28T10:57:35.000Z</time>
      </trkpt>
      <trkpt lat="46.081957" lon="11.154418">
        <ele>493.659172</ele>
        <time>2026-02-28T10:57:40.000Z</time>
      </trkpt>
      <trkpt lat="46.081951" lon="11.154350">
        <ele>492.806295</ele>
        <time>2026-02-28T10:57:45.000Z</time>
      </trkpt>
      <trkpt lat="46.081954" lon="11.154327">
        <ele>492.515112</ele>
        <time>2026-02-28T10:57:47.000Z</time>
      </trkpt>
      <trkpt lat="46.081953" lon="11.154314">
        <ele>492.352373</ele>
        <time>2026-02-28T10:57:48.000Z</time>
      </trkpt>
      <trkpt lat="46.081951" lon="11.154283">
        <ele>491.965005</ele>
        <time>2026-02-28T10:57:50.000Z</time>
      </trkpt>
      <trkpt lat="46.081943" lon="11.154183">
        <ele>490.712552</ele>
        <time>2026-02-28T10:57:56.000Z</time>
      </trkpt>
      <trkpt lat="46.081941" lon="11.154167">
        <ele>490.510272</ele>
        <time>2026-02-28T10:57:57.000Z</time>
      </trkpt>
      <trkpt lat="46.081899" lon="11.154048">
        <ele>488.849016</ele>
        <time>2026-02-28T10:58:05.000Z</time>
      </trkpt>
      <trkpt lat="46.081854" lon="11.153986">
        <ele>487.732489</ele>
        <time>2026-02-28T10:58:11.000Z</time>
      </trkpt>
      <trkpt lat="46.081845" lon="11.153939">
        <ele>487.125837</ele>
        <time>2026-02-28T10:58:13.000Z</time>
      </trkpt>
      <trkpt lat="46.081838" lon="11.153873">
        <ele>486.295116</ele>
        <time>2026-02-28T10:58:16.000Z</time>
      </trkpt>
      <trkpt lat="46.081831" lon="11.153829">
        <ele>485.733449</ele>
        <time>2026-02-28T10:58:18.000Z</time>
      </trkpt>
      <trkpt lat="46.081804" lon="11.153783">
        <ele>484.983696</ele>
        <time>2026-02-28T10:58:22.000Z</time>
      </trkpt>
      <trkpt lat="46.081797" lon="11.153780">
        <ele>484.852702</ele>
        <time>2026-02-28T10:58:23.000Z</time>
      </trkpt>
      <trkpt lat="46.081778" lon="11.153781">
        <ele>484.641567</ele>
        <time>2026-02-28T10:58:25.000Z</time>
      </trkpt>
      <trkpt lat="46.081720" lon="11.153817">
        <ele>484.345165</ele>
        <time>2026-02-28T10:58:29.000Z</time>
      </trkpt>
      <trkpt lat="46.081695" lon="11.153903">
        <ele>484.041571</ele>
        <time>2026-02-28T10:58:36.000Z</time>
      </trkpt>
      <trkpt lat="46.081666" lon="11.154021">
        <ele>483.633984</ele>
        <time>2026-02-28T10:58:43.000Z</time>
      </trkpt>
      <trkpt lat="46.081623" lon="11.154102">
        <ele>483.301891</ele>
        <time>2026-02-28T10:58:49.000Z</time>
      </trkpt>
      <trkpt lat="46.081593" lon="11.154175">
        <ele>483.025634</ele>
        <time>2026-02-28T10:58:55.000Z</time>
      </trkpt>
      <trkpt lat="46.081557" lon="11.154260">
        <ele>482.701379</ele>
        <time>2026-02-28T10:59:02.000Z</time>
      </trkpt>
      <trkpt lat="46.081494" lon="11.154360">
        <ele>482.261551</ele>
        <time>2026-02-28T10:59:09.000Z</time>
      </trkpt>
      <trkpt lat="46.081463" lon="11.154420">
        <ele>482.017965</ele>
        <time>2026-02-28T10:59:14.000Z</time>
      </trkpt>
      <trkpt lat="46.081412" lon="11.154466">
        <ele>481.735589</ele>
        <time>2026-02-28T10:59:20.000Z</time>
      </trkpt>
      <trkpt lat="46.081343" lon="11.154461">
        <ele>481.411305</ele>
        <time>2026-02-28T10:59:26.000Z</time>
      </trkpt>
      <trkpt lat="46.081318" lon="11.154493">
        <ele>481.254382</ele>
        <time>2026-02-28T10:59:28.000Z</time>
      </trkpt>
      <trkpt lat="46.081309" lon="11.154551">
        <ele>481.060876</ele>
        <time>2026-02-28T10:59:31.000Z</time>
      </trkpt>
      <trkpt lat="46.081299" lon="11.154632">
        <ele>480.793010</ele>
        <time>2026-02-28T10:59:37.000Z</time>
      </trkpt>
      <trkpt lat="46.081297" lon="11.154718">
        <ele>480.512851</ele>
        <time>2026-02-28T10:59:43.000Z</time>
      </trkpt>
      <trkpt lat="46.081324" lon="11.154811">
        <ele>480.184607</ele>
        <time>2026-02-28T10:59:50.000Z</time>
      </trkpt>
      <trkpt lat="46.081344" lon="11.154854">
        <ele>480.016046</ele>
        <time>2026-02-28T10:59:53.000Z</time>
      </trkpt>
      <trkpt lat="46.081383" lon="11.154936">
        <ele>479.692336</ele>
        <time>2026-02-28T10:59:59.000Z</time>
      </trkpt>
      <trkpt lat="46.081406" lon="11.155060">
        <ele>479.274429</ele>
        <time>2026-02-28T11:00:06.000Z</time>
      </trkpt>
      <trkpt lat="46.081420" lon="11.155156">
        <ele>478.955037</ele>
        <time>2026-02-28T11:00:12.000Z</time>
      </trkpt>
      <trkpt lat="46.081426" lon="11.155184">
        <ele>478.859623</ele>
        <time>2026-02-28T11:00:14.000Z</time>
      </trkpt>
      <trkpt lat="46.081459" lon="11.155305">
        <ele>478.436311</ele>
        <time>2026-02-28T11:00:21.000Z</time>
      </trkpt>
      <trkpt lat="46.081487" lon="11.155423">
        <ele>478.030267</ele>
        <time>2026-02-28T11:00:28.000Z</time>
      </trkpt>
      <trkpt lat="46.081490" lon="11.155530">
        <ele>477.681610</ele>
        <time>2026-02-28T11:00:33.000Z</time>
      </trkpt>
      <trkpt lat="46.081488" lon="11.155548">
        <ele>477.622258</ele>
        <time>2026-02-28T11:00:34.000Z</time>
      </trkpt>
      <trkpt lat="46.081485" lon="11.155636">
        <ele>477.335401</ele>
        <time>2026-02-28T11:00:40.000Z</time>
      </trkpt>
      <trkpt lat="46.081477" lon="11.155803">
        <ele>476.790384</ele>
        <time>2026-02-28T11:00:48.000Z</time>
      </trkpt>
      <trkpt lat="46.081467" lon="11.155822">
        <ele>476.712732</ele>
        <time>2026-02-28T11:00:49.000Z</time>
      </trkpt>
      <trkpt lat="46.081391" lon="11.155890">
        <ele>476.292882</ele>
        <time>2026-02-28T11:00:55.000Z</time>
      </trkpt>
      <trkpt lat="46.081357" lon="11.155945">
        <ele>476.245053</ele>
        <time>2026-02-28T11:01:00.000Z</time>
      </trkpt>
      <trkpt lat="46.081325" lon="11.156009">
        <ele>476.245053</ele>
        <time>2026-02-28T11:01:04.000Z</time>
      </trkpt>
      <trkpt lat="46.081284" lon="11.156093">
        <ele>476.245053</ele>
        <time>2026-02-28T11:01:12.000Z</time>
      </trkpt>
      <trkpt lat="46.081278" lon="11.156107">
        <ele>476.245053</ele>
        <time>2026-02-28T11:01:13.000Z</time>
      </trkpt>
      <trkpt lat="46.081229" lon="11.156196">
        <ele>476.245053</ele>
        <time>2026-02-28T11:01:19.000Z</time>
      </trkpt>
      <trkpt lat="46.081188" lon="11.156293">
        <ele>476.245053</ele>
        <time>2026-02-28T11:01:27.000Z</time>
      </trkpt>
      <trkpt lat="46.081178" lon="11.156347">
        <ele>476.245053</ele>
        <time>2026-02-28T11:01:30.000Z</time>
      </trkpt>
      <trkpt lat="46.081177" lon="11.156439">
        <ele>476.245053</ele>
        <time>2026-02-28T11:01:35.000Z</time>
      </trkpt>
      <trkpt lat="46.081169" lon="11.156473">
        <ele>476.245053</ele>
        <time>2026-02-28T11:01:37.000Z</time>
      </trkpt>
      <trkpt lat="46.081145" lon="11.156536">
        <ele>476.245053</ele>
        <time>2026-02-28T11:01:41.000Z</time>
      </trkpt>
      <trkpt lat="46.081111" lon="11.156591">
        <ele>476.245053</ele>
        <time>2026-02-28T11:01:45.000Z</time>
      </trkpt>
      <trkpt lat="46.081084" lon="11.156659">
        <ele>476.245053</ele>
        <time>2026-02-28T11:01:50.000Z</time>
      </trkpt>
      <trkpt lat="46.081027" lon="11.156756">
        <ele>476.245053</ele>
        <time>2026-02-28T11:01:57.000Z</time>
      </trkpt>
      <trkpt lat="46.080974" lon="11.156848">
        <ele>476.245053</ele>
        <time>2026-02-28T11:02:03.000Z</time>
      </trkpt>
      <trkpt lat="46.080967" lon="11.156860">
        <ele>476.245053</ele>
        <time>2026-02-28T11:02:04.000Z</time>
      </trkpt>
      <trkpt lat="46.080954" lon="11.156912">
        <ele>476.245053</ele>
        <time>2026-02-28T11:02:08.000Z</time>
      </trkpt>
      <trkpt lat="46.080949" lon="11.156946">
        <ele>476.245053</ele>
        <time>2026-02-28T11:02:10.000Z</time>
      </trkpt>
      <trkpt lat="46.080914" lon="11.157057">
        <ele>476.245053</ele>
        <time>2026-02-28T11:02:16.000Z</time>
      </trkpt>
      <trkpt lat="46.080902" lon="11.157098">
        <ele>476.245053</ele>
        <time>2026-02-28T11:02:18.000Z</time>
      </trkpt>
      <trkpt lat="46.080895" lon="11.157167">
        <ele>476.245053</ele>
        <time>2026-02-28T11:02:22.000Z</time>
      </trkpt>
      <trkpt lat="46.080893" lon="11.157235">
        <ele>476.245053</ele>
        <time>2026-02-28T11:02:26.000Z</time>
      </trkpt>
      <trkpt lat="46.080896" lon="11.157287">
        <ele>476.245053</ele>
        <time>2026-02-28T11:02:30.000Z</time>
      </trkpt>
      <trkpt lat="46.080900" lon="11.157339">
        <ele>476.245053</ele>
        <time>2026-02-28T11:02:33.000Z</time>
      </trkpt>
      <trkpt lat="46.080903" lon="11.157379">
        <ele>476.245053</ele>
        <time>2026-02-28T11:02:35.000Z</time>
      </trkpt>
      <trkpt lat="46.080901" lon="11.157399">
        <ele>476.245053</ele>
        <time>2026-02-28T11:02:36.000Z</time>
      </trkpt>
      <trkpt lat="46.080868" lon="11.157541">
        <ele>476.245053</ele>
        <time>2026-02-28T11:02:43.000Z</time>
      </trkpt>
      <trkpt lat="46.080876" lon="11.157601">
        <ele>476.245053</ele>
        <time>2026-02-28T11:02:47.000Z</time>
      </trkpt>
      <trkpt lat="46.080882" lon="11.157632">
        <ele>476.245053</ele>
        <time>2026-02-28T11:02:49.000Z</time>
      </trkpt>
      <trkpt lat="46.080884" lon="11.157754">
        <ele>476.245053</ele>
        <time>2026-02-28T11:02:56.000Z</time>
      </trkpt>
      <trkpt lat="46.080875" lon="11.157800">
        <ele>476.245053</ele>
        <time>2026-02-28T11:02:59.000Z</time>
      </trkpt>
      <trkpt lat="46.080868" lon="11.157882">
        <ele>476.245053</ele>
        <time>2026-02-28T11:03:05.000Z</time>
      </trkpt>
      <trkpt lat="46.080859" lon="11.157950">
        <ele>476.245053</ele>
        <time>2026-02-28T11:03:09.000Z</time>
      </trkpt>
      <trkpt lat="46.080849" lon="11.158009">
        <ele>476.245053</ele>
        <time>2026-02-28T11:03:12.000Z</time>
      </trkpt>
      <trkpt lat="46.080847" lon="11.158164">
        <ele>476.245053</ele>
        <time>2026-02-28T11:03:20.000Z</time>
      </trkpt>
      <trkpt lat="46.080849" lon="11.158180">
        <ele>476.245053</ele>
        <time>2026-02-28T11:03:21.000Z</time>
      </trkpt>
      <trkpt lat="46.080850" lon="11.158195">
        <ele>476.245053</ele>
        <time>2026-02-28T11:03:22.000Z</time>
      </trkpt>
    </trkseg>
  </trk>
</gpx>