<?xml version='1.0' encoding='UTF-8'?>
<gpx version="1.1" creator="https://www.komoot.de" xmlns="http://www.topografix.com/GPX/1/1" xmlns:xsi="http://www.w3.org/2001/XMLSchema-instance" xsi:schemaLocation="http://www.topografix.com/GPX/1/1 http://www.topografix.com/GPX/1/1/gpx.xsd">
  <metadata>
    <name>GPX Download: Strada delle 52 gallerie – loop tour</name>
    <author>
      <link href="https://www.komoot.de">
        <text>komoot</text>
        <type>text/html</type>
      </link>
    </author>
  </metadata>
  <wpt lat="45.778998" lon="11.228065">
    <name>Parking</name>
    <sym>Flag, Blue</sym>
  </wpt>
  <wpt lat="45.779463" lon="11.225898">
    <name>Road of the 52 Tunnels</name>
    <sym>Flag, Blue</sym>
  </wpt>
  <wpt lat="45.782331" lon="11.210754">
    <name>Road of the 52 Tunnels - Mount Pasubio</name>
    <sym>Flag, Blue</sym>
  </wpt>
  <wpt lat="45.784024" lon="11.186391">
    <name>General Achille Papa Refuge</name>
    <sym>Fishing Hot Spot Facility</sym>
  </wpt>
  <wpt lat="45.789050" lon="11.217570">
    <name>Strada degli Scarubbi</name>
    <sym>Flag, Blue</sym>
  </wpt>
  <trk>
    <name>GPX Download: Strada delle 52 gallerie – loop tour</name>
    <type>hike</type>
    <trkseg>
      <trkpt lat="45.778999" lon="11.228073">
        <ele>1215.213885</ele>
        <time>2026-06-29T07:25:38.333Z</time>
      </trkpt>
      <trkpt lat="45.778984" lon="11.228077">
        <ele>1215.213885</ele>
        <time>2026-06-29T07:25:39.966Z</time>
      </trkpt>
      <trkpt lat="45.778880" lon="11.228070">
        <ele>1215.213885</ele>
        <time>2026-06-29T07:25:51.119Z</time>
      </trkpt>
      <trkpt lat="45.778845" lon="11.228067">
        <ele>1215.213885</ele>
        <time>2026-06-29T07:25:54.792Z</time>
      </trkpt>
      <trkpt lat="45.778661" lon="11.228044">
        <ele>1215.213885</ele>
        <time>2026-06-29T07:26:14.015Z</time>
      </trkpt>
      <trkpt lat="45.778647" lon="11.227558">
        <ele>1215.213885</ele>
        <time>2026-06-29T07:27:01.689Z</time>
      </trkpt>
      <trkpt lat="45.778647" lon="11.227558">
        <ele>1215.213885</ele>
        <time>2026-06-29T07:27:01.689Z</time>
      </trkpt>
      <trkpt lat="45.778665" lon="11.227125">
        <ele>1215.900149</ele>
        <time>2026-06-29T07:27:47.007Z</time>
      </trkpt>
      <trkpt lat="45.778806" lon="11.226671">
        <ele>1218.816041</ele>
        <time>2026-06-29T07:28:41.394Z</time>
      </trkpt>
      <trkpt lat="45.778822" lon="11.226494">
        <ele>1219.863224</ele>
        <time>2026-06-29T07:29:01.100Z</time>
      </trkpt>
      <trkpt lat="45.778676" lon="11.225824">
        <ele>1223.981676</ele>
        <time>2026-06-29T07:30:21.793Z</time>
      </trkpt>
      <trkpt lat="45.778583" lon="11.225647">
        <ele>1225.281903</ele>
        <time>2026-06-29T07:30:47.809Z</time>
      </trkpt>
      <trkpt lat="45.778590" lon="11.225612">
        <ele>1225.495533</ele>
        <time>2026-06-29T07:30:52.144Z</time>
      </trkpt>
      <trkpt lat="45.778841" lon="11.225341">
        <ele>1228.138803</ele>
        <time>2026-06-29T07:31:46.405Z</time>
      </trkpt>
      <trkpt lat="45.778893" lon="11.225216">
        <ele>1228.992762</ele>
        <time>2026-06-29T07:32:03.576Z</time>
      </trkpt>
      <trkpt lat="45.778977" lon="11.224855">
        <ele>1231.306787</ele>
        <time>2026-06-29T07:32:46.699Z</time>
      </trkpt>
      <trkpt lat="45.778994" lon="11.224862">
        <ele>1231.469304</ele>
        <time>2026-06-29T07:32:49.559Z</time>
      </trkpt>
      <trkpt lat="45.779055" lon="11.225639">
        <ele>1236.479977</ele>
        <time>2026-06-29T07:34:11.838Z</time>
      </trkpt>
      <trkpt lat="45.779092" lon="11.225731">
        <ele>1237.160537</ele>
        <time>2026-06-29T07:34:24.060Z</time>
      </trkpt>
      <trkpt lat="45.779120" lon="11.225762">
        <ele>1237.485584</ele>
        <time>2026-06-29T07:34:30.017Z</time>
      </trkpt>
      <trkpt lat="45.779136" lon="11.225746">
        <ele>1237.664822</ele>
        <time>2026-06-29T07:34:33.827Z</time>
      </trkpt>
      <trkpt lat="45.779142" lon="11.225490">
        <ele>1239.306261</ele>
        <time>2026-06-29T07:35:02.822Z</time>
      </trkpt>
      <trkpt lat="45.779168" lon="11.225493">
        <ele>1239.545933</ele>
        <time>2026-06-29T07:35:06.815Z</time>
      </trkpt>
      <trkpt lat="45.779169" lon="11.225611">
        <ele>1240.302163</ele>
        <time>2026-06-29T07:35:20.853Z</time>
      </trkpt>
      <trkpt lat="45.779247" lon="11.225816">
        <ele>1241.798639</ele>
        <time>2026-06-29T07:35:51.264Z</time>
      </trkpt>
      <trkpt lat="45.779249" lon="11.225950">
        <ele>1242.657540</ele>
        <time>2026-06-29T07:36:04.863Z</time>
      </trkpt>
      <trkpt lat="45.779285" lon="11.226208">
        <ele>1244.343632</ele>
        <time>2026-06-29T07:36:32.591Z</time>
      </trkpt>
      <trkpt lat="45.779283" lon="11.226367">
        <ele>1245.362708</ele>
        <time>2026-06-29T07:36:49.411Z</time>
      </trkpt>
      <trkpt lat="45.779244" lon="11.226483">
        <ele>1246.187930</ele>
        <time>2026-06-29T07:37:04.357Z</time>
      </trkpt>
      <trkpt lat="45.779095" lon="11.226540">
        <ele>1248.264971</ele>
        <time>2026-06-29T07:37:32.715Z</time>
      </trkpt>
      <trkpt lat="45.779102" lon="11.226574">
        <ele>1248.696725</ele>
        <time>2026-06-29T07:37:36.816Z</time>
      </trkpt>
      <trkpt lat="45.779273" lon="11.226565">
        <ele>1251.684882</ele>
        <time>2026-06-29T07:38:09.105Z</time>
      </trkpt>
      <trkpt lat="45.779378" lon="11.226468">
        <ele>1253.866098</ele>
        <time>2026-06-29T07:38:36.850Z</time>
      </trkpt>
      <trkpt lat="45.779446" lon="11.226344">
        <ele>1255.787238</ele>
        <time>2026-06-29T07:38:58.083Z</time>
      </trkpt>
      <trkpt lat="45.779456" lon="11.225898">
        <ele>1261.221868</ele>
        <time>2026-06-29T07:40:06.068Z</time>
      </trkpt>
      <trkpt lat="45.779461" lon="11.225716">
        <ele>1263.440160</ele>
        <time>2026-06-29T07:40:32.803Z</time>
      </trkpt>
      <trkpt lat="45.779421" lon="11.225452">
        <ele>1266.730411</ele>
        <time>2026-06-29T07:41:23.958Z</time>
      </trkpt>
      <trkpt lat="45.779376" lon="11.225449">
        <ele>1267.517088</ele>
        <time>2026-06-29T07:41:32.458Z</time>
      </trkpt>
      <trkpt lat="45.779341" lon="11.225418">
        <ele>1268.235495</ele>
        <time>2026-06-29T07:41:39.698Z</time>
      </trkpt>
      <trkpt lat="45.779333" lon="11.225366">
        <ele>1268.884028</ele>
        <time>2026-06-29T07:41:47.232Z</time>
      </trkpt>
      <trkpt lat="45.779433" lon="11.225188">
        <ele>1271.667754</ele>
        <time>2026-06-29T07:42:28.114Z</time>
      </trkpt>
      <trkpt lat="45.779522" lon="11.224962">
        <ele>1274.828684</ele>
        <time>2026-06-29T07:43:16.665Z</time>
      </trkpt>
      <trkpt lat="45.779623" lon="11.224642">
        <ele>1279.396368</ele>
        <time>2026-06-29T07:44:27.973Z</time>
      </trkpt>
      <trkpt lat="45.779674" lon="11.224567">
        <ele>1281.120315</ele>
        <time>2026-06-29T07:44:46.392Z</time>
      </trkpt>
      <trkpt lat="45.779703" lon="11.224351">
        <ele>1284.740461</ele>
        <time>2026-06-29T07:45:24.524Z</time>
      </trkpt>
      <trkpt lat="45.779732" lon="11.224296">
        <ele>1285.875217</ele>
        <time>2026-06-29T07:45:38.209Z</time>
      </trkpt>
      <trkpt lat="45.779760" lon="11.224323">
        <ele>1286.671484</ele>
        <time>2026-06-29T07:45:48.095Z</time>
      </trkpt>
      <trkpt lat="45.779730" lon="11.224640">
        <ele>1291.936400</ele>
        <time>2026-06-29T07:46:36.595Z</time>
      </trkpt>
      <trkpt lat="45.779769" lon="11.224649">
        <ele>1292.868568</ele>
        <time>2026-06-29T07:46:47.707Z</time>
      </trkpt>
      <trkpt lat="45.779795" lon="11.224575">
        <ele>1294.232260</ele>
        <time>2026-06-29T07:47:05.221Z</time>
      </trkpt>
      <trkpt lat="45.779870" lon="11.224444">
        <ele>1297.021624</ele>
        <time>2026-06-29T07:47:37.993Z</time>
      </trkpt>
      <trkpt lat="45.779906" lon="11.224696">
        <ele>1301.255077</ele>
        <time>2026-06-29T07:48:21.662Z</time>
      </trkpt>
      <trkpt lat="45.779922" lon="11.224901">
        <ele>1304.649964</ele>
        <time>2026-06-29T07:49:11.656Z</time>
      </trkpt>
      <trkpt lat="45.779941" lon="11.224918">
        <ele>1305.178459</ele>
        <time>2026-06-29T07:49:18.622Z</time>
      </trkpt>
      <trkpt lat="45.779999" lon="11.224837">
        <ele>1307.089058</ele>
        <time>2026-06-29T07:49:42.427Z</time>
      </trkpt>
      <trkpt lat="45.779999" lon="11.224893">
        <ele>1308.010687</ele>
        <time>2026-06-29T07:49:51.810Z</time>
      </trkpt>
      <trkpt lat="45.779997" lon="11.224931">
        <ele>1308.637856</ele>
        <time>2026-06-29T07:49:59.175Z</time>
      </trkpt>
      <trkpt lat="45.780019" lon="11.224934">
        <ele>1309.159356</ele>
        <time>2026-06-29T07:50:05.234Z</time>
      </trkpt>
      <trkpt lat="45.780044" lon="11.224896">
        <ele>1310.019099</ele>
        <time>2026-06-29T07:50:15.853Z</time>
      </trkpt>
      <trkpt lat="45.780074" lon="11.224719">
        <ele>1313.016893</ele>
        <time>2026-06-29T07:50:55.502Z</time>
      </trkpt>
      <trkpt lat="45.779942" lon="11.224388">
        <ele>1319.292081</ele>
        <time>2026-06-29T07:52:02.579Z</time>
      </trkpt>
      <trkpt lat="45.779798" lon="11.224149">
        <ele>1325.561345</ele>
        <time>2026-06-29T07:52:58.990Z</time>
      </trkpt>
      <trkpt lat="45.779814" lon="11.224069">
        <ele>1327.320850</ele>
        <time>2026-06-29T07:53:13.081Z</time>
      </trkpt>
      <trkpt lat="45.779863" lon="11.223991">
        <ele>1329.540255</ele>
        <time>2026-06-29T07:53:34.300Z</time>
      </trkpt>
      <trkpt lat="45.780257" lon="11.224020">
        <ele>1341.499774</ele>
        <time>2026-06-29T07:55:32.317Z</time>
      </trkpt>
      <trkpt lat="45.780341" lon="11.223889">
        <ele>1345.262010</ele>
        <time>2026-06-29T07:56:14.722Z</time>
      </trkpt>
      <trkpt lat="45.780353" lon="11.223851">
        <ele>1346.143906</ele>
        <time>2026-06-29T07:56:24.847Z</time>
      </trkpt>
      <trkpt lat="45.780375" lon="11.223756">
        <ele>1348.260175</ele>
        <time>2026-06-29T07:56:48.584Z</time>
      </trkpt>
      <trkpt lat="45.780358" lon="11.223641">
        <ele>1350.745458</ele>
        <time>2026-06-29T07:57:22.547Z</time>
      </trkpt>
      <trkpt lat="45.780291" lon="11.223574">
        <ele>1353.221660</ele>
        <time>2026-06-29T07:57:52.576Z</time>
      </trkpt>
      <trkpt lat="45.780255" lon="11.223539">
        <ele>1354.540178</ele>
        <time>2026-06-29T07:58:07.879Z</time>
      </trkpt>
      <trkpt lat="45.780100" lon="11.223378">
        <ele>1360.342206</ele>
        <time>2026-06-29T07:59:12.427Z</time>
      </trkpt>
      <trkpt lat="45.780032" lon="11.223267">
        <ele>1363.465711</ele>
        <time>2026-06-29T07:59:51.545Z</time>
      </trkpt>
      <trkpt lat="45.779825" lon="11.222946">
        <ele>1372.708660</ele>
        <time>2026-06-29T08:01:37.922Z</time>
      </trkpt>
      <trkpt lat="45.779814" lon="11.222882">
        <ele>1374.102210</ele>
        <time>2026-06-29T08:01:55.324Z</time>
      </trkpt>
      <trkpt lat="45.779765" lon="11.222820">
        <ele>1375.918047</ele>
        <time>2026-06-29T08:02:17.533Z</time>
      </trkpt>
      <trkpt lat="45.779666" lon="11.222662">
        <ele>1379.517932</ele>
        <time>2026-06-29T08:03:02.753Z</time>
      </trkpt>
      <trkpt lat="45.779654" lon="11.222593">
        <ele>1380.723191</ele>
        <time>2026-06-29T08:03:16.445Z</time>
      </trkpt>
      <trkpt lat="45.779684" lon="11.222499">
        <ele>1382.475240</ele>
        <time>2026-06-29T08:03:39.565Z</time>
      </trkpt>
      <trkpt lat="45.779680" lon="11.222354">
        <ele>1384.934696</ele>
        <time>2026-06-29T08:04:12.169Z</time>
      </trkpt>
      <trkpt lat="45.779700" lon="11.222316">
        <ele>1385.741555</ele>
        <time>2026-06-29T08:04:22.589Z</time>
      </trkpt>
      <trkpt lat="45.779799" lon="11.222281">
        <ele>1388.219479</ele>
        <time>2026-06-29T08:04:48.025Z</time>
      </trkpt>
      <trkpt lat="45.779879" lon="11.222203">
        <ele>1390.570502</ele>
        <time>2026-06-29T08:05:14.163Z</time>
      </trkpt>
      <trkpt lat="45.779950" lon="11.222133">
        <ele>1392.664448</ele>
        <time>2026-06-29T08:05:38.282Z</time>
      </trkpt>
      <trkpt lat="45.779961" lon="11.222098">
        <ele>1393.315094</ele>
        <time>2026-06-29T08:05:46.122Z</time>
      </trkpt>
      <trkpt lat="45.779945" lon="11.222080">
        <ele>1393.809317</ele>
        <time>2026-06-29T08:05:52.348Z</time>
      </trkpt>
      <trkpt lat="45.779692" lon="11.222010">
        <ele>1400.071077</ele>
        <time>2026-06-29T08:06:59.395Z</time>
      </trkpt>
      <trkpt lat="45.779537" lon="11.221919">
        <ele>1404.141372</ele>
        <time>2026-06-29T08:07:48.065Z</time>
      </trkpt>
      <trkpt lat="45.779484" lon="11.221865">
        <ele>1405.721421</ele>
        <time>2026-06-29T08:08:03.389Z</time>
      </trkpt>
      <trkpt lat="45.779434" lon="11.221755">
        <ele>1407.946778</ele>
        <time>2026-06-29T08:08:29.708Z</time>
      </trkpt>
      <trkpt lat="45.779395" lon="11.221546">
        <ele>1411.613635</ele>
        <time>2026-06-29T08:09:12.721Z</time>
      </trkpt>
      <trkpt lat="45.779353" lon="11.221530">
        <ele>1412.669718</ele>
        <time>2026-06-29T08:09:24.904Z</time>
      </trkpt>
      <trkpt lat="45.779166" lon="11.221626">
        <ele>1417.496639</ele>
        <time>2026-06-29T08:10:15.652Z</time>
      </trkpt>
      <trkpt lat="45.779009" lon="11.221663">
        <ele>1420.522709</ele>
        <time>2026-06-29T08:10:58.509Z</time>
      </trkpt>
      <trkpt lat="45.779055" lon="11.221588">
        <ele>1421.623342</ele>
        <time>2026-06-29T08:11:12.010Z</time>
      </trkpt>
      <trkpt lat="45.779124" lon="11.221559">
        <ele>1422.759474</ele>
        <time>2026-06-29T08:11:27.662Z</time>
      </trkpt>
      <trkpt lat="45.779183" lon="11.221460">
        <ele>1424.194505</ele>
        <time>2026-06-29T08:11:43.314Z</time>
      </trkpt>
      <trkpt lat="45.779182" lon="11.221424">
        <ele>1424.591537</ele>
        <time>2026-06-29T08:11:47.617Z</time>
      </trkpt>
      <trkpt lat="45.779065" lon="11.221513">
        <ele>1426.684290</ele>
        <time>2026-06-29T08:12:08.331Z</time>
      </trkpt>
      <trkpt lat="45.778981" lon="11.221527">
        <ele>1428.020498</ele>
        <time>2026-06-29T08:12:19.528Z</time>
      </trkpt>
      <trkpt lat="45.778933" lon="11.221500">
        <ele>1428.835215</ele>
        <time>2026-06-29T08:12:27.095Z</time>
      </trkpt>
      <trkpt lat="45.778729" lon="11.221041">
        <ele>1434.833157</ele>
        <time>2026-06-29T08:13:24.759Z</time>
      </trkpt>
      <trkpt lat="45.778711" lon="11.220940">
        <ele>1435.981943</ele>
        <time>2026-06-29T08:13:38.363Z</time>
      </trkpt>
      <trkpt lat="45.778767" lon="11.220719">
        <ele>1438.573128</ele>
        <time>2026-06-29T08:14:05.456Z</time>
      </trkpt>
      <trkpt lat="45.778746" lon="11.220678">
        <ele>1439.133704</ele>
        <time>2026-06-29T08:14:10.361Z</time>
      </trkpt>
      <trkpt lat="45.778665" lon="11.220690">
        <ele>1440.420387</ele>
        <time>2026-06-29T08:14:23.329Z</time>
      </trkpt>
      <trkpt lat="45.778597" lon="11.220620">
        <ele>1441.743083</ele>
        <time>2026-06-29T08:14:43.681Z</time>
      </trkpt>
      <trkpt lat="45.778564" lon="11.220474">
        <ele>1443.434393</ele>
        <time>2026-06-29T08:15:13.020Z</time>
      </trkpt>
      <trkpt lat="45.778294" lon="11.220423">
        <ele>1448.055086</ele>
        <time>2026-06-29T08:16:37.209Z</time>
      </trkpt>
      <trkpt lat="45.778255" lon="11.220367">
        <ele>1449.703241</ele>
        <time>2026-06-29T08:16:56.465Z</time>
      </trkpt>
      <trkpt lat="45.778257" lon="11.220262">
        <ele>1451.890802</ele>
        <time>2026-06-29T08:17:19.599Z</time>
      </trkpt>
      <trkpt lat="45.778130" lon="11.220177">
        <ele>1456.075963</ele>
        <time>2026-06-29T08:18:03.468Z</time>
      </trkpt>
      <trkpt lat="45.778009" lon="11.219949">
        <ele>1462.042717</ele>
        <time>2026-06-29T08:19:10.160Z</time>
      </trkpt>
      <trkpt lat="45.778223" lon="11.220147">
        <ele>1469.647929</ele>
        <time>2026-06-29T08:20:29.121Z</time>
      </trkpt>
      <trkpt lat="45.778431" lon="11.220234">
        <ele>1476.117893</ele>
        <time>2026-06-29T08:21:30.191Z</time>
      </trkpt>
      <trkpt lat="45.778592" lon="11.220256">
        <ele>1480.947293</ele>
        <time>2026-06-29T08:22:20.946Z</time>
      </trkpt>
      <trkpt lat="45.778706" lon="11.220221">
        <ele>1484.428608</ele>
        <time>2026-06-29T08:22:56.223Z</time>
      </trkpt>
      <trkpt lat="45.778983" lon="11.220275">
        <ele>1492.776199</ele>
        <time>2026-06-29T08:24:19.417Z</time>
      </trkpt>
      <trkpt lat="45.779022" lon="11.220267">
        <ele>1493.952634</ele>
        <time>2026-06-29T08:24:34.295Z</time>
      </trkpt>
      <trkpt lat="45.779075" lon="11.220242">
        <ele>1495.618706</ele>
        <time>2026-06-29T08:24:51.386Z</time>
      </trkpt>
      <trkpt lat="45.779183" lon="11.220272">
        <ele>1498.903653</ele>
        <time>2026-06-29T08:25:24.553Z</time>
      </trkpt>
      <trkpt lat="45.779383" lon="11.220430">
        <ele>1507.242657</ele>
        <time>2026-06-29T08:26:56.763Z</time>
      </trkpt>
      <trkpt lat="45.779553" lon="11.220617">
        <ele>1515.740547</ele>
        <time>2026-06-29T08:28:22.516Z</time>
      </trkpt>
      <trkpt lat="45.779674" lon="11.220638">
        <ele>1520.574548</ele>
        <time>2026-06-29T08:29:20.411Z</time>
      </trkpt>
      <trkpt lat="45.779701" lon="11.220678">
        <ele>1522.114306</ele>
        <time>2026-06-29T08:29:35.838Z</time>
      </trkpt>
      <trkpt lat="45.779719" lon="11.220804">
        <ele>1525.671868</ele>
        <time>2026-06-29T08:30:02.415Z</time>
      </trkpt>
      <trkpt lat="45.779831" lon="11.220910">
        <ele>1530.994287</ele>
        <time>2026-06-29T08:31:05.255Z</time>
      </trkpt>
      <trkpt lat="45.780034" lon="11.220999">
        <ele>1539.413408</ele>
        <time>2026-06-29T08:32:33.669Z</time>
      </trkpt>
      <trkpt lat="45.780212" lon="11.221010">
        <ele>1546.479609</ele>
        <time>2026-06-29T08:33:48.108Z</time>
      </trkpt>
      <trkpt lat="45.780266" lon="11.220952">
        <ele>1549.155531</ele>
        <time>2026-06-29T08:34:14.281Z</time>
      </trkpt>
      <trkpt lat="45.780302" lon="11.220913">
        <ele>1550.945021</ele>
        <time>2026-06-29T08:34:31.150Z</time>
      </trkpt>
      <trkpt lat="45.780330" lon="11.220924">
        <ele>1552.096454</ele>
        <time>2026-06-29T08:34:39.213Z</time>
      </trkpt>
      <trkpt lat="45.780350" lon="11.220680">
        <ele>1558.891943</ele>
        <time>2026-06-29T08:35:37.039Z</time>
      </trkpt>
      <trkpt lat="45.780386" lon="11.220618">
        <ele>1561.123431</ele>
        <time>2026-06-29T08:35:55.931Z</time>
      </trkpt>
      <trkpt lat="45.780461" lon="11.220570">
        <ele>1564.380852</ele>
        <time>2026-06-29T08:36:24.986Z</time>
      </trkpt>
      <trkpt lat="45.780476" lon="11.220516">
        <ele>1565.988605</ele>
        <time>2026-06-29T08:36:39.636Z</time>
      </trkpt>
      <trkpt lat="45.780463" lon="11.220454">
        <ele>1567.779350</ele>
        <time>2026-06-29T08:36:54.476Z</time>
      </trkpt>
      <trkpt lat="45.780377" lon="11.220401">
        <ele>1571.491886</ele>
        <time>2026-06-29T08:37:28.371Z</time>
      </trkpt>
      <trkpt lat="45.780349" lon="11.220181">
        <ele>1576.776336</ele>
        <time>2026-06-29T08:38:28.121Z</time>
      </trkpt>
      <trkpt lat="45.780313" lon="11.220149">
        <ele>1578.167952</ele>
        <time>2026-06-29T08:38:46.098Z</time>
      </trkpt>
      <trkpt lat="45.780258" lon="11.220175">
        <ele>1580.070648</ele>
        <time>2026-06-29T08:39:06.886Z</time>
      </trkpt>
      <trkpt lat="45.780210" lon="11.220209">
        <ele>1581.829621</ele>
        <time>2026-06-29T08:39:25.423Z</time>
      </trkpt>
      <trkpt lat="45.780181" lon="11.220205">
        <ele>1582.786814</ele>
        <time>2026-06-29T08:39:37.203Z</time>
      </trkpt>
      <trkpt lat="45.780174" lon="11.220126">
        <ele>1584.611531</ele>
        <time>2026-06-29T08:40:00.285Z</time>
      </trkpt>
      <trkpt lat="45.780185" lon="11.220170">
        <ele>1585.682544</ele>
        <time>2026-06-29T08:40:10.546Z</time>
      </trkpt>
      <trkpt lat="45.780159" lon="11.220182">
        <ele>1586.579936</ele>
        <time>2026-06-29T08:40:19.850Z</time>
      </trkpt>
      <trkpt lat="45.780176" lon="11.220104">
        <ele>1588.452430</ele>
        <time>2026-06-29T08:40:39.388Z</time>
      </trkpt>
      <trkpt lat="45.780242" lon="11.219965">
        <ele>1592.305500</ele>
        <time>2026-06-29T08:41:20.718Z</time>
      </trkpt>
      <trkpt lat="45.780221" lon="11.219902">
        <ele>1593.905460</ele>
        <time>2026-06-29T08:41:36.591Z</time>
      </trkpt>
      <trkpt lat="45.780161" lon="11.219867">
        <ele>1596.033647</ele>
        <time>2026-06-29T08:42:00.213Z</time>
      </trkpt>
      <trkpt lat="45.780071" lon="11.219890">
        <ele>1599.037192</ele>
        <time>2026-06-29T08:42:30.557Z</time>
      </trkpt>
      <trkpt lat="45.780048" lon="11.219797">
        <ele>1601.298170</ele>
        <time>2026-06-29T08:42:58.898Z</time>
      </trkpt>
      <trkpt lat="45.780069" lon="11.219715">
        <ele>1603.299755</ele>
        <time>2026-06-29T08:43:25.348Z</time>
      </trkpt>
      <trkpt lat="45.780053" lon="11.219669">
        <ele>1604.477593</ele>
        <time>2026-06-29T08:43:39.330Z</time>
      </trkpt>
      <trkpt lat="45.779980" lon="11.219579">
        <ele>1607.640684</ele>
        <time>2026-06-29T08:44:15.717Z</time>
      </trkpt>
      <trkpt lat="45.779988" lon="11.219491">
        <ele>1609.674137</ele>
        <time>2026-06-29T08:44:35.381Z</time>
      </trkpt>
      <trkpt lat="45.779888" lon="11.219328">
        <ele>1614.648482</ele>
        <time>2026-06-29T08:45:35.912Z</time>
      </trkpt>
      <trkpt lat="45.779893" lon="11.219290">
        <ele>1615.534560</ele>
        <time>2026-06-29T08:45:45.968Z</time>
      </trkpt>
      <trkpt lat="45.779942" lon="11.219258">
        <ele>1617.303569</ele>
        <time>2026-06-29T08:46:02.279Z</time>
      </trkpt>
      <trkpt lat="45.779979" lon="11.219120">
        <ele>1620.691265</ele>
        <time>2026-06-29T08:46:33.214Z</time>
      </trkpt>
      <trkpt lat="45.780134" lon="11.218949">
        <ele>1627.116700</ele>
        <time>2026-06-29T08:47:41.803Z</time>
      </trkpt>
      <trkpt lat="45.780156" lon="11.218743">
        <ele>1631.658068</ele>
        <time>2026-06-29T08:48:19.869Z</time>
      </trkpt>
      <trkpt lat="45.780085" lon="11.218620">
        <ele>1633.015754</ele>
        <time>2026-06-29T08:48:38.793Z</time>
      </trkpt>
      <trkpt lat="45.780031" lon="11.218585">
        <ele>1633.738296</ele>
        <time>2026-06-29T08:48:54.453Z</time>
      </trkpt>
      <trkpt lat="45.779883" lon="11.218593">
        <ele>1635.544083</ele>
        <time>2026-06-29T08:49:28.422Z</time>
      </trkpt>
      <trkpt lat="45.779836" lon="11.218566">
        <ele>1636.161417</ele>
        <time>2026-06-29T08:49:35.156Z</time>
      </trkpt>
      <trkpt lat="45.779836" lon="11.218521">
        <ele>1636.544067</ele>
        <time>2026-06-29T08:49:40.324Z</time>
      </trkpt>
      <trkpt lat="45.779845" lon="11.218482">
        <ele>1636.893380</ele>
        <time>2026-06-29T08:49:44.954Z</time>
      </trkpt>
      <trkpt lat="45.779950" lon="11.218380">
        <ele>1638.439747</ele>
        <time>2026-06-29T08:50:03.878Z</time>
      </trkpt>
      <trkpt lat="45.779998" lon="11.218223">
        <ele>1639.897414</ele>
        <time>2026-06-29T08:50:26.711Z</time>
      </trkpt>
      <trkpt lat="45.780095" lon="11.218102">
        <ele>1641.465015</ele>
        <time>2026-06-29T08:50:45.571Z</time>
      </trkpt>
      <trkpt lat="45.780077" lon="11.217994">
        <ele>1642.409231</ele>
        <time>2026-06-29T08:50:57.311Z</time>
      </trkpt>
      <trkpt lat="45.780051" lon="11.217820">
        <ele>1643.922385</ele>
        <time>2026-06-29T08:51:18.813Z</time>
      </trkpt>
      <trkpt lat="45.780006" lon="11.217676">
        <ele>1645.264166</ele>
        <time>2026-06-29T08:51:35.660Z</time>
      </trkpt>
      <trkpt lat="45.780006" lon="11.217574">
        <ele>1646.131504</ele>
        <time>2026-06-29T08:51:47.772Z</time>
      </trkpt>
      <trkpt lat="45.779996" lon="11.217460">
        <ele>1647.108519</ele>
        <time>2026-06-29T08:51:58.836Z</time>
      </trkpt>
      <trkpt lat="45.779924" lon="11.217252">
        <ele>1649.083086</ele>
        <time>2026-06-29T08:52:26.824Z</time>
      </trkpt>
      <trkpt lat="45.779896" lon="11.217233">
        <ele>1649.460779</ele>
        <time>2026-06-29T08:52:30.799Z</time>
      </trkpt>
      <trkpt lat="45.779520" lon="11.217144">
        <ele>1654.034289</ele>
        <time>2026-06-29T08:53:30.517Z</time>
      </trkpt>
      <trkpt lat="45.779426" lon="11.217069">
        <ele>1655.200243</ele>
        <time>2026-06-29T08:53:54.914Z</time>
      </trkpt>
      <trkpt lat="45.779393" lon="11.216994">
        <ele>1655.870579</ele>
        <time>2026-06-29T08:54:05.583Z</time>
      </trkpt>
      <trkpt lat="45.779415" lon="11.216944">
        <ele>1656.317470</ele>
        <time>2026-06-29T08:54:17.918Z</time>
      </trkpt>
      <trkpt lat="45.779514" lon="11.216862">
        <ele>1657.556668</ele>
        <time>2026-06-29T08:54:49.158Z</time>
      </trkpt>
      <trkpt lat="45.779569" lon="11.216769">
        <ele>1658.478393</ele>
        <time>2026-06-29T08:55:04.020Z</time>
      </trkpt>
      <trkpt lat="45.779619" lon="11.216597">
        <ele>1659.886988</ele>
        <time>2026-06-29T08:55:23.118Z</time>
      </trkpt>
      <trkpt lat="45.779628" lon="11.216018">
        <ele>1664.264810</ele>
        <time>2026-06-29T08:56:29.203Z</time>
      </trkpt>
      <trkpt lat="45.779709" lon="11.215924">
        <ele>1665.394262</ele>
        <time>2026-06-29T08:56:49.431Z</time>
      </trkpt>
      <trkpt lat="45.779894" lon="11.215768">
        <ele>1667.720467</ele>
        <time>2026-06-29T08:57:16.772Z</time>
      </trkpt>
      <trkpt lat="45.779923" lon="11.215704">
        <ele>1668.297393</ele>
        <time>2026-06-29T08:57:25.600Z</time>
      </trkpt>
      <trkpt lat="45.779928" lon="11.215438">
        <ele>1670.308840</ele>
        <time>2026-06-29T08:57:56.306Z</time>
      </trkpt>
      <trkpt lat="45.780004" lon="11.215312">
        <ele>1671.568086</ele>
        <time>2026-06-29T08:58:12.937Z</time>
      </trkpt>
      <trkpt lat="45.780062" lon="11.215259">
        <ele>1672.313539</ele>
        <time>2026-06-29T08:58:30.105Z</time>
      </trkpt>
      <trkpt lat="45.780153" lon="11.215229">
        <ele>1673.622113</ele>
        <time>2026-06-29T08:58:55.956Z</time>
      </trkpt>
      <trkpt lat="45.780221" lon="11.215185">
        <ele>1675.061014</ele>
        <time>2026-06-29T08:59:13.398Z</time>
      </trkpt>
      <trkpt lat="45.780405" lon="11.215052">
        <ele>1679.035321</ele>
        <time>2026-06-29T08:59:58.154Z</time>
      </trkpt>
      <trkpt lat="45.780486" lon="11.214933">
        <ele>1681.272046</ele>
        <time>2026-06-29T09:00:30.511Z</time>
      </trkpt>
      <trkpt lat="45.780487" lon="11.214714">
        <ele>1684.217922</ele>
        <time>2026-06-29T09:01:02.838Z</time>
      </trkpt>
      <trkpt lat="45.780451" lon="11.214618">
        <ele>1685.684078</ele>
        <time>2026-06-29T09:01:21.021Z</time>
      </trkpt>
      <trkpt lat="45.780382" lon="11.214541">
        <ele>1687.370456</ele>
        <time>2026-06-29T09:01:43.948Z</time>
      </trkpt>
      <trkpt lat="45.780273" lon="11.214326">
        <ele>1690.945863</ele>
        <time>2026-06-29T09:02:26.827Z</time>
      </trkpt>
      <trkpt lat="45.780314" lon="11.214240">
        <ele>1692.347127</ele>
        <time>2026-06-29T09:02:44.549Z</time>
      </trkpt>
      <trkpt lat="45.780253" lon="11.214086">
        <ele>1694.729417</ele>
        <time>2026-06-29T09:03:18.052Z</time>
      </trkpt>
      <trkpt lat="45.780217" lon="11.213948">
        <ele>1696.711303</ele>
        <time>2026-06-29T09:03:37.688Z</time>
      </trkpt>
      <trkpt lat="45.780239" lon="11.213901">
        <ele>1697.472708</ele>
        <time>2026-06-29T09:03:45.473Z</time>
      </trkpt>
      <trkpt lat="45.780358" lon="11.213824">
        <ele>1699.990784</ele>
        <time>2026-06-29T09:04:18.462Z</time>
      </trkpt>
      <trkpt lat="45.780354" lon="11.213763">
        <ele>1700.814929</ele>
        <time>2026-06-29T09:04:31.503Z</time>
      </trkpt>
      <trkpt lat="45.780538" lon="11.213565">
        <ele>1705.252036</ele>
        <time>2026-06-29T09:05:26.547Z</time>
      </trkpt>
      <trkpt lat="45.780693" lon="11.213147">
        <ele>1713.655310</ele>
        <time>2026-06-29T09:06:58.763Z</time>
      </trkpt>
      <trkpt lat="45.780812" lon="11.213058">
        <ele>1717.566539</ele>
        <time>2026-06-29T09:07:39.883Z</time>
      </trkpt>
      <trkpt lat="45.780864" lon="11.212972">
        <ele>1719.879805</ele>
        <time>2026-06-29T09:08:03.051Z</time>
      </trkpt>
      <trkpt lat="45.781030" lon="11.212907">
        <ele>1724.894439</ele>
        <time>2026-06-29T09:08:54.167Z</time>
      </trkpt>
      <trkpt lat="45.781079" lon="11.212843">
        <ele>1726.825973</ele>
        <time>2026-06-29T09:09:16.402Z</time>
      </trkpt>
      <trkpt lat="45.781262" lon="11.212746">
        <ele>1732.511590</ele>
        <time>2026-06-29T09:10:20.999Z</time>
      </trkpt>
      <trkpt lat="45.781271" lon="11.212640">
        <ele>1734.681769</ele>
        <time>2026-06-29T09:10:45.228Z</time>
      </trkpt>
      <trkpt lat="45.781292" lon="11.212608">
        <ele>1735.574777</ele>
        <time>2026-06-29T09:10:55.497Z</time>
      </trkpt>
      <trkpt lat="45.781444" lon="11.212594">
        <ele>1740.013428</ele>
        <time>2026-06-29T09:11:51.470Z</time>
      </trkpt>
      <trkpt lat="45.781732" lon="11.212264">
        <ele>1750.756707</ele>
        <time>2026-06-29T09:14:06.909Z</time>
      </trkpt>
      <trkpt lat="45.782032" lon="11.212152">
        <ele>1759.790640</ele>
        <time>2026-06-29T09:15:48.634Z</time>
      </trkpt>
      <trkpt lat="45.782074" lon="11.212108">
        <ele>1760.559322</ele>
        <time>2026-06-29T09:16:03.280Z</time>
      </trkpt>
      <trkpt lat="45.782095" lon="11.212015">
        <ele>1761.363088</ele>
        <time>2026-06-29T09:16:22.062Z</time>
      </trkpt>
      <trkpt lat="45.782100" lon="11.211765">
        <ele>1763.419526</ele>
        <time>2026-06-29T09:17:10.229Z</time>
      </trkpt>
      <trkpt lat="45.782393" lon="11.211134">
        <ele>1769.652686</ele>
        <time>2026-06-29T09:19:11.799Z</time>
      </trkpt>
      <trkpt lat="45.782390" lon="11.210903">
        <ele>1771.552374</ele>
        <time>2026-06-29T09:19:41.608Z</time>
      </trkpt>
      <trkpt lat="45.782389" lon="11.210864">
        <ele>1771.873261</ele>
        <time>2026-06-29T09:19:46.706Z</time>
      </trkpt>
      <trkpt lat="45.782357" lon="11.210763">
        <ele>1772.785402</ele>
        <time>2026-06-29T09:20:00.925Z</time>
      </trkpt>
      <trkpt lat="45.782274" lon="11.210679">
        <ele>1773.983179</ele>
        <time>2026-06-29T09:20:17.991Z</time>
      </trkpt>
      <trkpt lat="45.782056" lon="11.210593">
        <ele>1776.648944</ele>
        <time>2026-06-29T09:20:58.685Z</time>
      </trkpt>
      <trkpt lat="45.781892" lon="11.210452">
        <ele>1778.903473</ele>
        <time>2026-06-29T09:21:23.699Z</time>
      </trkpt>
      <trkpt lat="45.781768" lon="11.210305">
        <ele>1780.800405</ele>
        <time>2026-06-29T09:21:46.250Z</time>
      </trkpt>
      <trkpt lat="45.781480" lon="11.210065">
        <ele>1778.086252</ele>
        <time>2026-06-29T09:22:37.799Z</time>
      </trkpt>
      <trkpt lat="45.781276" lon="11.209838">
        <ele>1775.303182</ele>
        <time>2026-06-29T09:23:20.323Z</time>
      </trkpt>
      <trkpt lat="45.781186" lon="11.209595">
        <ele>1773.235079</ele>
        <time>2026-06-29T09:23:51.427Z</time>
      </trkpt>
      <trkpt lat="45.781171" lon="11.209318">
        <ele>1771.146742</ele>
        <time>2026-06-29T09:24:31.240Z</time>
      </trkpt>
      <trkpt lat="45.781121" lon="11.209157">
        <ele>1769.822020</ele>
        <time>2026-06-29T09:24:52.806Z</time>
      </trkpt>
      <trkpt lat="45.781079" lon="11.209115">
        <ele>1769.270139</ele>
        <time>2026-06-29T09:25:01.796Z</time>
      </trkpt>
      <trkpt lat="45.780791" lon="11.209397">
        <ele>1765.511420</ele>
        <time>2026-06-29T09:25:58.254Z</time>
      </trkpt>
      <trkpt lat="45.780724" lon="11.209462">
        <ele>1764.639547</ele>
        <time>2026-06-29T09:26:10.396Z</time>
      </trkpt>
      <trkpt lat="45.780620" lon="11.209440">
        <ele>1763.506516</ele>
        <time>2026-06-29T09:26:25.664Z</time>
      </trkpt>
      <trkpt lat="45.780549" lon="11.209467">
        <ele>1762.714831</ele>
        <time>2026-06-29T09:26:35.856Z</time>
      </trkpt>
      <trkpt lat="45.780107" lon="11.209183">
        <ele>1769.680682</ele>
        <time>2026-06-29T09:27:45.603Z</time>
      </trkpt>
      <trkpt lat="45.779905" lon="11.209140">
        <ele>1773.606244</ele>
        <time>2026-06-29T09:28:18.228Z</time>
      </trkpt>
      <trkpt lat="45.779866" lon="11.209078">
        <ele>1774.725579</ele>
        <time>2026-06-29T09:28:30.990Z</time>
      </trkpt>
      <trkpt lat="45.779737" lon="11.208652">
        <ele>1780.951789</ele>
        <time>2026-06-29T09:29:36.279Z</time>
      </trkpt>
      <trkpt lat="45.779981" lon="11.208441">
        <ele>1786.429125</ele>
        <time>2026-06-29T09:31:06.629Z</time>
      </trkpt>
      <trkpt lat="45.780126" lon="11.208443">
        <ele>1789.216559</ele>
        <time>2026-06-29T09:32:02.196Z</time>
      </trkpt>
      <trkpt lat="45.780201" lon="11.208419">
        <ele>1790.693735</ele>
        <time>2026-06-29T09:32:35.199Z</time>
      </trkpt>
      <trkpt lat="45.780233" lon="11.208341">
        <ele>1791.906930</ele>
        <time>2026-06-29T09:33:00.694Z</time>
      </trkpt>
      <trkpt lat="45.780240" lon="11.208178">
        <ele>1794.096282</ele>
        <time>2026-06-29T09:33:44.076Z</time>
      </trkpt>
      <trkpt lat="45.780309" lon="11.208076">
        <ele>1796.001312</ele>
        <time>2026-06-29T09:34:23.549Z</time>
      </trkpt>
      <trkpt lat="45.780429" lon="11.207971">
        <ele>1799.483204</ele>
        <time>2026-06-29T09:35:17.214Z</time>
      </trkpt>
      <trkpt lat="45.780702" lon="11.207883">
        <ele>1806.720530</ele>
        <time>2026-06-29T09:36:55.181Z</time>
      </trkpt>
      <trkpt lat="45.780816" lon="11.207749">
        <ele>1810.533233</ele>
        <time>2026-06-29T09:37:38.304Z</time>
      </trkpt>
      <trkpt lat="45.780912" lon="11.207529">
        <ele>1815.214443</ele>
        <time>2026-06-29T09:38:38.171Z</time>
      </trkpt>
      <trkpt lat="45.781000" lon="11.207392">
        <ele>1818.574154</ele>
        <time>2026-06-29T09:39:14.067Z</time>
      </trkpt>
      <trkpt lat="45.781251" lon="11.207211">
        <ele>1825.840972</ele>
        <time>2026-06-29T09:40:39.665Z</time>
      </trkpt>
      <trkpt lat="45.781286" lon="11.207161">
        <ele>1827.118840</ele>
        <time>2026-06-29T09:40:51.087Z</time>
      </trkpt>
      <trkpt lat="45.781301" lon="11.207044">
        <ele>1829.264664</ele>
        <time>2026-06-29T09:41:15.981Z</time>
      </trkpt>
      <trkpt lat="45.781223" lon="11.206926">
        <ele>1832.197348</ele>
        <time>2026-06-29T09:41:50.825Z</time>
      </trkpt>
      <trkpt lat="45.781062" lon="11.206975">
        <ele>1836.454355</ele>
        <time>2026-06-29T09:42:31.309Z</time>
      </trkpt>
      <trkpt lat="45.780972" lon="11.206882">
        <ele>1839.323675</ele>
        <time>2026-06-29T09:43:00.998Z</time>
      </trkpt>
      <trkpt lat="45.780944" lon="11.206780">
        <ele>1841.300974</ele>
        <time>2026-06-29T09:43:17.783Z</time>
      </trkpt>
      <trkpt lat="45.780876" lon="11.206698">
        <ele>1843.054181</ele>
        <time>2026-06-29T09:43:32.791Z</time>
      </trkpt>
      <trkpt lat="45.780773" lon="11.206611">
        <ele>1843.471989</ele>
        <time>2026-06-29T09:43:52.067Z</time>
      </trkpt>
      <trkpt lat="45.780685" lon="11.206350">
        <ele>1844.178619</ele>
        <time>2026-06-29T09:44:22.273Z</time>
      </trkpt>
      <trkpt lat="45.780711" lon="11.206192">
        <ele>1844.574317</ele>
        <time>2026-06-29T09:44:38.679Z</time>
      </trkpt>
      <trkpt lat="45.780712" lon="11.205995">
        <ele>1845.054513</ele>
        <time>2026-06-29T09:45:01.113Z</time>
      </trkpt>
      <trkpt lat="45.780704" lon="11.205928">
        <ele>1845.220201</ele>
        <time>2026-06-29T09:45:07.309Z</time>
      </trkpt>
      <trkpt lat="45.780728" lon="11.205750">
        <ele>1845.662107</ele>
        <time>2026-06-29T09:45:25.783Z</time>
      </trkpt>
      <trkpt lat="45.780792" lon="11.205514">
        <ele>1846.279312</ele>
        <time>2026-06-29T09:45:48.577Z</time>
      </trkpt>
      <trkpt lat="45.780885" lon="11.205396">
        <ele>1846.713338</ele>
        <time>2026-06-29T09:46:05.468Z</time>
      </trkpt>
      <trkpt lat="45.781035" lon="11.205295">
        <ele>1847.292523</ele>
        <time>2026-06-29T09:46:30.793Z</time>
      </trkpt>
      <trkpt lat="45.781278" lon="11.205155">
        <ele>1848.207816</ele>
        <time>2026-06-29T09:47:05.786Z</time>
      </trkpt>
      <trkpt lat="45.781450" lon="11.204940">
        <ele>1849.005321</ele>
        <time>2026-06-29T09:47:38.171Z</time>
      </trkpt>
      <trkpt lat="45.781549" lon="11.204740">
        <ele>1849.676520</ele>
        <time>2026-06-29T09:48:04.570Z</time>
      </trkpt>
      <trkpt lat="45.781968" lon="11.204297">
        <ele>1851.880067</ele>
        <time>2026-06-29T09:49:43.000Z</time>
      </trkpt>
      <trkpt lat="45.782072" lon="11.204210">
        <ele>1852.389719</ele>
        <time>2026-06-29T09:50:03.492Z</time>
      </trkpt>
      <trkpt lat="45.782150" lon="11.204134">
        <ele>1852.788890</ele>
        <time>2026-06-29T09:50:15.961Z</time>
      </trkpt>
      <trkpt lat="45.782307" lon="11.203996">
        <ele>1853.568364</ele>
        <time>2026-06-29T09:50:42.391Z</time>
      </trkpt>
      <trkpt lat="45.782430" lon="11.203823">
        <ele>1854.297651</ele>
        <time>2026-06-29T09:51:06.101Z</time>
      </trkpt>
      <trkpt lat="45.782531" lon="11.203658">
        <ele>1854.945727</ele>
        <time>2026-06-29T09:51:26.822Z</time>
      </trkpt>
      <trkpt lat="45.782610" lon="11.203410">
        <ele>1855.750556</ele>
        <time>2026-06-29T09:51:50.997Z</time>
      </trkpt>
      <trkpt lat="45.782655" lon="11.203363">
        <ele>1855.986205</ele>
        <time>2026-06-29T09:51:58.576Z</time>
      </trkpt>
      <trkpt lat="45.782772" lon="11.203330">
        <ele>1856.490936</ele>
        <time>2026-06-29T09:52:16.284Z</time>
      </trkpt>
      <trkpt lat="45.782804" lon="11.203221">
        <ele>1856.840041</ele>
        <time>2026-06-29T09:52:31.301Z</time>
      </trkpt>
      <trkpt lat="45.782787" lon="11.203069">
        <ele>1856.898820</ele>
        <time>2026-06-29T09:52:45.686Z</time>
      </trkpt>
      <trkpt lat="45.782821" lon="11.202623">
        <ele>1856.992274</ele>
        <time>2026-06-29T09:53:25.773Z</time>
      </trkpt>
      <trkpt lat="45.782704" lon="11.202296">
        <ele>1857.068829</ele>
        <time>2026-06-29T09:54:01.136Z</time>
      </trkpt>
      <trkpt lat="45.782622" lon="11.202059">
        <ele>1857.123937</ele>
        <time>2026-06-29T09:54:24.279Z</time>
      </trkpt>
      <trkpt lat="45.782549" lon="11.201916">
        <ele>1857.160851</ele>
        <time>2026-06-29T09:54:40.111Z</time>
      </trkpt>
      <trkpt lat="45.782535" lon="11.201827">
        <ele>1857.179856</ele>
        <time>2026-06-29T09:54:49.062Z</time>
      </trkpt>
      <trkpt lat="45.782554" lon="11.201754">
        <ele>1857.196086</ele>
        <time>2026-06-29T09:54:56.281Z</time>
      </trkpt>
      <trkpt lat="45.782546" lon="11.201645">
        <ele>1857.218916</ele>
        <time>2026-06-29T09:55:06.185Z</time>
      </trkpt>
      <trkpt lat="45.782457" lon="11.201437">
        <ele>1857.269747</ele>
        <time>2026-06-29T09:55:28.987Z</time>
      </trkpt>
      <trkpt lat="45.782463" lon="11.201215">
        <ele>1857.316024</ele>
        <time>2026-06-29T09:55:49.155Z</time>
      </trkpt>
      <trkpt lat="45.782445" lon="11.201129">
        <ele>1857.334727</ele>
        <time>2026-06-29T09:55:57.482Z</time>
      </trkpt>
      <trkpt lat="45.782339" lon="11.201014">
        <ele>1857.374429</ele>
        <time>2026-06-29T09:56:14.436Z</time>
      </trkpt>
      <trkpt lat="45.782318" lon="11.200886">
        <ele>1857.401819</ele>
        <time>2026-06-29T09:56:27.329Z</time>
      </trkpt>
      <trkpt lat="45.782237" lon="11.200743">
        <ele>1858.574221</ele>
        <time>2026-06-29T09:56:43.974Z</time>
      </trkpt>
      <trkpt lat="45.782279" lon="11.200531">
        <ele>1860.143129</ele>
        <time>2026-06-29T09:57:04.112Z</time>
      </trkpt>
      <trkpt lat="45.782294" lon="11.200344">
        <ele>1861.483128</ele>
        <time>2026-06-29T09:57:23.713Z</time>
      </trkpt>
      <trkpt lat="45.782286" lon="11.200215">
        <ele>1862.405081</ele>
        <time>2026-06-29T09:57:36.986Z</time>
      </trkpt>
      <trkpt lat="45.782255" lon="11.200153">
        <ele>1862.948167</ele>
        <time>2026-06-29T09:57:45.239Z</time>
      </trkpt>
      <trkpt lat="45.782236" lon="11.200122">
        <ele>1863.241966</ele>
        <time>2026-06-29T09:57:49.503Z</time>
      </trkpt>
      <trkpt lat="45.782146" lon="11.199972">
        <ele>1864.650611</ele>
        <time>2026-06-29T09:58:11.667Z</time>
      </trkpt>
      <trkpt lat="45.781968" lon="11.199879">
        <ele>1866.584469</ele>
        <time>2026-06-29T09:58:45.746Z</time>
      </trkpt>
      <trkpt lat="45.781895" lon="11.199793">
        <ele>1867.548887</ele>
        <time>2026-06-29T09:59:01.862Z</time>
      </trkpt>
      <trkpt lat="45.781873" lon="11.199646">
        <ele>1868.619189</ele>
        <time>2026-06-29T09:59:20.845Z</time>
      </trkpt>
      <trkpt lat="45.781906" lon="11.199366">
        <ele>1870.640740</ele>
        <time>2026-06-29T09:59:59.762Z</time>
      </trkpt>
      <trkpt lat="45.781895" lon="11.199237">
        <ele>1871.565915</ele>
        <time>2026-06-29T10:00:16.733Z</time>
      </trkpt>
      <trkpt lat="45.781848" lon="11.199125">
        <ele>1872.496447</ele>
        <time>2026-06-29T10:00:35.906Z</time>
      </trkpt>
      <trkpt lat="45.781756" lon="11.198717">
        <ele>1875.549008</ele>
        <time>2026-06-29T10:01:40.361Z</time>
      </trkpt>
      <trkpt lat="45.781621" lon="11.198472">
        <ele>1880.120099</ele>
        <time>2026-06-29T10:02:32.959Z</time>
      </trkpt>
      <trkpt lat="45.781499" lon="11.198338">
        <ele>1883.525631</ele>
        <time>2026-06-29T10:03:04.269Z</time>
      </trkpt>
      <trkpt lat="45.781414" lon="11.198068">
        <ele>1888.103763</ele>
        <time>2026-06-29T10:03:56.194Z</time>
      </trkpt>
      <trkpt lat="45.781380" lon="11.197892">
        <ele>1890.926164</ele>
        <time>2026-06-29T10:04:26.625Z</time>
      </trkpt>
      <trkpt lat="45.781249" lon="11.197885">
        <ele>1893.831152</ele>
        <time>2026-06-29T10:05:01.632Z</time>
      </trkpt>
      <trkpt lat="45.781207" lon="11.197806">
        <ele>1895.366356</ele>
        <time>2026-06-29T10:05:21.407Z</time>
      </trkpt>
      <trkpt lat="45.781202" lon="11.197719">
        <ele>1896.715452</ele>
        <time>2026-06-29T10:05:38.556Z</time>
      </trkpt>
      <trkpt lat="45.781272" lon="11.197571">
        <ele>1899.479108</ele>
        <time>2026-06-29T10:06:12.618Z</time>
      </trkpt>
      <trkpt lat="45.781333" lon="11.197313">
        <ele>1903.689261</ele>
        <time>2026-06-29T10:07:08.850Z</time>
      </trkpt>
      <trkpt lat="45.781323" lon="11.197183">
        <ele>1905.710521</ele>
        <time>2026-06-29T10:07:35.144Z</time>
      </trkpt>
      <trkpt lat="45.781271" lon="11.197078">
        <ele>1907.700763</ele>
        <time>2026-06-29T10:08:00.562Z</time>
      </trkpt>
      <trkpt lat="45.781265" lon="11.197005">
        <ele>1908.836745</ele>
        <time>2026-06-29T10:08:16.070Z</time>
      </trkpt>
      <trkpt lat="45.781279" lon="11.196891">
        <ele>1910.625659</ele>
        <time>2026-06-29T10:08:41.059Z</time>
      </trkpt>
      <trkpt lat="45.781388" lon="11.196639">
        <ele>1915.208415</ele>
        <time>2026-06-29T10:09:40.159Z</time>
      </trkpt>
      <trkpt lat="45.781446" lon="11.196398">
        <ele>1918.582451</ele>
        <time>2026-06-29T10:10:29.793Z</time>
      </trkpt>
      <trkpt lat="45.781453" lon="11.196276">
        <ele>1920.170405</ele>
        <time>2026-06-29T10:10:53.150Z</time>
      </trkpt>
      <trkpt lat="45.781396" lon="11.196094">
        <ele>1922.758487</ele>
        <time>2026-06-29T10:11:30.413Z</time>
      </trkpt>
      <trkpt lat="45.781408" lon="11.195751">
        <ele>1927.213547</ele>
        <time>2026-06-29T10:12:34.064Z</time>
      </trkpt>
      <trkpt lat="45.781407" lon="11.195663">
        <ele>1928.355252</ele>
        <time>2026-06-29T10:12:51.319Z</time>
      </trkpt>
      <trkpt lat="45.781321" lon="11.195319">
        <ele>1933.095752</ele>
        <time>2026-06-29T10:13:58.113Z</time>
      </trkpt>
      <trkpt lat="45.781370" lon="11.194952">
        <ele>1937.943016</ele>
        <time>2026-06-29T10:15:02.236Z</time>
      </trkpt>
      <trkpt lat="45.781366" lon="11.194831">
        <ele>1939.514416</ele>
        <time>2026-06-29T10:15:20.612Z</time>
      </trkpt>
      <trkpt lat="45.781348" lon="11.194662">
        <ele>1941.732140</ele>
        <time>2026-06-29T10:15:48.183Z</time>
      </trkpt>
      <trkpt lat="45.781314" lon="11.194534">
        <ele>1943.508946</ele>
        <time>2026-06-29T10:16:07.186Z</time>
      </trkpt>
      <trkpt lat="45.781243" lon="11.194330">
        <ele>1946.466519</ele>
        <time>2026-06-29T10:16:34.648Z</time>
      </trkpt>
      <trkpt lat="45.781154" lon="11.193928">
        <ele>1949.144690</ele>
        <time>2026-06-29T10:17:19.140Z</time>
      </trkpt>
      <trkpt lat="45.781172" lon="11.193867">
        <ele>1949.163914</ele>
        <time>2026-06-29T10:17:25.066Z</time>
      </trkpt>
      <trkpt lat="45.781344" lon="11.193798">
        <ele>1949.238242</ele>
        <time>2026-06-29T10:17:53.585Z</time>
      </trkpt>
      <trkpt lat="45.781411" lon="11.193705">
        <ele>1949.277048</ele>
        <time>2026-06-29T10:18:07.697Z</time>
      </trkpt>
      <trkpt lat="45.781441" lon="11.193620">
        <ele>1949.304697</ele>
        <time>2026-06-29T10:18:16.573Z</time>
      </trkpt>
      <trkpt lat="45.781421" lon="11.193410">
        <ele>1949.366211</ele>
        <time>2026-06-29T10:18:37.242Z</time>
      </trkpt>
      <trkpt lat="45.781314" lon="11.192927">
        <ele>1949.513294</ele>
        <time>2026-06-29T10:19:22.213Z</time>
      </trkpt>
      <trkpt lat="45.781293" lon="11.192739">
        <ele>1949.568552</ele>
        <time>2026-06-29T10:19:40.806Z</time>
      </trkpt>
      <trkpt lat="45.781310" lon="11.192457">
        <ele>1949.650702</ele>
        <time>2026-06-29T10:20:08.107Z</time>
      </trkpt>
      <trkpt lat="45.781217" lon="11.192152">
        <ele>1949.747313</ele>
        <time>2026-06-29T10:20:40.189Z</time>
      </trkpt>
      <trkpt lat="45.781222" lon="11.192082">
        <ele>1949.767736</ele>
        <time>2026-06-29T10:20:47.435Z</time>
      </trkpt>
      <trkpt lat="45.781310" lon="11.192050">
        <ele>1949.805517</ele>
        <time>2026-06-29T10:20:59.264Z</time>
      </trkpt>
      <trkpt lat="45.781514" lon="11.192200">
        <ele>1948.320126</ele>
        <time>2026-06-29T10:21:31.400Z</time>
      </trkpt>
      <trkpt lat="45.781669" lon="11.192246">
        <ele>1946.932351</ele>
        <time>2026-06-29T10:21:53.726Z</time>
      </trkpt>
      <trkpt lat="45.781720" lon="11.192224">
        <ele>1946.465409</ele>
        <time>2026-06-29T10:22:01.449Z</time>
      </trkpt>
      <trkpt lat="45.781742" lon="11.192154">
        <ele>1945.995942</ele>
        <time>2026-06-29T10:22:09.780Z</time>
      </trkpt>
      <trkpt lat="45.781733" lon="11.191937">
        <ele>1944.666762</ele>
        <time>2026-06-29T10:22:32.561Z</time>
      </trkpt>
      <trkpt lat="45.781701" lon="11.191808">
        <ele>1943.829586</ele>
        <time>2026-06-29T10:22:45.977Z</time>
      </trkpt>
      <trkpt lat="45.781748" lon="11.191532">
        <ele>1942.092416</ele>
        <time>2026-06-29T10:23:16.130Z</time>
      </trkpt>
      <trkpt lat="45.781707" lon="11.191476">
        <ele>1941.595966</ele>
        <time>2026-06-29T10:23:25.064Z</time>
      </trkpt>
      <trkpt lat="45.781703" lon="11.191406">
        <ele>1941.166520</ele>
        <time>2026-06-29T10:23:32.220Z</time>
      </trkpt>
      <trkpt lat="45.781764" lon="11.191230">
        <ele>1939.964805</ele>
        <time>2026-06-29T10:23:52.376Z</time>
      </trkpt>
      <trkpt lat="45.781744" lon="11.191130">
        <ele>1939.328713</ele>
        <time>2026-06-29T10:24:03.968Z</time>
      </trkpt>
      <trkpt lat="45.781787" lon="11.191009">
        <ele>1938.498347</ele>
        <time>2026-06-29T10:24:18.225Z</time>
      </trkpt>
      <trkpt lat="45.781802" lon="11.190813">
        <ele>1937.292722</ele>
        <time>2026-06-29T10:24:37.309Z</time>
      </trkpt>
      <trkpt lat="45.781748" lon="11.190655">
        <ele>1936.216865</ele>
        <time>2026-06-29T10:24:55.351Z</time>
      </trkpt>
      <trkpt lat="45.781756" lon="11.190304">
        <ele>1934.069549</ele>
        <time>2026-06-29T10:25:31.103Z</time>
      </trkpt>
      <trkpt lat="45.781768" lon="11.190241">
        <ele>1933.559724</ele>
        <time>2026-06-29T10:25:38.057Z</time>
      </trkpt>
      <trkpt lat="45.781881" lon="11.190188">
        <ele>1932.221469</ele>
        <time>2026-06-29T10:25:55.449Z</time>
      </trkpt>
      <trkpt lat="45.781922" lon="11.190132">
        <ele>1931.584110</ele>
        <time>2026-06-29T10:26:03.867Z</time>
      </trkpt>
      <trkpt lat="45.781881" lon="11.189984">
        <ele>1930.334017</ele>
        <time>2026-06-29T10:26:21.018Z</time>
      </trkpt>
      <trkpt lat="45.781928" lon="11.189798">
        <ele>1928.781044</ele>
        <time>2026-06-29T10:26:42.173Z</time>
      </trkpt>
      <trkpt lat="45.781890" lon="11.189721">
        <ele>1928.040567</ele>
        <time>2026-06-29T10:26:51.464Z</time>
      </trkpt>
      <trkpt lat="45.781879" lon="11.189626">
        <ele>1927.284616</ele>
        <time>2026-06-29T10:27:02.436Z</time>
      </trkpt>
      <trkpt lat="45.781769" lon="11.189495">
        <ele>1925.675096</ele>
        <time>2026-06-29T10:27:25.714Z</time>
      </trkpt>
      <trkpt lat="45.781700" lon="11.189491">
        <ele>1924.897790</ele>
        <time>2026-06-29T10:27:36.163Z</time>
      </trkpt>
      <trkpt lat="45.781650" lon="11.189342">
        <ele>1923.599787</ele>
        <time>2026-06-29T10:27:53.574Z</time>
      </trkpt>
      <trkpt lat="45.781660" lon="11.189094">
        <ele>1921.649748</ele>
        <time>2026-06-29T10:28:25.712Z</time>
      </trkpt>
      <trkpt lat="45.781599" lon="11.189032">
        <ele>1920.808128</ele>
        <time>2026-06-29T10:28:36.427Z</time>
      </trkpt>
      <trkpt lat="45.781608" lon="11.188985">
        <ele>1920.425524</ele>
        <time>2026-06-29T10:28:40.963Z</time>
      </trkpt>
      <trkpt lat="45.781703" lon="11.188887">
        <ele>1919.108223</ele>
        <time>2026-06-29T10:29:00.844Z</time>
      </trkpt>
      <trkpt lat="45.781838" lon="11.188795">
        <ele>1917.425764</ele>
        <time>2026-06-29T10:29:24.277Z</time>
      </trkpt>
      <trkpt lat="45.781968" lon="11.188900">
        <ele>1915.746299</ele>
        <time>2026-06-29T10:29:44.314Z</time>
      </trkpt>
      <trkpt lat="45.782056" lon="11.188619">
        <ele>1913.638983</ele>
        <time>2026-06-29T10:30:19.326Z</time>
      </trkpt>
      <trkpt lat="45.782108" lon="11.188533">
        <ele>1913.317225</ele>
        <time>2026-06-29T10:30:29.234Z</time>
      </trkpt>
      <trkpt lat="45.782165" lon="11.188433">
        <ele>1912.952135</ele>
        <time>2026-06-29T10:30:42.579Z</time>
      </trkpt>
      <trkpt lat="45.782302" lon="11.188220">
        <ele>1912.133039</ele>
        <time>2026-06-29T10:31:11.765Z</time>
      </trkpt>
      <trkpt lat="45.782478" lon="11.187922">
        <ele>1911.029155</ele>
        <time>2026-06-29T10:31:45.991Z</time>
      </trkpt>
      <trkpt lat="45.782583" lon="11.187863">
        <ele>1910.572034</ele>
        <time>2026-06-29T10:32:00.721Z</time>
      </trkpt>
      <trkpt lat="45.782664" lon="11.187882">
        <ele>1910.239343</ele>
        <time>2026-06-29T10:32:12.812Z</time>
      </trkpt>
      <trkpt lat="45.782583" lon="11.187863">
        <ele>1909.906651</ele>
        <time>2026-06-29T10:32:25.758Z</time>
      </trkpt>
      <trkpt lat="45.782664" lon="11.187882">
        <ele>1909.573959</ele>
        <time>2026-06-29T10:32:36.438Z</time>
      </trkpt>
      <trkpt lat="45.782673" lon="11.188010">
        <ele>1909.210296</ele>
        <time>2026-06-29T10:32:49.004Z</time>
      </trkpt>
      <trkpt lat="45.782646" lon="11.188226">
        <ele>1908.589979</ele>
        <time>2026-06-29T10:33:08.640Z</time>
      </trkpt>
      <trkpt lat="45.782728" lon="11.188337">
        <ele>1908.132890</ele>
        <time>2026-06-29T10:33:24.654Z</time>
      </trkpt>
      <trkpt lat="45.782869" lon="11.187944">
        <ele>1906.883568</ele>
        <time>2026-06-29T10:34:06.813Z</time>
      </trkpt>
      <trkpt lat="45.783089" lon="11.187637">
        <ele>1906.800507</ele>
        <time>2026-06-29T10:34:46.404Z</time>
      </trkpt>
      <trkpt lat="45.783190" lon="11.187575">
        <ele>1906.940236</ele>
        <time>2026-06-29T10:35:00.653Z</time>
      </trkpt>
      <trkpt lat="45.783289" lon="11.187434">
        <ele>1907.117698</ele>
        <time>2026-06-29T10:35:18.153Z</time>
      </trkpt>
      <trkpt lat="45.783313" lon="11.187409">
        <ele>1907.155426</ele>
        <time>2026-06-29T10:35:23.104Z</time>
      </trkpt>
      <trkpt lat="45.783343" lon="11.187257">
        <ele>1907.295535</ele>
        <time>2026-06-29T10:35:37.463Z</time>
      </trkpt>
      <trkpt lat="45.783426" lon="11.187313">
        <ele>1907.412197</ele>
        <time>2026-06-29T10:35:53.519Z</time>
      </trkpt>
      <trkpt lat="45.783480" lon="11.187120">
        <ele>1907.596638</ele>
        <time>2026-06-29T10:36:11.843Z</time>
      </trkpt>
      <trkpt lat="45.783538" lon="11.187163">
        <ele>1907.679680</ele>
        <time>2026-06-29T10:36:21.783Z</time>
      </trkpt>
      <trkpt lat="45.783617" lon="11.187070">
        <ele>1907.809675</ele>
        <time>2026-06-29T10:36:36.459Z</time>
      </trkpt>
      <trkpt lat="45.783794" lon="11.186909">
        <ele>1908.076257</ele>
        <time>2026-06-29T10:37:04.107Z</time>
      </trkpt>
      <trkpt lat="45.783984" lon="11.186816">
        <ele>1908.331592</ele>
        <time>2026-06-29T10:37:33.588Z</time>
      </trkpt>
      <trkpt lat="45.784109" lon="11.186644">
        <ele>1908.551923</ele>
        <time>2026-06-29T10:37:55.424Z</time>
      </trkpt>
      <trkpt lat="45.784026" lon="11.186542">
        <ele>1908.690946</ele>
        <time>2026-06-29T10:38:07.721Z</time>
      </trkpt>
      <trkpt lat="45.783965" lon="11.186307">
        <ele>1908.944173</ele>
        <time>2026-06-29T10:38:26.194Z</time>
      </trkpt>
      <trkpt lat="45.784026" lon="11.186542">
        <ele>1909.233379</ele>
        <time>2026-06-29T10:38:43.860Z</time>
      </trkpt>
      <trkpt lat="45.784109" lon="11.186644">
        <ele>1909.414164</ele>
        <time>2026-06-29T10:38:55.060Z</time>
      </trkpt>
      <trkpt lat="45.784315" lon="11.186654">
        <ele>1909.755058</ele>
        <time>2026-06-29T10:39:17.205Z</time>
      </trkpt>
      <trkpt lat="45.784321" lon="11.186768">
        <ele>1909.886914</ele>
        <time>2026-06-29T10:39:25.814Z</time>
      </trkpt>
      <trkpt lat="45.784271" lon="11.186895">
        <ele>1910.055121</ele>
        <time>2026-06-29T10:39:37.529Z</time>
      </trkpt>
      <trkpt lat="45.784046" lon="11.187400">
        <ele>1910.746291</ele>
        <time>2026-06-29T10:40:26.420Z</time>
      </trkpt>
      <trkpt lat="45.783646" lon="11.188421">
        <ele>1910.369256</ele>
        <time>2026-06-29T10:41:51.928Z</time>
      </trkpt>
      <trkpt lat="45.783563" lon="11.188700">
        <ele>1908.778834</ele>
        <time>2026-06-29T10:42:14.505Z</time>
      </trkpt>
      <trkpt lat="45.783487" lon="11.189332">
        <ele>1905.416169</ele>
        <time>2026-06-29T10:43:05.278Z</time>
      </trkpt>
      <trkpt lat="45.783474" lon="11.189518">
        <ele>1904.436031</ele>
        <time>2026-06-29T10:43:20.305Z</time>
      </trkpt>
      <trkpt lat="45.783490" lon="11.189692">
        <ele>1903.515801</ele>
        <time>2026-06-29T10:43:34.631Z</time>
      </trkpt>
      <trkpt lat="45.783532" lon="11.189906">
        <ele>1902.350147</ele>
        <time>2026-06-29T10:43:53.193Z</time>
      </trkpt>
      <trkpt lat="45.783626" lon="11.190161">
        <ele>1900.837809</ele>
        <time>2026-06-29T10:44:17.430Z</time>
      </trkpt>
      <trkpt lat="45.783657" lon="11.190499">
        <ele>1899.050319</ele>
        <time>2026-06-29T10:44:46.833Z</time>
      </trkpt>
      <trkpt lat="45.783791" lon="11.190762">
        <ele>1896.510104</ele>
        <time>2026-06-29T10:45:15.819Z</time>
      </trkpt>
      <trkpt lat="45.783843" lon="11.190838">
        <ele>1895.446520</ele>
        <time>2026-06-29T10:45:25.407Z</time>
      </trkpt>
      <trkpt lat="45.783965" lon="11.190932">
        <ele>1893.462643</ele>
        <time>2026-06-29T10:45:43.491Z</time>
      </trkpt>
      <trkpt lat="45.784057" lon="11.191093">
        <ele>1891.383384</ele>
        <time>2026-06-29T10:46:02.769Z</time>
      </trkpt>
      <trkpt lat="45.784089" lon="11.191256">
        <ele>1889.691829</ele>
        <time>2026-06-29T10:46:18.392Z</time>
      </trkpt>
      <trkpt lat="45.784042" lon="11.191373">
        <ele>1888.343032</ele>
        <time>2026-06-29T10:46:31.267Z</time>
      </trkpt>
      <trkpt lat="45.783946" lon="11.191484">
        <ele>1886.576535</ele>
        <time>2026-06-29T10:46:48.324Z</time>
      </trkpt>
      <trkpt lat="45.783951" lon="11.191601">
        <ele>1885.405586</ele>
        <time>2026-06-29T10:46:59.340Z</time>
      </trkpt>
      <trkpt lat="45.784076" lon="11.192151">
        <ele>1879.627022</ele>
        <time>2026-06-29T10:47:51.710Z</time>
      </trkpt>
      <trkpt lat="45.784326" lon="11.192459">
        <ele>1874.905737</ele>
        <time>2026-06-29T10:48:32.776Z</time>
      </trkpt>
      <trkpt lat="45.784418" lon="11.192618">
        <ele>1872.841901</ele>
        <time>2026-06-29T10:48:50.349Z</time>
      </trkpt>
      <trkpt lat="45.784616" lon="11.192820">
        <ele>1869.994844</ele>
        <time>2026-06-29T10:49:19.493Z</time>
      </trkpt>
      <trkpt lat="45.784609" lon="11.192943">
        <ele>1869.011169</ele>
        <time>2026-06-29T10:49:29.862Z</time>
      </trkpt>
      <trkpt lat="45.784534" lon="11.193107">
        <ele>1867.447930</ele>
        <time>2026-06-29T10:49:46.268Z</time>
      </trkpt>
      <trkpt lat="45.784418" lon="11.193243">
        <ele>1865.735293</ele>
        <time>2026-06-29T10:50:04.261Z</time>
      </trkpt>
      <trkpt lat="45.784398" lon="11.193374">
        <ele>1864.666376</ele>
        <time>2026-06-29T10:50:15.488Z</time>
      </trkpt>
      <trkpt lat="45.784442" lon="11.193552">
        <ele>1863.161060</ele>
        <time>2026-06-29T10:50:31.402Z</time>
      </trkpt>
      <trkpt lat="45.784210" lon="11.193759">
        <ele>1860.037863</ele>
        <time>2026-06-29T10:51:04.535Z</time>
      </trkpt>
      <trkpt lat="45.784133" lon="11.193863">
        <ele>1858.828811</ele>
        <time>2026-06-29T10:51:17.639Z</time>
      </trkpt>
      <trkpt lat="45.784117" lon="11.194001">
        <ele>1857.713724</ele>
        <time>2026-06-29T10:51:29.710Z</time>
      </trkpt>
      <trkpt lat="45.783968" lon="11.194372">
        <ele>1854.301154</ele>
        <time>2026-06-29T10:52:06.574Z</time>
      </trkpt>
      <trkpt lat="45.783896" lon="11.194652">
        <ele>1851.920403</ele>
        <time>2026-06-29T10:52:32.444Z</time>
      </trkpt>
      <trkpt lat="45.783720" lon="11.194947">
        <ele>1848.452429</ele>
        <time>2026-06-29T10:53:06.031Z</time>
      </trkpt>
      <trkpt lat="45.783677" lon="11.195237">
        <ele>1845.803981</ele>
        <time>2026-06-29T10:53:31.526Z</time>
      </trkpt>
      <trkpt lat="45.783697" lon="11.195465">
        <ele>1843.751232</ele>
        <time>2026-06-29T10:53:51.287Z</time>
      </trkpt>
      <trkpt lat="45.783745" lon="11.195567">
        <ele>1842.652029</ele>
        <time>2026-06-29T10:54:01.843Z</time>
      </trkpt>
      <trkpt lat="45.783884" lon="11.195702">
        <ele>1840.501564</ele>
        <time>2026-06-29T10:54:22.798Z</time>
      </trkpt>
      <trkpt lat="45.783930" lon="11.195865">
        <ele>1838.930802</ele>
        <time>2026-06-29T10:54:38.118Z</time>
      </trkpt>
      <trkpt lat="45.783963" lon="11.196140">
        <ele>1836.438163</ele>
        <time>2026-06-29T10:55:02.475Z</time>
      </trkpt>
      <trkpt lat="45.784028" lon="11.196365">
        <ele>1834.262640</ele>
        <time>2026-06-29T10:55:23.870Z</time>
      </trkpt>
      <trkpt lat="45.784148" lon="11.196471">
        <ele>1832.457273</ele>
        <time>2026-06-29T10:55:41.733Z</time>
      </trkpt>
      <trkpt lat="45.784230" lon="11.196590">
        <ele>1830.962863</ele>
        <time>2026-06-29T10:55:56.613Z</time>
      </trkpt>
      <trkpt lat="45.784255" lon="11.196737">
        <ele>1829.611256</ele>
        <time>2026-06-29T10:56:10.174Z</time>
      </trkpt>
      <trkpt lat="45.783935" lon="11.197306">
        <ele>1823.363234</ele>
        <time>2026-06-29T10:57:14.076Z</time>
      </trkpt>
      <trkpt lat="45.783835" lon="11.197691">
        <ele>1819.870948</ele>
        <time>2026-06-29T10:57:50.227Z</time>
      </trkpt>
      <trkpt lat="45.783833" lon="11.197909">
        <ele>1818.017697</ele>
        <time>2026-06-29T10:58:09.268Z</time>
      </trkpt>
      <trkpt lat="45.783892" lon="11.198070">
        <ele>1816.471678</ele>
        <time>2026-06-29T10:58:25.194Z</time>
      </trkpt>
      <trkpt lat="45.784115" lon="11.198382">
        <ele>1812.673992</ele>
        <time>2026-06-29T10:59:03.507Z</time>
      </trkpt>
      <trkpt lat="45.784156" lon="11.198506">
        <ele>1811.507470</ele>
        <time>2026-06-29T10:59:15.128Z</time>
      </trkpt>
      <trkpt lat="45.784188" lon="11.198889">
        <ele>1808.228549</ele>
        <time>2026-06-29T10:59:47.632Z</time>
      </trkpt>
      <trkpt lat="45.784275" lon="11.199057">
        <ele>1806.599877</ele>
        <time>2026-06-29T11:00:04.895Z</time>
      </trkpt>
      <trkpt lat="45.784405" lon="11.199172">
        <ele>1805.269922</ele>
        <time>2026-06-29T11:00:23.219Z</time>
      </trkpt>
      <trkpt lat="45.784696" lon="11.199267">
        <ele>1802.671370</ele>
        <time>2026-06-29T11:00:58.789Z</time>
      </trkpt>
      <trkpt lat="45.784802" lon="11.199408">
        <ele>1801.412494</ele>
        <time>2026-06-29T11:01:15.866Z</time>
      </trkpt>
      <trkpt lat="45.784929" lon="11.199798">
        <ele>1798.799021</ele>
        <time>2026-06-29T11:01:51.185Z</time>
      </trkpt>
      <trkpt lat="45.784962" lon="11.200107">
        <ele>1796.900955</ele>
        <time>2026-06-29T11:02:16.559Z</time>
      </trkpt>
      <trkpt lat="45.785041" lon="11.200410">
        <ele>1794.936814</ele>
        <time>2026-06-29T11:02:42.725Z</time>
      </trkpt>
      <trkpt lat="45.785076" lon="11.200853">
        <ele>1792.229796</ele>
        <time>2026-06-29T11:03:18.995Z</time>
      </trkpt>
      <trkpt lat="45.785159" lon="11.201023">
        <ele>1791.182545</ele>
        <time>2026-06-29T11:03:35.887Z</time>
      </trkpt>
      <trkpt lat="45.785277" lon="11.201143">
        <ele>1790.700607</ele>
        <time>2026-06-29T11:03:52.653Z</time>
      </trkpt>
      <trkpt lat="45.785532" lon="11.201238">
        <ele>1789.822871</ele>
        <time>2026-06-29T11:04:22.077Z</time>
      </trkpt>
      <trkpt lat="45.785693" lon="11.201350">
        <ele>1789.226717</ele>
        <time>2026-06-29T11:04:41.598Z</time>
      </trkpt>
      <trkpt lat="45.785756" lon="11.201488">
        <ele>1788.843522</ele>
        <time>2026-06-29T11:04:54.059Z</time>
      </trkpt>
      <trkpt lat="45.785775" lon="11.201663">
        <ele>1788.432063</ele>
        <time>2026-06-29T11:05:07.155Z</time>
      </trkpt>
      <trkpt lat="45.785773" lon="11.202249">
        <ele>1787.070649</ele>
        <time>2026-06-29T11:05:48.909Z</time>
      </trkpt>
      <trkpt lat="45.785888" lon="11.202522">
        <ele>1786.329679</ele>
        <time>2026-06-29T11:06:11.506Z</time>
      </trkpt>
      <trkpt lat="45.786300" lon="11.203280">
        <ele>1784.829364</ele>
        <time>2026-06-29T11:07:20.789Z</time>
      </trkpt>
      <trkpt lat="45.786412" lon="11.203695">
        <ele>1784.413515</ele>
        <time>2026-06-29T11:07:52.882Z</time>
      </trkpt>
      <trkpt lat="45.786400" lon="11.203944">
        <ele>1784.180269</ele>
        <time>2026-06-29T11:08:11.395Z</time>
      </trkpt>
      <trkpt lat="45.786415" lon="11.204082">
        <ele>1784.049750</ele>
        <time>2026-06-29T11:08:22.228Z</time>
      </trkpt>
      <trkpt lat="45.786664" lon="11.204518">
        <ele>1783.523105</ele>
        <time>2026-06-29T11:09:01.773Z</time>
      </trkpt>
      <trkpt lat="45.786711" lon="11.204568">
        <ele>1783.444682</ele>
        <time>2026-06-29T11:09:08.714Z</time>
      </trkpt>
      <trkpt lat="45.786887" lon="11.204798">
        <ele>1783.125580</ele>
        <time>2026-06-29T11:09:34.067Z</time>
      </trkpt>
      <trkpt lat="45.787220" lon="11.205449">
        <ele>1780.139705</ele>
        <time>2026-06-29T11:10:35.997Z</time>
      </trkpt>
      <trkpt lat="45.787569" lon="11.205485">
        <ele>1777.735906</ele>
        <time>2026-06-29T11:11:15.358Z</time>
      </trkpt>
      <trkpt lat="45.787886" lon="11.205561">
        <ele>1775.527915</ele>
        <time>2026-06-29T11:11:52.668Z</time>
      </trkpt>
      <trkpt lat="45.788127" lon="11.205748">
        <ele>1773.645446</ele>
        <time>2026-06-29T11:12:23.863Z</time>
      </trkpt>
      <trkpt lat="45.788210" lon="11.205782">
        <ele>1773.052436</ele>
        <time>2026-06-29T11:12:32.998Z</time>
      </trkpt>
      <trkpt lat="45.788323" lon="11.205779">
        <ele>1772.276001</ele>
        <time>2026-06-29T11:12:45.654Z</time>
      </trkpt>
      <trkpt lat="45.788556" lon="11.205897">
        <ele>1770.578427</ele>
        <time>2026-06-29T11:13:14.102Z</time>
      </trkpt>
      <trkpt lat="45.789203" lon="11.206682">
        <ele>1762.071096</ele>
        <time>2026-06-29T11:14:59.882Z</time>
      </trkpt>
      <trkpt lat="45.789205" lon="11.206686">
        <ele>1762.036600</ele>
        <time>2026-06-29T11:15:00.349Z</time>
      </trkpt>
      <trkpt lat="45.789353" lon="11.206970">
        <ele>1759.551747</ele>
        <time>2026-06-29T11:15:31.370Z</time>
      </trkpt>
      <trkpt lat="45.789759" lon="11.207456">
        <ele>1754.236352</ele>
        <time>2026-06-29T11:16:34.149Z</time>
      </trkpt>
      <trkpt lat="45.789943" lon="11.207611">
        <ele>1752.421067</ele>
        <time>2026-06-29T11:16:58.324Z</time>
      </trkpt>
      <trkpt lat="45.790418" lon="11.207744">
        <ele>1751.711782</ele>
        <time>2026-06-29T11:17:52.314Z</time>
      </trkpt>
      <trkpt lat="45.790646" lon="11.207894">
        <ele>1751.344153</ele>
        <time>2026-06-29T11:18:18.365Z</time>
      </trkpt>
      <trkpt lat="45.790683" lon="11.207993">
        <ele>1751.229368</ele>
        <time>2026-06-29T11:18:26.668Z</time>
      </trkpt>
      <trkpt lat="45.790665" lon="11.208251">
        <ele>1750.964399</ele>
        <time>2026-06-29T11:18:44.992Z</time>
      </trkpt>
      <trkpt lat="45.790453" lon="11.208605">
        <ele>1750.487534</ele>
        <time>2026-06-29T11:19:17.922Z</time>
      </trkpt>
      <trkpt lat="45.790376" lon="11.208934">
        <ele>1750.132891</ele>
        <time>2026-06-29T11:19:42.886Z</time>
      </trkpt>
      <trkpt lat="45.790315" lon="11.209032">
        <ele>1749.998646</ele>
        <time>2026-06-29T11:19:52.852Z</time>
      </trkpt>
      <trkpt lat="45.790136" lon="11.209007">
        <ele>1750.014481</ele>
        <time>2026-06-29T11:20:12.786Z</time>
      </trkpt>
      <trkpt lat="45.789944" lon="11.209076">
        <ele>1750.487390</ele>
        <time>2026-06-29T11:20:37.361Z</time>
      </trkpt>
      <trkpt lat="45.789822" lon="11.209220">
        <ele>1750.864900</ele>
        <time>2026-06-29T11:20:57.344Z</time>
      </trkpt>
      <trkpt lat="45.789759" lon="11.209278">
        <ele>1751.043765</ele>
        <time>2026-06-29T11:21:07.552Z</time>
      </trkpt>
      <trkpt lat="45.789404" lon="11.209499">
        <ele>1751.968396</ele>
        <time>2026-06-29T11:21:57.694Z</time>
      </trkpt>
      <trkpt lat="45.789272" lon="11.209618">
        <ele>1752.340907</ele>
        <time>2026-06-29T11:22:16.079Z</time>
      </trkpt>
      <trkpt lat="45.789158" lon="11.209967">
        <ele>1752.982971</ele>
        <time>2026-06-29T11:22:46.126Z</time>
      </trkpt>
      <trkpt lat="45.789055" lon="11.210141">
        <ele>1753.363222</ele>
        <time>2026-06-29T11:23:02.093Z</time>
      </trkpt>
      <trkpt lat="45.788906" lon="11.210224">
        <ele>1753.745125</ele>
        <time>2026-06-29T11:23:19.195Z</time>
      </trkpt>
      <trkpt lat="45.788838" lon="11.210305">
        <ele>1753.956325</ele>
        <time>2026-06-29T11:23:28.866Z</time>
      </trkpt>
      <trkpt lat="45.788785" lon="11.210537">
        <ele>1753.262673</ele>
        <time>2026-06-29T11:23:48.382Z</time>
      </trkpt>
      <trkpt lat="45.788522" lon="11.210657">
        <ele>1750.689129</ele>
        <time>2026-06-29T11:24:20.803Z</time>
      </trkpt>
      <trkpt lat="45.788303" lon="11.210889">
        <ele>1748.150252</ele>
        <time>2026-06-29T11:24:53.882Z</time>
      </trkpt>
      <trkpt lat="45.788282" lon="11.210972">
        <ele>1747.576137</ele>
        <time>2026-06-29T11:25:01.338Z</time>
      </trkpt>
      <trkpt lat="45.788478" lon="11.211480">
        <ele>1743.801079</ele>
        <time>2026-06-29T11:25:49.724Z</time>
      </trkpt>
      <trkpt lat="45.788488" lon="11.211588">
        <ele>1743.092673</ele>
        <time>2026-06-29T11:25:59.082Z</time>
      </trkpt>
      <trkpt lat="45.788209" lon="11.211882">
        <ele>1739.864235</ele>
        <time>2026-06-29T11:26:40.550Z</time>
      </trkpt>
      <trkpt lat="45.788086" lon="11.211898">
        <ele>1738.712582</ele>
        <time>2026-06-29T11:26:55.287Z</time>
      </trkpt>
      <trkpt lat="45.787987" lon="11.211902">
        <ele>1737.789064</ele>
        <time>2026-06-29T11:27:07.200Z</time>
      </trkpt>
      <trkpt lat="45.787813" lon="11.211840">
        <ele>1736.022831</ele>
        <time>2026-06-29T11:27:29.553Z</time>
      </trkpt>
      <trkpt lat="45.787571" lon="11.211678">
        <ele>1733.344358</ele>
        <time>2026-06-29T11:28:02.624Z</time>
      </trkpt>
      <trkpt lat="45.787202" lon="11.211609">
        <ele>1729.612260</ele>
        <time>2026-06-29T11:28:48.705Z</time>
      </trkpt>
      <trkpt lat="45.786945" lon="11.211683">
        <ele>1726.983316</ele>
        <time>2026-06-29T11:29:20.227Z</time>
      </trkpt>
      <trkpt lat="45.786768" lon="11.211846">
        <ele>1724.873640</ele>
        <time>2026-06-29T11:29:44.955Z</time>
      </trkpt>
      <trkpt lat="45.786716" lon="11.211928">
        <ele>1724.098488</ele>
        <time>2026-06-29T11:29:53.668Z</time>
      </trkpt>
      <trkpt lat="45.786733" lon="11.212244">
        <ele>1721.881923</ele>
        <time>2026-06-29T11:30:18.938Z</time>
      </trkpt>
      <trkpt lat="45.786697" lon="11.212921">
        <ele>1717.168968</ele>
        <time>2026-06-29T11:31:13.827Z</time>
      </trkpt>
      <trkpt lat="45.786697" lon="11.212925">
        <ele>1717.141446</ele>
        <time>2026-06-29T11:31:14.129Z</time>
      </trkpt>
      <trkpt lat="45.786577" lon="11.213209">
        <ele>1714.856646</ele>
        <time>2026-06-29T11:31:41.671Z</time>
      </trkpt>
      <trkpt lat="45.786420" lon="11.213393">
        <ele>1712.856012</ele>
        <time>2026-06-29T11:32:06.304Z</time>
      </trkpt>
      <trkpt lat="45.786341" lon="11.213532">
        <ele>1711.622199</ele>
        <time>2026-06-29T11:32:21.894Z</time>
      </trkpt>
      <trkpt lat="45.786185" lon="11.214106">
        <ele>1707.383403</ele>
        <time>2026-06-29T11:33:13.736Z</time>
      </trkpt>
      <trkpt lat="45.786196" lon="11.214211">
        <ele>1706.652835</ele>
        <time>2026-06-29T11:33:22.536Z</time>
      </trkpt>
      <trkpt lat="45.786251" lon="11.214213">
        <ele>1706.109980</ele>
        <time>2026-06-29T11:33:29.115Z</time>
      </trkpt>
      <trkpt lat="45.786533" lon="11.213977">
        <ele>1702.888349</ele>
        <time>2026-06-29T11:34:08.000Z</time>
      </trkpt>
      <trkpt lat="45.786753" lon="11.213857">
        <ele>1700.551239</ele>
        <time>2026-06-29T11:34:35.974Z</time>
      </trkpt>
      <trkpt lat="45.786902" lon="11.213605">
        <ele>1698.245120</ele>
        <time>2026-06-29T11:35:03.022Z</time>
      </trkpt>
      <trkpt lat="45.786910" lon="11.213429">
        <ele>1697.014049</ele>
        <time>2026-06-29T11:35:18.313Z</time>
      </trkpt>
      <trkpt lat="45.787033" lon="11.212868">
        <ele>1692.909335</ele>
        <time>2026-06-29T11:36:08.780Z</time>
      </trkpt>
      <trkpt lat="45.787070" lon="11.212749">
        <ele>1691.999903</ele>
        <time>2026-06-29T11:36:19.948Z</time>
      </trkpt>
      <trkpt lat="45.787167" lon="11.212682">
        <ele>1690.922226</ele>
        <time>2026-06-29T11:36:33.407Z</time>
      </trkpt>
      <trkpt lat="45.787417" lon="11.212679">
        <ele>1688.419765</ele>
        <time>2026-06-29T11:37:03.482Z</time>
      </trkpt>
      <trkpt lat="45.787451" lon="11.212689">
        <ele>1688.072359</ele>
        <time>2026-06-29T11:37:07.706Z</time>
      </trkpt>
      <trkpt lat="45.787467" lon="11.212731">
        <ele>1687.738312</ele>
        <time>2026-06-29T11:37:11.826Z</time>
      </trkpt>
      <trkpt lat="45.787447" lon="11.212762">
        <ele>1687.443533</ele>
        <time>2026-06-29T11:37:15.421Z</time>
      </trkpt>
      <trkpt lat="45.787423" lon="11.212799">
        <ele>1687.090823</ele>
        <time>2026-06-29T11:37:19.791Z</time>
      </trkpt>
      <trkpt lat="45.787270" lon="11.212824">
        <ele>1685.549461</ele>
        <time>2026-06-29T11:37:37.425Z</time>
      </trkpt>
      <trkpt lat="45.787191" lon="11.212903">
        <ele>1684.585439</ele>
        <time>2026-06-29T11:37:48.440Z</time>
      </trkpt>
      <trkpt lat="45.787141" lon="11.213014">
        <ele>1683.663085</ele>
        <time>2026-06-29T11:37:59.307Z</time>
      </trkpt>
      <trkpt lat="45.787134" lon="11.213173">
        <ele>1682.768062</ele>
        <time>2026-06-29T11:38:12.020Z</time>
      </trkpt>
      <trkpt lat="45.787148" lon="11.213301">
        <ele>1682.054950</ele>
        <time>2026-06-29T11:38:21.829Z</time>
      </trkpt>
      <trkpt lat="45.787205" lon="11.213424">
        <ele>1681.242113</ele>
        <time>2026-06-29T11:38:33.516Z</time>
      </trkpt>
      <trkpt lat="45.787230" lon="11.213613">
        <ele>1680.183328</ele>
        <time>2026-06-29T11:38:48.775Z</time>
      </trkpt>
      <trkpt lat="45.787154" lon="11.214079">
        <ele>1677.549301</ele>
        <time>2026-06-29T11:39:27.419Z</time>
      </trkpt>
      <trkpt lat="45.786929" lon="11.214424">
        <ele>1674.949411</ele>
        <time>2026-06-29T11:40:05.921Z</time>
      </trkpt>
      <trkpt lat="45.786870" lon="11.214578">
        <ele>1673.982308</ele>
        <time>2026-06-29T11:40:20.068Z</time>
      </trkpt>
      <trkpt lat="45.786602" lon="11.214837">
        <ele>1671.431515</ele>
        <time>2026-06-29T11:40:58.477Z</time>
      </trkpt>
      <trkpt lat="45.786486" lon="11.215160">
        <ele>1669.431823</ele>
        <time>2026-06-29T11:41:27.958Z</time>
      </trkpt>
      <trkpt lat="45.786440" lon="11.215401">
        <ele>1667.962197</ele>
        <time>2026-06-29T11:41:47.421Z</time>
      </trkpt>
      <trkpt lat="45.786424" lon="11.215640">
        <ele>1666.546514</ele>
        <time>2026-06-29T11:42:06.152Z</time>
      </trkpt>
      <trkpt lat="45.786496" lon="11.216117">
        <ele>1663.668869</ele>
        <time>2026-06-29T11:42:44.400Z</time>
      </trkpt>
      <trkpt lat="45.786550" lon="11.216160">
        <ele>1663.146607</ele>
        <time>2026-06-29T11:42:51.444Z</time>
      </trkpt>
      <trkpt lat="45.786565" lon="11.216109">
        <ele>1662.820246</ele>
        <time>2026-06-29T11:42:55.785Z</time>
      </trkpt>
      <trkpt lat="45.786561" lon="11.215839">
        <ele>1661.227902</ele>
        <time>2026-06-29T11:43:17.590Z</time>
      </trkpt>
      <trkpt lat="45.786556" lon="11.215532">
        <ele>1659.417264</ele>
        <time>2026-06-29T11:43:41.820Z</time>
      </trkpt>
      <trkpt lat="45.786617" lon="11.215277">
        <ele>1657.827716</ele>
        <time>2026-06-29T11:44:03.793Z</time>
      </trkpt>
      <trkpt lat="45.786769" lon="11.215120">
        <ele>1656.243819</ele>
        <time>2026-06-29T11:44:26.021Z</time>
      </trkpt>
      <trkpt lat="45.786952" lon="11.215008">
        <ele>1654.561453</ele>
        <time>2026-06-29T11:44:50.947Z</time>
      </trkpt>
      <trkpt lat="45.787128" lon="11.214694">
        <ele>1650.921985</ele>
        <time>2026-06-29T11:45:25.813Z</time>
      </trkpt>
      <trkpt lat="45.787436" lon="11.214412">
        <ele>1645.865882</ele>
        <time>2026-06-29T11:46:11.796Z</time>
      </trkpt>
      <trkpt lat="45.787571" lon="11.214022">
        <ele>1641.664904</ele>
        <time>2026-06-29T11:46:50.310Z</time>
      </trkpt>
      <trkpt lat="45.787725" lon="11.213788">
        <ele>1638.560463</ele>
        <time>2026-06-29T11:47:18.827Z</time>
      </trkpt>
      <trkpt lat="45.787776" lon="11.213759">
        <ele>1637.801361</ele>
        <time>2026-06-29T11:47:25.986Z</time>
      </trkpt>
      <trkpt lat="45.787866" lon="11.213710">
        <ele>1636.469368</ele>
        <time>2026-06-29T11:47:38.678Z</time>
      </trkpt>
      <trkpt lat="45.787985" lon="11.213709">
        <ele>1634.822816</ele>
        <time>2026-06-29T11:47:54.246Z</time>
      </trkpt>
      <trkpt lat="45.788372" lon="11.213863">
        <ele>1629.266869</ele>
        <time>2026-06-29T11:48:46.107Z</time>
      </trkpt>
      <trkpt lat="45.788669" lon="11.213874">
        <ele>1625.368868</ele>
        <time>2026-06-29T11:49:24.427Z</time>
      </trkpt>
      <trkpt lat="45.788927" lon="11.214011">
        <ele>1621.759258</ele>
        <time>2026-06-29T11:49:59.157Z</time>
      </trkpt>
      <trkpt lat="45.789149" lon="11.214210">
        <ele>1618.324389</ele>
        <time>2026-06-29T11:50:32.407Z</time>
      </trkpt>
      <trkpt lat="45.789476" lon="11.214695">
        <ele>1612.152292</ele>
        <time>2026-06-29T11:51:31.313Z</time>
      </trkpt>
      <trkpt lat="45.789478" lon="11.214699">
        <ele>1612.107262</ele>
        <time>2026-06-29T11:51:31.774Z</time>
      </trkpt>
      <trkpt lat="45.789596" lon="11.214825">
        <ele>1610.177063</ele>
        <time>2026-06-29T11:51:49.526Z</time>
      </trkpt>
      <trkpt lat="45.789605" lon="11.214902">
        <ele>1609.462789</ele>
        <time>2026-06-29T11:51:56.149Z</time>
      </trkpt>
      <trkpt lat="45.789553" lon="11.214944">
        <ele>1608.679776</ele>
        <time>2026-06-29T11:52:03.445Z</time>
      </trkpt>
      <trkpt lat="45.789519" lon="11.214875">
        <ele>1607.906807</ele>
        <time>2026-06-29T11:52:10.807Z</time>
      </trkpt>
      <trkpt lat="45.789381" lon="11.214752">
        <ele>1605.775023</ele>
        <time>2026-06-29T11:52:31.009Z</time>
      </trkpt>
      <trkpt lat="45.789244" lon="11.214561">
        <ele>1604.317087</ele>
        <time>2026-06-29T11:52:55.035Z</time>
      </trkpt>
      <trkpt lat="45.789011" lon="11.214466">
        <ele>1602.516951</ele>
        <time>2026-06-29T11:53:24.223Z</time>
      </trkpt>
      <trkpt lat="45.788860" lon="11.214446">
        <ele>1601.390035</ele>
        <time>2026-06-29T11:53:41.460Z</time>
      </trkpt>
      <trkpt lat="45.788743" lon="11.214479">
        <ele>1600.503905</ele>
        <time>2026-06-29T11:53:54.795Z</time>
      </trkpt>
      <trkpt lat="45.788605" lon="11.214680">
        <ele>1599.042196</ele>
        <time>2026-06-29T11:54:15.663Z</time>
      </trkpt>
      <trkpt lat="45.788325" lon="11.214845">
        <ele>1596.792582</ele>
        <time>2026-06-29T11:54:47.649Z</time>
      </trkpt>
      <trkpt lat="45.788055" lon="11.215340">
        <ele>1593.535950</ele>
        <time>2026-06-29T11:55:35.733Z</time>
      </trkpt>
      <trkpt lat="45.787921" lon="11.215453">
        <ele>1592.380734</ele>
        <time>2026-06-29T11:55:53.916Z</time>
      </trkpt>
      <trkpt lat="45.787579" lon="11.215807">
        <ele>1587.818942</ele>
        <time>2026-06-29T11:56:44.593Z</time>
      </trkpt>
      <trkpt lat="45.787518" lon="11.215933">
        <ele>1586.655045</ele>
        <time>2026-06-29T11:56:58.456Z</time>
      </trkpt>
      <trkpt lat="45.787515" lon="11.216261">
        <ele>1584.166014</ele>
        <time>2026-06-29T11:57:29.091Z</time>
      </trkpt>
      <trkpt lat="45.787613" lon="11.216835">
        <ele>1579.681943</ele>
        <time>2026-06-29T11:58:19.971Z</time>
      </trkpt>
      <trkpt lat="45.787924" lon="11.217471">
        <ele>1573.787778</ele>
        <time>2026-06-29T11:59:22.438Z</time>
      </trkpt>
      <trkpt lat="45.787926" lon="11.217475">
        <ele>1573.750431</ele>
        <time>2026-06-29T11:59:22.847Z</time>
      </trkpt>
      <trkpt lat="45.788119" lon="11.217762">
        <ele>1570.189059</ele>
        <time>2026-06-29T11:59:56.214Z</time>
      </trkpt>
      <trkpt lat="45.788195" lon="11.217918">
        <ele>1568.362694</ele>
        <time>2026-06-29T12:00:13.251Z</time>
      </trkpt>
      <trkpt lat="45.788247" lon="11.217960">
        <ele>1567.541307</ele>
        <time>2026-06-29T12:00:20.939Z</time>
      </trkpt>
      <trkpt lat="45.788290" lon="11.217916">
        <ele>1566.814286</ele>
        <time>2026-06-29T12:00:27.484Z</time>
      </trkpt>
      <trkpt lat="45.788286" lon="11.217864">
        <ele>1566.312205</ele>
        <time>2026-06-29T12:00:32.168Z</time>
      </trkpt>
      <trkpt lat="45.788094" lon="11.217526">
        <ele>1562.128250</ele>
        <time>2026-06-29T12:01:11.385Z</time>
      </trkpt>
      <trkpt lat="45.787984" lon="11.217257">
        <ele>1559.135433</ele>
        <time>2026-06-29T12:01:39.728Z</time>
      </trkpt>
      <trkpt lat="45.787878" lon="11.216787">
        <ele>1554.394672</ele>
        <time>2026-06-29T12:02:24.734Z</time>
      </trkpt>
      <trkpt lat="45.787936" lon="11.216531">
        <ele>1551.811350</ele>
        <time>2026-06-29T12:02:49.199Z</time>
      </trkpt>
      <trkpt lat="45.788082" lon="11.216380">
        <ele>1549.333877</ele>
        <time>2026-06-29T12:03:11.882Z</time>
      </trkpt>
      <trkpt lat="45.788316" lon="11.216277">
        <ele>1546.245063</ele>
        <time>2026-06-29T12:03:42.574Z</time>
      </trkpt>
      <trkpt lat="45.788513" lon="11.216221">
        <ele>1543.862460</ele>
        <time>2026-06-29T12:04:06.695Z</time>
      </trkpt>
      <trkpt lat="45.788831" lon="11.216212">
        <ele>1540.089098</ele>
        <time>2026-06-29T12:04:47.192Z</time>
      </trkpt>
      <trkpt lat="45.789055" lon="11.216169">
        <ele>1537.407947</ele>
        <time>2026-06-29T12:05:16.290Z</time>
      </trkpt>
      <trkpt lat="45.789354" lon="11.216308">
        <ele>1533.679009</ele>
        <time>2026-06-29T12:05:56.286Z</time>
      </trkpt>
      <trkpt lat="45.789787" lon="11.216650">
        <ele>1527.814505</ele>
        <time>2026-06-29T12:06:54.013Z</time>
      </trkpt>
      <trkpt lat="45.789792" lon="11.216656">
        <ele>1527.737160</ele>
        <time>2026-06-29T12:06:54.692Z</time>
      </trkpt>
      <trkpt lat="45.789857" lon="11.216740">
        <ele>1526.699129</ele>
        <time>2026-06-29T12:07:04.053Z</time>
      </trkpt>
      <trkpt lat="45.789803" lon="11.216772">
        <ele>1526.123851</ele>
        <time>2026-06-29T12:07:10.470Z</time>
      </trkpt>
      <trkpt lat="45.789588" lon="11.216626">
        <ele>1523.813733</ele>
        <time>2026-06-29T12:07:38.503Z</time>
      </trkpt>
      <trkpt lat="45.789405" lon="11.216566">
        <ele>1521.990754</ele>
        <time>2026-06-29T12:08:00.213Z</time>
      </trkpt>
      <trkpt lat="45.788990" lon="11.216604">
        <ele>1517.952453</ele>
        <time>2026-06-29T12:08:50.357Z</time>
      </trkpt>
      <trkpt lat="45.788870" lon="11.216667">
        <ele>1516.711491</ele>
        <time>2026-06-29T12:09:05.960Z</time>
      </trkpt>
      <trkpt lat="45.788708" lon="11.216906">
        <ele>1514.454461</ele>
        <time>2026-06-29T12:09:34.407Z</time>
      </trkpt>
      <trkpt lat="45.788563" lon="11.217165">
        <ele>1512.205298</ele>
        <time>2026-06-29T12:10:01.779Z</time>
      </trkpt>
      <trkpt lat="45.788562" lon="11.217235">
        <ele>1511.731186</ele>
        <time>2026-06-29T12:10:07.789Z</time>
      </trkpt>
      <trkpt lat="45.788621" lon="11.217236">
        <ele>1511.158193</ele>
        <time>2026-06-29T12:10:14.885Z</time>
      </trkpt>
      <trkpt lat="45.788867" lon="11.216886">
        <ele>1507.384608</ele>
        <time>2026-06-29T12:10:55.817Z</time>
      </trkpt>
      <trkpt lat="45.788970" lon="11.216852">
        <ele>1506.057883</ele>
        <time>2026-06-29T12:11:08.316Z</time>
      </trkpt>
      <trkpt lat="45.789232" lon="11.216881">
        <ele>1502.759325</ele>
        <time>2026-06-29T12:11:39.937Z</time>
      </trkpt>
      <trkpt lat="45.789369" lon="11.216982">
        <ele>1500.825698</ele>
        <time>2026-06-29T12:11:58.579Z</time>
      </trkpt>
      <trkpt lat="45.789508" lon="11.217169">
        <ele>1498.433327</ele>
        <time>2026-06-29T12:12:22.319Z</time>
      </trkpt>
      <trkpt lat="45.789646" lon="11.217277">
        <ele>1496.459923</ele>
        <time>2026-06-29T12:12:41.991Z</time>
      </trkpt>
      <trkpt lat="45.789912" lon="11.217639">
        <ele>1491.856839</ele>
        <time>2026-06-29T12:13:29.641Z</time>
      </trkpt>
      <trkpt lat="45.790143" lon="11.217829">
        <ele>1488.514142</ele>
        <time>2026-06-29T12:14:05.357Z</time>
      </trkpt>
      <trkpt lat="45.790143" lon="11.217836">
        <ele>1488.452873</ele>
        <time>2026-06-29T12:14:05.943Z</time>
      </trkpt>
      <trkpt lat="45.790136" lon="11.217913">
        <ele>1487.773205</ele>
        <time>2026-06-29T12:14:12.654Z</time>
      </trkpt>
      <trkpt lat="45.789540" lon="11.217520">
        <ele>1480.054536</ele>
        <time>2026-06-29T12:15:34.064Z</time>
      </trkpt>
      <trkpt lat="45.789133" lon="11.217399">
        <ele>1475.217378</ele>
        <time>2026-06-29T12:16:23.743Z</time>
      </trkpt>
      <trkpt lat="45.789050" lon="11.217442">
        <ele>1474.190373</ele>
        <time>2026-06-29T12:16:34.107Z</time>
      </trkpt>
      <trkpt lat="45.789015" lon="11.217526">
        <ele>1473.396304</ele>
        <time>2026-06-29T12:16:42.351Z</time>
      </trkpt>
      <trkpt lat="45.789043" lon="11.217574">
        <ele>1472.888468</ele>
        <time>2026-06-29T12:16:47.783Z</time>
      </trkpt>
      <trkpt lat="45.789074" lon="11.217564">
        <ele>1472.518692</ele>
        <time>2026-06-29T12:16:51.939Z</time>
      </trkpt>
      <trkpt lat="45.789130" lon="11.217546">
        <ele>1471.850825</ele>
        <time>2026-06-29T12:16:59.181Z</time>
      </trkpt>
      <trkpt lat="45.789310" lon="11.217574">
        <ele>1469.743793</ele>
        <time>2026-06-29T12:17:21.195Z</time>
      </trkpt>
      <trkpt lat="45.789513" lon="11.217687">
        <ele>1467.209665</ele>
        <time>2026-06-29T12:17:48.281Z</time>
      </trkpt>
      <trkpt lat="45.789654" lon="11.217807">
        <ele>1465.269739</ele>
        <time>2026-06-29T12:18:07.775Z</time>
      </trkpt>
      <trkpt lat="45.789944" lon="11.218161">
        <ele>1460.464444</ele>
        <time>2026-06-29T12:18:53.607Z</time>
      </trkpt>
      <trkpt lat="45.790017" lon="11.218707">
        <ele>1455.573008</ele>
        <time>2026-06-29T12:19:41.050Z</time>
      </trkpt>
      <trkpt lat="45.789978" lon="11.219113">
        <ele>1451.967122</ele>
        <time>2026-06-29T12:20:17.408Z</time>
      </trkpt>
      <trkpt lat="45.790071" lon="11.219178">
        <ele>1450.661709</ele>
        <time>2026-06-29T12:20:30.677Z</time>
      </trkpt>
      <trkpt lat="45.790252" lon="11.219214">
        <ele>1448.355995</ele>
        <time>2026-06-29T12:20:53.894Z</time>
      </trkpt>
      <trkpt lat="45.790460" lon="11.219088">
        <ele>1445.506928</ele>
        <time>2026-06-29T12:21:22.829Z</time>
      </trkpt>
      <trkpt lat="45.790603" lon="11.219084">
        <ele>1443.702213</ele>
        <time>2026-06-29T12:21:40.788Z</time>
      </trkpt>
      <trkpt lat="45.790779" lon="11.219029">
        <ele>1441.515291</ele>
        <time>2026-06-29T12:22:03.550Z</time>
      </trkpt>
      <trkpt lat="45.790968" lon="11.218851">
        <ele>1438.819934</ele>
        <time>2026-06-29T12:22:31.558Z</time>
      </trkpt>
      <trkpt lat="45.791115" lon="11.218814">
        <ele>1437.040828</ele>
        <time>2026-06-29T12:22:50.178Z</time>
      </trkpt>
      <trkpt lat="45.791266" lon="11.218941">
        <ele>1434.954124</ele>
        <time>2026-06-29T12:23:12.013Z</time>
      </trkpt>
      <trkpt lat="45.791423" lon="11.219226">
        <ele>1431.935142</ele>
        <time>2026-06-29T12:23:42.880Z</time>
      </trkpt>
      <trkpt lat="45.791538" lon="11.219319">
        <ele>1430.361355</ele>
        <time>2026-06-29T12:23:58.483Z</time>
      </trkpt>
      <trkpt lat="45.791634" lon="11.219304">
        <ele>1429.210210</ele>
        <time>2026-06-29T12:24:10.614Z</time>
      </trkpt>
      <trkpt lat="45.792219" lon="11.219175">
        <ele>1422.154733</ele>
        <time>2026-06-29T12:25:22.010Z</time>
      </trkpt>
      <trkpt lat="45.792322" lon="11.219153">
        <ele>1420.866728</ele>
        <time>2026-06-29T12:25:35.799Z</time>
      </trkpt>
      <trkpt lat="45.792532" lon="11.219315">
        <ele>1417.813872</ele>
        <time>2026-06-29T12:26:04.646Z</time>
      </trkpt>
      <trkpt lat="45.792570" lon="11.219410">
        <ele>1416.836177</ele>
        <time>2026-06-29T12:26:14.346Z</time>
      </trkpt>
      <trkpt lat="45.792539" lon="11.219508">
        <ele>1415.875523</ele>
        <time>2026-06-29T12:26:24.054Z</time>
      </trkpt>
      <trkpt lat="45.792477" lon="11.219501">
        <ele>1415.079291</ele>
        <time>2026-06-29T12:26:31.426Z</time>
      </trkpt>
      <trkpt lat="45.792336" lon="11.219352">
        <ele>1412.836984</ele>
        <time>2026-06-29T12:26:52.259Z</time>
      </trkpt>
      <trkpt lat="45.792239" lon="11.219356">
        <ele>1411.594595</ele>
        <time>2026-06-29T12:27:04.720Z</time>
      </trkpt>
      <trkpt lat="45.791911" lon="11.219552">
        <ele>1407.045332</ele>
        <time>2026-06-29T12:27:48.299Z</time>
      </trkpt>
      <trkpt lat="45.791877" lon="11.219586">
        <ele>1406.514666</ele>
        <time>2026-06-29T12:27:54.021Z</time>
      </trkpt>
      <trkpt lat="45.791770" lon="11.219695">
        <ele>1404.834353</ele>
        <time>2026-06-29T12:28:09.933Z</time>
      </trkpt>
      <trkpt lat="45.791689" lon="11.219843">
        <ele>1403.154770</ele>
        <time>2026-06-29T12:28:26.685Z</time>
      </trkpt>
      <trkpt lat="45.791507" lon="11.219789">
        <ele>1400.775310</ele>
        <time>2026-06-29T12:28:51.363Z</time>
      </trkpt>
      <trkpt lat="45.791285" lon="11.219767">
        <ele>1397.942750</ele>
        <time>2026-06-29T12:29:20.284Z</time>
      </trkpt>
      <trkpt lat="45.791045" lon="11.219764">
        <ele>1394.955681</ele>
        <time>2026-06-29T12:29:50.033Z</time>
      </trkpt>
      <trkpt lat="45.790890" lon="11.219879">
        <ele>1392.783748</ele>
        <time>2026-06-29T12:30:12.718Z</time>
      </trkpt>
      <trkpt lat="45.790799" lon="11.220168">
        <ele>1390.031913</ele>
        <time>2026-06-29T12:30:40.955Z</time>
      </trkpt>
      <trkpt lat="45.790677" lon="11.220224">
        <ele>1388.437669</ele>
        <time>2026-06-29T12:30:57.478Z</time>
      </trkpt>
      <trkpt lat="45.790357" lon="11.220448">
        <ele>1384.005973</ele>
        <time>2026-06-29T12:31:41.252Z</time>
      </trkpt>
      <trkpt lat="45.790154" lon="11.220680">
        <ele>1380.775405</ele>
        <time>2026-06-29T12:32:11.322Z</time>
      </trkpt>
      <trkpt lat="45.789765" lon="11.220593">
        <ele>1375.946805</ele>
        <time>2026-06-29T12:32:58.657Z</time>
      </trkpt>
      <trkpt lat="45.789698" lon="11.220500">
        <ele>1375.110640</ele>
        <time>2026-06-29T12:33:10.409Z</time>
      </trkpt>
      <trkpt lat="45.789638" lon="11.220235">
        <ele>1373.368420</ele>
        <time>2026-06-29T12:33:34.613Z</time>
      </trkpt>
      <trkpt lat="45.789552" lon="11.220150">
        <ele>1372.431795</ele>
        <time>2026-06-29T12:33:47.212Z</time>
      </trkpt>
      <trkpt lat="45.789349" lon="11.220122">
        <ele>1370.602978</ele>
        <time>2026-06-29T12:34:12.511Z</time>
      </trkpt>
      <trkpt lat="45.789146" lon="11.220151">
        <ele>1368.773552</ele>
        <time>2026-06-29T12:34:36.815Z</time>
      </trkpt>
      <trkpt lat="45.788832" lon="11.220085">
        <ele>1365.927653</ele>
        <time>2026-06-29T12:35:13.455Z</time>
      </trkpt>
      <trkpt lat="45.788307" lon="11.220460">
        <ele>1360.668022</ele>
        <time>2026-06-29T12:36:19.786Z</time>
      </trkpt>
      <trkpt lat="45.788062" lon="11.220674">
        <ele>1357.778099</ele>
        <time>2026-06-29T12:36:52.205Z</time>
      </trkpt>
      <trkpt lat="45.787994" lon="11.220762">
        <ele>1356.819905</ele>
        <time>2026-06-29T12:37:02.652Z</time>
      </trkpt>
      <trkpt lat="45.787862" lon="11.221084">
        <ele>1354.095136</ele>
        <time>2026-06-29T12:37:33.923Z</time>
      </trkpt>
      <trkpt lat="45.787118" lon="11.221121">
        <ele>1346.307251</ele>
        <time>2026-06-29T12:39:06.350Z</time>
      </trkpt>
      <trkpt lat="45.787025" lon="11.221242">
        <ele>1344.993602</ele>
        <time>2026-06-29T12:39:21.649Z</time>
      </trkpt>
      <trkpt lat="45.786986" lon="11.221399">
        <ele>1343.777795</ele>
        <time>2026-06-29T12:39:36.090Z</time>
      </trkpt>
      <trkpt lat="45.786986" lon="11.221625">
        <ele>1342.129135</ele>
        <time>2026-06-29T12:39:55.080Z</time>
      </trkpt>
      <trkpt lat="45.786834" lon="11.221925">
        <ele>1339.385301</ele>
        <time>2026-06-29T12:40:26.822Z</time>
      </trkpt>
      <trkpt lat="45.786641" lon="11.222046">
        <ele>1337.133374</ele>
        <time>2026-06-29T12:40:52.235Z</time>
      </trkpt>
      <trkpt lat="45.786252" lon="11.222243">
        <ele>1332.722875</ele>
        <time>2026-06-29T12:41:41.382Z</time>
      </trkpt>
      <trkpt lat="45.785977" lon="11.222421">
        <ele>1329.497243</ele>
        <time>2026-06-29T12:42:17.580Z</time>
      </trkpt>
      <trkpt lat="45.785850" lon="11.222406">
        <ele>1328.134893</ele>
        <time>2026-06-29T12:42:32.955Z</time>
      </trkpt>
      <trkpt lat="45.785727" lon="11.222513">
        <ele>1326.596860</ele>
        <time>2026-06-29T12:42:50.436Z</time>
      </trkpt>
      <trkpt lat="45.785724" lon="11.222519">
        <ele>1326.541818</ele>
        <time>2026-06-29T12:42:51.039Z</time>
      </trkpt>
      <trkpt lat="45.785642" lon="11.222689">
        <ele>1325.000770</ele>
        <time>2026-06-29T12:43:08.787Z</time>
      </trkpt>
      <trkpt lat="45.785484" lon="11.222848">
        <ele>1322.937166</ele>
        <time>2026-06-29T12:43:32.784Z</time>
      </trkpt>
      <trkpt lat="45.785537" lon="11.222929">
        <ele>1322.109078</ele>
        <time>2026-06-29T12:43:42.667Z</time>
      </trkpt>
      <trkpt lat="45.785601" lon="11.222899">
        <ele>1321.442130</ele>
        <time>2026-06-29T12:43:50.607Z</time>
      </trkpt>
      <trkpt lat="45.785710" lon="11.222834">
        <ele>1320.297925</ele>
        <time>2026-06-29T12:44:04.451Z</time>
      </trkpt>
      <trkpt lat="45.785750" lon="11.222719">
        <ele>1319.429303</ele>
        <time>2026-06-29T12:44:15.236Z</time>
      </trkpt>
      <trkpt lat="45.785832" lon="11.222628">
        <ele>1318.424306</ele>
        <time>2026-06-29T12:44:28.213Z</time>
      </trkpt>
      <trkpt lat="45.785979" lon="11.222584">
        <ele>1316.968783</ele>
        <time>2026-06-29T12:44:45.616Z</time>
      </trkpt>
      <trkpt lat="45.786047" lon="11.222652">
        <ele>1316.165255</ele>
        <time>2026-06-29T12:44:55.654Z</time>
      </trkpt>
      <trkpt lat="45.786189" lon="11.222665">
        <ele>1314.786100</ele>
        <time>2026-06-29T12:45:13.039Z</time>
      </trkpt>
      <trkpt lat="45.786519" lon="11.222620">
        <ele>1311.573104</ele>
        <time>2026-06-29T12:45:52.145Z</time>
      </trkpt>
      <trkpt lat="45.786677" lon="11.222628">
        <ele>1310.040715</ele>
        <time>2026-06-29T12:46:10.297Z</time>
      </trkpt>
      <trkpt lat="45.786907" lon="11.222652">
        <ele>1307.805517</ele>
        <time>2026-06-29T12:46:38.256Z</time>
      </trkpt>
      <trkpt lat="45.787067" lon="11.222631">
        <ele>1306.248215</ele>
        <time>2026-06-29T12:46:56.348Z</time>
      </trkpt>
      <trkpt lat="45.787162" lon="11.222530">
        <ele>1305.101967</ele>
        <time>2026-06-29T12:47:10.036Z</time>
      </trkpt>
      <trkpt lat="45.787261" lon="11.222297">
        <ele>1303.284687</ele>
        <time>2026-06-29T12:47:32.650Z</time>
      </trkpt>
      <trkpt lat="45.787339" lon="11.222181">
        <ele>1302.218660</ele>
        <time>2026-06-29T12:47:46.086Z</time>
      </trkpt>
      <trkpt lat="45.787454" lon="11.222090">
        <ele>1300.972621</ele>
        <time>2026-06-29T12:48:01.874Z</time>
      </trkpt>
      <trkpt lat="45.787761" lon="11.222046">
        <ele>1298.045692</ele>
        <time>2026-06-29T12:48:38.702Z</time>
      </trkpt>
      <trkpt lat="45.787922" lon="11.222184">
        <ele>1296.266303</ele>
        <time>2026-06-29T12:49:00.924Z</time>
      </trkpt>
      <trkpt lat="45.787993" lon="11.222130">
        <ele>1295.503882</ele>
        <time>2026-06-29T12:49:10.473Z</time>
      </trkpt>
      <trkpt lat="45.788160" lon="11.221849">
        <ele>1293.061471</ele>
        <time>2026-06-29T12:49:40.370Z</time>
      </trkpt>
      <trkpt lat="45.788321" lon="11.221765">
        <ele>1291.436169</ele>
        <time>2026-06-29T12:50:00.740Z</time>
      </trkpt>
      <trkpt lat="45.788670" lon="11.221771">
        <ele>1288.125069</ele>
        <time>2026-06-29T12:50:42.986Z</time>
      </trkpt>
      <trkpt lat="45.788819" lon="11.221898">
        <ele>1286.243284</ele>
        <time>2026-06-29T12:51:03.797Z</time>
      </trkpt>
      <trkpt lat="45.788961" lon="11.222100">
        <ele>1283.885267</ele>
        <time>2026-06-29T12:51:27.688Z</time>
      </trkpt>
      <trkpt lat="45.789511" lon="11.222090">
        <ele>1277.400541</ele>
        <time>2026-06-29T12:52:33.779Z</time>
      </trkpt>
      <trkpt lat="45.789531" lon="11.222159">
        <ele>1276.786254</ele>
        <time>2026-06-29T12:52:41.002Z</time>
      </trkpt>
      <trkpt lat="45.789525" lon="11.222168">
        <ele>1276.683894</ele>
        <time>2026-06-29T12:52:42.108Z</time>
      </trkpt>
      <trkpt lat="45.789499" lon="11.222210">
        <ele>1276.222190</ele>
        <time>2026-06-29T12:52:47.337Z</time>
      </trkpt>
      <trkpt lat="45.789279" lon="11.222225">
        <ele>1273.625578</ele>
        <time>2026-06-29T12:53:13.940Z</time>
      </trkpt>
      <trkpt lat="45.788854" lon="11.222357">
        <ele>1268.498896</ele>
        <time>2026-06-29T12:54:09.397Z</time>
      </trkpt>
      <trkpt lat="45.788565" lon="11.222233">
        <ele>1264.728945</ele>
        <time>2026-06-29T12:54:46.584Z</time>
      </trkpt>
      <trkpt lat="45.788341" lon="11.222388">
        <ele>1261.319237</ele>
        <time>2026-06-29T12:55:18.036Z</time>
      </trkpt>
      <trkpt lat="45.788255" lon="11.222567">
        <ele>1259.241195</ele>
        <time>2026-06-29T12:55:36.921Z</time>
      </trkpt>
      <trkpt lat="45.788274" lon="11.222878">
        <ele>1256.256723</ele>
        <time>2026-06-29T12:56:04.202Z</time>
      </trkpt>
      <trkpt lat="45.788224" lon="11.223105">
        <ele>1253.980970</ele>
        <time>2026-06-29T12:56:25.030Z</time>
      </trkpt>
      <trkpt lat="45.788089" lon="11.223187">
        <ele>1251.971029</ele>
        <time>2026-06-29T12:56:42.947Z</time>
      </trkpt>
      <trkpt lat="45.787830" lon="11.223126">
        <ele>1248.372718</ele>
        <time>2026-06-29T12:57:15.876Z</time>
      </trkpt>
      <trkpt lat="45.787292" lon="11.223558">
        <ele>1239.984026</ele>
        <time>2026-06-29T12:58:36.624Z</time>
      </trkpt>
      <trkpt lat="45.786919" lon="11.223774">
        <ele>1234.681440</ele>
        <time>2026-06-29T12:59:28.239Z</time>
      </trkpt>
      <trkpt lat="45.786563" lon="11.224150">
        <ele>1228.853282</ele>
        <time>2026-06-29T13:00:23.458Z</time>
      </trkpt>
      <trkpt lat="45.786349" lon="11.224544">
        <ele>1224.262596</ele>
        <time>2026-06-29T13:01:06.406Z</time>
      </trkpt>
      <trkpt lat="45.786077" lon="11.224655">
        <ele>1220.534774</ele>
        <time>2026-06-29T13:01:41.673Z</time>
      </trkpt>
      <trkpt lat="45.785679" lon="11.224683">
        <ele>1216.448603</ele>
        <time>2026-06-29T13:02:30.818Z</time>
      </trkpt>
      <trkpt lat="45.785577" lon="11.224703">
        <ele>1215.699473</ele>
        <time>2026-06-29T13:02:43.472Z</time>
      </trkpt>
      <trkpt lat="45.785345" lon="11.224789">
        <ele>1213.955786</ele>
        <time>2026-06-29T13:03:12.789Z</time>
      </trkpt>
      <trkpt lat="45.785084" lon="11.224946">
        <ele>1211.896238</ele>
        <time>2026-06-29T13:03:46.365Z</time>
      </trkpt>
      <trkpt lat="45.784815" lon="11.225025">
        <ele>1209.898176</ele>
        <time>2026-06-29T13:04:17.753Z</time>
      </trkpt>
      <trkpt lat="45.784625" lon="11.224968">
        <ele>1208.485671</ele>
        <time>2026-06-29T13:04:39.016Z</time>
      </trkpt>
      <trkpt lat="45.784542" lon="11.224986">
        <ele>1207.874836</ele>
        <time>2026-06-29T13:04:48.030Z</time>
      </trkpt>
      <trkpt lat="45.784442" lon="11.225091">
        <ele>1206.972949</ele>
        <time>2026-06-29T13:05:01.406Z</time>
      </trkpt>
      <trkpt lat="45.784376" lon="11.225122">
        <ele>1206.467579</ele>
        <time>2026-06-29T13:05:08.715Z</time>
      </trkpt>
      <trkpt lat="45.784070" lon="11.225127">
        <ele>1204.888157</ele>
        <time>2026-06-29T13:05:41.245Z</time>
      </trkpt>
      <trkpt lat="45.783966" lon="11.225171">
        <ele>1205.016033</ele>
        <time>2026-06-29T13:05:52.719Z</time>
      </trkpt>
      <trkpt lat="45.783757" lon="11.225171">
        <ele>1205.262510</ele>
        <time>2026-06-29T13:06:13.911Z</time>
      </trkpt>
      <trkpt lat="45.783520" lon="11.225292">
        <ele>1205.559194</ele>
        <time>2026-06-29T13:06:39.455Z</time>
      </trkpt>
      <trkpt lat="45.783183" lon="11.225288">
        <ele>1205.956637</ele>
        <time>2026-06-29T13:07:15.084Z</time>
      </trkpt>
      <trkpt lat="45.782894" lon="11.225366">
        <ele>1206.303444</ele>
        <time>2026-06-29T13:07:47.163Z</time>
      </trkpt>
      <trkpt lat="45.782576" lon="11.225676">
        <ele>1206.756923</ele>
        <time>2026-06-29T13:08:29.564Z</time>
      </trkpt>
      <trkpt lat="45.782488" lon="11.225726">
        <ele>1206.868553</ele>
        <time>2026-06-29T13:08:40.234Z</time>
      </trkpt>
      <trkpt lat="45.782088" lon="11.225760">
        <ele>1208.435852</ele>
        <time>2026-06-29T13:09:26.306Z</time>
      </trkpt>
      <trkpt lat="45.781978" lon="11.225814">
        <ele>1208.928614</ele>
        <time>2026-06-29T13:09:39.976Z</time>
      </trkpt>
      <trkpt lat="45.781914" lon="11.225897">
        <ele>1209.294338</ele>
        <time>2026-06-29T13:09:50.136Z</time>
      </trkpt>
      <trkpt lat="45.781762" lon="11.226240">
        <ele>1210.495491</ele>
        <time>2026-06-29T13:10:23.770Z</time>
      </trkpt>
      <trkpt lat="45.781318" lon="11.226936">
        <ele>1213.283472</ele>
        <time>2026-06-29T13:11:41.322Z</time>
      </trkpt>
      <trkpt lat="45.781200" lon="11.227031">
        <ele>1213.857010</ele>
        <time>2026-06-29T13:11:56.776Z</time>
      </trkpt>
      <trkpt lat="45.780619" lon="11.227053">
        <ele>1214.541978</ele>
        <time>2026-06-29T13:12:59.992Z</time>
      </trkpt>
      <trkpt lat="45.780044" lon="11.227456">
        <ele>1214.541978</ele>
        <time>2026-06-29T13:14:05.611Z</time>
      </trkpt>
      <trkpt lat="45.779912" lon="11.227590">
        <ele>1214.541978</ele>
        <time>2026-06-29T13:14:21.802Z</time>
      </trkpt>
      <trkpt lat="45.779760" lon="11.227852">
        <ele>1214.541978</ele>
        <time>2026-06-29T13:14:46.333Z</time>
      </trkpt>
      <trkpt lat="45.779569" lon="11.227866">
        <ele>1214.541978</ele>
        <time>2026-06-29T13:15:05.554Z</time>
      </trkpt>
      <trkpt lat="45.779485" lon="11.227871">
        <ele>1214.541978</ele>
        <time>2026-06-29T13:15:14.154Z</time>
      </trkpt>
      <trkpt lat="45.779261" lon="11.227990">
        <ele>1214.541978</ele>
        <time>2026-06-29T13:15:38.540Z</time>
      </trkpt>
      <trkpt lat="45.778999" lon="11.228073">
        <ele>1214.541978</ele>
        <time>2026-06-29T13:16:06.269Z</time>
      </trkpt>
    </trkseg>
  </trk>
</gpx>