<?xml version='1.0' encoding='UTF-8'?>
<gpx version="1.1" creator="https://www.komoot.de" xmlns="http://www.topografix.com/GPX/1/1" xmlns:xsi="http://www.w3.org/2001/XMLSchema-instance" xsi:schemaLocation="http://www.topografix.com/GPX/1/1 http://www.topografix.com/GPX/1/1/gpx.xsd">
  <metadata>
    <name>Hike</name>
    <author>
      <link href="https://www.komoot.de">
        <text>komoot</text>
        <type>text/html</type>
      </link>
    </author>
  </metadata>
  <trk>
    <name>Hike</name>
    <type>hike</type>
    <trkseg>
      <trkpt lat="46.161313" lon="11.529093">
        <ele>1480.369948</ele>
        <time>2026-05-24T06:30:54.000Z</time>
      </trkpt>
      <trkpt lat="46.161321" lon="11.529097">
        <ele>1480.369948</ele>
        <time>2026-05-24T06:30:55.000Z</time>
      </trkpt>
      <trkpt lat="46.161363" lon="11.529157">
        <ele>1480.369948</ele>
        <time>2026-05-24T06:31:02.000Z</time>
      </trkpt>
      <trkpt lat="46.161390" lon="11.529193">
        <ele>1480.369948</ele>
        <time>2026-05-24T06:31:05.000Z</time>
      </trkpt>
      <trkpt lat="46.161406" lon="11.529218">
        <ele>1480.369948</ele>
        <time>2026-05-24T06:31:07.000Z</time>
      </trkpt>
      <trkpt lat="46.161415" lon="11.529233">
        <ele>1480.369948</ele>
        <time>2026-05-24T06:31:08.000Z</time>
      </trkpt>
      <trkpt lat="46.161424" lon="11.529249">
        <ele>1480.369948</ele>
        <time>2026-05-24T06:31:09.000Z</time>
      </trkpt>
      <trkpt lat="46.161438" lon="11.529266">
        <ele>1480.369948</ele>
        <time>2026-05-24T06:31:11.000Z</time>
      </trkpt>
      <trkpt lat="46.161448" lon="11.529278">
        <ele>1480.369948</ele>
        <time>2026-05-24T06:31:12.000Z</time>
      </trkpt>
      <trkpt lat="46.161485" lon="11.529329">
        <ele>1480.369948</ele>
        <time>2026-05-24T06:31:16.000Z</time>
      </trkpt>
      <trkpt lat="46.161523" lon="11.529375">
        <ele>1480.369948</ele>
        <time>2026-05-24T06:31:20.000Z</time>
      </trkpt>
      <trkpt lat="46.161550" lon="11.529397">
        <ele>1480.369948</ele>
        <time>2026-05-24T06:31:23.000Z</time>
      </trkpt>
      <trkpt lat="46.161560" lon="11.529404">
        <ele>1480.369948</ele>
        <time>2026-05-24T06:31:24.000Z</time>
      </trkpt>
      <trkpt lat="46.161578" lon="11.529427">
        <ele>1480.369948</ele>
        <time>2026-05-24T06:31:26.000Z</time>
      </trkpt>
      <trkpt lat="46.161584" lon="11.529439">
        <ele>1480.369948</ele>
        <time>2026-05-24T06:31:27.000Z</time>
      </trkpt>
      <trkpt lat="46.161620" lon="11.529479">
        <ele>1480.369948</ele>
        <time>2026-05-24T06:31:31.000Z</time>
      </trkpt>
      <trkpt lat="46.161654" lon="11.529488">
        <ele>1480.369948</ele>
        <time>2026-05-24T06:31:35.000Z</time>
      </trkpt>
      <trkpt lat="46.161676" lon="11.529481">
        <ele>1480.369948</ele>
        <time>2026-05-24T06:31:37.000Z</time>
      </trkpt>
      <trkpt lat="46.161740" lon="11.529416">
        <ele>1480.369948</ele>
        <time>2026-05-24T06:31:43.000Z</time>
      </trkpt>
      <trkpt lat="46.161774" lon="11.529371">
        <ele>1480.369948</ele>
        <time>2026-05-24T06:31:47.000Z</time>
      </trkpt>
      <trkpt lat="46.161841" lon="11.529307">
        <ele>1480.369948</ele>
        <time>2026-05-24T06:31:53.000Z</time>
      </trkpt>
      <trkpt lat="46.161909" lon="11.529216">
        <ele>1480.369948</ele>
        <time>2026-05-24T06:32:00.000Z</time>
      </trkpt>
      <trkpt lat="46.161921" lon="11.529190">
        <ele>1480.369948</ele>
        <time>2026-05-24T06:32:02.000Z</time>
      </trkpt>
      <trkpt lat="46.161936" lon="11.529158">
        <ele>1480.369948</ele>
        <time>2026-05-24T06:32:04.000Z</time>
      </trkpt>
      <trkpt lat="46.161962" lon="11.529063">
        <ele>1480.369948</ele>
        <time>2026-05-24T06:32:09.000Z</time>
      </trkpt>
      <trkpt lat="46.161961" lon="11.529047">
        <ele>1480.369948</ele>
        <time>2026-05-24T06:32:10.000Z</time>
      </trkpt>
      <trkpt lat="46.161948" lon="11.528970">
        <ele>1480.891507</ele>
        <time>2026-05-24T06:32:15.000Z</time>
      </trkpt>
      <trkpt lat="46.161938" lon="11.528932">
        <ele>1481.184343</ele>
        <time>2026-05-24T06:32:17.000Z</time>
      </trkpt>
      <trkpt lat="46.161905" lon="11.528858">
        <ele>1481.818359</ele>
        <time>2026-05-24T06:32:23.000Z</time>
      </trkpt>
      <trkpt lat="46.161860" lon="11.528750">
        <ele>1482.726296</ele>
        <time>2026-05-24T06:32:29.000Z</time>
      </trkpt>
      <trkpt lat="46.161856" lon="11.528737">
        <ele>1482.828770</ele>
        <time>2026-05-24T06:32:30.000Z</time>
      </trkpt>
      <trkpt lat="46.161844" lon="11.528598">
        <ele>1483.837844</ele>
        <time>2026-05-24T06:32:37.000Z</time>
      </trkpt>
      <trkpt lat="46.161847" lon="11.528560">
        <ele>1484.113360</ele>
        <time>2026-05-24T06:32:39.000Z</time>
      </trkpt>
      <trkpt lat="46.161848" lon="11.528546">
        <ele>1484.214748</ele>
        <time>2026-05-24T06:32:40.000Z</time>
      </trkpt>
      <trkpt lat="46.161849" lon="11.528402">
        <ele>1485.252145</ele>
        <time>2026-05-24T06:32:48.000Z</time>
      </trkpt>
      <trkpt lat="46.161843" lon="11.528337">
        <ele>1485.724531</ele>
        <time>2026-05-24T06:32:52.000Z</time>
      </trkpt>
      <trkpt lat="46.161842" lon="11.528290">
        <ele>1486.063268</ele>
        <time>2026-05-24T06:32:55.000Z</time>
      </trkpt>
      <trkpt lat="46.161845" lon="11.528276">
        <ele>1486.168837</ele>
        <time>2026-05-24T06:32:56.000Z</time>
      </trkpt>
      <trkpt lat="46.161851" lon="11.528140">
        <ele>1487.150537</ele>
        <time>2026-05-24T06:33:03.000Z</time>
      </trkpt>
      <trkpt lat="46.161854" lon="11.528123">
        <ele>1487.276914</ele>
        <time>2026-05-24T06:33:04.000Z</time>
      </trkpt>
      <trkpt lat="46.161859" lon="11.528119">
        <ele>1487.336367</ele>
        <time>2026-05-24T06:33:08.000Z</time>
      </trkpt>
      <trkpt lat="46.161855" lon="11.528112">
        <ele>1487.401740</ele>
        <time>2026-05-24T06:33:09.000Z</time>
      </trkpt>
      <trkpt lat="46.161852" lon="11.528054">
        <ele>1487.820723</ele>
        <time>2026-05-24T06:33:13.000Z</time>
      </trkpt>
      <trkpt lat="46.161855" lon="11.527962">
        <ele>1488.484204</ele>
        <time>2026-05-24T06:33:18.000Z</time>
      </trkpt>
      <trkpt lat="46.161854" lon="11.527946">
        <ele>1488.599933</ele>
        <time>2026-05-24T06:33:19.000Z</time>
      </trkpt>
      <trkpt lat="46.161855" lon="11.527914">
        <ele>1488.830689</ele>
        <time>2026-05-24T06:33:21.000Z</time>
      </trkpt>
      <trkpt lat="46.161842" lon="11.527808">
        <ele>1489.606168</ele>
        <time>2026-05-24T06:33:27.000Z</time>
      </trkpt>
      <trkpt lat="46.161833" lon="11.527748">
        <ele>1490.048414</ele>
        <time>2026-05-24T06:33:30.000Z</time>
      </trkpt>
      <trkpt lat="46.161809" lon="11.527668">
        <ele>1490.676454</ele>
        <time>2026-05-24T06:33:35.000Z</time>
      </trkpt>
      <trkpt lat="46.161806" lon="11.527649">
        <ele>1490.816837</ele>
        <time>2026-05-24T06:33:36.000Z</time>
      </trkpt>
      <trkpt lat="46.161797" lon="11.527592">
        <ele>1491.237988</ele>
        <time>2026-05-24T06:33:39.000Z</time>
      </trkpt>
      <trkpt lat="46.161778" lon="11.527512">
        <ele>1491.847230</ele>
        <time>2026-05-24T06:33:43.000Z</time>
      </trkpt>
      <trkpt lat="46.161759" lon="11.527458">
        <ele>1492.283551</ele>
        <time>2026-05-24T06:33:47.000Z</time>
      </trkpt>
      <trkpt lat="46.161731" lon="11.527372">
        <ele>1492.968111</ele>
        <time>2026-05-24T06:33:52.000Z</time>
      </trkpt>
      <trkpt lat="46.161720" lon="11.527336">
        <ele>1493.251562</ele>
        <time>2026-05-24T06:33:54.000Z</time>
      </trkpt>
      <trkpt lat="46.161689" lon="11.527245">
        <ele>1493.982107</ele>
        <time>2026-05-24T06:34:00.000Z</time>
      </trkpt>
      <trkpt lat="46.161678" lon="11.527209">
        <ele>1494.265559</ele>
        <time>2026-05-24T06:34:02.000Z</time>
      </trkpt>
      <trkpt lat="46.161637" lon="11.527124">
        <ele>1495.011737</ele>
        <time>2026-05-24T06:34:08.000Z</time>
      </trkpt>
      <trkpt lat="46.161631" lon="11.527117">
        <ele>1495.091969</ele>
        <time>2026-05-24T06:34:09.000Z</time>
      </trkpt>
      <trkpt lat="46.161597" lon="11.527003">
        <ele>1495.986103</ele>
        <time>2026-05-24T06:34:15.000Z</time>
      </trkpt>
      <trkpt lat="46.161626" lon="11.526945">
        <ele>1496.501418</ele>
        <time>2026-05-24T06:34:19.000Z</time>
      </trkpt>
      <trkpt lat="46.161660" lon="11.526956">
        <ele>1496.863812</ele>
        <time>2026-05-24T06:34:21.000Z</time>
      </trkpt>
      <trkpt lat="46.161741" lon="11.527027">
        <ele>1497.849376</ele>
        <time>2026-05-24T06:34:27.000Z</time>
      </trkpt>
      <trkpt lat="46.161749" lon="11.527036">
        <ele>1497.954859</ele>
        <time>2026-05-24T06:34:28.000Z</time>
      </trkpt>
      <trkpt lat="46.161814" lon="11.527117">
        <ele>1498.847898</ele>
        <time>2026-05-24T06:34:34.000Z</time>
      </trkpt>
      <trkpt lat="46.161877" lon="11.527184">
        <ele>1499.619488</ele>
        <time>2026-05-24T06:34:41.000Z</time>
      </trkpt>
      <trkpt lat="46.161897" lon="11.527207">
        <ele>1499.866214</ele>
        <time>2026-05-24T06:34:43.000Z</time>
      </trkpt>
      <trkpt lat="46.161963" lon="11.527275">
        <ele>1500.648604</ele>
        <time>2026-05-24T06:34:49.000Z</time>
      </trkpt>
      <trkpt lat="46.161984" lon="11.527299">
        <ele>1500.907043</ele>
        <time>2026-05-24T06:34:51.000Z</time>
      </trkpt>
      <trkpt lat="46.162034" lon="11.527352">
        <ele>1501.505582</ele>
        <time>2026-05-24T06:34:56.000Z</time>
      </trkpt>
      <trkpt lat="46.162065" lon="11.527401">
        <ele>1501.949120</ele>
        <time>2026-05-24T06:35:00.000Z</time>
      </trkpt>
      <trkpt lat="46.162087" lon="11.527453">
        <ele>1502.356363</ele>
        <time>2026-05-24T06:35:03.000Z</time>
      </trkpt>
      <trkpt lat="46.162113" lon="11.527507">
        <ele>1502.795901</ele>
        <time>2026-05-24T06:35:07.000Z</time>
      </trkpt>
      <trkpt lat="46.162126" lon="11.527537">
        <ele>1503.032410</ele>
        <time>2026-05-24T06:35:09.000Z</time>
      </trkpt>
      <trkpt lat="46.162191" lon="11.527629">
        <ele>1503.910737</ele>
        <time>2026-05-24T06:35:16.000Z</time>
      </trkpt>
      <trkpt lat="46.162197" lon="11.527639">
        <ele>1503.999160</ele>
        <time>2026-05-24T06:35:17.000Z</time>
      </trkpt>
      <trkpt lat="46.162205" lon="11.527652">
        <ele>1504.115384</ele>
        <time>2026-05-24T06:35:18.000Z</time>
      </trkpt>
      <trkpt lat="46.162254" lon="11.527708">
        <ele>1504.718406</ele>
        <time>2026-05-24T06:35:24.000Z</time>
      </trkpt>
      <trkpt lat="46.162312" lon="11.527753">
        <ele>1505.353762</ele>
        <time>2026-05-24T06:35:29.000Z</time>
      </trkpt>
      <trkpt lat="46.162360" lon="11.527798">
        <ele>1505.906010</ele>
        <time>2026-05-24T06:35:33.000Z</time>
      </trkpt>
      <trkpt lat="46.162414" lon="11.527881">
        <ele>1506.667077</ele>
        <time>2026-05-24T06:35:39.000Z</time>
      </trkpt>
      <trkpt lat="46.162421" lon="11.527895">
        <ele>1506.782477</ele>
        <time>2026-05-24T06:35:40.000Z</time>
      </trkpt>
      <trkpt lat="46.162473" lon="11.527969">
        <ele>1507.487011</ele>
        <time>2026-05-24T06:35:46.000Z</time>
      </trkpt>
      <trkpt lat="46.162487" lon="11.527993">
        <ele>1507.696720</ele>
        <time>2026-05-24T06:35:48.000Z</time>
      </trkpt>
      <trkpt lat="46.162556" lon="11.528088">
        <ele>1508.616730</ele>
        <time>2026-05-24T06:35:55.000Z</time>
      </trkpt>
      <trkpt lat="46.162624" lon="11.528191">
        <ele>1509.567737</ele>
        <time>2026-05-24T06:36:03.000Z</time>
      </trkpt>
      <trkpt lat="46.162643" lon="11.528219">
        <ele>1509.829714</ele>
        <time>2026-05-24T06:36:05.000Z</time>
      </trkpt>
      <trkpt lat="46.162711" lon="11.528313">
        <ele>1510.738129</ele>
        <time>2026-05-24T06:36:12.000Z</time>
      </trkpt>
      <trkpt lat="46.162722" lon="11.528331">
        <ele>1510.898561</ele>
        <time>2026-05-24T06:36:13.000Z</time>
      </trkpt>
      <trkpt lat="46.162763" lon="11.528407">
        <ele>1511.542388</ele>
        <time>2026-05-24T06:36:19.000Z</time>
      </trkpt>
      <trkpt lat="46.162770" lon="11.528421">
        <ele>1511.657787</ele>
        <time>2026-05-24T06:36:20.000Z</time>
      </trkpt>
      <trkpt lat="46.162819" lon="11.528504">
        <ele>1512.386667</ele>
        <time>2026-05-24T06:36:26.000Z</time>
      </trkpt>
      <trkpt lat="46.162836" lon="11.528523">
        <ele>1512.594113</ele>
        <time>2026-05-24T06:36:28.000Z</time>
      </trkpt>
      <trkpt lat="46.162877" lon="11.528597">
        <ele>1513.227447</ele>
        <time>2026-05-24T06:36:33.000Z</time>
      </trkpt>
      <trkpt lat="46.162896" lon="11.528632">
        <ele>1513.524649</ele>
        <time>2026-05-24T06:36:35.000Z</time>
      </trkpt>
      <trkpt lat="46.162962" lon="11.528733">
        <ele>1514.452674</ele>
        <time>2026-05-24T06:36:42.000Z</time>
      </trkpt>
      <trkpt lat="46.162970" lon="11.528748">
        <ele>1514.579201</ele>
        <time>2026-05-24T06:36:43.000Z</time>
      </trkpt>
      <trkpt lat="46.163006" lon="11.528884">
        <ele>1515.552245</ele>
        <time>2026-05-24T06:36:50.000Z</time>
      </trkpt>
      <trkpt lat="46.163011" lon="11.528917">
        <ele>1515.778008</ele>
        <time>2026-05-24T06:36:52.000Z</time>
      </trkpt>
      <trkpt lat="46.163039" lon="11.528974">
        <ele>1516.245040</ele>
        <time>2026-05-24T06:36:56.000Z</time>
      </trkpt>
      <trkpt lat="46.163079" lon="11.529103">
        <ele>1517.151176</ele>
        <time>2026-05-24T06:37:03.000Z</time>
      </trkpt>
      <trkpt lat="46.163093" lon="11.529137">
        <ele>1517.402095</ele>
        <time>2026-05-24T06:37:05.000Z</time>
      </trkpt>
      <trkpt lat="46.163144" lon="11.529241">
        <ele>1518.210446</ele>
        <time>2026-05-24T06:37:12.000Z</time>
      </trkpt>
      <trkpt lat="46.163151" lon="11.529253">
        <ele>1518.309970</ele>
        <time>2026-05-24T06:37:13.000Z</time>
      </trkpt>
      <trkpt lat="46.163209" lon="11.529391">
        <ele>1519.333950</ele>
        <time>2026-05-24T06:37:21.000Z</time>
      </trkpt>
      <trkpt lat="46.163222" lon="11.529418">
        <ele>1519.542546</ele>
        <time>2026-05-24T06:37:23.000Z</time>
      </trkpt>
      <trkpt lat="46.163252" lon="11.529524">
        <ele>1520.268934</ele>
        <time>2026-05-24T06:37:29.000Z</time>
      </trkpt>
      <trkpt lat="46.163275" lon="11.529610">
        <ele>1520.853737</ele>
        <time>2026-05-24T06:37:34.000Z</time>
      </trkpt>
      <trkpt lat="46.163287" lon="11.529670">
        <ele>1521.249900</ele>
        <time>2026-05-24T06:37:38.000Z</time>
      </trkpt>
      <trkpt lat="46.163298" lon="11.529705">
        <ele>1521.493713</ele>
        <time>2026-05-24T06:37:40.000Z</time>
      </trkpt>
      <trkpt lat="46.163318" lon="11.529757">
        <ele>1521.871025</ele>
        <time>2026-05-24T06:37:45.000Z</time>
      </trkpt>
      <trkpt lat="46.163302" lon="11.529775">
        <ele>1522.056801</ele>
        <time>2026-05-24T06:37:49.000Z</time>
      </trkpt>
      <trkpt lat="46.163294" lon="11.529787">
        <ele>1522.162458</ele>
        <time>2026-05-24T06:37:51.000Z</time>
      </trkpt>
      <trkpt lat="46.163279" lon="11.529814">
        <ele>1522.382025</ele>
        <time>2026-05-24T06:38:01.000Z</time>
      </trkpt>
      <trkpt lat="46.163282" lon="11.529810">
        <ele>1522.419426</ele>
        <time>2026-05-24T06:38:09.000Z</time>
      </trkpt>
      <trkpt lat="46.163275" lon="11.529806">
        <ele>1522.488377</ele>
        <time>2026-05-24T06:38:18.000Z</time>
      </trkpt>
      <trkpt lat="46.163274" lon="11.529806">
        <ele>1522.497536</ele>
        <time>2026-05-24T06:38:20.000Z</time>
      </trkpt>
      <trkpt lat="46.163276" lon="11.529803">
        <ele>1522.523950</ele>
        <time>2026-05-24T06:38:29.000Z</time>
      </trkpt>
      <trkpt lat="46.163277" lon="11.529822">
        <ele>1522.644825</ele>
        <time>2026-05-24T06:38:41.000Z</time>
      </trkpt>
      <trkpt lat="46.163286" lon="11.529789">
        <ele>1522.869807</ele>
        <time>2026-05-24T06:38:49.000Z</time>
      </trkpt>
      <trkpt lat="46.163285" lon="11.529786">
        <ele>1522.890926</ele>
        <time>2026-05-24T06:38:55.000Z</time>
      </trkpt>
      <trkpt lat="46.163286" lon="11.529789">
        <ele>1522.912046</ele>
        <time>2026-05-24T06:38:58.000Z</time>
      </trkpt>
      <trkpt lat="46.163280" lon="11.529804">
        <ele>1523.021928</ele>
        <time>2026-05-24T06:39:09.000Z</time>
      </trkpt>
      <trkpt lat="46.163284" lon="11.529802">
        <ele>1523.060699</ele>
        <time>2026-05-24T06:39:11.000Z</time>
      </trkpt>
      <trkpt lat="46.163277" lon="11.529807">
        <ele>1523.132228</ele>
        <time>2026-05-24T06:39:22.000Z</time>
      </trkpt>
      <trkpt lat="46.163270" lon="11.529814">
        <ele>1523.210216</ele>
        <time>2026-05-24T06:39:25.000Z</time>
      </trkpt>
      <trkpt lat="46.163266" lon="11.529807">
        <ele>1523.267783</ele>
        <time>2026-05-24T06:39:27.000Z</time>
      </trkpt>
      <trkpt lat="46.163264" lon="11.529794">
        <ele>1523.352259</ele>
        <time>2026-05-24T06:39:33.000Z</time>
      </trkpt>
      <trkpt lat="46.163263" lon="11.529794">
        <ele>1523.361418</ele>
        <time>2026-05-24T06:39:36.000Z</time>
      </trkpt>
      <trkpt lat="46.163270" lon="11.529796">
        <ele>1523.426774</ele>
        <time>2026-05-24T06:39:40.000Z</time>
      </trkpt>
      <trkpt lat="46.163269" lon="11.529800">
        <ele>1523.453751</ele>
        <time>2026-05-24T06:39:41.000Z</time>
      </trkpt>
      <trkpt lat="46.163269" lon="11.529800">
        <ele>1523.453751</ele>
        <time>2026-05-24T06:39:48.000Z</time>
      </trkpt>
      <trkpt lat="46.163268" lon="11.529797">
        <ele>1523.474871</ele>
        <time>2026-05-24T06:39:53.000Z</time>
      </trkpt>
      <trkpt lat="46.163269" lon="11.529795">
        <ele>1523.490518</ele>
        <time>2026-05-24T06:39:58.000Z</time>
      </trkpt>
      <trkpt lat="46.163269" lon="11.529794">
        <ele>1523.496862</ele>
        <time>2026-05-24T06:39:59.000Z</time>
      </trkpt>
      <trkpt lat="46.163283" lon="11.529798">
        <ele>1523.627573</ele>
        <time>2026-05-24T06:40:04.000Z</time>
      </trkpt>
      <trkpt lat="46.163286" lon="11.529794">
        <ele>1523.664974</ele>
        <time>2026-05-24T06:40:15.000Z</time>
      </trkpt>
      <trkpt lat="46.163276" lon="11.529802">
        <ele>1523.769684</ele>
        <time>2026-05-24T06:40:24.000Z</time>
      </trkpt>
      <trkpt lat="46.163247" lon="11.529834">
        <ele>1524.103981</ele>
        <time>2026-05-24T06:40:32.000Z</time>
      </trkpt>
      <trkpt lat="46.163246" lon="11.529833">
        <ele>1524.115122</ele>
        <time>2026-05-24T06:40:33.000Z</time>
      </trkpt>
      <trkpt lat="46.163258" lon="11.529840">
        <ele>1524.233661</ele>
        <time>2026-05-24T06:40:40.000Z</time>
      </trkpt>
      <trkpt lat="46.163268" lon="11.529793">
        <ele>1524.545558</ele>
        <time>2026-05-24T06:40:48.000Z</time>
      </trkpt>
      <trkpt lat="46.163290" lon="11.529752">
        <ele>1524.874564</ele>
        <time>2026-05-24T06:40:51.000Z</time>
      </trkpt>
      <trkpt lat="46.163297" lon="11.529701">
        <ele>1525.204376</ele>
        <time>2026-05-24T06:40:54.000Z</time>
      </trkpt>
      <trkpt lat="46.163295" lon="11.529652">
        <ele>1525.515748</ele>
        <time>2026-05-24T06:40:56.000Z</time>
      </trkpt>
      <trkpt lat="46.163280" lon="11.529553">
        <ele>1526.158610</ele>
        <time>2026-05-24T06:41:02.000Z</time>
      </trkpt>
      <trkpt lat="46.163277" lon="11.529535">
        <ele>1526.276053</ele>
        <time>2026-05-24T06:41:03.000Z</time>
      </trkpt>
      <trkpt lat="46.163262" lon="11.529477">
        <ele>1526.668791</ele>
        <time>2026-05-24T06:41:06.000Z</time>
      </trkpt>
      <trkpt lat="46.163256" lon="11.529442">
        <ele>1526.897515</ele>
        <time>2026-05-24T06:41:08.000Z</time>
      </trkpt>
      <trkpt lat="46.163234" lon="11.529305">
        <ele>1527.789633</ele>
        <time>2026-05-24T06:41:16.000Z</time>
      </trkpt>
      <trkpt lat="46.163226" lon="11.529228">
        <ele>1528.283551</ele>
        <time>2026-05-24T06:41:19.000Z</time>
      </trkpt>
      <trkpt lat="46.163214" lon="11.529133">
        <ele>1528.896128</ele>
        <time>2026-05-24T06:41:24.000Z</time>
      </trkpt>
      <trkpt lat="46.163214" lon="11.529122">
        <ele>1528.965907</ele>
        <time>2026-05-24T06:41:25.000Z</time>
      </trkpt>
      <trkpt lat="46.163209" lon="11.529086">
        <ele>1529.198821</ele>
        <time>2026-05-24T06:41:27.000Z</time>
      </trkpt>
      <trkpt lat="46.163207" lon="11.529041">
        <ele>1529.484867</ele>
        <time>2026-05-24T06:41:29.000Z</time>
      </trkpt>
      <trkpt lat="46.163195" lon="11.528961">
        <ele>1530.004116</ele>
        <time>2026-05-24T06:41:34.000Z</time>
      </trkpt>
      <trkpt lat="46.163192" lon="11.528943">
        <ele>1530.121559</ele>
        <time>2026-05-24T06:41:35.000Z</time>
      </trkpt>
      <trkpt lat="46.163183" lon="11.528872">
        <ele>1530.579432</ele>
        <time>2026-05-24T06:41:39.000Z</time>
      </trkpt>
      <trkpt lat="46.163174" lon="11.528800">
        <ele>1531.043546</ele>
        <time>2026-05-24T06:41:43.000Z</time>
      </trkpt>
      <trkpt lat="46.163174" lon="11.528782">
        <ele>1531.157730</ele>
        <time>2026-05-24T06:41:44.000Z</time>
      </trkpt>
      <trkpt lat="46.163159" lon="11.528656">
        <ele>1531.968739</ele>
        <time>2026-05-24T06:41:51.000Z</time>
      </trkpt>
      <trkpt lat="46.163154" lon="11.528617">
        <ele>1532.220340</ele>
        <time>2026-05-24T06:41:53.000Z</time>
      </trkpt>
      <trkpt lat="46.163132" lon="11.528486">
        <ele>1533.102953</ele>
        <time>2026-05-24T06:42:00.000Z</time>
      </trkpt>
      <trkpt lat="46.163133" lon="11.528466">
        <ele>1533.250899</ele>
        <time>2026-05-24T06:42:01.000Z</time>
      </trkpt>
      <trkpt lat="46.163137" lon="11.528409">
        <ele>1533.673603</ele>
        <time>2026-05-24T06:42:04.000Z</time>
      </trkpt>
      <trkpt lat="46.163144" lon="11.528349">
        <ele>1534.122524</ele>
        <time>2026-05-24T06:42:07.000Z</time>
      </trkpt>
      <trkpt lat="46.163140" lon="11.528291">
        <ele>1534.552570</ele>
        <time>2026-05-24T06:42:10.000Z</time>
      </trkpt>
      <trkpt lat="46.163119" lon="11.528226">
        <ele>1535.081755</ele>
        <time>2026-05-24T06:42:14.000Z</time>
      </trkpt>
      <trkpt lat="46.163105" lon="11.528180">
        <ele>1535.452468</ele>
        <time>2026-05-24T06:42:17.000Z</time>
      </trkpt>
      <trkpt lat="46.163091" lon="11.528151">
        <ele>1535.713280</ele>
        <time>2026-05-24T06:42:19.000Z</time>
      </trkpt>
      <trkpt lat="46.163044" lon="11.528082">
        <ele>1536.427314</ele>
        <time>2026-05-24T06:42:25.000Z</time>
      </trkpt>
      <trkpt lat="46.163034" lon="11.528061">
        <ele>1536.615341</ele>
        <time>2026-05-24T06:42:27.000Z</time>
      </trkpt>
      <trkpt lat="46.162998" lon="11.527982">
        <ele>1537.313056</ele>
        <time>2026-05-24T06:42:32.000Z</time>
      </trkpt>
      <trkpt lat="46.162992" lon="11.527968">
        <ele>1537.434525</ele>
        <time>2026-05-24T06:42:33.000Z</time>
      </trkpt>
      <trkpt lat="46.162979" lon="11.527915">
        <ele>1537.849362</ele>
        <time>2026-05-24T06:42:36.000Z</time>
      </trkpt>
      <trkpt lat="46.162944" lon="11.527780">
        <ele>1538.912902</ele>
        <time>2026-05-24T06:42:44.000Z</time>
      </trkpt>
      <trkpt lat="46.162922" lon="11.527718">
        <ele>1539.426884</ele>
        <time>2026-05-24T06:42:48.000Z</time>
      </trkpt>
      <trkpt lat="46.162885" lon="11.527625">
        <ele>1540.218195</ele>
        <time>2026-05-24T06:42:53.000Z</time>
      </trkpt>
      <trkpt lat="46.162860" lon="11.527564">
        <ele>1540.741151</ele>
        <time>2026-05-24T06:42:57.000Z</time>
      </trkpt>
      <trkpt lat="46.162850" lon="11.527540">
        <ele>1540.947799</ele>
        <time>2026-05-24T06:42:59.000Z</time>
      </trkpt>
      <trkpt lat="46.162823" lon="11.527464">
        <ele>1541.577999</ele>
        <time>2026-05-24T06:43:03.000Z</time>
      </trkpt>
      <trkpt lat="46.162806" lon="11.527413">
        <ele>1541.995594</ele>
        <time>2026-05-24T06:43:06.000Z</time>
      </trkpt>
      <trkpt lat="46.162802" lon="11.527402">
        <ele>1542.087259</ele>
        <time>2026-05-24T06:43:07.000Z</time>
      </trkpt>
      <trkpt lat="46.162780" lon="11.527323">
        <ele>1542.715482</ele>
        <time>2026-05-24T06:43:12.000Z</time>
      </trkpt>
      <trkpt lat="46.162766" lon="11.527261">
        <ele>1543.196624</ele>
        <time>2026-05-24T06:43:15.000Z</time>
      </trkpt>
      <trkpt lat="46.162751" lon="11.527206">
        <ele>1543.632748</ele>
        <time>2026-05-24T06:43:18.000Z</time>
      </trkpt>
      <trkpt lat="46.162728" lon="11.527127">
        <ele>1544.265022</ele>
        <time>2026-05-24T06:43:23.000Z</time>
      </trkpt>
      <trkpt lat="46.162722" lon="11.527109">
        <ele>1544.412409</ele>
        <time>2026-05-24T06:43:24.000Z</time>
      </trkpt>
      <trkpt lat="46.162689" lon="11.526996">
        <ele>1545.317220</ele>
        <time>2026-05-24T06:43:31.000Z</time>
      </trkpt>
      <trkpt lat="46.162650" lon="11.526865">
        <ele>1546.369264</ele>
        <time>2026-05-24T06:43:38.000Z</time>
      </trkpt>
      <trkpt lat="46.162628" lon="11.526747">
        <ele>1547.270877</ele>
        <time>2026-05-24T06:43:44.000Z</time>
      </trkpt>
      <trkpt lat="46.162626" lon="11.526686">
        <ele>1547.721448</ele>
        <time>2026-05-24T06:43:47.000Z</time>
      </trkpt>
      <trkpt lat="46.162636" lon="11.526546">
        <ele>1548.759868</ele>
        <time>2026-05-24T06:43:55.000Z</time>
      </trkpt>
      <trkpt lat="46.162644" lon="11.526480">
        <ele>1549.254227</ele>
        <time>2026-05-24T06:43:59.000Z</time>
      </trkpt>
      <trkpt lat="46.162652" lon="11.526366">
        <ele>1550.099642</ele>
        <time>2026-05-24T06:44:05.000Z</time>
      </trkpt>
      <trkpt lat="46.162655" lon="11.526346">
        <ele>1550.250626</ele>
        <time>2026-05-24T06:44:06.000Z</time>
      </trkpt>
      <trkpt lat="46.162675" lon="11.526209">
        <ele>1551.283642</ele>
        <time>2026-05-24T06:44:13.000Z</time>
      </trkpt>
      <trkpt lat="46.162678" lon="11.526189">
        <ele>1551.434626</ele>
        <time>2026-05-24T06:44:14.000Z</time>
      </trkpt>
      <trkpt lat="46.162694" lon="11.526076">
        <ele>1552.355001</ele>
        <time>2026-05-24T06:44:21.000Z</time>
      </trkpt>
      <trkpt lat="46.162704" lon="11.526034">
        <ele>1552.786665</ele>
        <time>2026-05-24T06:44:23.000Z</time>
      </trkpt>
      <trkpt lat="46.162725" lon="11.525955">
        <ele>1553.609110</ele>
        <time>2026-05-24T06:44:27.000Z</time>
      </trkpt>
      <trkpt lat="46.162745" lon="11.525887">
        <ele>1554.327154</ele>
        <time>2026-05-24T06:44:31.000Z</time>
      </trkpt>
      <trkpt lat="46.162768" lon="11.525823">
        <ele>1555.027949</ele>
        <time>2026-05-24T06:44:35.000Z</time>
      </trkpt>
      <trkpt lat="46.162783" lon="11.525774">
        <ele>1555.548645</ele>
        <time>2026-05-24T06:44:38.000Z</time>
      </trkpt>
      <trkpt lat="46.162800" lon="11.525693">
        <ele>1556.371269</ele>
        <time>2026-05-24T06:44:43.000Z</time>
      </trkpt>
      <trkpt lat="46.162813" lon="11.525654">
        <ele>1556.791942</ele>
        <time>2026-05-24T06:44:45.000Z</time>
      </trkpt>
      <trkpt lat="46.162840" lon="11.525547">
        <ele>1557.898790</ele>
        <time>2026-05-24T06:44:51.000Z</time>
      </trkpt>
      <trkpt lat="46.162850" lon="11.525485">
        <ele>1558.517518</ele>
        <time>2026-05-24T06:44:55.000Z</time>
      </trkpt>
      <trkpt lat="46.162880" lon="11.525426">
        <ele>1559.228906</ele>
        <time>2026-05-24T06:44:59.000Z</time>
      </trkpt>
      <trkpt lat="46.162940" lon="11.525316">
        <ele>1560.589782</ele>
        <time>2026-05-24T06:45:08.000Z</time>
      </trkpt>
      <trkpt lat="46.162946" lon="11.525309">
        <ele>1560.698032</ele>
        <time>2026-05-24T06:45:09.000Z</time>
      </trkpt>
      <trkpt lat="46.162998" lon="11.525257">
        <ele>1561.585683</ele>
        <time>2026-05-24T06:45:17.000Z</time>
      </trkpt>
      <trkpt lat="46.163000" lon="11.525254">
        <ele>1561.626154</ele>
        <time>2026-05-24T06:45:18.000Z</time>
      </trkpt>
      <trkpt lat="46.163036" lon="11.525235">
        <ele>1562.164037</ele>
        <time>2026-05-24T06:45:25.000Z</time>
      </trkpt>
      <trkpt lat="46.163039" lon="11.525281">
        <ele>1562.613107</ele>
        <time>2026-05-24T06:45:30.000Z</time>
      </trkpt>
      <trkpt lat="46.163046" lon="11.525307">
        <ele>1562.884231</ele>
        <time>2026-05-24T06:45:33.000Z</time>
      </trkpt>
      <trkpt lat="46.163059" lon="11.525297">
        <ele>1563.090937</ele>
        <time>2026-05-24T06:45:35.000Z</time>
      </trkpt>
      <trkpt lat="46.163081" lon="11.525298">
        <ele>1563.399816</ele>
        <time>2026-05-24T06:45:39.000Z</time>
      </trkpt>
      <trkpt lat="46.163085" lon="11.525304">
        <ele>1563.480758</ele>
        <time>2026-05-24T06:45:40.000Z</time>
      </trkpt>
      <trkpt lat="46.163111" lon="11.525318">
        <ele>1563.870164</ele>
        <time>2026-05-24T06:45:43.000Z</time>
      </trkpt>
      <trkpt lat="46.163142" lon="11.525299">
        <ele>1564.342761</ele>
        <time>2026-05-24T06:45:48.000Z</time>
      </trkpt>
      <trkpt lat="46.163175" lon="11.525205">
        <ele>1565.367043</ele>
        <time>2026-05-24T06:45:54.000Z</time>
      </trkpt>
      <trkpt lat="46.163199" lon="11.525137">
        <ele>1566.108824</ele>
        <time>2026-05-24T06:45:57.000Z</time>
      </trkpt>
      <trkpt lat="46.163238" lon="11.525050">
        <ele>1567.116066</ele>
        <time>2026-05-24T06:46:02.000Z</time>
      </trkpt>
      <trkpt lat="46.163242" lon="11.525036">
        <ele>1567.263260</ele>
        <time>2026-05-24T06:46:03.000Z</time>
      </trkpt>
      <trkpt lat="46.163269" lon="11.524966">
        <ele>1568.042003</ele>
        <time>2026-05-24T06:46:08.000Z</time>
      </trkpt>
      <trkpt lat="46.163281" lon="11.524938">
        <ele>1568.362032</ele>
        <time>2026-05-24T06:46:10.000Z</time>
      </trkpt>
      <trkpt lat="46.163325" lon="11.524866">
        <ele>1569.295283</ele>
        <time>2026-05-24T06:46:15.000Z</time>
      </trkpt>
      <trkpt lat="46.163343" lon="11.524837">
        <ele>1569.673766</ele>
        <time>2026-05-24T06:46:17.000Z</time>
      </trkpt>
      <trkpt lat="46.163391" lon="11.524753">
        <ele>1570.732191</ele>
        <time>2026-05-24T06:46:22.000Z</time>
      </trkpt>
      <trkpt lat="46.163411" lon="11.524723">
        <ele>1571.136899</ele>
        <time>2026-05-24T06:46:24.000Z</time>
      </trkpt>
      <trkpt lat="46.163475" lon="11.524641">
        <ele>1572.337645</ele>
        <time>2026-05-24T06:46:32.000Z</time>
      </trkpt>
      <trkpt lat="46.163485" lon="11.524632">
        <ele>1572.503006</ele>
        <time>2026-05-24T06:46:33.000Z</time>
      </trkpt>
      <trkpt lat="46.163550" lon="11.524546">
        <ele>1573.740209</ele>
        <time>2026-05-24T06:46:40.000Z</time>
      </trkpt>
      <trkpt lat="46.163634" lon="11.524430">
        <ele>1575.371350</ele>
        <time>2026-05-24T06:46:48.000Z</time>
      </trkpt>
      <trkpt lat="46.163682" lon="11.524344">
        <ele>1576.444838</ele>
        <time>2026-05-24T06:46:54.000Z</time>
      </trkpt>
      <trkpt lat="46.163723" lon="11.524286">
        <ele>1577.250325</ele>
        <time>2026-05-24T06:46:59.000Z</time>
      </trkpt>
      <trkpt lat="46.163741" lon="11.524267">
        <ele>1577.461269</ele>
        <time>2026-05-24T06:47:01.000Z</time>
      </trkpt>
      <trkpt lat="46.163788" lon="11.524223">
        <ele>1577.934204</ele>
        <time>2026-05-24T06:47:06.000Z</time>
      </trkpt>
      <trkpt lat="46.163833" lon="11.524196">
        <ele>1578.345637</ele>
        <time>2026-05-24T06:47:10.000Z</time>
      </trkpt>
      <trkpt lat="46.163841" lon="11.524191">
        <ele>1578.419238</ele>
        <time>2026-05-24T06:47:11.000Z</time>
      </trkpt>
      <trkpt lat="46.163862" lon="11.524175">
        <ele>1578.619712</ele>
        <time>2026-05-24T06:47:14.000Z</time>
      </trkpt>
      <trkpt lat="46.163889" lon="11.524135">
        <ele>1578.946326</ele>
        <time>2026-05-24T06:47:17.000Z</time>
      </trkpt>
      <trkpt lat="46.163907" lon="11.524109">
        <ele>1579.161295</ele>
        <time>2026-05-24T06:47:19.000Z</time>
      </trkpt>
      <trkpt lat="46.163971" lon="11.524011">
        <ele>1579.948937</ele>
        <time>2026-05-24T06:47:26.000Z</time>
      </trkpt>
      <trkpt lat="46.163998" lon="11.523987">
        <ele>1580.216634</ele>
        <time>2026-05-24T06:47:28.000Z</time>
      </trkpt>
      <trkpt lat="46.164047" lon="11.523961">
        <ele>1580.657393</ele>
        <time>2026-05-24T06:47:32.000Z</time>
      </trkpt>
      <trkpt lat="46.164091" lon="11.523937">
        <ele>1581.054509</ele>
        <time>2026-05-24T06:47:36.000Z</time>
      </trkpt>
      <trkpt lat="46.164104" lon="11.523924">
        <ele>1581.188022</ele>
        <time>2026-05-24T06:47:37.000Z</time>
      </trkpt>
      <trkpt lat="46.164152" lon="11.523876">
        <ele>1581.680994</ele>
        <time>2026-05-24T06:47:42.000Z</time>
      </trkpt>
      <trkpt lat="46.164191" lon="11.523837">
        <ele>1582.081534</ele>
        <time>2026-05-24T06:47:48.000Z</time>
      </trkpt>
      <trkpt lat="46.164198" lon="11.523829">
        <ele>1582.156908</ele>
        <time>2026-05-24T06:47:49.000Z</time>
      </trkpt>
      <trkpt lat="46.164221" lon="11.523806">
        <ele>1582.393124</ele>
        <time>2026-05-24T06:47:52.000Z</time>
      </trkpt>
      <trkpt lat="46.164272" lon="11.523739">
        <ele>1582.975280</ele>
        <time>2026-05-24T06:47:58.000Z</time>
      </trkpt>
      <trkpt lat="46.164339" lon="11.523653">
        <ele>1583.732175</ele>
        <time>2026-05-24T06:48:05.000Z</time>
      </trkpt>
      <trkpt lat="46.164344" lon="11.523643">
        <ele>1583.804297</ele>
        <time>2026-05-24T06:48:06.000Z</time>
      </trkpt>
      <trkpt lat="46.164418" lon="11.523569">
        <ele>1584.564294</ele>
        <time>2026-05-24T06:48:13.000Z</time>
      </trkpt>
      <trkpt lat="46.164484" lon="11.523518">
        <ele>1585.196315</ele>
        <time>2026-05-24T06:48:18.000Z</time>
      </trkpt>
      <trkpt lat="46.164514" lon="11.523501">
        <ele>1585.468413</ele>
        <time>2026-05-24T06:48:20.000Z</time>
      </trkpt>
      <trkpt lat="46.164595" lon="11.523427">
        <ele>1586.277695</ele>
        <time>2026-05-24T06:48:27.000Z</time>
      </trkpt>
      <trkpt lat="46.164698" lon="11.523342">
        <ele>1587.279343</ele>
        <time>2026-05-24T06:48:36.000Z</time>
      </trkpt>
      <trkpt lat="46.164768" lon="11.523267">
        <ele>1588.015297</ele>
        <time>2026-05-24T06:48:42.000Z</time>
      </trkpt>
      <trkpt lat="46.164802" lon="11.523240">
        <ele>1588.342911</ele>
        <time>2026-05-24T06:48:46.000Z</time>
      </trkpt>
      <trkpt lat="46.164806" lon="11.523239">
        <ele>1588.377185</ele>
        <time>2026-05-24T06:48:47.000Z</time>
      </trkpt>
      <trkpt lat="46.164835" lon="11.523211">
        <ele>1588.671731</ele>
        <time>2026-05-24T06:48:51.000Z</time>
      </trkpt>
      <trkpt lat="46.164853" lon="11.523201">
        <ele>1588.834566</ele>
        <time>2026-05-24T06:48:53.000Z</time>
      </trkpt>
      <trkpt lat="46.164893" lon="11.523170">
        <ele>1589.217860</ele>
        <time>2026-05-24T06:48:57.000Z</time>
      </trkpt>
      <trkpt lat="46.165026" lon="11.523159">
        <ele>1590.342617</ele>
        <time>2026-05-24T06:49:06.000Z</time>
      </trkpt>
      <trkpt lat="46.165092" lon="11.523156">
        <ele>1590.900129</ele>
        <time>2026-05-24T06:49:12.000Z</time>
      </trkpt>
      <trkpt lat="46.165191" lon="11.523179">
        <ele>1591.746735</ele>
        <time>2026-05-24T06:49:19.000Z</time>
      </trkpt>
      <trkpt lat="46.165218" lon="11.523185">
        <ele>1591.977380</ele>
        <time>2026-05-24T06:49:21.000Z</time>
      </trkpt>
      <trkpt lat="46.165263" lon="11.523178">
        <ele>1592.359513</ele>
        <time>2026-05-24T06:49:25.000Z</time>
      </trkpt>
      <trkpt lat="46.165274" lon="11.523176">
        <ele>1592.453119</ele>
        <time>2026-05-24T06:49:27.000Z</time>
      </trkpt>
      <trkpt lat="46.165322" lon="11.523160">
        <ele>1593.100926</ele>
        <time>2026-05-24T06:49:33.000Z</time>
      </trkpt>
      <trkpt lat="46.165405" lon="11.523147">
        <ele>1594.240686</ele>
        <time>2026-05-24T06:49:39.000Z</time>
      </trkpt>
      <trkpt lat="46.165418" lon="11.523144">
        <ele>1594.420414</ele>
        <time>2026-05-24T06:49:40.000Z</time>
      </trkpt>
      <trkpt lat="46.165489" lon="11.523111">
        <ele>1595.438686</ele>
        <time>2026-05-24T06:49:45.000Z</time>
      </trkpt>
      <trkpt lat="46.165519" lon="11.523090">
        <ele>1595.893838</ele>
        <time>2026-05-24T06:49:48.000Z</time>
      </trkpt>
      <trkpt lat="46.165537" lon="11.523083">
        <ele>1596.148331</ele>
        <time>2026-05-24T06:49:51.000Z</time>
      </trkpt>
      <trkpt lat="46.165548" lon="11.523083">
        <ele>1596.298502</ele>
        <time>2026-05-24T06:49:52.000Z</time>
      </trkpt>
      <trkpt lat="46.165576" lon="11.523066">
        <ele>1596.713177</ele>
        <time>2026-05-24T06:49:55.000Z</time>
      </trkpt>
      <trkpt lat="46.165579" lon="11.523067">
        <ele>1596.755210</ele>
        <time>2026-05-24T06:49:56.000Z</time>
      </trkpt>
      <trkpt lat="46.165601" lon="11.523055">
        <ele>1597.076270</ele>
        <time>2026-05-24T06:50:00.000Z</time>
      </trkpt>
      <trkpt lat="46.165626" lon="11.523042">
        <ele>1597.439028</ele>
        <time>2026-05-24T06:50:03.000Z</time>
      </trkpt>
      <trkpt lat="46.165643" lon="11.523034">
        <ele>1597.683127</ele>
        <time>2026-05-24T06:50:06.000Z</time>
      </trkpt>
      <trkpt lat="46.165655" lon="11.523023">
        <ele>1597.877176</ele>
        <time>2026-05-24T06:50:07.000Z</time>
      </trkpt>
      <trkpt lat="46.165679" lon="11.523016">
        <ele>1598.211441</ele>
        <time>2026-05-24T06:50:10.000Z</time>
      </trkpt>
      <trkpt lat="46.165693" lon="11.523010">
        <ele>1598.410811</ele>
        <time>2026-05-24T06:50:11.000Z</time>
      </trkpt>
      <trkpt lat="46.165732" lon="11.522979">
        <ele>1599.018585</ele>
        <time>2026-05-24T06:50:15.000Z</time>
      </trkpt>
      <trkpt lat="46.165795" lon="11.522919">
        <ele>1600.048904</ele>
        <time>2026-05-24T06:50:21.000Z</time>
      </trkpt>
      <trkpt lat="46.165814" lon="11.522902">
        <ele>1600.354055</ele>
        <time>2026-05-24T06:50:23.000Z</time>
      </trkpt>
      <trkpt lat="46.165855" lon="11.522870">
        <ele>1600.990326</ele>
        <time>2026-05-24T06:50:28.000Z</time>
      </trkpt>
      <trkpt lat="46.165879" lon="11.522863">
        <ele>1601.324592</ele>
        <time>2026-05-24T06:50:30.000Z</time>
      </trkpt>
      <trkpt lat="46.165908" lon="11.522857">
        <ele>1601.724543</ele>
        <time>2026-05-24T06:50:33.000Z</time>
      </trkpt>
      <trkpt lat="46.165931" lon="11.522836">
        <ele>1602.096049</ele>
        <time>2026-05-24T06:50:35.000Z</time>
      </trkpt>
      <trkpt lat="46.165983" lon="11.522799">
        <ele>1602.887469</ele>
        <time>2026-05-24T06:50:39.000Z</time>
      </trkpt>
      <trkpt lat="46.166032" lon="11.522785">
        <ele>1603.569386</ele>
        <time>2026-05-24T06:50:44.000Z</time>
      </trkpt>
      <trkpt lat="46.166050" lon="11.522774">
        <ele>1603.836225</ele>
        <time>2026-05-24T06:50:46.000Z</time>
      </trkpt>
      <trkpt lat="46.166099" lon="11.522727">
        <ele>1604.639322</ele>
        <time>2026-05-24T06:50:52.000Z</time>
      </trkpt>
      <trkpt lat="46.166133" lon="11.522677">
        <ele>1605.301848</ele>
        <time>2026-05-24T06:50:56.000Z</time>
      </trkpt>
      <trkpt lat="46.166158" lon="11.522650">
        <ele>1605.728058</ele>
        <time>2026-05-24T06:50:59.000Z</time>
      </trkpt>
      <trkpt lat="46.166193" lon="11.522609">
        <ele>1606.343351</ele>
        <time>2026-05-24T06:51:03.000Z</time>
      </trkpt>
      <trkpt lat="46.166220" lon="11.522582">
        <ele>1606.791723</ele>
        <time>2026-05-24T06:51:06.000Z</time>
      </trkpt>
      <trkpt lat="46.166287" lon="11.522548">
        <ele>1607.761251</ele>
        <time>2026-05-24T06:51:11.000Z</time>
      </trkpt>
      <trkpt lat="46.166298" lon="11.522542">
        <ele>1607.921781</ele>
        <time>2026-05-24T06:51:12.000Z</time>
      </trkpt>
      <trkpt lat="46.166377" lon="11.522528">
        <ele>1609.008379</ele>
        <time>2026-05-24T06:51:18.000Z</time>
      </trkpt>
      <trkpt lat="46.166405" lon="11.522529">
        <ele>1609.390751</ele>
        <time>2026-05-24T06:51:20.000Z</time>
      </trkpt>
      <trkpt lat="46.166450" lon="11.522536">
        <ele>1610.008645</ele>
        <time>2026-05-24T06:51:24.000Z</time>
      </trkpt>
      <trkpt lat="46.166466" lon="11.522543">
        <ele>1610.236883</ele>
        <time>2026-05-24T06:51:26.000Z</time>
      </trkpt>
      <trkpt lat="46.166475" lon="11.522527">
        <ele>1610.431772</ele>
        <time>2026-05-24T06:51:29.000Z</time>
      </trkpt>
      <trkpt lat="46.166500" lon="11.522513">
        <ele>1610.797841</ele>
        <time>2026-05-24T06:51:32.000Z</time>
      </trkpt>
      <trkpt lat="46.166518" lon="11.522515">
        <ele>1611.044303</ele>
        <time>2026-05-24T06:51:34.000Z</time>
      </trkpt>
      <trkpt lat="46.166547" lon="11.522505">
        <ele>1611.451343</ele>
        <time>2026-05-24T06:51:37.000Z</time>
      </trkpt>
      <trkpt lat="46.166577" lon="11.522476">
        <ele>1611.944212</ele>
        <time>2026-05-24T06:51:41.000Z</time>
      </trkpt>
      <trkpt lat="46.166592" lon="11.522449">
        <ele>1612.271478</ele>
        <time>2026-05-24T06:51:44.000Z</time>
      </trkpt>
      <trkpt lat="46.166597" lon="11.522435">
        <ele>1612.420410</ele>
        <time>2026-05-24T06:51:46.000Z</time>
      </trkpt>
      <trkpt lat="46.166623" lon="11.522358">
        <ele>1613.230354</ele>
        <time>2026-05-24T06:51:50.000Z</time>
      </trkpt>
      <trkpt lat="46.166683" lon="11.522288">
        <ele>1614.283438</ele>
        <time>2026-05-24T06:51:56.000Z</time>
      </trkpt>
      <trkpt lat="46.166749" lon="11.522270">
        <ele>1615.200400</ele>
        <time>2026-05-24T06:52:03.000Z</time>
      </trkpt>
      <trkpt lat="46.166793" lon="11.522254">
        <ele>1615.819843</ele>
        <time>2026-05-24T06:52:06.000Z</time>
      </trkpt>
      <trkpt lat="46.166848" lon="11.522216">
        <ele>1616.652233</ele>
        <time>2026-05-24T06:52:11.000Z</time>
      </trkpt>
      <trkpt lat="46.166857" lon="11.522211">
        <ele>1616.783881</ele>
        <time>2026-05-24T06:52:12.000Z</time>
      </trkpt>
      <trkpt lat="46.166904" lon="11.522189">
        <ele>1617.375456</ele>
        <time>2026-05-24T06:52:16.000Z</time>
      </trkpt>
      <trkpt lat="46.166924" lon="11.522185">
        <ele>1617.595364</ele>
        <time>2026-05-24T06:52:18.000Z</time>
      </trkpt>
      <trkpt lat="46.166988" lon="11.522177">
        <ele>1618.295024</ele>
        <time>2026-05-24T06:52:23.000Z</time>
      </trkpt>
      <trkpt lat="46.166999" lon="11.522176">
        <ele>1618.415067</ele>
        <time>2026-05-24T06:52:24.000Z</time>
      </trkpt>
      <trkpt lat="46.167063" lon="11.522183">
        <ele>1619.114117</ele>
        <time>2026-05-24T06:52:31.000Z</time>
      </trkpt>
      <trkpt lat="46.167090" lon="11.522173">
        <ele>1619.417706</ele>
        <time>2026-05-24T06:52:33.000Z</time>
      </trkpt>
      <trkpt lat="46.167107" lon="11.522174">
        <ele>1619.603014</ele>
        <time>2026-05-24T06:52:36.000Z</time>
      </trkpt>
      <trkpt lat="46.167116" lon="11.522169">
        <ele>1619.708042</ele>
        <time>2026-05-24T06:52:37.000Z</time>
      </trkpt>
      <trkpt lat="46.167175" lon="11.522158">
        <ele>1620.355972</ele>
        <time>2026-05-24T06:52:41.000Z</time>
      </trkpt>
      <trkpt lat="46.167217" lon="11.522162">
        <ele>1620.814407</ele>
        <time>2026-05-24T06:52:44.000Z</time>
      </trkpt>
      <trkpt lat="46.167306" lon="11.522155">
        <ele>1621.785183</ele>
        <time>2026-05-24T06:52:51.000Z</time>
      </trkpt>
      <trkpt lat="46.167402" lon="11.522140">
        <ele>1622.836866</ele>
        <time>2026-05-24T06:52:58.000Z</time>
      </trkpt>
      <trkpt lat="46.167429" lon="11.522137">
        <ele>1623.131805</ele>
        <time>2026-05-24T06:53:00.000Z</time>
      </trkpt>
      <trkpt lat="46.167475" lon="11.522145">
        <ele>1623.636432</ele>
        <time>2026-05-24T06:53:03.000Z</time>
      </trkpt>
      <trkpt lat="46.167540" lon="11.522142">
        <ele>1624.344738</ele>
        <time>2026-05-24T06:53:08.000Z</time>
      </trkpt>
      <trkpt lat="46.167586" lon="11.522126">
        <ele>1624.860075</ele>
        <time>2026-05-24T06:53:14.000Z</time>
      </trkpt>
      <trkpt lat="46.167605" lon="11.522105">
        <ele>1625.120678</ele>
        <time>2026-05-24T06:53:16.000Z</time>
      </trkpt>
      <trkpt lat="46.167691" lon="11.521997">
        <ele>1626.362034</ele>
        <time>2026-05-24T06:53:24.000Z</time>
      </trkpt>
      <trkpt lat="46.167734" lon="11.521923">
        <ele>1627.090657</ele>
        <time>2026-05-24T06:53:29.000Z</time>
      </trkpt>
      <trkpt lat="46.167774" lon="11.521886">
        <ele>1627.608042</ele>
        <time>2026-05-24T06:53:33.000Z</time>
      </trkpt>
      <trkpt lat="46.167794" lon="11.521876">
        <ele>1627.838561</ele>
        <time>2026-05-24T06:53:36.000Z</time>
      </trkpt>
      <trkpt lat="46.167822" lon="11.521875">
        <ele>1628.143614</ele>
        <time>2026-05-24T06:53:39.000Z</time>
      </trkpt>
      <trkpt lat="46.167852" lon="11.521868">
        <ele>1628.474596</ele>
        <time>2026-05-24T06:53:45.000Z</time>
      </trkpt>
      <trkpt lat="46.167894" lon="11.521858">
        <ele>1628.938214</ele>
        <time>2026-05-24T06:53:50.000Z</time>
      </trkpt>
      <trkpt lat="46.167898" lon="11.521858">
        <ele>1628.981780</ele>
        <time>2026-05-24T06:53:51.000Z</time>
      </trkpt>
      <trkpt lat="46.167924" lon="11.521849">
        <ele>1629.272981</ele>
        <time>2026-05-24T06:53:54.000Z</time>
      </trkpt>
      <trkpt lat="46.167939" lon="11.521845">
        <ele>1629.439116</ele>
        <time>2026-05-24T06:53:55.000Z</time>
      </trkpt>
      <trkpt lat="46.167996" lon="11.521840">
        <ele>1630.061073</ele>
        <time>2026-05-24T06:53:59.000Z</time>
      </trkpt>
      <trkpt lat="46.168003" lon="11.521840">
        <ele>1630.137313</ele>
        <time>2026-05-24T06:54:00.000Z</time>
      </trkpt>
      <trkpt lat="46.168050" lon="11.521853">
        <ele>1630.658518</ele>
        <time>2026-05-24T06:54:05.000Z</time>
      </trkpt>
      <trkpt lat="46.168056" lon="11.521853">
        <ele>1630.723867</ele>
        <time>2026-05-24T06:54:06.000Z</time>
      </trkpt>
      <trkpt lat="46.168093" lon="11.521835">
        <ele>1631.149107</ele>
        <time>2026-05-24T06:54:10.000Z</time>
      </trkpt>
      <trkpt lat="46.168124" lon="11.521820">
        <ele>1631.505195</ele>
        <time>2026-05-24T06:54:14.000Z</time>
      </trkpt>
      <trkpt lat="46.168204" lon="11.521783">
        <ele>1632.420115</ele>
        <time>2026-05-24T06:54:19.000Z</time>
      </trkpt>
      <trkpt lat="46.168274" lon="11.521747">
        <ele>1633.229430</ele>
        <time>2026-05-24T06:54:25.000Z</time>
      </trkpt>
      <trkpt lat="46.168350" lon="11.521723">
        <ele>1634.076744</ele>
        <time>2026-05-24T06:54:31.000Z</time>
      </trkpt>
      <trkpt lat="46.168376" lon="11.521716">
        <ele>1634.364802</ele>
        <time>2026-05-24T06:54:33.000Z</time>
      </trkpt>
      <trkpt lat="46.168430" lon="11.521719">
        <ele>1634.953375</ele>
        <time>2026-05-24T06:54:39.000Z</time>
      </trkpt>
      <trkpt lat="46.168456" lon="11.521726">
        <ele>1635.241433</ele>
        <time>2026-05-24T06:54:42.000Z</time>
      </trkpt>
      <trkpt lat="46.168522" lon="11.521757">
        <ele>1635.997342</ele>
        <time>2026-05-24T06:54:47.000Z</time>
      </trkpt>
      <trkpt lat="46.168564" lon="11.521749">
        <ele>1636.458746</ele>
        <time>2026-05-24T06:54:50.000Z</time>
      </trkpt>
      <trkpt lat="46.168631" lon="11.521759">
        <ele>1637.146753</ele>
        <time>2026-05-24T06:54:55.000Z</time>
      </trkpt>
      <trkpt lat="46.168646" lon="11.521775">
        <ele>1637.333154</ele>
        <time>2026-05-24T06:54:58.000Z</time>
      </trkpt>
      <trkpt lat="46.168658" lon="11.521788">
        <ele>1637.483102</ele>
        <time>2026-05-24T06:54:59.000Z</time>
      </trkpt>
      <trkpt lat="46.168688" lon="11.521796">
        <ele>1637.788032</ele>
        <time>2026-05-24T06:55:02.000Z</time>
      </trkpt>
      <trkpt lat="46.168760" lon="11.521810">
        <ele>1638.514190</ele>
        <time>2026-05-24T06:55:08.000Z</time>
      </trkpt>
      <trkpt lat="46.168810" lon="11.521796">
        <ele>1639.023265</ele>
        <time>2026-05-24T06:55:13.000Z</time>
      </trkpt>
      <trkpt lat="46.168825" lon="11.521796">
        <ele>1639.173194</ele>
        <time>2026-05-24T06:55:14.000Z</time>
      </trkpt>
      <trkpt lat="46.168837" lon="11.521791">
        <ele>1639.298032</ele>
        <time>2026-05-24T06:55:15.000Z</time>
      </trkpt>
      <trkpt lat="46.168934" lon="11.521776">
        <ele>1640.273121</ele>
        <time>2026-05-24T06:55:23.000Z</time>
      </trkpt>
      <trkpt lat="46.169023" lon="11.521773">
        <ele>1641.162947</ele>
        <time>2026-05-24T06:55:30.000Z</time>
      </trkpt>
      <trkpt lat="46.169101" lon="11.521791">
        <ele>1641.952475</ele>
        <time>2026-05-24T06:55:37.000Z</time>
      </trkpt>
      <trkpt lat="46.169109" lon="11.521791">
        <ele>1642.032437</ele>
        <time>2026-05-24T06:55:38.000Z</time>
      </trkpt>
      <trkpt lat="46.169125" lon="11.521792">
        <ele>1642.192512</ele>
        <time>2026-05-24T06:55:40.000Z</time>
      </trkpt>
      <trkpt lat="46.169136" lon="11.521788">
        <ele>1642.305893</ele>
        <time>2026-05-24T06:55:41.000Z</time>
      </trkpt>
      <trkpt lat="46.169144" lon="11.521783">
        <ele>1642.393025</ele>
        <time>2026-05-24T06:55:42.000Z</time>
      </trkpt>
      <trkpt lat="46.169150" lon="11.521776">
        <ele>1642.470125</ele>
        <time>2026-05-24T06:55:43.000Z</time>
      </trkpt>
      <trkpt lat="46.169160" lon="11.521769">
        <ele>1642.581204</ele>
        <time>2026-05-24T06:55:44.000Z</time>
      </trkpt>
      <trkpt lat="46.169172" lon="11.521762">
        <ele>1642.710565</ele>
        <time>2026-05-24T06:55:45.000Z</time>
      </trkpt>
      <trkpt lat="46.169197" lon="11.521744">
        <ele>1642.989789</ele>
        <time>2026-05-24T06:55:47.000Z</time>
      </trkpt>
      <trkpt lat="46.169267" lon="11.521709">
        <ele>1643.730219</ele>
        <time>2026-05-24T06:55:54.000Z</time>
      </trkpt>
      <trkpt lat="46.169278" lon="11.521707">
        <ele>1643.841035</ele>
        <time>2026-05-24T06:55:55.000Z</time>
      </trkpt>
      <trkpt lat="46.169386" lon="11.521663">
        <ele>1644.962673</ele>
        <time>2026-05-24T06:56:04.000Z</time>
      </trkpt>
      <trkpt lat="46.169404" lon="11.521644">
        <ele>1645.185533</ele>
        <time>2026-05-24T06:56:06.000Z</time>
      </trkpt>
      <trkpt lat="46.169483" lon="11.521563">
        <ele>1646.153977</ele>
        <time>2026-05-24T06:56:12.000Z</time>
      </trkpt>
      <trkpt lat="46.169566" lon="11.521491">
        <ele>1647.121780</ele>
        <time>2026-05-24T06:56:19.000Z</time>
      </trkpt>
      <trkpt lat="46.169653" lon="11.521490">
        <ele>1647.991400</ele>
        <time>2026-05-24T06:56:26.000Z</time>
      </trkpt>
      <trkpt lat="46.169680" lon="11.521475">
        <ele>1648.280558</ele>
        <time>2026-05-24T06:56:28.000Z</time>
      </trkpt>
      <trkpt lat="46.169713" lon="11.521464">
        <ele>1648.619078</ele>
        <time>2026-05-24T06:56:31.000Z</time>
      </trkpt>
      <trkpt lat="46.169750" lon="11.521460">
        <ele>1648.989939</ele>
        <time>2026-05-24T06:56:36.000Z</time>
      </trkpt>
      <trkpt lat="46.169839" lon="11.521470">
        <ele>1649.882211</ele>
        <time>2026-05-24T06:56:43.000Z</time>
      </trkpt>
      <trkpt lat="46.169860" lon="11.521470">
        <ele>1650.092113</ele>
        <time>2026-05-24T06:56:45.000Z</time>
      </trkpt>
      <trkpt lat="46.169925" lon="11.521430">
        <ele>1650.798347</ele>
        <time>2026-05-24T06:56:52.000Z</time>
      </trkpt>
      <trkpt lat="46.169931" lon="11.521422">
        <ele>1650.879975</ele>
        <time>2026-05-24T06:56:53.000Z</time>
      </trkpt>
      <trkpt lat="46.170045" lon="11.521326">
        <ele>1652.199048</ele>
        <time>2026-05-24T06:57:01.000Z</time>
      </trkpt>
      <trkpt lat="46.170064" lon="11.521291">
        <ele>1652.506879</ele>
        <time>2026-05-24T06:57:03.000Z</time>
      </trkpt>
      <trkpt lat="46.170078" lon="11.521278">
        <ele>1652.673249</ele>
        <time>2026-05-24T06:57:04.000Z</time>
      </trkpt>
      <trkpt lat="46.170088" lon="11.521270">
        <ele>1652.787517</ele>
        <time>2026-05-24T06:57:05.000Z</time>
      </trkpt>
      <trkpt lat="46.170097" lon="11.521265">
        <ele>1652.883903</ele>
        <time>2026-05-24T06:57:07.000Z</time>
      </trkpt>
      <trkpt lat="46.170195" lon="11.521235">
        <ele>1653.885213</ele>
        <time>2026-05-24T06:57:13.000Z</time>
      </trkpt>
      <trkpt lat="46.170213" lon="11.521232">
        <ele>1654.066323</ele>
        <time>2026-05-24T06:57:14.000Z</time>
      </trkpt>
      <trkpt lat="46.170283" lon="11.521223">
        <ele>1654.823321</ele>
        <time>2026-05-24T06:57:20.000Z</time>
      </trkpt>
      <trkpt lat="46.170293" lon="11.521217">
        <ele>1654.970229</ele>
        <time>2026-05-24T06:57:21.000Z</time>
      </trkpt>
      <trkpt lat="46.170300" lon="11.521209">
        <ele>1655.091336</ele>
        <time>2026-05-24T06:57:23.000Z</time>
      </trkpt>
      <trkpt lat="46.170333" lon="11.521192">
        <ele>1655.566658</ele>
        <time>2026-05-24T06:57:27.000Z</time>
      </trkpt>
      <trkpt lat="46.170388" lon="11.521190">
        <ele>1656.313038</ele>
        <time>2026-05-24T06:57:31.000Z</time>
      </trkpt>
      <trkpt lat="46.170445" lon="11.521181">
        <ele>1657.090923</ele>
        <time>2026-05-24T06:57:34.000Z</time>
      </trkpt>
      <trkpt lat="46.170510" lon="11.521161">
        <ele>1657.992526</ele>
        <time>2026-05-24T06:57:40.000Z</time>
      </trkpt>
      <trkpt lat="46.170543" lon="11.521169">
        <ele>1658.446477</ele>
        <time>2026-05-24T06:57:43.000Z</time>
      </trkpt>
      <trkpt lat="46.170582" lon="11.521151">
        <ele>1659.001929</ele>
        <time>2026-05-24T06:57:46.000Z</time>
      </trkpt>
      <trkpt lat="46.170636" lon="11.521106">
        <ele>1659.847743</ele>
        <time>2026-05-24T06:57:52.000Z</time>
      </trkpt>
      <trkpt lat="46.170651" lon="11.521087">
        <ele>1660.118432</ele>
        <time>2026-05-24T06:57:54.000Z</time>
      </trkpt>
      <trkpt lat="46.170739" lon="11.521021">
        <ele>1661.463682</ele>
        <time>2026-05-24T06:58:01.000Z</time>
      </trkpt>
      <trkpt lat="46.170777" lon="11.520984">
        <ele>1662.085445</ele>
        <time>2026-05-24T06:58:05.000Z</time>
      </trkpt>
      <trkpt lat="46.170808" lon="11.520950">
        <ele>1662.613551</ele>
        <time>2026-05-24T06:58:08.000Z</time>
      </trkpt>
      <trkpt lat="46.170811" lon="11.520944">
        <ele>1662.683077</ele>
        <time>2026-05-24T06:58:09.000Z</time>
      </trkpt>
      <trkpt lat="46.170833" lon="11.520936">
        <ele>1662.990852</ele>
        <time>2026-05-24T06:58:14.000Z</time>
      </trkpt>
      <trkpt lat="46.170875" lon="11.520926">
        <ele>1663.568328</ele>
        <time>2026-05-24T06:58:20.000Z</time>
      </trkpt>
      <trkpt lat="46.170926" lon="11.520918">
        <ele>1664.264277</ele>
        <time>2026-05-24T06:58:25.000Z</time>
      </trkpt>
      <trkpt lat="46.170960" lon="11.520909">
        <ele>1664.733215</ele>
        <time>2026-05-24T06:58:28.000Z</time>
      </trkpt>
      <trkpt lat="46.170979" lon="11.520902">
        <ele>1664.999231</ele>
        <time>2026-05-24T06:58:30.000Z</time>
      </trkpt>
      <trkpt lat="46.171013" lon="11.520887">
        <ele>1665.481530</ele>
        <time>2026-05-24T06:58:35.000Z</time>
      </trkpt>
      <trkpt lat="46.171027" lon="11.520880">
        <ele>1665.682520</ele>
        <time>2026-05-24T06:58:37.000Z</time>
      </trkpt>
      <trkpt lat="46.171046" lon="11.520865">
        <ele>1665.976286</ele>
        <time>2026-05-24T06:58:39.000Z</time>
      </trkpt>
      <trkpt lat="46.171075" lon="11.520846">
        <ele>1666.408308</ele>
        <time>2026-05-24T06:58:42.000Z</time>
      </trkpt>
      <trkpt lat="46.171112" lon="11.520822">
        <ele>1666.958574</ele>
        <time>2026-05-24T06:58:46.000Z</time>
      </trkpt>
      <trkpt lat="46.171121" lon="11.520815">
        <ele>1667.097254</ele>
        <time>2026-05-24T06:58:47.000Z</time>
      </trkpt>
      <trkpt lat="46.171193" lon="11.520790">
        <ele>1668.101865</ele>
        <time>2026-05-24T06:58:54.000Z</time>
      </trkpt>
      <trkpt lat="46.171222" lon="11.520779">
        <ele>1668.508632</ele>
        <time>2026-05-24T06:58:57.000Z</time>
      </trkpt>
      <trkpt lat="46.171269" lon="11.520760">
        <ele>1669.170760</ele>
        <time>2026-05-24T06:59:02.000Z</time>
      </trkpt>
      <trkpt lat="46.171338" lon="11.520758">
        <ele>1670.107020</ele>
        <time>2026-05-24T06:59:07.000Z</time>
      </trkpt>
      <trkpt lat="46.171376" lon="11.520758">
        <ele>1670.622537</ele>
        <time>2026-05-24T06:59:09.000Z</time>
      </trkpt>
      <trkpt lat="46.171430" lon="11.520764">
        <ele>1671.357280</ele>
        <time>2026-05-24T06:59:12.000Z</time>
      </trkpt>
      <trkpt lat="46.171466" lon="11.520778">
        <ele>1671.863066</ele>
        <time>2026-05-24T06:59:14.000Z</time>
      </trkpt>
      <trkpt lat="46.171517" lon="11.520790">
        <ele>1672.564069</ele>
        <time>2026-05-24T06:59:18.000Z</time>
      </trkpt>
      <trkpt lat="46.171565" lon="11.520791">
        <ele>1673.215316</ele>
        <time>2026-05-24T06:59:23.000Z</time>
      </trkpt>
      <trkpt lat="46.171591" lon="11.520795">
        <ele>1673.570035</ele>
        <time>2026-05-24T06:59:25.000Z</time>
      </trkpt>
      <trkpt lat="46.171637" lon="11.520802">
        <ele>1674.197538</ele>
        <time>2026-05-24T06:59:29.000Z</time>
      </trkpt>
      <trkpt lat="46.171656" lon="11.520811">
        <ele>1674.468810</ele>
        <time>2026-05-24T06:59:31.000Z</time>
      </trkpt>
      <trkpt lat="46.171694" lon="11.520834">
        <ele>1675.027780</ele>
        <time>2026-05-24T06:59:35.000Z</time>
      </trkpt>
      <trkpt lat="46.171707" lon="11.520838">
        <ele>1675.208100</ele>
        <time>2026-05-24T06:59:36.000Z</time>
      </trkpt>
      <trkpt lat="46.171776" lon="11.520834">
        <ele>1676.144925</ele>
        <time>2026-05-24T06:59:42.000Z</time>
      </trkpt>
      <trkpt lat="46.171831" lon="11.520828">
        <ele>1676.893195</ele>
        <time>2026-05-24T06:59:48.000Z</time>
      </trkpt>
      <trkpt lat="46.171840" lon="11.520828">
        <ele>1677.015291</ele>
        <time>2026-05-24T06:59:49.000Z</time>
      </trkpt>
      <trkpt lat="46.171940" lon="11.520803">
        <ele>1678.392096</ele>
        <time>2026-05-24T06:59:57.000Z</time>
      </trkpt>
      <trkpt lat="46.171968" lon="11.520816">
        <ele>1678.791102</ele>
        <time>2026-05-24T06:59:59.000Z</time>
      </trkpt>
      <trkpt lat="46.172036" lon="11.520892">
        <ele>1680.021289</ele>
        <time>2026-05-24T07:00:05.000Z</time>
      </trkpt>
      <trkpt lat="46.172051" lon="11.520899">
        <ele>1680.249615</ele>
        <time>2026-05-24T07:00:07.000Z</time>
      </trkpt>
      <trkpt lat="46.172075" lon="11.520894">
        <ele>1680.600836</ele>
        <time>2026-05-24T07:00:09.000Z</time>
      </trkpt>
      <trkpt lat="46.172082" lon="11.520885">
        <ele>1680.736589</ele>
        <time>2026-05-24T07:00:10.000Z</time>
      </trkpt>
      <trkpt lat="46.172109" lon="11.520850">
        <ele>1681.262118</ele>
        <time>2026-05-24T07:00:14.000Z</time>
      </trkpt>
      <trkpt lat="46.172127" lon="11.520819">
        <ele>1681.667895</ele>
        <time>2026-05-24T07:00:17.000Z</time>
      </trkpt>
      <trkpt lat="46.172113" lon="11.520761">
        <ele>1682.283978</ele>
        <time>2026-05-24T07:00:23.000Z</time>
      </trkpt>
      <trkpt lat="46.172126" lon="11.520755">
        <ele>1682.481656</ele>
        <time>2026-05-24T07:00:25.000Z</time>
      </trkpt>
      <trkpt lat="46.172153" lon="11.520754">
        <ele>1682.872859</ele>
        <time>2026-05-24T07:00:28.000Z</time>
      </trkpt>
      <trkpt lat="46.172172" lon="11.520752">
        <ele>1683.148789</ele>
        <time>2026-05-24T07:00:29.000Z</time>
      </trkpt>
      <trkpt lat="46.172199" lon="11.520734">
        <ele>1683.579527</ele>
        <time>2026-05-24T07:00:33.000Z</time>
      </trkpt>
      <trkpt lat="46.172201" lon="11.520730">
        <ele>1683.629013</ele>
        <time>2026-05-24T07:00:34.000Z</time>
      </trkpt>
      <trkpt lat="46.172193" lon="11.520697">
        <ele>1683.979707</ele>
        <time>2026-05-24T07:00:39.000Z</time>
      </trkpt>
      <trkpt lat="46.172192" lon="11.520693">
        <ele>1684.022362</ele>
        <time>2026-05-24T07:00:40.000Z</time>
      </trkpt>
      <trkpt lat="46.172201" lon="11.520688">
        <ele>1684.162035</ele>
        <time>2026-05-24T07:00:42.000Z</time>
      </trkpt>
      <trkpt lat="46.172210" lon="11.520691">
        <ele>1684.295821</ele>
        <time>2026-05-24T07:00:43.000Z</time>
      </trkpt>
      <trkpt lat="46.172260" lon="11.520678">
        <ele>1685.031677</ele>
        <time>2026-05-24T07:00:47.000Z</time>
      </trkpt>
      <trkpt lat="46.172310" lon="11.520654">
        <ele>1685.794848</ele>
        <time>2026-05-24T07:00:52.000Z</time>
      </trkpt>
      <trkpt lat="46.172338" lon="11.520650">
        <ele>1686.202386</ele>
        <time>2026-05-24T07:00:54.000Z</time>
      </trkpt>
      <trkpt lat="46.172369" lon="11.520654">
        <ele>1686.653186</ele>
        <time>2026-05-24T07:00:57.000Z</time>
      </trkpt>
      <trkpt lat="46.172393" lon="11.520662">
        <ele>1687.009948</ele>
        <time>2026-05-24T07:01:00.000Z</time>
      </trkpt>
      <trkpt lat="46.172382" lon="11.520651">
        <ele>1687.203747</ele>
        <time>2026-05-24T07:01:03.000Z</time>
      </trkpt>
      <trkpt lat="46.172369" lon="11.520650">
        <ele>1687.392309</ele>
        <time>2026-05-24T07:01:04.000Z</time>
      </trkpt>
      <trkpt lat="46.172353" lon="11.520640">
        <ele>1687.644831</ele>
        <time>2026-05-24T07:01:06.000Z</time>
      </trkpt>
      <trkpt lat="46.172306" lon="11.520623">
        <ele>1688.346620</ele>
        <time>2026-05-24T07:01:12.000Z</time>
      </trkpt>
      <trkpt lat="46.172245" lon="11.520572">
        <ele>1689.367557</ele>
        <time>2026-05-24T07:01:19.000Z</time>
      </trkpt>
      <trkpt lat="46.172203" lon="11.520532">
        <ele>1690.096284</ele>
        <time>2026-05-24T07:01:24.000Z</time>
      </trkpt>
      <trkpt lat="46.172191" lon="11.520513">
        <ele>1690.354216</ele>
        <time>2026-05-24T07:01:26.000Z</time>
      </trkpt>
      <trkpt lat="46.172143" lon="11.520426">
        <ele>1691.469943</ele>
        <time>2026-05-24T07:01:32.000Z</time>
      </trkpt>
      <trkpt lat="46.172126" lon="11.520399">
        <ele>1691.835964</ele>
        <time>2026-05-24T07:01:34.000Z</time>
      </trkpt>
      <trkpt lat="46.172113" lon="11.520322">
        <ele>1692.630915</ele>
        <time>2026-05-24T07:01:41.000Z</time>
      </trkpt>
      <trkpt lat="46.172122" lon="11.520325">
        <ele>1692.764701</ele>
        <time>2026-05-24T07:01:42.000Z</time>
      </trkpt>
      <trkpt lat="46.172131" lon="11.520329">
        <ele>1692.901093</ele>
        <time>2026-05-24T07:01:43.000Z</time>
      </trkpt>
      <trkpt lat="46.172180" lon="11.520365">
        <ele>1693.697396</ele>
        <time>2026-05-24T07:01:48.000Z</time>
      </trkpt>
      <trkpt lat="46.172186" lon="11.520374">
        <ele>1693.822702</ele>
        <time>2026-05-24T07:01:49.000Z</time>
      </trkpt>
      <trkpt lat="46.172236" lon="11.520391">
        <ele>1694.566716</ele>
        <time>2026-05-24T07:01:54.000Z</time>
      </trkpt>
      <trkpt lat="46.172263" lon="11.520379">
        <ele>1694.975893</ele>
        <time>2026-05-24T07:01:57.000Z</time>
      </trkpt>
      <trkpt lat="46.172283" lon="11.520375">
        <ele>1695.268343</ele>
        <time>2026-05-24T07:01:59.000Z</time>
      </trkpt>
      <trkpt lat="46.172344" lon="11.520384">
        <ele>1696.156480</ele>
        <time>2026-05-24T07:02:04.000Z</time>
      </trkpt>
      <trkpt lat="46.172361" lon="11.520387">
        <ele>1696.404544</ele>
        <time>2026-05-24T07:02:06.000Z</time>
      </trkpt>
      <trkpt lat="46.172390" lon="11.520391">
        <ele>1696.826498</ele>
        <time>2026-05-24T07:02:09.000Z</time>
      </trkpt>
      <trkpt lat="46.172416" lon="11.520390">
        <ele>1697.203222</ele>
        <time>2026-05-24T07:02:12.000Z</time>
      </trkpt>
      <trkpt lat="46.172423" lon="11.520392">
        <ele>1697.306577</ele>
        <time>2026-05-24T07:02:13.000Z</time>
      </trkpt>
      <trkpt lat="46.172497" lon="11.520381">
        <ele>1698.384073</ele>
        <time>2026-05-24T07:02:20.000Z</time>
      </trkpt>
      <trkpt lat="46.172525" lon="11.520373">
        <ele>1698.797493</ele>
        <time>2026-05-24T07:02:22.000Z</time>
      </trkpt>
      <trkpt lat="46.172580" lon="11.520355">
        <ele>1699.614328</ele>
        <time>2026-05-24T07:02:28.000Z</time>
      </trkpt>
      <trkpt lat="46.172587" lon="11.520359">
        <ele>1699.723367</ele>
        <time>2026-05-24T07:02:29.000Z</time>
      </trkpt>
      <trkpt lat="46.172595" lon="11.520365">
        <ele>1699.853937</ele>
        <time>2026-05-24T07:02:30.000Z</time>
      </trkpt>
      <trkpt lat="46.172661" lon="11.520372">
        <ele>1700.812470</ele>
        <time>2026-05-24T07:02:35.000Z</time>
      </trkpt>
      <trkpt lat="46.172673" lon="11.520372">
        <ele>1700.986281</ele>
        <time>2026-05-24T07:02:36.000Z</time>
      </trkpt>
      <trkpt lat="46.172749" lon="11.520384">
        <ele>1702.093643</ele>
        <time>2026-05-24T07:02:42.000Z</time>
      </trkpt>
      <trkpt lat="46.172785" lon="11.520391">
        <ele>1702.619781</ele>
        <time>2026-05-24T07:02:45.000Z</time>
      </trkpt>
      <trkpt lat="46.172821" lon="11.520395">
        <ele>1703.142754</ele>
        <time>2026-05-24T07:02:48.000Z</time>
      </trkpt>
      <trkpt lat="46.172866" lon="11.520414">
        <ele>1703.821833</ele>
        <time>2026-05-24T07:02:52.000Z</time>
      </trkpt>
      <trkpt lat="46.172921" lon="11.520434">
        <ele>1704.643334</ele>
        <time>2026-05-24T07:02:56.000Z</time>
      </trkpt>
      <trkpt lat="46.172970" lon="11.520471">
        <ele>1705.503459</ele>
        <time>2026-05-24T07:03:01.000Z</time>
      </trkpt>
      <trkpt lat="46.172999" lon="11.520499">
        <ele>1706.088461</ele>
        <time>2026-05-24T07:03:06.000Z</time>
      </trkpt>
      <trkpt lat="46.173036" lon="11.520515">
        <ele>1706.736154</ele>
        <time>2026-05-24T07:03:11.000Z</time>
      </trkpt>
      <trkpt lat="46.173042" lon="11.520521">
        <ele>1706.858540</ele>
        <time>2026-05-24T07:03:12.000Z</time>
      </trkpt>
      <trkpt lat="46.173073" lon="11.520530">
        <ele>1707.388796</ele>
        <time>2026-05-24T07:03:15.000Z</time>
      </trkpt>
      <trkpt lat="46.173107" lon="11.520538">
        <ele>1707.966478</ele>
        <time>2026-05-24T07:03:19.000Z</time>
      </trkpt>
      <trkpt lat="46.173112" lon="11.520541">
        <ele>1708.057275</ele>
        <time>2026-05-24T07:03:20.000Z</time>
      </trkpt>
      <trkpt lat="46.173167" lon="11.520565">
        <ele>1709.020785</ele>
        <time>2026-05-24T07:03:26.000Z</time>
      </trkpt>
      <trkpt lat="46.173187" lon="11.520575">
        <ele>1709.375709</ele>
        <time>2026-05-24T07:03:28.000Z</time>
      </trkpt>
      <trkpt lat="46.173258" lon="11.520593">
        <ele>1710.584552</ele>
        <time>2026-05-24T07:03:35.000Z</time>
      </trkpt>
      <trkpt lat="46.173267" lon="11.520592">
        <ele>1710.735924</ele>
        <time>2026-05-24T07:03:36.000Z</time>
      </trkpt>
      <trkpt lat="46.173350" lon="11.520616">
        <ele>1712.155420</ele>
        <time>2026-05-24T07:03:43.000Z</time>
      </trkpt>
      <trkpt lat="46.173420" lon="11.520650">
        <ele>1713.393904</ele>
        <time>2026-05-24T07:03:49.000Z</time>
      </trkpt>
      <trkpt lat="46.173447" lon="11.520658">
        <ele>1713.856113</ele>
        <time>2026-05-24T07:03:52.000Z</time>
      </trkpt>
      <trkpt lat="46.173497" lon="11.520676">
        <ele>1714.720249</ele>
        <time>2026-05-24T07:03:57.000Z</time>
      </trkpt>
      <trkpt lat="46.173504" lon="11.520677">
        <ele>1714.838208</ele>
        <time>2026-05-24T07:03:58.000Z</time>
      </trkpt>
      <trkpt lat="46.173547" lon="11.520727">
        <ele>1715.764001</ele>
        <time>2026-05-24T07:04:03.000Z</time>
      </trkpt>
      <trkpt lat="46.173589" lon="11.520761">
        <ele>1716.571435</ele>
        <time>2026-05-24T07:04:07.000Z</time>
      </trkpt>
      <trkpt lat="46.173599" lon="11.520761">
        <ele>1716.739130</ele>
        <time>2026-05-24T07:04:08.000Z</time>
      </trkpt>
      <trkpt lat="46.173608" lon="11.520762">
        <ele>1716.890502</ele>
        <time>2026-05-24T07:04:09.000Z</time>
      </trkpt>
      <trkpt lat="46.173668" lon="11.520779">
        <ele>1717.915854</ele>
        <time>2026-05-24T07:04:15.000Z</time>
      </trkpt>
      <trkpt lat="46.173721" lon="11.520823">
        <ele>1718.941039</ele>
        <time>2026-05-24T07:04:21.000Z</time>
      </trkpt>
      <trkpt lat="46.173774" lon="11.520849">
        <ele>1719.879704</ele>
        <time>2026-05-24T07:04:29.000Z</time>
      </trkpt>
      <trkpt lat="46.173802" lon="11.520811">
        <ele>1720.524060</ele>
        <time>2026-05-24T07:04:35.000Z</time>
      </trkpt>
      <trkpt lat="46.173790" lon="11.520786">
        <ele>1720.877295</ele>
        <time>2026-05-24T07:04:37.000Z</time>
      </trkpt>
      <trkpt lat="46.173776" lon="11.520765">
        <ele>1721.215801</ele>
        <time>2026-05-24T07:04:40.000Z</time>
      </trkpt>
      <trkpt lat="46.173786" lon="11.520741">
        <ele>1721.541061</ele>
        <time>2026-05-24T07:04:44.000Z</time>
      </trkpt>
      <trkpt lat="46.173810" lon="11.520730">
        <ele>1721.963314</ele>
        <time>2026-05-24T07:04:47.000Z</time>
      </trkpt>
      <trkpt lat="46.173829" lon="11.520692">
        <ele>1722.507593</ele>
        <time>2026-05-24T07:04:51.000Z</time>
      </trkpt>
      <trkpt lat="46.173845" lon="11.520668">
        <ele>1722.894457</ele>
        <time>2026-05-24T07:04:53.000Z</time>
      </trkpt>
      <trkpt lat="46.173852" lon="11.520662">
        <ele>1723.030964</ele>
        <time>2026-05-24T07:04:54.000Z</time>
      </trkpt>
      <trkpt lat="46.173860" lon="11.520659">
        <ele>1723.169569</ele>
        <time>2026-05-24T07:04:55.000Z</time>
      </trkpt>
      <trkpt lat="46.173873" lon="11.520652">
        <ele>1723.402234</ele>
        <time>2026-05-24T07:04:56.000Z</time>
      </trkpt>
      <trkpt lat="46.173893" lon="11.520645">
        <ele>1723.747334</ele>
        <time>2026-05-24T07:04:58.000Z</time>
      </trkpt>
      <trkpt lat="46.173918" lon="11.520640">
        <ele>1724.170572</ele>
        <time>2026-05-24T07:05:00.000Z</time>
      </trkpt>
      <trkpt lat="46.173979" lon="11.520620">
        <ele>1725.219545</ele>
        <time>2026-05-24T07:05:07.000Z</time>
      </trkpt>
      <trkpt lat="46.174014" lon="11.520594">
        <ele>1725.879580</ele>
        <time>2026-05-24T07:05:13.000Z</time>
      </trkpt>
      <trkpt lat="46.174012" lon="11.520589">
        <ele>1725.946632</ele>
        <time>2026-05-24T07:05:14.000Z</time>
      </trkpt>
      <trkpt lat="46.174012" lon="11.520583">
        <ele>1726.016307</ele>
        <time>2026-05-24T07:05:15.000Z</time>
      </trkpt>
      <trkpt lat="46.174018" lon="11.520567">
        <ele>1726.227599</ele>
        <time>2026-05-24T07:05:18.000Z</time>
      </trkpt>
      <trkpt lat="46.174007" lon="11.520552">
        <ele>1726.481307</ele>
        <time>2026-05-24T07:05:20.000Z</time>
      </trkpt>
      <trkpt lat="46.173965" lon="11.520524">
        <ele>1727.257055</ele>
        <time>2026-05-24T07:05:25.000Z</time>
      </trkpt>
      <trkpt lat="46.173948" lon="11.520499">
        <ele>1727.663935</ele>
        <time>2026-05-24T07:05:28.000Z</time>
      </trkpt>
      <trkpt lat="46.173954" lon="11.520485">
        <ele>1727.855126</ele>
        <time>2026-05-24T07:05:30.000Z</time>
      </trkpt>
      <trkpt lat="46.173959" lon="11.520474">
        <ele>1728.007923</ele>
        <time>2026-05-24T07:05:31.000Z</time>
      </trkpt>
      <trkpt lat="46.173995" lon="11.520435">
        <ele>1728.762614</ele>
        <time>2026-05-24T07:05:35.000Z</time>
      </trkpt>
      <trkpt lat="46.174008" lon="11.520430">
        <ele>1728.988217</ele>
        <time>2026-05-24T07:05:37.000Z</time>
      </trkpt>
      <trkpt lat="46.174036" lon="11.520413">
        <ele>1729.497573</ele>
        <time>2026-05-24T07:05:41.000Z</time>
      </trkpt>
      <trkpt lat="46.174058" lon="11.520382">
        <ele>1730.013031</ele>
        <time>2026-05-24T07:05:44.000Z</time>
      </trkpt>
      <trkpt lat="46.174070" lon="11.520353">
        <ele>1730.405333</ele>
        <time>2026-05-24T07:05:47.000Z</time>
      </trkpt>
      <trkpt lat="46.174077" lon="11.520337">
        <ele>1730.625107</ele>
        <time>2026-05-24T07:05:49.000Z</time>
      </trkpt>
      <trkpt lat="46.174078" lon="11.520322">
        <ele>1730.800098</ele>
        <time>2026-05-24T07:05:50.000Z</time>
      </trkpt>
      <trkpt lat="46.174076" lon="11.520314">
        <ele>1730.898866</ele>
        <time>2026-05-24T07:05:51.000Z</time>
      </trkpt>
      <trkpt lat="46.174066" lon="11.520280">
        <ele>1731.327823</ele>
        <time>2026-05-24T07:05:55.000Z</time>
      </trkpt>
      <trkpt lat="46.174057" lon="11.520263">
        <ele>1731.576317</ele>
        <time>2026-05-24T07:05:57.000Z</time>
      </trkpt>
      <trkpt lat="46.174007" lon="11.520211">
        <ele>1732.609597</ele>
        <time>2026-05-24T07:06:03.000Z</time>
      </trkpt>
      <trkpt lat="46.173977" lon="11.520206">
        <ele>1733.116021</ele>
        <time>2026-05-24T07:06:07.000Z</time>
      </trkpt>
      <trkpt lat="46.173967" lon="11.520200">
        <ele>1733.297614</ele>
        <time>2026-05-24T07:06:09.000Z</time>
      </trkpt>
      <trkpt lat="46.173946" lon="11.520191">
        <ele>1733.664954</ele>
        <time>2026-05-24T07:06:12.000Z</time>
      </trkpt>
      <trkpt lat="46.173923" lon="11.520176">
        <ele>1734.088161</ele>
        <time>2026-05-24T07:06:15.000Z</time>
      </trkpt>
      <trkpt lat="46.173892" lon="11.520159">
        <ele>1734.644236</ele>
        <time>2026-05-24T07:06:19.000Z</time>
      </trkpt>
      <trkpt lat="46.173882" lon="11.520153">
        <ele>1734.825829</ele>
        <time>2026-05-24T07:06:21.000Z</time>
      </trkpt>
      <trkpt lat="46.173845" lon="11.520151">
        <ele>1735.452734</ele>
        <time>2026-05-24T07:06:26.000Z</time>
      </trkpt>
      <trkpt lat="46.173835" lon="11.520151">
        <ele>1735.625096</ele>
        <time>2026-05-24T07:06:27.000Z</time>
      </trkpt>
      <trkpt lat="46.173792" lon="11.520153">
        <ele>1736.366639</ele>
        <time>2026-05-24T07:06:31.000Z</time>
      </trkpt>
      <trkpt lat="46.173750" lon="11.520144">
        <ele>1737.098487</ele>
        <time>2026-05-24T07:06:35.000Z</time>
      </trkpt>
      <trkpt lat="46.173739" lon="11.520141">
        <ele>1737.291437</ele>
        <time>2026-05-24T07:06:36.000Z</time>
      </trkpt>
      <trkpt lat="46.173702" lon="11.520117">
        <ele>1737.990558</ele>
        <time>2026-05-24T07:06:40.000Z</time>
      </trkpt>
      <trkpt lat="46.173676" lon="11.520079">
        <ele>1738.628165</ele>
        <time>2026-05-24T07:06:43.000Z</time>
      </trkpt>
      <trkpt lat="46.173630" lon="11.519999">
        <ele>1739.869286</ele>
        <time>2026-05-24T07:06:48.000Z</time>
      </trkpt>
      <trkpt lat="46.173621" lon="11.519980">
        <ele>1740.144044</ele>
        <time>2026-05-24T07:06:50.000Z</time>
      </trkpt>
      <trkpt lat="46.173609" lon="11.519955">
        <ele>1740.507112</ele>
        <time>2026-05-24T07:06:53.000Z</time>
      </trkpt>
      <trkpt lat="46.173579" lon="11.519900">
        <ele>1741.342768</ele>
        <time>2026-05-24T07:06:59.000Z</time>
      </trkpt>
      <trkpt lat="46.173575" lon="11.519890">
        <ele>1741.480607</ele>
        <time>2026-05-24T07:07:00.000Z</time>
      </trkpt>
      <trkpt lat="46.173547" lon="11.519818">
        <ele>1742.466219</ele>
        <time>2026-05-24T07:07:06.000Z</time>
      </trkpt>
      <trkpt lat="46.173481" lon="11.519741">
        <ele>1743.928670</ele>
        <time>2026-05-24T07:07:14.000Z</time>
      </trkpt>
      <trkpt lat="46.173464" lon="11.519723">
        <ele>1744.292009</ele>
        <time>2026-05-24T07:07:16.000Z</time>
      </trkpt>
      <trkpt lat="46.173436" lon="11.519674">
        <ele>1745.050274</ele>
        <time>2026-05-24T07:07:21.000Z</time>
      </trkpt>
      <trkpt lat="46.173427" lon="11.519661">
        <ele>1745.269683</ele>
        <time>2026-05-24T07:07:23.000Z</time>
      </trkpt>
      <trkpt lat="46.173416" lon="11.519635">
        <ele>1745.633346</ele>
        <time>2026-05-24T07:07:25.000Z</time>
      </trkpt>
      <trkpt lat="46.173406" lon="11.519613">
        <ele>1745.947448</ele>
        <time>2026-05-24T07:07:27.000Z</time>
      </trkpt>
      <trkpt lat="46.173394" lon="11.519588">
        <ele>1746.310517</ele>
        <time>2026-05-24T07:07:29.000Z</time>
      </trkpt>
      <trkpt lat="46.173359" lon="11.519534">
        <ele>1747.193325</ele>
        <time>2026-05-24T07:07:35.000Z</time>
      </trkpt>
      <trkpt lat="46.173338" lon="11.519490">
        <ele>1747.831150</ele>
        <time>2026-05-24T07:07:38.000Z</time>
      </trkpt>
      <trkpt lat="46.173300" lon="11.519409">
        <ele>1748.998920</ele>
        <time>2026-05-24T07:07:44.000Z</time>
      </trkpt>
      <trkpt lat="46.173287" lon="11.519386">
        <ele>1749.353278</ele>
        <time>2026-05-24T07:07:46.000Z</time>
      </trkpt>
      <trkpt lat="46.173252" lon="11.519288">
        <ele>1750.669385</ele>
        <time>2026-05-24T07:07:53.000Z</time>
      </trkpt>
      <trkpt lat="46.173199" lon="11.519241">
        <ele>1751.741401</ele>
        <time>2026-05-24T07:07:59.000Z</time>
      </trkpt>
      <trkpt lat="46.173162" lon="11.519197">
        <ele>1752.567549</ele>
        <time>2026-05-24T07:08:05.000Z</time>
      </trkpt>
      <trkpt lat="46.173145" lon="11.519174">
        <ele>1752.969072</ele>
        <time>2026-05-24T07:08:08.000Z</time>
      </trkpt>
      <trkpt lat="46.173128" lon="11.519151">
        <ele>1753.370596</ele>
        <time>2026-05-24T07:08:14.000Z</time>
      </trkpt>
      <trkpt lat="46.173104" lon="11.519141">
        <ele>1753.801140</ele>
        <time>2026-05-24T07:08:18.000Z</time>
      </trkpt>
      <trkpt lat="46.173081" lon="11.519115">
        <ele>1754.304593</ele>
        <time>2026-05-24T07:08:21.000Z</time>
      </trkpt>
      <trkpt lat="46.173041" lon="11.519056">
        <ele>1755.290115</ele>
        <time>2026-05-24T07:08:27.000Z</time>
      </trkpt>
      <trkpt lat="46.173027" lon="11.519031">
        <ele>1755.673871</ele>
        <time>2026-05-24T07:08:29.000Z</time>
      </trkpt>
      <trkpt lat="46.172978" lon="11.518953">
        <ele>1756.930873</ele>
        <time>2026-05-24T07:08:36.000Z</time>
      </trkpt>
      <trkpt lat="46.172971" lon="11.518949">
        <ele>1757.060629</ele>
        <time>2026-05-24T07:08:37.000Z</time>
      </trkpt>
      <trkpt lat="46.172929" lon="11.518920">
        <ele>1757.863047</ele>
        <time>2026-05-24T07:08:41.000Z</time>
      </trkpt>
      <trkpt lat="46.172896" lon="11.518905">
        <ele>1758.459355</ele>
        <time>2026-05-24T07:08:44.000Z</time>
      </trkpt>
      <trkpt lat="46.172865" lon="11.518881">
        <ele>1759.065622</ele>
        <time>2026-05-24T07:08:48.000Z</time>
      </trkpt>
      <trkpt lat="46.172827" lon="11.518852">
        <ele>1759.806437</ele>
        <time>2026-05-24T07:08:52.000Z</time>
      </trkpt>
      <trkpt lat="46.172819" lon="11.518849">
        <ele>1759.948901</ele>
        <time>2026-05-24T07:08:53.000Z</time>
      </trkpt>
      <trkpt lat="46.172782" lon="11.518811">
        <ele>1760.731481</ele>
        <time>2026-05-24T07:08:59.000Z</time>
      </trkpt>
      <trkpt lat="46.172735" lon="11.518764">
        <ele>1761.716859</ele>
        <time>2026-05-24T07:09:06.000Z</time>
      </trkpt>
      <trkpt lat="46.172720" lon="11.518750">
        <ele>1762.024703</ele>
        <time>2026-05-24T07:09:08.000Z</time>
      </trkpt>
      <trkpt lat="46.172690" lon="11.518719">
        <ele>1762.660539</ele>
        <time>2026-05-24T07:09:12.000Z</time>
      </trkpt>
      <trkpt lat="46.172657" lon="11.518697">
        <ele>1763.287023</ele>
        <time>2026-05-24T07:09:16.000Z</time>
      </trkpt>
      <trkpt lat="46.172638" lon="11.518680">
        <ele>1763.672277</ele>
        <time>2026-05-24T07:09:18.000Z</time>
      </trkpt>
      <trkpt lat="46.172593" lon="11.518643">
        <ele>1764.564823</ele>
        <time>2026-05-24T07:09:23.000Z</time>
      </trkpt>
      <trkpt lat="46.172575" lon="11.518600">
        <ele>1765.164552</ele>
        <time>2026-05-24T07:09:28.000Z</time>
      </trkpt>
      <trkpt lat="46.172579" lon="11.518580">
        <ele>1765.413026</ele>
        <time>2026-05-24T07:09:30.000Z</time>
      </trkpt>
      <trkpt lat="46.172592" lon="11.518564">
        <ele>1765.707439</ele>
        <time>2026-05-24T07:09:32.000Z</time>
      </trkpt>
      <trkpt lat="46.172602" lon="11.518562">
        <ele>1765.881447</ele>
        <time>2026-05-24T07:09:33.000Z</time>
      </trkpt>
      <trkpt lat="46.172642" lon="11.518553">
        <ele>1766.591753</ele>
        <time>2026-05-24T07:09:37.000Z</time>
      </trkpt>
      <trkpt lat="46.172650" lon="11.518551">
        <ele>1766.736763</ele>
        <time>2026-05-24T07:09:38.000Z</time>
      </trkpt>
      <trkpt lat="46.172705" lon="11.518558">
        <ele>1767.722896</ele>
        <time>2026-05-24T07:09:44.000Z</time>
      </trkpt>
      <trkpt lat="46.172710" lon="11.518559">
        <ele>1767.813051</ele>
        <time>2026-05-24T07:09:45.000Z</time>
      </trkpt>
      <trkpt lat="46.172757" lon="11.518573">
        <ele>1768.670166</ele>
        <time>2026-05-24T07:09:51.000Z</time>
      </trkpt>
      <trkpt lat="46.172804" lon="11.518592">
        <ele>1769.541880</ele>
        <time>2026-05-24T07:09:57.000Z</time>
      </trkpt>
      <trkpt lat="46.172819" lon="11.518597">
        <ele>1769.816832</ele>
        <time>2026-05-24T07:09:59.000Z</time>
      </trkpt>
      <trkpt lat="46.172857" lon="11.518600">
        <ele>1770.496543</ele>
        <time>2026-05-24T07:10:03.000Z</time>
      </trkpt>
      <trkpt lat="46.172887" lon="11.518596">
        <ele>1771.034636</ele>
        <time>2026-05-24T07:10:07.000Z</time>
      </trkpt>
      <trkpt lat="46.172902" lon="11.518589">
        <ele>1771.316185</ele>
        <time>2026-05-24T07:10:09.000Z</time>
      </trkpt>
      <trkpt lat="46.172928" lon="11.518573">
        <ele>1771.820964</ele>
        <time>2026-05-24T07:10:14.000Z</time>
      </trkpt>
      <trkpt lat="46.172949" lon="11.518577">
        <ele>1772.199283</ele>
        <time>2026-05-24T07:10:16.000Z</time>
      </trkpt>
      <trkpt lat="46.172974" lon="11.518583">
        <ele>1772.651919</ele>
        <time>2026-05-24T07:10:19.000Z</time>
      </trkpt>
      <trkpt lat="46.173027" lon="11.518607">
        <ele>1773.643973</ele>
        <time>2026-05-24T07:10:25.000Z</time>
      </trkpt>
      <trkpt lat="46.173086" lon="11.518636">
        <ele>1774.757110</ele>
        <time>2026-05-24T07:10:32.000Z</time>
      </trkpt>
      <trkpt lat="46.173145" lon="11.518655">
        <ele>1775.836762</ele>
        <time>2026-05-24T07:10:37.000Z</time>
      </trkpt>
      <trkpt lat="46.173162" lon="11.518668">
        <ele>1776.180334</ele>
        <time>2026-05-24T07:10:40.000Z</time>
      </trkpt>
      <trkpt lat="46.173172" lon="11.518668">
        <ele>1776.358939</ele>
        <time>2026-05-24T07:10:41.000Z</time>
      </trkpt>
      <trkpt lat="46.173195" lon="11.518665">
        <ele>1776.771402</ele>
        <time>2026-05-24T07:10:44.000Z</time>
      </trkpt>
      <trkpt lat="46.173238" lon="11.518682">
        <ele>1777.567664</ele>
        <time>2026-05-24T07:10:49.000Z</time>
      </trkpt>
      <trkpt lat="46.173246" lon="11.518683">
        <ele>1777.711082</ele>
        <time>2026-05-24T07:10:50.000Z</time>
      </trkpt>
      <trkpt lat="46.173257" lon="11.518681">
        <ele>1777.909098</ele>
        <time>2026-05-24T07:10:51.000Z</time>
      </trkpt>
      <trkpt lat="46.173305" lon="11.518679">
        <ele>1778.766757</ele>
        <time>2026-05-24T07:10:56.000Z</time>
      </trkpt>
      <trkpt lat="46.173315" lon="11.518676">
        <ele>1778.949175</ele>
        <time>2026-05-24T07:10:57.000Z</time>
      </trkpt>
      <trkpt lat="46.173354" lon="11.518663">
        <ele>1779.664050</ele>
        <time>2026-05-24T07:11:02.000Z</time>
      </trkpt>
      <trkpt lat="46.173384" lon="11.518658">
        <ele>1780.203421</ele>
        <time>2026-05-24T07:11:07.000Z</time>
      </trkpt>
      <trkpt lat="46.173392" lon="11.518663">
        <ele>1780.359112</ele>
        <time>2026-05-24T07:11:08.000Z</time>
      </trkpt>
      <trkpt lat="46.173454" lon="11.518682">
        <ele>1781.491121</ele>
        <time>2026-05-24T07:11:15.000Z</time>
      </trkpt>
      <trkpt lat="46.173531" lon="11.518698">
        <ele>1782.880542</ele>
        <time>2026-05-24T07:11:22.000Z</time>
      </trkpt>
      <trkpt lat="46.173558" lon="11.518697">
        <ele>1783.362933</ele>
        <time>2026-05-24T07:11:25.000Z</time>
      </trkpt>
      <trkpt lat="46.173579" lon="11.518704">
        <ele>1783.747865</ele>
        <time>2026-05-24T07:11:28.000Z</time>
      </trkpt>
      <trkpt lat="46.173620" lon="11.518710">
        <ele>1784.483895</ele>
        <time>2026-05-24T07:11:33.000Z</time>
      </trkpt>
      <trkpt lat="46.173639" lon="11.518708">
        <ele>1784.824144</ele>
        <time>2026-05-24T07:11:35.000Z</time>
      </trkpt>
      <trkpt lat="46.173680" lon="11.518730">
        <ele>1785.605341</ele>
        <time>2026-05-24T07:11:40.000Z</time>
      </trkpt>
      <trkpt lat="46.173735" lon="11.518740">
        <ele>1786.595422</ele>
        <time>2026-05-24T07:11:46.000Z</time>
      </trkpt>
      <trkpt lat="46.173740" lon="11.518741">
        <ele>1786.685577</ele>
        <time>2026-05-24T07:11:47.000Z</time>
      </trkpt>
      <trkpt lat="46.173788" lon="11.518738">
        <ele>1787.543682</ele>
        <time>2026-05-24T07:11:52.000Z</time>
      </trkpt>
      <trkpt lat="46.173802" lon="11.518737">
        <ele>1787.794035</ele>
        <time>2026-05-24T07:11:54.000Z</time>
      </trkpt>
      <trkpt lat="46.173838" lon="11.518732">
        <ele>1788.439979</ele>
        <time>2026-05-24T07:11:58.000Z</time>
      </trkpt>
      <trkpt lat="46.173872" lon="11.518736">
        <ele>1789.049246</ele>
        <time>2026-05-24T07:12:02.000Z</time>
      </trkpt>
      <trkpt lat="46.173886" lon="11.518741">
        <ele>1789.306826</ele>
        <time>2026-05-24T07:12:04.000Z</time>
      </trkpt>
      <trkpt lat="46.173939" lon="11.518741">
        <ele>1790.253431</ele>
        <time>2026-05-24T07:12:09.000Z</time>
      </trkpt>
      <trkpt lat="46.173948" lon="11.518740">
        <ele>1790.414651</ele>
        <time>2026-05-24T07:12:10.000Z</time>
      </trkpt>
      <trkpt lat="46.173980" lon="11.518746">
        <ele>1790.990983</ele>
        <time>2026-05-24T07:12:14.000Z</time>
      </trkpt>
      <trkpt lat="46.174029" lon="11.518766">
        <ele>1791.900431</ele>
        <time>2026-05-24T07:12:19.000Z</time>
      </trkpt>
      <trkpt lat="46.174070" lon="11.518787">
        <ele>1792.677406</ele>
        <time>2026-05-24T07:12:23.000Z</time>
      </trkpt>
      <trkpt lat="46.174099" lon="11.518791">
        <ele>1793.197717</ele>
        <time>2026-05-24T07:12:26.000Z</time>
      </trkpt>
      <trkpt lat="46.174158" lon="11.518806">
        <ele>1794.267691</ele>
        <time>2026-05-24T07:12:31.000Z</time>
      </trkpt>
      <trkpt lat="46.174183" lon="11.518817">
        <ele>1794.734468</ele>
        <time>2026-05-24T07:12:34.000Z</time>
      </trkpt>
      <trkpt lat="46.174248" lon="11.518820">
        <ele>1795.895992</ele>
        <time>2026-05-24T07:12:40.000Z</time>
      </trkpt>
      <trkpt lat="46.174275" lon="11.518824">
        <ele>1796.380756</ele>
        <time>2026-05-24T07:12:43.000Z</time>
      </trkpt>
      <trkpt lat="46.174342" lon="11.518811">
        <ele>1797.588160</ele>
        <time>2026-05-24T07:12:48.000Z</time>
      </trkpt>
      <trkpt lat="46.174364" lon="11.518821">
        <ele>1798.000095</ele>
        <time>2026-05-24T07:12:50.000Z</time>
      </trkpt>
      <trkpt lat="46.174386" lon="11.518833">
        <ele>1798.428858</ele>
        <time>2026-05-24T07:12:53.000Z</time>
      </trkpt>
      <trkpt lat="46.174441" lon="11.518837">
        <ele>1799.549938</ele>
        <time>2026-05-24T07:12:57.000Z</time>
      </trkpt>
      <trkpt lat="46.174517" lon="11.518832">
        <ele>1801.098712</ele>
        <time>2026-05-24T07:13:05.000Z</time>
      </trkpt>
      <trkpt lat="46.174568" lon="11.518814">
        <ele>1802.167501</ele>
        <time>2026-05-24T07:13:11.000Z</time>
      </trkpt>
      <trkpt lat="46.174603" lon="11.518799">
        <ele>1802.910727</ele>
        <time>2026-05-24T07:13:15.000Z</time>
      </trkpt>
      <trkpt lat="46.174641" lon="11.518804">
        <ele>1803.687515</ele>
        <time>2026-05-24T07:13:18.000Z</time>
      </trkpt>
      <trkpt lat="46.174671" lon="11.518812">
        <ele>1804.308565</ele>
        <time>2026-05-24T07:13:21.000Z</time>
      </trkpt>
      <trkpt lat="46.174719" lon="11.518834">
        <ele>1805.333758</ele>
        <time>2026-05-24T07:13:26.000Z</time>
      </trkpt>
      <trkpt lat="46.174745" lon="11.518847">
        <ele>1805.893879</ele>
        <time>2026-05-24T07:13:29.000Z</time>
      </trkpt>
      <trkpt lat="46.174773" lon="11.518857">
        <ele>1806.481061</ele>
        <time>2026-05-24T07:13:32.000Z</time>
      </trkpt>
      <trkpt lat="46.174804" lon="11.518859">
        <ele>1807.112772</ele>
        <time>2026-05-24T07:13:35.000Z</time>
      </trkpt>
      <trkpt lat="46.174840" lon="11.518870">
        <ele>1807.861867</ele>
        <time>2026-05-24T07:13:39.000Z</time>
      </trkpt>
      <trkpt lat="46.174883" lon="11.518879">
        <ele>1808.746385</ele>
        <time>2026-05-24T07:13:43.000Z</time>
      </trkpt>
      <trkpt lat="46.174904" lon="11.518890">
        <ele>1809.201145</ele>
        <time>2026-05-24T07:13:46.000Z</time>
      </trkpt>
      <trkpt lat="46.174978" lon="11.518925">
        <ele>1810.786336</ele>
        <time>2026-05-24T07:13:53.000Z</time>
      </trkpt>
      <trkpt lat="46.174986" lon="11.518928">
        <ele>1810.954598</ele>
        <time>2026-05-24T07:13:54.000Z</time>
      </trkpt>
      <trkpt lat="46.175039" lon="11.518927">
        <ele>1812.033636</ele>
        <time>2026-05-24T07:14:01.000Z</time>
      </trkpt>
      <trkpt lat="46.175052" lon="11.518926">
        <ele>1812.298659</ele>
        <time>2026-05-24T07:14:02.000Z</time>
      </trkpt>
      <trkpt lat="46.175129" lon="11.518914">
        <ele>1813.875286</ele>
        <time>2026-05-24T07:14:08.000Z</time>
      </trkpt>
      <trkpt lat="46.175145" lon="11.518904">
        <ele>1814.230201</ele>
        <time>2026-05-24T07:14:10.000Z</time>
      </trkpt>
      <trkpt lat="46.175175" lon="11.518906">
        <ele>1814.841576</ele>
        <time>2026-05-24T07:14:14.000Z</time>
      </trkpt>
      <trkpt lat="46.175200" lon="11.518902">
        <ele>1815.353627</ele>
        <time>2026-05-24T07:14:17.000Z</time>
      </trkpt>
      <trkpt lat="46.175287" lon="11.518879">
        <ele>1817.154160</ele>
        <time>2026-05-24T07:14:24.000Z</time>
      </trkpt>
      <trkpt lat="46.175294" lon="11.518877">
        <ele>1817.299424</ele>
        <time>2026-05-24T07:14:25.000Z</time>
      </trkpt>
      <trkpt lat="46.175363" lon="11.518885">
        <ele>1818.708610</ele>
        <time>2026-05-24T07:14:31.000Z</time>
      </trkpt>
      <trkpt lat="46.175373" lon="11.518893">
        <ele>1818.941334</ele>
        <time>2026-05-24T07:14:32.000Z</time>
      </trkpt>
      <trkpt lat="46.175422" lon="11.518921">
        <ele>1820.014102</ele>
        <time>2026-05-24T07:14:38.000Z</time>
      </trkpt>
      <trkpt lat="46.175459" lon="11.518927">
        <ele>1820.772063</ele>
        <time>2026-05-24T07:14:43.000Z</time>
      </trkpt>
      <trkpt lat="46.175476" lon="11.518918">
        <ele>1821.140662</ele>
        <time>2026-05-24T07:14:45.000Z</time>
      </trkpt>
      <trkpt lat="46.175483" lon="11.518919">
        <ele>1821.283860</ele>
        <time>2026-05-24T07:14:46.000Z</time>
      </trkpt>
      <trkpt lat="46.175498" lon="11.518921">
        <ele>1821.590521</ele>
        <time>2026-05-24T07:14:48.000Z</time>
      </trkpt>
      <trkpt lat="46.175539" lon="11.518923">
        <ele>1822.425653</ele>
        <time>2026-05-24T07:14:53.000Z</time>
      </trkpt>
      <trkpt lat="46.175580" lon="11.518953">
        <ele>1823.361331</ele>
        <time>2026-05-24T07:14:58.000Z</time>
      </trkpt>
      <trkpt lat="46.175589" lon="11.518957">
        <ele>1823.553029</ele>
        <time>2026-05-24T07:14:59.000Z</time>
      </trkpt>
      <trkpt lat="46.175619" lon="11.518974">
        <ele>1824.209087</ele>
        <time>2026-05-24T07:15:03.000Z</time>
      </trkpt>
      <trkpt lat="46.175646" lon="11.518989">
        <ele>1824.798008</ele>
        <time>2026-05-24T07:15:07.000Z</time>
      </trkpt>
      <trkpt lat="46.175693" lon="11.519013">
        <ele>1825.812861</ele>
        <time>2026-05-24T07:15:11.000Z</time>
      </trkpt>
      <trkpt lat="46.175717" lon="11.519030">
        <ele>1826.357047</ele>
        <time>2026-05-24T07:15:14.000Z</time>
      </trkpt>
      <trkpt lat="46.175723" lon="11.519034">
        <ele>1826.491578</ele>
        <time>2026-05-24T07:15:15.000Z</time>
      </trkpt>
      <trkpt lat="46.175757" lon="11.519041">
        <ele>1827.190731</ele>
        <time>2026-05-24T07:15:19.000Z</time>
      </trkpt>
      <trkpt lat="46.175790" lon="11.519062">
        <ele>1827.924858</ele>
        <time>2026-05-24T07:15:22.000Z</time>
      </trkpt>
      <trkpt lat="46.175800" lon="11.519071">
        <ele>1828.164730</ele>
        <time>2026-05-24T07:15:23.000Z</time>
      </trkpt>
      <trkpt lat="46.175858" lon="11.519092">
        <ele>1829.382007</ele>
        <time>2026-05-24T07:15:29.000Z</time>
      </trkpt>
      <trkpt lat="46.175889" lon="11.519083">
        <ele>1830.025715</ele>
        <time>2026-05-24T07:15:34.000Z</time>
      </trkpt>
      <trkpt lat="46.175904" lon="11.519074">
        <ele>1830.356384</ele>
        <time>2026-05-24T07:15:37.000Z</time>
      </trkpt>
      <trkpt lat="46.175917" lon="11.519083">
        <ele>1830.649869</ele>
        <time>2026-05-24T07:15:39.000Z</time>
      </trkpt>
      <trkpt lat="46.175937" lon="11.519087">
        <ele>1831.060904</ele>
        <time>2026-05-24T07:15:43.000Z</time>
      </trkpt>
      <trkpt lat="46.175943" lon="11.519086">
        <ele>1831.183860</ele>
        <time>2026-05-24T07:15:44.000Z</time>
      </trkpt>
      <trkpt lat="46.175967" lon="11.519077">
        <ele>1831.688643</ele>
        <time>2026-05-24T07:15:47.000Z</time>
      </trkpt>
      <trkpt lat="46.175970" lon="11.519072">
        <ele>1831.781904</ele>
        <time>2026-05-24T07:15:48.000Z</time>
      </trkpt>
      <trkpt lat="46.175976" lon="11.519036">
        <ele>1832.303869</ele>
        <time>2026-05-24T07:15:52.000Z</time>
      </trkpt>
      <trkpt lat="46.175999" lon="11.518997">
        <ele>1833.025997</ele>
        <time>2026-05-24T07:15:56.000Z</time>
      </trkpt>
      <trkpt lat="46.176014" lon="11.518980">
        <ele>1833.414164</ele>
        <time>2026-05-24T07:15:58.000Z</time>
      </trkpt>
      <trkpt lat="46.176023" lon="11.518975">
        <ele>1833.610470</ele>
        <time>2026-05-24T07:16:00.000Z</time>
      </trkpt>
      <trkpt lat="46.176045" lon="11.518951">
        <ele>1834.171754</ele>
        <time>2026-05-24T07:16:04.000Z</time>
      </trkpt>
      <trkpt lat="46.176052" lon="11.518944">
        <ele>1834.345085</ele>
        <time>2026-05-24T07:16:05.000Z</time>
      </trkpt>
      <trkpt lat="46.176073" lon="11.518929">
        <ele>1834.822025</ele>
        <time>2026-05-24T07:16:10.000Z</time>
      </trkpt>
      <trkpt lat="46.176087" lon="11.518915">
        <ele>1835.126407</ele>
        <time>2026-05-24T07:16:12.000Z</time>
      </trkpt>
      <trkpt lat="46.176112" lon="11.518894">
        <ele>1835.587663</ele>
        <time>2026-05-24T07:16:16.000Z</time>
      </trkpt>
      <trkpt lat="46.176154" lon="11.518891">
        <ele>1836.258321</ele>
        <time>2026-05-24T07:16:21.000Z</time>
      </trkpt>
      <trkpt lat="46.176163" lon="11.518899">
        <ele>1836.426869</ele>
        <time>2026-05-24T07:16:22.000Z</time>
      </trkpt>
      <trkpt lat="46.176190" lon="11.518927">
        <ele>1836.957002</ele>
        <time>2026-05-24T07:16:26.000Z</time>
      </trkpt>
      <trkpt lat="46.176220" lon="11.518965">
        <ele>1837.593420</ele>
        <time>2026-05-24T07:16:32.000Z</time>
      </trkpt>
      <trkpt lat="46.176270" lon="11.519008">
        <ele>1838.521532</ele>
        <time>2026-05-24T07:16:38.000Z</time>
      </trkpt>
      <trkpt lat="46.176297" lon="11.519020">
        <ele>1838.972074</ele>
        <time>2026-05-24T07:16:41.000Z</time>
      </trkpt>
      <trkpt lat="46.176329" lon="11.519030">
        <ele>1839.494240</ele>
        <time>2026-05-24T07:16:44.000Z</time>
      </trkpt>
      <trkpt lat="46.176359" lon="11.519042">
        <ele>1839.990710</ele>
        <time>2026-05-24T07:16:48.000Z</time>
      </trkpt>
      <trkpt lat="46.176366" lon="11.519044">
        <ele>1840.104514</ele>
        <time>2026-05-24T07:16:49.000Z</time>
      </trkpt>
      <trkpt lat="46.176373" lon="11.519047">
        <ele>1840.220966</ele>
        <time>2026-05-24T07:16:50.000Z</time>
      </trkpt>
      <trkpt lat="46.176402" lon="11.519082">
        <ele>1840.823720</ele>
        <time>2026-05-24T07:16:55.000Z</time>
      </trkpt>
      <trkpt lat="46.176414" lon="11.519092">
        <ele>1841.044679</ele>
        <time>2026-05-24T07:16:57.000Z</time>
      </trkpt>
      <trkpt lat="46.176431" lon="11.519096">
        <ele>1841.319380</ele>
        <time>2026-05-24T07:16:59.000Z</time>
      </trkpt>
      <trkpt lat="46.176464" lon="11.519106">
        <ele>1841.857144</ele>
        <time>2026-05-24T07:17:03.000Z</time>
      </trkpt>
      <trkpt lat="46.176492" lon="11.519131">
        <ele>1842.382157</ele>
        <time>2026-05-24T07:17:06.000Z</time>
      </trkpt>
      <trkpt lat="46.176499" lon="11.519134">
        <ele>1842.498609</ele>
        <time>2026-05-24T07:17:07.000Z</time>
      </trkpt>
      <trkpt lat="46.176551" lon="11.519156">
        <ele>1843.362789</ele>
        <time>2026-05-24T07:17:13.000Z</time>
      </trkpt>
      <trkpt lat="46.176600" lon="11.519179">
        <ele>1844.184510</ele>
        <time>2026-05-24T07:17:18.000Z</time>
      </trkpt>
      <trkpt lat="46.176640" lon="11.519187">
        <ele>1844.828541</ele>
        <time>2026-05-24T07:17:22.000Z</time>
      </trkpt>
      <trkpt lat="46.176689" lon="11.519202">
        <ele>1845.627384</ele>
        <time>2026-05-24T07:17:27.000Z</time>
      </trkpt>
      <trkpt lat="46.176751" lon="11.519229">
        <ele>1846.660173</ele>
        <time>2026-05-24T07:17:33.000Z</time>
      </trkpt>
      <trkpt lat="46.176786" lon="11.519226">
        <ele>1847.219355</ele>
        <time>2026-05-24T07:17:36.000Z</time>
      </trkpt>
      <trkpt lat="46.176810" lon="11.519223">
        <ele>1847.603552</ele>
        <time>2026-05-24T07:17:38.000Z</time>
      </trkpt>
      <trkpt lat="46.176855" lon="11.519217">
        <ele>1848.324289</ele>
        <time>2026-05-24T07:17:42.000Z</time>
      </trkpt>
      <trkpt lat="46.176903" lon="11.519218">
        <ele>1849.089900</ele>
        <time>2026-05-24T07:17:46.000Z</time>
      </trkpt>
      <trkpt lat="46.176935" lon="11.519218">
        <ele>1849.600254</ele>
        <time>2026-05-24T07:17:49.000Z</time>
      </trkpt>
      <trkpt lat="46.176945" lon="11.519225">
        <ele>1849.777487</ele>
        <time>2026-05-24T07:17:51.000Z</time>
      </trkpt>
      <trkpt lat="46.177032" lon="11.519225">
        <ele>1851.165012</ele>
        <time>2026-05-24T07:17:58.000Z</time>
      </trkpt>
      <trkpt lat="46.177079" lon="11.519209">
        <ele>1851.935138</ele>
        <time>2026-05-24T07:18:02.000Z</time>
      </trkpt>
      <trkpt lat="46.177124" lon="11.519198">
        <ele>1852.663031</ele>
        <time>2026-05-24T07:18:06.000Z</time>
      </trkpt>
      <trkpt lat="46.177191" lon="11.519192">
        <ele>1853.733637</ele>
        <time>2026-05-24T07:18:12.000Z</time>
      </trkpt>
      <trkpt lat="46.177212" lon="11.519192">
        <ele>1854.068557</ele>
        <time>2026-05-24T07:18:14.000Z</time>
      </trkpt>
      <trkpt lat="46.177235" lon="11.519198">
        <ele>1854.441310</ele>
        <time>2026-05-24T07:18:16.000Z</time>
      </trkpt>
      <trkpt lat="46.177255" lon="11.519198">
        <ele>1854.760281</ele>
        <time>2026-05-24T07:18:18.000Z</time>
      </trkpt>
      <trkpt lat="46.177266" lon="11.519197">
        <ele>1854.936063</ele>
        <time>2026-05-24T07:18:19.000Z</time>
      </trkpt>
      <trkpt lat="46.177320" lon="11.519224">
        <ele>1855.847440</ele>
        <time>2026-05-24T07:18:24.000Z</time>
      </trkpt>
      <trkpt lat="46.177326" lon="11.519230">
        <ele>1855.963832</ele>
        <time>2026-05-24T07:18:25.000Z</time>
      </trkpt>
      <trkpt lat="46.177335" lon="11.519232">
        <ele>1856.109058</ele>
        <time>2026-05-24T07:18:26.000Z</time>
      </trkpt>
      <trkpt lat="46.177403" lon="11.519235">
        <ele>1857.194067</ele>
        <time>2026-05-24T07:18:31.000Z</time>
      </trkpt>
      <trkpt lat="46.177449" lon="11.519247">
        <ele>1857.939573</ele>
        <time>2026-05-24T07:18:35.000Z</time>
      </trkpt>
      <trkpt lat="46.177502" lon="11.519275">
        <ele>1858.839628</ele>
        <time>2026-05-24T07:18:40.000Z</time>
      </trkpt>
      <trkpt lat="46.177569" lon="11.519288">
        <ele>1859.917782</ele>
        <time>2026-05-24T07:18:47.000Z</time>
      </trkpt>
      <trkpt lat="46.177580" lon="11.519295">
        <ele>1860.109492</ele>
        <time>2026-05-24T07:18:49.000Z</time>
      </trkpt>
      <trkpt lat="46.177623" lon="11.519295">
        <ele>1860.795281</ele>
        <time>2026-05-24T07:18:54.000Z</time>
      </trkpt>
      <trkpt lat="46.177661" lon="11.519282">
        <ele>1861.418098</ele>
        <time>2026-05-24T07:18:59.000Z</time>
      </trkpt>
      <trkpt lat="46.177714" lon="11.519280">
        <ele>1862.263660</ele>
        <time>2026-05-24T07:19:03.000Z</time>
      </trkpt>
      <trkpt lat="46.177758" lon="11.519273">
        <ele>1862.969642</ele>
        <time>2026-05-24T07:19:08.000Z</time>
      </trkpt>
      <trkpt lat="46.177799" lon="11.519281">
        <ele>1863.629474</ele>
        <time>2026-05-24T07:19:13.000Z</time>
      </trkpt>
      <trkpt lat="46.177822" lon="11.519311">
        <ele>1863.963930</ele>
        <time>2026-05-24T07:19:19.000Z</time>
      </trkpt>
      <trkpt lat="46.177821" lon="11.519313">
        <ele>1863.981800</ele>
        <time>2026-05-24T07:19:21.000Z</time>
      </trkpt>
      <trkpt lat="46.177815" lon="11.519324">
        <ele>1864.083232</ele>
        <time>2026-05-24T07:19:30.000Z</time>
      </trkpt>
      <trkpt lat="46.177817" lon="11.519321">
        <ele>1864.113398</ele>
        <time>2026-05-24T07:19:35.000Z</time>
      </trkpt>
      <trkpt lat="46.177825" lon="11.519317">
        <ele>1864.201962</ele>
        <time>2026-05-24T07:19:37.000Z</time>
      </trkpt>
      <trkpt lat="46.177834" lon="11.519320">
        <ele>1864.298589</ele>
        <time>2026-05-24T07:19:39.000Z</time>
      </trkpt>
      <trkpt lat="46.177822" lon="11.519329">
        <ele>1864.440042</ele>
        <time>2026-05-24T07:19:47.000Z</time>
      </trkpt>
      <trkpt lat="46.177829" lon="11.519312">
        <ele>1864.583312</ele>
        <time>2026-05-24T07:19:55.000Z</time>
      </trkpt>
      <trkpt lat="46.177882" lon="11.519331">
        <ele>1865.154586</ele>
        <time>2026-05-24T07:20:02.000Z</time>
      </trkpt>
      <trkpt lat="46.177955" lon="11.519339">
        <ele>1865.920453</ele>
        <time>2026-05-24T07:20:08.000Z</time>
      </trkpt>
      <trkpt lat="46.178035" lon="11.519346">
        <ele>1866.758889</ele>
        <time>2026-05-24T07:20:15.000Z</time>
      </trkpt>
      <trkpt lat="46.178111" lon="11.519340">
        <ele>1867.555132</ele>
        <time>2026-05-24T07:20:22.000Z</time>
      </trkpt>
      <trkpt lat="46.178180" lon="11.519326">
        <ele>1868.284048</ele>
        <time>2026-05-24T07:20:30.000Z</time>
      </trkpt>
      <trkpt lat="46.178221" lon="11.519319">
        <ele>1868.715946</ele>
        <time>2026-05-24T07:20:34.000Z</time>
      </trkpt>
      <trkpt lat="46.178255" lon="11.519311">
        <ele>1869.076319</ele>
        <time>2026-05-24T07:20:38.000Z</time>
      </trkpt>
      <trkpt lat="46.178342" lon="11.519270">
        <ele>1870.033678</ele>
        <time>2026-05-24T07:20:46.000Z</time>
      </trkpt>
      <trkpt lat="46.178429" lon="11.519245">
        <ele>1870.961649</ele>
        <time>2026-05-24T07:20:53.000Z</time>
      </trkpt>
      <trkpt lat="46.178443" lon="11.519243">
        <ele>1871.108821</ele>
        <time>2026-05-24T07:20:54.000Z</time>
      </trkpt>
      <trkpt lat="46.178489" lon="11.519272">
        <ele>1871.633890</ele>
        <time>2026-05-24T07:21:00.000Z</time>
      </trkpt>
      <trkpt lat="46.178561" lon="11.519331">
        <ele>1872.499898</ele>
        <time>2026-05-24T07:21:07.000Z</time>
      </trkpt>
      <trkpt lat="46.178588" lon="11.519367">
        <ele>1872.884319</ele>
        <time>2026-05-24T07:21:11.000Z</time>
      </trkpt>
      <trkpt lat="46.178613" lon="11.519391">
        <ele>1873.198358</ele>
        <time>2026-05-24T07:21:14.000Z</time>
      </trkpt>
      <trkpt lat="46.178661" lon="11.519405">
        <ele>1873.710636</ele>
        <time>2026-05-24T07:21:19.000Z</time>
      </trkpt>
      <trkpt lat="46.178693" lon="11.519425">
        <ele>1874.075399</ele>
        <time>2026-05-24T07:21:22.000Z</time>
      </trkpt>
      <trkpt lat="46.178757" lon="11.519445">
        <ele>1874.760414</ele>
        <time>2026-05-24T07:21:27.000Z</time>
      </trkpt>
      <trkpt lat="46.178778" lon="11.519456">
        <ele>1874.994104</ele>
        <time>2026-05-24T07:21:29.000Z</time>
      </trkpt>
      <trkpt lat="46.178787" lon="11.519463">
        <ele>1875.101040</ele>
        <time>2026-05-24T07:21:30.000Z</time>
      </trkpt>
      <trkpt lat="46.178838" lon="11.519519">
        <ele>1875.771255</ele>
        <time>2026-05-24T07:21:35.000Z</time>
      </trkpt>
      <trkpt lat="46.178857" lon="11.519549">
        <ele>1876.065752</ele>
        <time>2026-05-24T07:21:38.000Z</time>
      </trkpt>
      <trkpt lat="46.178884" lon="11.519591">
        <ele>1876.480883</ele>
        <time>2026-05-24T07:21:42.000Z</time>
      </trkpt>
      <trkpt lat="46.178928" lon="11.519624">
        <ele>1876.999544</ele>
        <time>2026-05-24T07:21:47.000Z</time>
      </trkpt>
      <trkpt lat="46.178955" lon="11.519627">
        <ele>1877.282833</ele>
        <time>2026-05-24T07:21:50.000Z</time>
      </trkpt>
      <trkpt lat="46.179019" lon="11.519636">
        <ele>1877.955520</ele>
        <time>2026-05-24T07:21:56.000Z</time>
      </trkpt>
      <trkpt lat="46.179032" lon="11.519635">
        <ele>1878.091709</ele>
        <time>2026-05-24T07:21:57.000Z</time>
      </trkpt>
      <trkpt lat="46.179105" lon="11.519607">
        <ele>1878.881855</ele>
        <time>2026-05-24T07:22:03.000Z</time>
      </trkpt>
      <trkpt lat="46.179117" lon="11.519602">
        <ele>1879.012510</ele>
        <time>2026-05-24T07:22:04.000Z</time>
      </trkpt>
      <trkpt lat="46.179186" lon="11.519537">
        <ele>1879.874316</ele>
        <time>2026-05-24T07:22:11.000Z</time>
      </trkpt>
      <trkpt lat="46.179209" lon="11.519513">
        <ele>1880.171155</ele>
        <time>2026-05-24T07:22:13.000Z</time>
      </trkpt>
      <trkpt lat="46.179243" lon="11.519470">
        <ele>1880.643937</ele>
        <time>2026-05-24T07:22:18.000Z</time>
      </trkpt>
      <trkpt lat="46.179269" lon="11.519445">
        <ele>1880.970697</ele>
        <time>2026-05-24T07:22:23.000Z</time>
      </trkpt>
      <trkpt lat="46.179287" lon="11.519434">
        <ele>1881.175163</ele>
        <time>2026-05-24T07:22:25.000Z</time>
      </trkpt>
      <trkpt lat="46.179387" lon="11.519436">
        <ele>1882.221390</ele>
        <time>2026-05-24T07:22:32.000Z</time>
      </trkpt>
      <trkpt lat="46.179468" lon="11.519403">
        <ele>1883.474126</ele>
        <time>2026-05-24T07:22:38.000Z</time>
      </trkpt>
      <trkpt lat="46.179478" lon="11.519391">
        <ele>1883.690963</ele>
        <time>2026-05-24T07:22:39.000Z</time>
      </trkpt>
      <trkpt lat="46.179510" lon="11.519334">
        <ele>1884.538367</ele>
        <time>2026-05-24T07:22:44.000Z</time>
      </trkpt>
      <trkpt lat="46.179519" lon="11.519319">
        <ele>1884.767572</ele>
        <time>2026-05-24T07:22:45.000Z</time>
      </trkpt>
      <trkpt lat="46.179558" lon="11.519274">
        <ele>1885.600105</ele>
        <time>2026-05-24T07:22:50.000Z</time>
      </trkpt>
      <trkpt lat="46.179598" lon="11.519260">
        <ele>1886.286534</ele>
        <time>2026-05-24T07:22:54.000Z</time>
      </trkpt>
      <trkpt lat="46.179637" lon="11.519218">
        <ele>1887.097894</ele>
        <time>2026-05-24T07:22:59.000Z</time>
      </trkpt>
      <trkpt lat="46.179660" lon="11.519187">
        <ele>1887.622580</ele>
        <time>2026-05-24T07:23:02.000Z</time>
      </trkpt>
      <trkpt lat="46.179669" lon="11.519177">
        <ele>1887.811962</ele>
        <time>2026-05-24T07:23:03.000Z</time>
      </trkpt>
      <trkpt lat="46.179709" lon="11.519143">
        <ele>1888.586043</ele>
        <time>2026-05-24T07:23:07.000Z</time>
      </trkpt>
      <trkpt lat="46.179736" lon="11.519115">
        <ele>1889.140410</ele>
        <time>2026-05-24T07:23:11.000Z</time>
      </trkpt>
      <trkpt lat="46.179743" lon="11.519099">
        <ele>1889.358968</ele>
        <time>2026-05-24T07:23:12.000Z</time>
      </trkpt>
      <trkpt lat="46.179769" lon="11.519036">
        <ele>1890.205906</ele>
        <time>2026-05-24T07:23:17.000Z</time>
      </trkpt>
      <trkpt lat="46.179781" lon="11.519009">
        <ele>1890.576402</ele>
        <time>2026-05-24T07:23:19.000Z</time>
      </trkpt>
      <trkpt lat="46.179802" lon="11.518989">
        <ele>1890.995934</ele>
        <time>2026-05-24T07:23:21.000Z</time>
      </trkpt>
      <trkpt lat="46.179840" lon="11.518976">
        <ele>1891.647233</ele>
        <time>2026-05-24T07:23:24.000Z</time>
      </trkpt>
      <trkpt lat="46.179860" lon="11.518994">
        <ele>1892.040257</ele>
        <time>2026-05-24T07:23:26.000Z</time>
      </trkpt>
      <trkpt lat="46.179887" lon="11.519093">
        <ele>1893.268974</ele>
        <time>2026-05-24T07:23:31.000Z</time>
      </trkpt>
      <trkpt lat="46.179890" lon="11.519109">
        <ele>1893.460393</ele>
        <time>2026-05-24T07:23:32.000Z</time>
      </trkpt>
      <trkpt lat="46.179910" lon="11.519148">
        <ele>1894.020829</ele>
        <time>2026-05-24T07:23:35.000Z</time>
      </trkpt>
      <trkpt lat="46.179954" lon="11.519213">
        <ele>1895.070550</ele>
        <time>2026-05-24T07:23:41.000Z</time>
      </trkpt>
      <trkpt lat="46.180011" lon="11.519222">
        <ele>1896.026858</ele>
        <time>2026-05-24T07:23:46.000Z</time>
      </trkpt>
      <trkpt lat="46.180038" lon="11.519216">
        <ele>1896.482462</ele>
        <time>2026-05-24T07:23:49.000Z</time>
      </trkpt>
      <trkpt lat="46.180053" lon="11.519215">
        <ele>1896.732898</ele>
        <time>2026-05-24T07:23:51.000Z</time>
      </trkpt>
      <trkpt lat="46.180126" lon="11.519200">
        <ele>1897.962649</ele>
        <time>2026-05-24T07:23:57.000Z</time>
      </trkpt>
      <trkpt lat="46.180137" lon="11.519196">
        <ele>1898.151832</ele>
        <time>2026-05-24T07:23:58.000Z</time>
      </trkpt>
      <trkpt lat="46.180181" lon="11.519178">
        <ele>1898.914533</ele>
        <time>2026-05-24T07:24:02.000Z</time>
      </trkpt>
      <trkpt lat="46.180244" lon="11.519158">
        <ele>1899.990328</ele>
        <time>2026-05-24T07:24:07.000Z</time>
      </trkpt>
      <trkpt lat="46.180295" lon="11.519140">
        <ele>1900.865933</ele>
        <time>2026-05-24T07:24:12.000Z</time>
      </trkpt>
      <trkpt lat="46.180334" lon="11.519124">
        <ele>1901.542106</ele>
        <time>2026-05-24T07:24:16.000Z</time>
      </trkpt>
      <trkpt lat="46.180354" lon="11.519112">
        <ele>1901.903304</ele>
        <time>2026-05-24T07:24:18.000Z</time>
      </trkpt>
      <trkpt lat="46.180419" lon="11.519100">
        <ele>1902.996193</ele>
        <time>2026-05-24T07:24:24.000Z</time>
      </trkpt>
      <trkpt lat="46.180447" lon="11.519120">
        <ele>1903.517165</ele>
        <time>2026-05-24T07:24:27.000Z</time>
      </trkpt>
      <trkpt lat="46.180499" lon="11.519163">
        <ele>1904.516510</ele>
        <time>2026-05-24T07:24:32.000Z</time>
      </trkpt>
      <trkpt lat="46.180550" lon="11.519185">
        <ele>1905.404215</ele>
        <time>2026-05-24T07:24:36.000Z</time>
      </trkpt>
      <trkpt lat="46.180616" lon="11.519196">
        <ele>1906.512265</ele>
        <time>2026-05-24T07:24:41.000Z</time>
      </trkpt>
      <trkpt lat="46.180662" lon="11.519190">
        <ele>1907.282574</ele>
        <time>2026-05-24T07:24:44.000Z</time>
      </trkpt>
      <trkpt lat="46.180715" lon="11.519183">
        <ele>1908.170194</ele>
        <time>2026-05-24T07:24:48.000Z</time>
      </trkpt>
      <trkpt lat="46.180738" lon="11.519164">
        <ele>1908.612101</ele>
        <time>2026-05-24T07:24:50.000Z</time>
      </trkpt>
      <trkpt lat="46.180746" lon="11.519129">
        <ele>1909.037720</ele>
        <time>2026-05-24T07:24:54.000Z</time>
      </trkpt>
      <trkpt lat="46.180741" lon="11.519116">
        <ele>1909.209445</ele>
        <time>2026-05-24T07:24:57.000Z</time>
      </trkpt>
      <trkpt lat="46.180752" lon="11.519104">
        <ele>1909.439355</ele>
        <time>2026-05-24T07:25:03.000Z</time>
      </trkpt>
      <trkpt lat="46.180765" lon="11.519086">
        <ele>1909.739709</ele>
        <time>2026-05-24T07:25:05.000Z</time>
      </trkpt>
      <trkpt lat="46.180775" lon="11.519067">
        <ele>1910.015305</ele>
        <time>2026-05-24T07:25:07.000Z</time>
      </trkpt>
      <trkpt lat="46.180779" lon="11.519043">
        <ele>1910.300363</ele>
        <time>2026-05-24T07:25:09.000Z</time>
      </trkpt>
      <trkpt lat="46.180777" lon="11.519033">
        <ele>1910.420560</ele>
        <time>2026-05-24T07:25:10.000Z</time>
      </trkpt>
      <trkpt lat="46.180776" lon="11.519014">
        <ele>1910.640597</ele>
        <time>2026-05-24T07:25:11.000Z</time>
      </trkpt>
      <trkpt lat="46.180779" lon="11.518942">
        <ele>1911.473527</ele>
        <time>2026-05-24T07:25:16.000Z</time>
      </trkpt>
      <trkpt lat="46.180777" lon="11.518931">
        <ele>1911.604857</ele>
        <time>2026-05-24T07:25:17.000Z</time>
      </trkpt>
      <trkpt lat="46.180773" lon="11.518885">
        <ele>1912.140218</ele>
        <time>2026-05-24T07:25:20.000Z</time>
      </trkpt>
      <trkpt lat="46.180770" lon="11.518866">
        <ele>1912.365255</ele>
        <time>2026-05-24T07:25:22.000Z</time>
      </trkpt>
      <trkpt lat="46.180763" lon="11.518852">
        <ele>1912.562643</ele>
        <time>2026-05-24T07:25:23.000Z</time>
      </trkpt>
      <trkpt lat="46.180759" lon="11.518828">
        <ele>1912.841406</ele>
        <time>2026-05-24T07:25:25.000Z</time>
      </trkpt>
      <trkpt lat="46.180757" lon="11.518754">
        <ele>1913.677691</ele>
        <time>2026-05-24T07:25:31.000Z</time>
      </trkpt>
      <trkpt lat="46.180754" lon="11.518753">
        <ele>1913.727906</ele>
        <time>2026-05-24T07:25:32.000Z</time>
      </trkpt>
      <trkpt lat="46.180747" lon="11.518738">
        <ele>1913.932177</ele>
        <time>2026-05-24T07:25:34.000Z</time>
      </trkpt>
      <trkpt lat="46.180740" lon="11.518739">
        <ele>1914.046902</ele>
        <time>2026-05-24T07:25:37.000Z</time>
      </trkpt>
      <trkpt lat="46.180740" lon="11.518739">
        <ele>1914.046902</ele>
        <time>2026-05-24T07:25:38.000Z</time>
      </trkpt>
      <trkpt lat="46.180734" lon="11.518737">
        <ele>1914.147332</ele>
        <time>2026-05-24T07:25:47.000Z</time>
      </trkpt>
      <trkpt lat="46.180734" lon="11.518735">
        <ele>1914.169917</ele>
        <time>2026-05-24T07:25:50.000Z</time>
      </trkpt>
      <trkpt lat="46.180731" lon="11.518746">
        <ele>1914.303424</ele>
        <time>2026-05-24T07:25:55.000Z</time>
      </trkpt>
      <trkpt lat="46.180733" lon="11.518740">
        <ele>1914.378622</ele>
        <time>2026-05-24T07:26:02.000Z</time>
      </trkpt>
      <trkpt lat="46.180735" lon="11.518738">
        <ele>1914.418297</ele>
        <time>2026-05-24T07:26:03.000Z</time>
      </trkpt>
      <trkpt lat="46.180737" lon="11.518729">
        <ele>1914.525037</ele>
        <time>2026-05-24T07:26:06.000Z</time>
      </trkpt>
      <trkpt lat="46.180731" lon="11.518735">
        <ele>1914.644062</ele>
        <time>2026-05-24T07:26:10.000Z</time>
      </trkpt>
      <trkpt lat="46.180730" lon="11.518734">
        <ele>1914.663899</ele>
        <time>2026-05-24T07:26:12.000Z</time>
      </trkpt>
      <trkpt lat="46.180726" lon="11.518731">
        <ele>1914.737409</ele>
        <time>2026-05-24T07:26:14.000Z</time>
      </trkpt>
      <trkpt lat="46.180724" lon="11.518735">
        <ele>1914.793126</ele>
        <time>2026-05-24T07:26:15.000Z</time>
      </trkpt>
      <trkpt lat="46.180719" lon="11.518734">
        <ele>1914.875453</ele>
        <time>2026-05-24T07:26:18.000Z</time>
      </trkpt>
      <trkpt lat="46.180720" lon="11.518727">
        <ele>1914.956165</ele>
        <time>2026-05-24T07:26:24.000Z</time>
      </trkpt>
      <trkpt lat="46.180721" lon="11.518727">
        <ele>1914.972475</ele>
        <time>2026-05-24T07:26:30.000Z</time>
      </trkpt>
      <trkpt lat="46.180723" lon="11.518732">
        <ele>1915.037683</ele>
        <time>2026-05-24T07:26:32.000Z</time>
      </trkpt>
      <trkpt lat="46.180732" lon="11.518726">
        <ele>1915.199353</ele>
        <time>2026-05-24T07:26:35.000Z</time>
      </trkpt>
      <trkpt lat="46.180734" lon="11.518724">
        <ele>1915.239028</ele>
        <time>2026-05-24T07:26:42.000Z</time>
      </trkpt>
      <trkpt lat="46.180727" lon="11.518716">
        <ele>1915.384615</ele>
        <time>2026-05-24T07:26:51.000Z</time>
      </trkpt>
      <trkpt lat="46.180728" lon="11.518711">
        <ele>1915.443386</ele>
        <time>2026-05-24T07:26:54.000Z</time>
      </trkpt>
      <trkpt lat="46.180733" lon="11.518726">
        <ele>1915.631382</ele>
        <time>2026-05-24T07:27:04.000Z</time>
      </trkpt>
      <trkpt lat="46.180749" lon="11.518722">
        <ele>1915.896216</ele>
        <time>2026-05-24T07:27:12.000Z</time>
      </trkpt>
      <trkpt lat="46.180740" lon="11.518726">
        <ele>1916.049796</ele>
        <time>2026-05-24T07:27:17.000Z</time>
      </trkpt>
      <trkpt lat="46.180740" lon="11.518726">
        <ele>1916.049796</ele>
        <time>2026-05-24T07:27:19.000Z</time>
      </trkpt>
      <trkpt lat="46.180739" lon="11.518724">
        <ele>1916.077654</ele>
        <time>2026-05-24T07:27:21.000Z</time>
      </trkpt>
      <trkpt lat="46.180732" lon="11.518729">
        <ele>1916.205021</ele>
        <time>2026-05-24T07:27:23.000Z</time>
      </trkpt>
      <trkpt lat="46.180724" lon="11.518728">
        <ele>1916.335986</ele>
        <time>2026-05-24T07:27:27.000Z</time>
      </trkpt>
      <trkpt lat="46.180721" lon="11.518726">
        <ele>1916.389876</ele>
        <time>2026-05-24T07:27:36.000Z</time>
      </trkpt>
      <trkpt lat="46.180718" lon="11.518731">
        <ele>1916.464589</ele>
        <time>2026-05-24T07:27:47.000Z</time>
      </trkpt>
      <trkpt lat="46.180733" lon="11.518738">
        <ele>1916.721687</ele>
        <time>2026-05-24T07:27:55.000Z</time>
      </trkpt>
      <trkpt lat="46.180737" lon="11.518740">
        <ele>1916.790724</ele>
        <time>2026-05-24T07:27:59.000Z</time>
      </trkpt>
      <trkpt lat="46.180736" lon="11.518735">
        <ele>1916.849496</ele>
        <time>2026-05-24T07:28:02.000Z</time>
      </trkpt>
      <trkpt lat="46.180736" lon="11.518737">
        <ele>1916.872081</ele>
        <time>2026-05-24T07:28:04.000Z</time>
      </trkpt>
      <trkpt lat="46.180743" lon="11.518725">
        <ele>1917.049274</ele>
        <time>2026-05-24T07:28:12.000Z</time>
      </trkpt>
      <trkpt lat="46.180743" lon="11.518726">
        <ele>1917.060566</ele>
        <time>2026-05-24T07:28:15.000Z</time>
      </trkpt>
      <trkpt lat="46.180744" lon="11.518726">
        <ele>1917.076876</ele>
        <time>2026-05-24T07:28:16.000Z</time>
      </trkpt>
      <trkpt lat="46.180741" lon="11.518728">
        <ele>1917.130766</ele>
        <time>2026-05-24T07:28:18.000Z</time>
      </trkpt>
      <trkpt lat="46.180739" lon="11.518732">
        <ele>1917.186482</ele>
        <time>2026-05-24T07:28:20.000Z</time>
      </trkpt>
      <trkpt lat="46.180735" lon="11.518730">
        <ele>1917.255520</ele>
        <time>2026-05-24T07:28:28.000Z</time>
      </trkpt>
      <trkpt lat="46.180734" lon="11.518726">
        <ele>1917.303544</ele>
        <time>2026-05-24T07:28:30.000Z</time>
      </trkpt>
      <trkpt lat="46.180732" lon="11.518728">
        <ele>1917.343219</ele>
        <time>2026-05-24T07:28:35.000Z</time>
      </trkpt>
      <trkpt lat="46.180738" lon="11.518720">
        <ele>1917.476402</ele>
        <time>2026-05-24T07:28:41.000Z</time>
      </trkpt>
      <trkpt lat="46.180741" lon="11.518680">
        <ele>1917.930746</ele>
        <time>2026-05-24T07:28:48.000Z</time>
      </trkpt>
      <trkpt lat="46.180759" lon="11.518664">
        <ele>1918.275465</ele>
        <time>2026-05-24T07:28:50.000Z</time>
      </trkpt>
      <trkpt lat="46.180760" lon="11.518607">
        <ele>1918.919346</ele>
        <time>2026-05-24T07:28:55.000Z</time>
      </trkpt>
      <trkpt lat="46.180769" lon="11.518505">
        <ele>1920.080502</ele>
        <time>2026-05-24T07:29:01.000Z</time>
      </trkpt>
      <trkpt lat="46.180781" lon="11.518451">
        <ele>1920.720937</ele>
        <time>2026-05-24T07:29:06.000Z</time>
      </trkpt>
      <trkpt lat="46.180783" lon="11.518433">
        <ele>1920.926804</ele>
        <time>2026-05-24T07:29:07.000Z</time>
      </trkpt>
      <trkpt lat="46.180796" lon="11.518319">
        <ele>1922.231497</ele>
        <time>2026-05-24T07:29:14.000Z</time>
      </trkpt>
      <trkpt lat="46.180794" lon="11.518306">
        <ele>1922.381880</ele>
        <time>2026-05-24T07:29:15.000Z</time>
      </trkpt>
      <trkpt lat="46.180809" lon="11.518183">
        <ele>1923.792243</ele>
        <time>2026-05-24T07:29:24.000Z</time>
      </trkpt>
      <trkpt lat="46.180830" lon="11.518136">
        <ele>1924.423910</ele>
        <time>2026-05-24T07:29:28.000Z</time>
      </trkpt>
      <trkpt lat="46.180837" lon="11.518114">
        <ele>1924.697322</ele>
        <time>2026-05-24T07:29:30.000Z</time>
      </trkpt>
      <trkpt lat="46.180840" lon="11.518090">
        <ele>1924.972724</ele>
        <time>2026-05-24T07:29:32.000Z</time>
      </trkpt>
      <trkpt lat="46.180858" lon="11.518025">
        <ele>1925.763270</ele>
        <time>2026-05-24T07:29:38.000Z</time>
      </trkpt>
      <trkpt lat="46.180861" lon="11.518016">
        <ele>1925.876068</ele>
        <time>2026-05-24T07:29:39.000Z</time>
      </trkpt>
      <trkpt lat="46.180866" lon="11.518005">
        <ele>1926.024661</ele>
        <time>2026-05-24T07:29:40.000Z</time>
      </trkpt>
      <trkpt lat="46.180906" lon="11.517923">
        <ele>1927.157383</ele>
        <time>2026-05-24T07:29:46.000Z</time>
      </trkpt>
      <trkpt lat="46.180911" lon="11.517907">
        <ele>1927.355614</ele>
        <time>2026-05-24T07:29:47.000Z</time>
      </trkpt>
      <trkpt lat="46.180925" lon="11.517854">
        <ele>1927.996194</ele>
        <time>2026-05-24T07:29:51.000Z</time>
      </trkpt>
      <trkpt lat="46.180943" lon="11.517810">
        <ele>1928.573313</ele>
        <time>2026-05-24T07:29:55.000Z</time>
      </trkpt>
      <trkpt lat="46.180948" lon="11.517799">
        <ele>1928.721906</ele>
        <time>2026-05-24T07:29:56.000Z</time>
      </trkpt>
      <trkpt lat="46.180959" lon="11.517782">
        <ele>1928.984661</ele>
        <time>2026-05-24T07:29:58.000Z</time>
      </trkpt>
      <trkpt lat="46.180999" lon="11.517735">
        <ele>1929.825672</ele>
        <time>2026-05-24T07:30:03.000Z</time>
      </trkpt>
      <trkpt lat="46.181027" lon="11.517695">
        <ele>1930.467996</ele>
        <time>2026-05-24T07:30:07.000Z</time>
      </trkpt>
      <trkpt lat="46.181033" lon="11.517682">
        <ele>1930.644424</ele>
        <time>2026-05-24T07:30:09.000Z</time>
      </trkpt>
      <trkpt lat="46.181066" lon="11.517627">
        <ele>1931.466268</ele>
        <time>2026-05-24T07:30:15.000Z</time>
      </trkpt>
      <trkpt lat="46.181071" lon="11.517622">
        <ele>1931.565456</ele>
        <time>2026-05-24T07:30:16.000Z</time>
      </trkpt>
      <trkpt lat="46.181117" lon="11.517590">
        <ele>1932.398189</ele>
        <time>2026-05-24T07:30:21.000Z</time>
      </trkpt>
      <trkpt lat="46.181133" lon="11.517553">
        <ele>1932.890806</ele>
        <time>2026-05-24T07:30:24.000Z</time>
      </trkpt>
      <trkpt lat="46.181141" lon="11.517458">
        <ele>1933.971497</ele>
        <time>2026-05-24T07:30:31.000Z</time>
      </trkpt>
      <trkpt lat="46.181138" lon="11.517446">
        <ele>1934.115569</ele>
        <time>2026-05-24T07:30:32.000Z</time>
      </trkpt>
      <trkpt lat="46.181140" lon="11.517326">
        <ele>1935.471058</ele>
        <time>2026-05-24T07:30:40.000Z</time>
      </trkpt>
      <trkpt lat="46.181140" lon="11.517313">
        <ele>1935.617860</ele>
        <time>2026-05-24T07:30:41.000Z</time>
      </trkpt>
      <trkpt lat="46.181143" lon="11.517218">
        <ele>1936.691760</ele>
        <time>2026-05-24T07:30:48.000Z</time>
      </trkpt>
      <trkpt lat="46.181159" lon="11.517128">
        <ele>1937.741050</ele>
        <time>2026-05-24T07:30:54.000Z</time>
      </trkpt>
      <trkpt lat="46.181167" lon="11.517107">
        <ele>1938.011716</ele>
        <time>2026-05-24T07:30:56.000Z</time>
      </trkpt>
      <trkpt lat="46.181184" lon="11.517058">
        <ele>1938.630627</ele>
        <time>2026-05-24T07:31:00.000Z</time>
      </trkpt>
      <trkpt lat="46.181189" lon="11.517040">
        <ele>1938.849639</ele>
        <time>2026-05-24T07:31:02.000Z</time>
      </trkpt>
      <trkpt lat="46.181195" lon="11.517010">
        <ele>1939.202263</ele>
        <time>2026-05-24T07:31:05.000Z</time>
      </trkpt>
      <trkpt lat="46.181207" lon="11.516974">
        <ele>1939.653451</ele>
        <time>2026-05-24T07:31:09.000Z</time>
      </trkpt>
      <trkpt lat="46.181210" lon="11.516967">
        <ele>1939.746416</ele>
        <time>2026-05-24T07:31:10.000Z</time>
      </trkpt>
      <trkpt lat="46.181225" lon="11.516919">
        <ele>1940.341106</ele>
        <time>2026-05-24T07:31:15.000Z</time>
      </trkpt>
      <trkpt lat="46.181232" lon="11.516905">
        <ele>1940.536113</ele>
        <time>2026-05-24T07:31:17.000Z</time>
      </trkpt>
      <trkpt lat="46.181243" lon="11.516885">
        <ele>1940.824547</ele>
        <time>2026-05-24T07:31:20.000Z</time>
      </trkpt>
      <trkpt lat="46.181261" lon="11.516852">
        <ele>1941.298946</ele>
        <time>2026-05-24T07:31:24.000Z</time>
      </trkpt>
      <trkpt lat="46.181263" lon="11.516849">
        <ele>1941.345975</ele>
        <time>2026-05-24T07:31:25.000Z</time>
      </trkpt>
      <trkpt lat="46.181280" lon="11.516823">
        <ele>1941.749804</ele>
        <time>2026-05-24T07:31:29.000Z</time>
      </trkpt>
      <trkpt lat="46.181281" lon="11.516813">
        <ele>1941.832949</ele>
        <time>2026-05-24T07:31:30.000Z</time>
      </trkpt>
      <trkpt lat="46.181301" lon="11.516777">
        <ele>1942.064423</ele>
        <time>2026-05-24T07:31:34.000Z</time>
      </trkpt>
      <trkpt lat="46.181329" lon="11.516741">
        <ele>1942.335948</ele>
        <time>2026-05-24T07:31:39.000Z</time>
      </trkpt>
      <trkpt lat="46.181364" lon="11.516691">
        <ele>1942.692520</ele>
        <time>2026-05-24T07:31:45.000Z</time>
      </trkpt>
      <trkpt lat="46.181384" lon="11.516664">
        <ele>1942.890813</ele>
        <time>2026-05-24T07:31:48.000Z</time>
      </trkpt>
      <trkpt lat="46.181396" lon="11.516649">
        <ele>1943.005763</ele>
        <time>2026-05-24T07:31:50.000Z</time>
      </trkpt>
      <trkpt lat="46.181423" lon="11.516604">
        <ele>1943.304385</ele>
        <time>2026-05-24T07:31:55.000Z</time>
      </trkpt>
      <trkpt lat="46.181431" lon="11.516593">
        <ele>1943.384390</ele>
        <time>2026-05-24T07:31:56.000Z</time>
      </trkpt>
      <trkpt lat="46.181467" lon="11.516545">
        <ele>1943.739268</ele>
        <time>2026-05-24T07:32:01.000Z</time>
      </trkpt>
      <trkpt lat="46.181482" lon="11.516517">
        <ele>1943.916813</ele>
        <time>2026-05-24T07:32:03.000Z</time>
      </trkpt>
      <trkpt lat="46.181508" lon="11.516449">
        <ele>1944.306376</ele>
        <time>2026-05-24T07:32:08.000Z</time>
      </trkpt>
      <trkpt lat="46.181518" lon="11.516423">
        <ele>1944.455533</ele>
        <time>2026-05-24T07:32:10.000Z</time>
      </trkpt>
      <trkpt lat="46.181539" lon="11.516360">
        <ele>1944.806186</ele>
        <time>2026-05-24T07:32:16.000Z</time>
      </trkpt>
      <trkpt lat="46.181545" lon="11.516349">
        <ele>1944.876413</ele>
        <time>2026-05-24T07:32:17.000Z</time>
      </trkpt>
      <trkpt lat="46.181592" lon="11.516254">
        <ele>1945.461965</ele>
        <time>2026-05-24T07:32:24.000Z</time>
      </trkpt>
      <trkpt lat="46.181599" lon="11.516240">
        <ele>1945.548568</ele>
        <time>2026-05-24T07:32:25.000Z</time>
      </trkpt>
      <trkpt lat="46.181656" lon="11.516155">
        <ele>1946.142001</ele>
        <time>2026-05-24T07:32:33.000Z</time>
      </trkpt>
      <trkpt lat="46.181694" lon="11.516091">
        <ele>1946.564815</ele>
        <time>2026-05-24T07:32:39.000Z</time>
      </trkpt>
      <trkpt lat="46.181713" lon="11.516047">
        <ele>1946.824872</ele>
        <time>2026-05-24T07:32:42.000Z</time>
      </trkpt>
      <trkpt lat="46.181724" lon="11.515958">
        <ele>1947.278260</ele>
        <time>2026-05-24T07:32:48.000Z</time>
      </trkpt>
      <trkpt lat="46.181725" lon="11.515933">
        <ele>1947.403843</ele>
        <time>2026-05-24T07:32:50.000Z</time>
      </trkpt>
      <trkpt lat="46.181731" lon="11.515884">
        <ele>1947.653390</ele>
        <time>2026-05-24T07:32:54.000Z</time>
      </trkpt>
      <trkpt lat="46.181744" lon="11.515828">
        <ele>1947.949594</ele>
        <time>2026-05-24T07:32:58.000Z</time>
      </trkpt>
      <trkpt lat="46.181794" lon="11.515800">
        <ele>1948.338021</ele>
        <time>2026-05-24T07:33:03.000Z</time>
      </trkpt>
      <trkpt lat="46.181809" lon="11.515802">
        <ele>1948.447131</ele>
        <time>2026-05-24T07:33:05.000Z</time>
      </trkpt>
      <trkpt lat="46.181822" lon="11.515792">
        <ele>1948.553814</ele>
        <time>2026-05-24T07:33:07.000Z</time>
      </trkpt>
      <trkpt lat="46.181838" lon="11.515772">
        <ele>1948.707080</ele>
        <time>2026-05-24T07:33:10.000Z</time>
      </trkpt>
      <trkpt lat="46.181846" lon="11.515765">
        <ele>1948.774830</ele>
        <time>2026-05-24T07:33:11.000Z</time>
      </trkpt>
      <trkpt lat="46.181891" lon="11.515736">
        <ele>1949.131746</ele>
        <time>2026-05-24T07:33:16.000Z</time>
      </trkpt>
      <trkpt lat="46.181907" lon="11.515731">
        <ele>1949.250319</ele>
        <time>2026-05-24T07:33:18.000Z</time>
      </trkpt>
      <trkpt lat="46.181971" lon="11.515721">
        <ele>1949.716586</ele>
        <time>2026-05-24T07:33:27.000Z</time>
      </trkpt>
      <trkpt lat="46.181992" lon="11.515708">
        <ele>1949.882075</ele>
        <time>2026-05-24T07:33:29.000Z</time>
      </trkpt>
      <trkpt lat="46.182029" lon="11.515692">
        <ele>1950.161826</ele>
        <time>2026-05-24T07:33:32.000Z</time>
      </trkpt>
      <trkpt lat="46.182047" lon="11.515681">
        <ele>1950.303393</ele>
        <time>2026-05-24T07:33:34.000Z</time>
      </trkpt>
      <trkpt lat="46.182110" lon="11.515642">
        <ele>1950.799860</ele>
        <time>2026-05-24T07:33:40.000Z</time>
      </trkpt>
      <trkpt lat="46.182172" lon="11.515659">
        <ele>1951.256957</ele>
        <time>2026-05-24T07:33:47.000Z</time>
      </trkpt>
      <trkpt lat="46.182187" lon="11.515737">
        <ele>1951.662930</ele>
        <time>2026-05-24T07:33:54.000Z</time>
      </trkpt>
      <trkpt lat="46.182202" lon="11.515749">
        <ele>1951.787131</ele>
        <time>2026-05-24T07:33:57.000Z</time>
      </trkpt>
      <trkpt lat="46.182224" lon="11.515791">
        <ele>1952.051244</ele>
        <time>2026-05-24T07:34:00.000Z</time>
      </trkpt>
      <trkpt lat="46.182271" lon="11.515841">
        <ele>1952.474051</ele>
        <time>2026-05-24T07:34:05.000Z</time>
      </trkpt>
      <trkpt lat="46.182283" lon="11.515850">
        <ele>1952.571989</ele>
        <time>2026-05-24T07:34:06.000Z</time>
      </trkpt>
      <trkpt lat="46.182317" lon="11.515903">
        <ele>1952.934332</ele>
        <time>2026-05-24T07:34:10.000Z</time>
      </trkpt>
      <trkpt lat="46.182332" lon="11.515914">
        <ele>1953.056182</ele>
        <time>2026-05-24T07:34:12.000Z</time>
      </trkpt>
      <trkpt lat="46.182370" lon="11.515939">
        <ele>1953.358631</ele>
        <time>2026-05-24T07:34:15.000Z</time>
      </trkpt>
      <trkpt lat="46.182391" lon="11.515943">
        <ele>1953.512054</ele>
        <time>2026-05-24T07:34:17.000Z</time>
      </trkpt>
      <trkpt lat="46.182469" lon="11.515991">
        <ele>1954.126164</ele>
        <time>2026-05-24T07:34:24.000Z</time>
      </trkpt>
      <trkpt lat="46.182529" lon="11.516064">
        <ele>1954.694397</ele>
        <time>2026-05-24T07:34:31.000Z</time>
      </trkpt>
      <trkpt lat="46.182540" lon="11.516135">
        <ele>1954.939253</ele>
        <time>2026-05-24T07:34:36.000Z</time>
      </trkpt>
      <trkpt lat="46.182552" lon="11.516255">
        <ele>1955.220327</ele>
        <time>2026-05-24T07:34:43.000Z</time>
      </trkpt>
      <trkpt lat="46.182574" lon="11.516384">
        <ele>1955.528317</ele>
        <time>2026-05-24T07:34:50.000Z</time>
      </trkpt>
      <trkpt lat="46.182612" lon="11.516429">
        <ele>1955.692850</ele>
        <time>2026-05-24T07:34:55.000Z</time>
      </trkpt>
      <trkpt lat="46.182645" lon="11.516500">
        <ele>1955.891092</ele>
        <time>2026-05-24T07:35:01.000Z</time>
      </trkpt>
      <trkpt lat="46.182699" lon="11.516576">
        <ele>1956.143545</ele>
        <time>2026-05-24T07:35:07.000Z</time>
      </trkpt>
      <trkpt lat="46.182724" lon="11.516639">
        <ele>1956.311881</ele>
        <time>2026-05-24T07:35:11.000Z</time>
      </trkpt>
      <trkpt lat="46.182730" lon="11.516671">
        <ele>1956.388736</ele>
        <time>2026-05-24T07:35:13.000Z</time>
      </trkpt>
      <trkpt lat="46.182738" lon="11.516721">
        <ele>1956.507702</ele>
        <time>2026-05-24T07:35:16.000Z</time>
      </trkpt>
      <trkpt lat="46.182750" lon="11.516783">
        <ele>1956.656942</ele>
        <time>2026-05-24T07:35:20.000Z</time>
      </trkpt>
      <trkpt lat="46.182764" lon="11.516809">
        <ele>1956.733298</ele>
        <time>2026-05-24T07:35:22.000Z</time>
      </trkpt>
      <trkpt lat="46.182812" lon="11.516878">
        <ele>1956.960050</ele>
        <time>2026-05-24T07:35:28.000Z</time>
      </trkpt>
      <trkpt lat="46.182838" lon="11.516953">
        <ele>1957.154493</ele>
        <time>2026-05-24T07:35:33.000Z</time>
      </trkpt>
      <trkpt lat="46.182853" lon="11.517001">
        <ele>1957.276577</ele>
        <time>2026-05-24T07:35:36.000Z</time>
      </trkpt>
      <trkpt lat="46.182891" lon="11.517104">
        <ele>1957.547137</ele>
        <time>2026-05-24T07:35:43.000Z</time>
      </trkpt>
      <trkpt lat="46.182907" lon="11.517189">
        <ele>1957.751337</ele>
        <time>2026-05-24T07:35:50.000Z</time>
      </trkpt>
      <trkpt lat="46.182937" lon="11.517313">
        <ele>1958.055840</ele>
        <time>2026-05-24T07:35:57.000Z</time>
      </trkpt>
      <trkpt lat="46.182959" lon="11.517444">
        <ele>1958.368332</ele>
        <time>2026-05-24T07:36:05.000Z</time>
      </trkpt>
      <trkpt lat="46.182977" lon="11.517546">
        <ele>1958.612350</ele>
        <time>2026-05-24T07:36:11.000Z</time>
      </trkpt>
      <trkpt lat="46.183004" lon="11.517671">
        <ele>1958.915900</ele>
        <time>2026-05-24T07:36:19.000Z</time>
      </trkpt>
      <trkpt lat="46.183016" lon="11.517760">
        <ele>1959.126097</ele>
        <time>2026-05-24T07:36:24.000Z</time>
      </trkpt>
      <trkpt lat="46.183022" lon="11.517798">
        <ele>1959.216450</ele>
        <time>2026-05-24T07:36:26.000Z</time>
      </trkpt>
      <trkpt lat="46.183027" lon="11.517940">
        <ele>1959.546061</ele>
        <time>2026-05-24T07:36:33.000Z</time>
      </trkpt>
      <trkpt lat="46.183041" lon="11.518042">
        <ele>1959.787120</ele>
        <time>2026-05-24T07:36:39.000Z</time>
      </trkpt>
      <trkpt lat="46.183068" lon="11.518212">
        <ele>1960.191451</ele>
        <time>2026-05-24T07:36:48.000Z</time>
      </trkpt>
      <trkpt lat="46.183073" lon="11.518231">
        <ele>1960.238571</ele>
        <time>2026-05-24T07:36:49.000Z</time>
      </trkpt>
      <trkpt lat="46.183075" lon="11.518250">
        <ele>1960.283123</ele>
        <time>2026-05-24T07:36:50.000Z</time>
      </trkpt>
      <trkpt lat="46.183094" lon="11.518352">
        <ele>1960.527989</ele>
        <time>2026-05-24T07:36:55.000Z</time>
      </trkpt>
      <trkpt lat="46.183124" lon="11.518473">
        <ele>1960.825934</ele>
        <time>2026-05-24T07:37:01.000Z</time>
      </trkpt>
      <trkpt lat="46.183132" lon="11.518509">
        <ele>1960.946146</ele>
        <time>2026-05-24T07:37:03.000Z</time>
      </trkpt>
      <trkpt lat="46.183143" lon="11.518555">
        <ele>1961.125602</ele>
        <time>2026-05-24T07:37:06.000Z</time>
      </trkpt>
      <trkpt lat="46.183176" lon="11.518644">
        <ele>1961.497887</ele>
        <time>2026-05-24T07:37:12.000Z</time>
      </trkpt>
      <trkpt lat="46.183181" lon="11.518664">
        <ele>1961.576298</ele>
        <time>2026-05-24T07:37:13.000Z</time>
      </trkpt>
      <trkpt lat="46.183190" lon="11.518742">
        <ele>1961.867887</ele>
        <time>2026-05-24T07:37:17.000Z</time>
      </trkpt>
      <trkpt lat="46.183195" lon="11.518774">
        <ele>1961.988854</ele>
        <time>2026-05-24T07:37:19.000Z</time>
      </trkpt>
      <trkpt lat="46.183209" lon="11.518826">
        <ele>1962.194590</ele>
        <time>2026-05-24T07:37:22.000Z</time>
      </trkpt>
      <trkpt lat="46.183238" lon="11.518893">
        <ele>1962.485957</ele>
        <time>2026-05-24T07:37:26.000Z</time>
      </trkpt>
      <trkpt lat="46.183298" lon="11.518982">
        <ele>1962.944022</ele>
        <time>2026-05-24T07:37:33.000Z</time>
      </trkpt>
      <trkpt lat="46.183341" lon="11.519038">
        <ele>1963.252389</ele>
        <time>2026-05-24T07:37:38.000Z</time>
      </trkpt>
      <trkpt lat="46.183346" lon="11.519048">
        <ele>1963.297874</ele>
        <time>2026-05-24T07:37:39.000Z</time>
      </trkpt>
      <trkpt lat="46.183364" lon="11.519081">
        <ele>1963.452787</ele>
        <time>2026-05-24T07:37:43.000Z</time>
      </trkpt>
      <trkpt lat="46.183379" lon="11.519116">
        <ele>1963.604574</ele>
        <time>2026-05-24T07:37:45.000Z</time>
      </trkpt>
      <trkpt lat="46.183406" lon="11.519165">
        <ele>1963.835498</ele>
        <time>2026-05-24T07:37:48.000Z</time>
      </trkpt>
      <trkpt lat="46.183429" lon="11.519250">
        <ele>1964.172020</ele>
        <time>2026-05-24T07:37:53.000Z</time>
      </trkpt>
      <trkpt lat="46.183434" lon="11.519269">
        <ele>1964.246971</ele>
        <time>2026-05-24T07:37:54.000Z</time>
      </trkpt>
      <trkpt lat="46.183470" lon="11.519396">
        <ele>1964.753009</ele>
        <time>2026-05-24T07:38:02.000Z</time>
      </trkpt>
      <trkpt lat="46.183489" lon="11.519442">
        <ele>1964.950524</ele>
        <time>2026-05-24T07:38:06.000Z</time>
      </trkpt>
      <trkpt lat="46.183505" lon="11.519461">
        <ele>1965.060843</ele>
        <time>2026-05-24T07:38:09.000Z</time>
      </trkpt>
      <trkpt lat="46.183519" lon="11.519512">
        <ele>1965.263145</ele>
        <time>2026-05-24T07:38:12.000Z</time>
      </trkpt>
      <trkpt lat="46.183529" lon="11.519541">
        <ele>1965.382611</ele>
        <time>2026-05-24T07:38:14.000Z</time>
      </trkpt>
      <trkpt lat="46.183574" lon="11.519662">
        <ele>1965.889088</ele>
        <time>2026-05-24T07:38:22.000Z</time>
      </trkpt>
      <trkpt lat="46.183607" lon="11.519758">
        <ele>1966.284313</ele>
        <time>2026-05-24T07:38:31.000Z</time>
      </trkpt>
      <trkpt lat="46.183651" lon="11.519836">
        <ele>1966.655315</ele>
        <time>2026-05-24T07:38:36.000Z</time>
      </trkpt>
      <trkpt lat="46.183661" lon="11.519854">
        <ele>1966.740416</ele>
        <time>2026-05-24T07:38:37.000Z</time>
      </trkpt>
      <trkpt lat="46.183674" lon="11.519963">
        <ele>1967.148267</ele>
        <time>2026-05-24T07:38:45.000Z</time>
      </trkpt>
      <trkpt lat="46.183681" lon="11.519996">
        <ele>1967.275535</ele>
        <time>2026-05-24T07:38:47.000Z</time>
      </trkpt>
      <trkpt lat="46.183695" lon="11.520040">
        <ele>1967.454096</ele>
        <time>2026-05-24T07:38:51.000Z</time>
      </trkpt>
      <trkpt lat="46.183701" lon="11.520056">
        <ele>1967.521193</ele>
        <time>2026-05-24T07:38:52.000Z</time>
      </trkpt>
      <trkpt lat="46.183741" lon="11.520196">
        <ele>1968.079665</ele>
        <time>2026-05-24T07:38:59.000Z</time>
      </trkpt>
      <trkpt lat="46.183796" lon="11.520345">
        <ele>1968.702303</ele>
        <time>2026-05-24T07:39:08.000Z</time>
      </trkpt>
      <trkpt lat="46.183828" lon="11.520440">
        <ele>1969.091869</ele>
        <time>2026-05-24T07:39:13.000Z</time>
      </trkpt>
      <trkpt lat="46.183836" lon="11.520461">
        <ele>1969.180253</ele>
        <time>2026-05-24T07:39:14.000Z</time>
      </trkpt>
      <trkpt lat="46.183860" lon="11.520519">
        <ele>1969.429411</ele>
        <time>2026-05-24T07:39:17.000Z</time>
      </trkpt>
      <trkpt lat="46.183892" lon="11.520565">
        <ele>1969.669865</ele>
        <time>2026-05-24T07:39:21.000Z</time>
      </trkpt>
      <trkpt lat="46.183946" lon="11.520646">
        <ele>1970.084505</ele>
        <time>2026-05-24T07:39:28.000Z</time>
      </trkpt>
      <trkpt lat="46.183954" lon="11.520655">
        <ele>1970.138512</ele>
        <time>2026-05-24T07:39:29.000Z</time>
      </trkpt>
      <trkpt lat="46.183983" lon="11.520694">
        <ele>1970.349550</ele>
        <time>2026-05-24T07:39:33.000Z</time>
      </trkpt>
      <trkpt lat="46.184020" lon="11.520726">
        <ele>1970.668042</ele>
        <time>2026-05-24T07:39:36.000Z</time>
      </trkpt>
      <trkpt lat="46.184031" lon="11.520740">
        <ele>1970.795224</ele>
        <time>2026-05-24T07:39:37.000Z</time>
      </trkpt>
      <trkpt lat="46.184106" lon="11.520844">
        <ele>1971.697128</ele>
        <time>2026-05-24T07:39:44.000Z</time>
      </trkpt>
      <trkpt lat="46.184153" lon="11.520894">
        <ele>1972.203495</ele>
        <time>2026-05-24T07:39:48.000Z</time>
      </trkpt>
      <trkpt lat="46.184185" lon="11.520893">
        <ele>1972.481152</ele>
        <time>2026-05-24T07:39:52.000Z</time>
      </trkpt>
      <trkpt lat="46.184211" lon="11.520890">
        <ele>1972.707413</ele>
        <time>2026-05-24T07:39:55.000Z</time>
      </trkpt>
      <trkpt lat="46.184243" lon="11.520928">
        <ele>1973.066779</ele>
        <time>2026-05-24T07:39:59.000Z</time>
      </trkpt>
      <trkpt lat="46.184249" lon="11.520939">
        <ele>1973.150883</ele>
        <time>2026-05-24T07:40:00.000Z</time>
      </trkpt>
      <trkpt lat="46.184289" lon="11.520987">
        <ele>1973.602003</ele>
        <time>2026-05-24T07:40:06.000Z</time>
      </trkpt>
      <trkpt lat="46.184294" lon="11.520993">
        <ele>1973.658393</ele>
        <time>2026-05-24T07:40:07.000Z</time>
      </trkpt>
      <trkpt lat="46.184304" lon="11.521013">
        <ele>1973.806559</ele>
        <time>2026-05-24T07:40:09.000Z</time>
      </trkpt>
      <trkpt lat="46.184313" lon="11.521032">
        <ele>1973.944823</ele>
        <time>2026-05-24T07:40:11.000Z</time>
      </trkpt>
      <trkpt lat="46.184319" lon="11.521053">
        <ele>1974.081264</ele>
        <time>2026-05-24T07:40:13.000Z</time>
      </trkpt>
      <trkpt lat="46.184330" lon="11.521074">
        <ele>1974.239417</ele>
        <time>2026-05-24T07:40:15.000Z</time>
      </trkpt>
      <trkpt lat="46.184340" lon="11.521077">
        <ele>1974.328016</ele>
        <time>2026-05-24T07:40:18.000Z</time>
      </trkpt>
      <trkpt lat="46.184345" lon="11.521082">
        <ele>1974.380771</ele>
        <time>2026-05-24T07:40:19.000Z</time>
      </trkpt>
      <trkpt lat="46.184357" lon="11.521094">
        <ele>1974.507382</ele>
        <time>2026-05-24T07:40:21.000Z</time>
      </trkpt>
      <trkpt lat="46.184380" lon="11.521118">
        <ele>1974.753521</ele>
        <time>2026-05-24T07:40:24.000Z</time>
      </trkpt>
      <trkpt lat="46.184434" lon="11.521163">
        <ele>1975.294331</ele>
        <time>2026-05-24T07:40:29.000Z</time>
      </trkpt>
      <trkpt lat="46.184486" lon="11.521187">
        <ele>1975.767887</ele>
        <time>2026-05-24T07:40:35.000Z</time>
      </trkpt>
      <trkpt lat="46.184532" lon="11.521217">
        <ele>1976.205717</ele>
        <time>2026-05-24T07:40:42.000Z</time>
      </trkpt>
      <trkpt lat="46.184555" lon="11.521252">
        <ele>1976.495534</ele>
        <time>2026-05-24T07:40:49.000Z</time>
      </trkpt>
      <trkpt lat="46.184551" lon="11.521251">
        <ele>1976.530749</ele>
        <time>2026-05-24T07:40:57.000Z</time>
      </trkpt>
      <trkpt lat="46.184551" lon="11.521247">
        <ele>1976.554772</ele>
        <time>2026-05-24T07:41:06.000Z</time>
      </trkpt>
      <trkpt lat="46.184546" lon="11.521233">
        <ele>1976.649382</ele>
        <time>2026-05-24T07:41:13.000Z</time>
      </trkpt>
      <trkpt lat="46.184552" lon="11.521234">
        <ele>1976.701776</ele>
        <time>2026-05-24T07:41:21.000Z</time>
      </trkpt>
      <trkpt lat="46.184554" lon="11.521223">
        <ele>1976.770081</ele>
        <time>2026-05-24T07:41:28.000Z</time>
      </trkpt>
      <trkpt lat="46.184556" lon="11.521228">
        <ele>1976.804762</ele>
        <time>2026-05-24T07:41:39.000Z</time>
      </trkpt>
      <trkpt lat="46.184550" lon="11.521206">
        <ele>1976.946772</ele>
        <time>2026-05-24T07:41:47.000Z</time>
      </trkpt>
      <trkpt lat="46.184548" lon="11.521204">
        <ele>1976.967874</ele>
        <time>2026-05-24T07:41:56.000Z</time>
      </trkpt>
      <trkpt lat="46.184555" lon="11.521219">
        <ele>1977.076516</ele>
        <time>2026-05-24T07:42:02.000Z</time>
      </trkpt>
      <trkpt lat="46.184547" lon="11.521251">
        <ele>1977.280849</ele>
        <time>2026-05-24T07:42:13.000Z</time>
      </trkpt>
      <trkpt lat="46.184570" lon="11.521234">
        <ele>1977.504975</ele>
        <time>2026-05-24T07:42:21.000Z</time>
      </trkpt>
      <trkpt lat="46.184562" lon="11.521239">
        <ele>1977.580591</ele>
        <time>2026-05-24T07:42:28.000Z</time>
      </trkpt>
      <trkpt lat="46.184564" lon="11.521246">
        <ele>1977.626071</ele>
        <time>2026-05-24T07:42:33.000Z</time>
      </trkpt>
      <trkpt lat="46.184559" lon="11.521252">
        <ele>1977.682461</ele>
        <time>2026-05-24T07:42:37.000Z</time>
      </trkpt>
      <trkpt lat="46.184559" lon="11.521250">
        <ele>1977.694473</ele>
        <time>2026-05-24T07:42:45.000Z</time>
      </trkpt>
      <trkpt lat="46.184559" lon="11.521249">
        <ele>1977.700479</ele>
        <time>2026-05-24T07:42:47.000Z</time>
      </trkpt>
      <trkpt lat="46.184559" lon="11.521249">
        <ele>1977.700479</ele>
        <time>2026-05-24T07:42:48.000Z</time>
      </trkpt>
      <trkpt lat="46.184560" lon="11.521255">
        <ele>1977.737543</ele>
        <time>2026-05-24T07:42:56.000Z</time>
      </trkpt>
      <trkpt lat="46.184545" lon="11.521248">
        <ele>1977.874287</ele>
        <time>2026-05-24T07:43:09.000Z</time>
      </trkpt>
      <trkpt lat="46.184556" lon="11.521254">
        <ele>1977.976287</ele>
        <time>2026-05-24T07:43:13.000Z</time>
      </trkpt>
      <trkpt lat="46.184553" lon="11.521245">
        <ele>1978.036278</ele>
        <time>2026-05-24T07:43:19.000Z</time>
      </trkpt>
      <trkpt lat="46.184551" lon="11.521217">
        <ele>1978.205335</ele>
        <time>2026-05-24T07:43:29.000Z</time>
      </trkpt>
      <trkpt lat="46.184554" lon="11.521218">
        <ele>1978.232043</ele>
        <time>2026-05-24T07:43:33.000Z</time>
      </trkpt>
      <trkpt lat="46.184553" lon="11.521237">
        <ele>1978.346484</ele>
        <time>2026-05-24T07:43:38.000Z</time>
      </trkpt>
      <trkpt lat="46.184540" lon="11.521251">
        <ele>1978.487151</ele>
        <time>2026-05-24T07:43:48.000Z</time>
      </trkpt>
      <trkpt lat="46.184550" lon="11.521275">
        <ele>1978.655381</ele>
        <time>2026-05-24T07:43:56.000Z</time>
      </trkpt>
      <trkpt lat="46.184557" lon="11.521269">
        <ele>1978.725992</ele>
        <time>2026-05-24T07:43:58.000Z</time>
      </trkpt>
      <trkpt lat="46.184569" lon="11.521238">
        <ele>1978.939298</ele>
        <time>2026-05-24T07:44:07.000Z</time>
      </trkpt>
      <trkpt lat="46.184573" lon="11.521232">
        <ele>1978.989324</ele>
        <time>2026-05-24T07:44:14.000Z</time>
      </trkpt>
      <trkpt lat="46.184567" lon="11.521246">
        <ele>1979.088212</ele>
        <time>2026-05-24T07:44:23.000Z</time>
      </trkpt>
      <trkpt lat="46.184563" lon="11.521246">
        <ele>1979.122911</ele>
        <time>2026-05-24T07:44:32.000Z</time>
      </trkpt>
      <trkpt lat="46.184584" lon="11.521262">
        <ele>1979.328871</ele>
        <time>2026-05-24T07:44:39.000Z</time>
      </trkpt>
      <trkpt lat="46.184595" lon="11.521277">
        <ele>1979.460101</ele>
        <time>2026-05-24T07:44:41.000Z</time>
      </trkpt>
      <trkpt lat="46.184615" lon="11.521292">
        <ele>1979.655591</ele>
        <time>2026-05-24T07:44:45.000Z</time>
      </trkpt>
      <trkpt lat="46.184665" lon="11.521331">
        <ele>1980.148532</ele>
        <time>2026-05-24T07:44:50.000Z</time>
      </trkpt>
      <trkpt lat="46.184686" lon="11.521351">
        <ele>1980.366738</ele>
        <time>2026-05-24T07:44:52.000Z</time>
      </trkpt>
      <trkpt lat="46.184759" lon="11.521399">
        <ele>1981.062524</ele>
        <time>2026-05-24T07:45:00.000Z</time>
      </trkpt>
      <trkpt lat="46.184772" lon="11.521404">
        <ele>1981.179226</ele>
        <time>2026-05-24T07:45:02.000Z</time>
      </trkpt>
      <trkpt lat="46.184787" lon="11.521397">
        <ele>1981.315970</ele>
        <time>2026-05-24T07:45:06.000Z</time>
      </trkpt>
      <trkpt lat="46.184791" lon="11.521396">
        <ele>1981.351185</ele>
        <time>2026-05-24T07:45:07.000Z</time>
      </trkpt>
      <trkpt lat="46.184828" lon="11.521407">
        <ele>1981.678878</ele>
        <time>2026-05-24T07:45:12.000Z</time>
      </trkpt>
      <trkpt lat="46.184845" lon="11.521414">
        <ele>1981.832225</ele>
        <time>2026-05-24T07:45:15.000Z</time>
      </trkpt>
      <trkpt lat="46.184868" lon="11.521428">
        <ele>1982.048737</ele>
        <time>2026-05-24T07:45:17.000Z</time>
      </trkpt>
      <trkpt lat="46.184878" lon="11.521437">
        <ele>1982.150946</ele>
        <time>2026-05-24T07:45:18.000Z</time>
      </trkpt>
      <trkpt lat="46.184908" lon="11.521443">
        <ele>1982.413672</ele>
        <time>2026-05-24T07:45:21.000Z</time>
      </trkpt>
      <trkpt lat="46.184934" lon="11.521424">
        <ele>1982.666438</ele>
        <time>2026-05-24T07:45:24.000Z</time>
      </trkpt>
      <trkpt lat="46.184940" lon="11.521419">
        <ele>1982.726528</ele>
        <time>2026-05-24T07:45:25.000Z</time>
      </trkpt>
      <trkpt lat="46.184952" lon="11.521419">
        <ele>1982.830625</ele>
        <time>2026-05-24T07:45:26.000Z</time>
      </trkpt>
      <trkpt lat="46.184979" lon="11.521419">
        <ele>1983.064843</ele>
        <time>2026-05-24T07:45:28.000Z</time>
      </trkpt>
      <trkpt lat="46.185070" lon="11.521452">
        <ele>1983.878744</ele>
        <time>2026-05-24T07:45:35.000Z</time>
      </trkpt>
      <trkpt lat="46.185155" lon="11.521495">
        <ele>1984.660014</ele>
        <time>2026-05-24T07:45:43.000Z</time>
      </trkpt>
      <trkpt lat="46.185207" lon="11.521526">
        <ele>1985.148012</ele>
        <time>2026-05-24T07:45:48.000Z</time>
      </trkpt>
      <trkpt lat="46.185241" lon="11.521547">
        <ele>1985.468788</ele>
        <time>2026-05-24T07:45:51.000Z</time>
      </trkpt>
      <trkpt lat="46.185289" lon="11.521573">
        <ele>1985.913492</ele>
        <time>2026-05-24T07:45:55.000Z</time>
      </trkpt>
      <trkpt lat="46.185304" lon="11.521574">
        <ele>1986.044235</ele>
        <time>2026-05-24T07:45:57.000Z</time>
      </trkpt>
      <trkpt lat="46.185337" lon="11.521587">
        <ele>1986.389177</ele>
        <time>2026-05-24T07:46:01.000Z</time>
      </trkpt>
      <trkpt lat="46.185356" lon="11.521591">
        <ele>1986.582806</ele>
        <time>2026-05-24T07:46:03.000Z</time>
      </trkpt>
      <trkpt lat="46.185422" lon="11.521630">
        <ele>1987.301923</ele>
        <time>2026-05-24T07:46:10.000Z</time>
      </trkpt>
      <trkpt lat="46.185439" lon="11.521628">
        <ele>1987.473926</ele>
        <time>2026-05-24T07:46:12.000Z</time>
      </trkpt>
      <trkpt lat="46.185492" lon="11.521616">
        <ele>1988.014928</ele>
        <time>2026-05-24T07:46:17.000Z</time>
      </trkpt>
      <trkpt lat="46.185587" lon="11.521599">
        <ele>1988.980275</ele>
        <time>2026-05-24T07:46:25.000Z</time>
      </trkpt>
      <trkpt lat="46.185642" lon="11.521637">
        <ele>1989.595106</ele>
        <time>2026-05-24T07:46:30.000Z</time>
      </trkpt>
      <trkpt lat="46.185656" lon="11.521656">
        <ele>1989.788830</ele>
        <time>2026-05-24T07:46:32.000Z</time>
      </trkpt>
      <trkpt lat="46.185668" lon="11.521670">
        <ele>1989.944387</ele>
        <time>2026-05-24T07:46:33.000Z</time>
      </trkpt>
      <trkpt lat="46.185702" lon="11.521689">
        <ele>1990.312024</ele>
        <time>2026-05-24T07:46:37.000Z</time>
      </trkpt>
      <trkpt lat="46.185707" lon="11.521684">
        <ele>1990.373351</ele>
        <time>2026-05-24T07:46:38.000Z</time>
      </trkpt>
      <trkpt lat="46.185778" lon="11.521695">
        <ele>1991.093454</ele>
        <time>2026-05-24T07:46:44.000Z</time>
      </trkpt>
      <trkpt lat="46.185791" lon="11.521702">
        <ele>1991.233365</ele>
        <time>2026-05-24T07:46:45.000Z</time>
      </trkpt>
      <trkpt lat="46.185828" lon="11.521722">
        <ele>1991.631761</ele>
        <time>2026-05-24T07:46:48.000Z</time>
      </trkpt>
      <trkpt lat="46.185896" lon="11.521751">
        <ele>1992.346769</ele>
        <time>2026-05-24T07:46:54.000Z</time>
      </trkpt>
      <trkpt lat="46.185961" lon="11.521776">
        <ele>1993.025098</ele>
        <time>2026-05-24T07:46:59.000Z</time>
      </trkpt>
      <trkpt lat="46.185974" lon="11.521781">
        <ele>1993.160764</ele>
        <time>2026-05-24T07:47:00.000Z</time>
      </trkpt>
      <trkpt lat="46.186005" lon="11.521795">
        <ele>1993.488306</ele>
        <time>2026-05-24T07:47:03.000Z</time>
      </trkpt>
      <trkpt lat="46.186040" lon="11.521819">
        <ele>1993.879015</ele>
        <time>2026-05-24T07:47:06.000Z</time>
      </trkpt>
      <trkpt lat="46.186057" lon="11.521836">
        <ele>1994.087526</ele>
        <time>2026-05-24T07:47:08.000Z</time>
      </trkpt>
      <trkpt lat="46.186078" lon="11.521850">
        <ele>1994.320768</ele>
        <time>2026-05-24T07:47:11.000Z</time>
      </trkpt>
      <trkpt lat="46.186089" lon="11.521846">
        <ele>1994.435158</ele>
        <time>2026-05-24T07:47:13.000Z</time>
      </trkpt>
      <trkpt lat="46.186124" lon="11.521887">
        <ele>1994.889598</ele>
        <time>2026-05-24T07:47:18.000Z</time>
      </trkpt>
      <trkpt lat="46.186128" lon="11.521906">
        <ele>1995.028247</ele>
        <time>2026-05-24T07:47:19.000Z</time>
      </trkpt>
      <trkpt lat="46.186144" lon="11.521938">
        <ele>1995.303832</ele>
        <time>2026-05-24T07:47:21.000Z</time>
      </trkpt>
      <trkpt lat="46.186201" lon="11.522020">
        <ele>1996.115103</ele>
        <time>2026-05-24T07:47:28.000Z</time>
      </trkpt>
      <trkpt lat="46.186278" lon="11.522075">
        <ele>1996.981361</ele>
        <time>2026-05-24T07:47:36.000Z</time>
      </trkpt>
      <trkpt lat="46.186358" lon="11.522104">
        <ele>1997.813135</ele>
        <time>2026-05-24T07:47:42.000Z</time>
      </trkpt>
      <trkpt lat="46.186370" lon="11.522103">
        <ele>1997.934349</ele>
        <time>2026-05-24T07:47:43.000Z</time>
      </trkpt>
      <trkpt lat="46.186453" lon="11.522103">
        <ele>1998.771358</ele>
        <time>2026-05-24T07:47:50.000Z</time>
      </trkpt>
      <trkpt lat="46.186468" lon="11.522107">
        <ele>1998.925181</ele>
        <time>2026-05-24T07:47:51.000Z</time>
      </trkpt>
      <trkpt lat="46.186529" lon="11.522147">
        <ele>1999.600754</ele>
        <time>2026-05-24T07:47:55.000Z</time>
      </trkpt>
      <trkpt lat="46.186570" lon="11.522165">
        <ele>2000.032893</ele>
        <time>2026-05-24T07:47:58.000Z</time>
      </trkpt>
      <trkpt lat="46.186588" lon="11.522171">
        <ele>2000.219184</ele>
        <time>2026-05-24T07:48:00.000Z</time>
      </trkpt>
      <trkpt lat="46.186623" lon="11.522197">
        <ele>2000.616081</ele>
        <time>2026-05-24T07:48:04.000Z</time>
      </trkpt>
      <trkpt lat="46.186644" lon="11.522209">
        <ele>2000.843824</ele>
        <time>2026-05-24T07:48:07.000Z</time>
      </trkpt>
      <trkpt lat="46.186662" lon="11.522200">
        <ele>2001.035912</ele>
        <time>2026-05-24T07:48:10.000Z</time>
      </trkpt>
      <trkpt lat="46.186673" lon="11.522197">
        <ele>2001.148800</ele>
        <time>2026-05-24T07:48:11.000Z</time>
      </trkpt>
      <trkpt lat="46.186700" lon="11.522216">
        <ele>2001.451674</ele>
        <time>2026-05-24T07:48:13.000Z</time>
      </trkpt>
      <trkpt lat="46.186712" lon="11.522232">
        <ele>2001.616362</ele>
        <time>2026-05-24T07:48:14.000Z</time>
      </trkpt>
      <trkpt lat="46.186721" lon="11.522243">
        <ele>2001.735254</ele>
        <time>2026-05-24T07:48:15.000Z</time>
      </trkpt>
      <trkpt lat="46.186765" lon="11.522279">
        <ele>2002.245208</ele>
        <time>2026-05-24T07:48:19.000Z</time>
      </trkpt>
      <trkpt lat="46.186844" lon="11.522288">
        <ele>2003.044353</ele>
        <time>2026-05-24T07:48:25.000Z</time>
      </trkpt>
      <trkpt lat="46.186857" lon="11.522286">
        <ele>2003.176193</ele>
        <time>2026-05-24T07:48:26.000Z</time>
      </trkpt>
      <trkpt lat="46.186919" lon="11.522305">
        <ele>2003.815345</ele>
        <time>2026-05-24T07:48:31.000Z</time>
      </trkpt>
      <trkpt lat="46.186956" lon="11.522330">
        <ele>2004.209549</ele>
        <time>2026-05-24T07:48:35.000Z</time>
      </trkpt>
      <trkpt lat="46.186967" lon="11.522340">
        <ele>2004.292401</ele>
        <time>2026-05-24T07:48:36.000Z</time>
      </trkpt>
      <trkpt lat="46.187009" lon="11.522379">
        <ele>2004.610685</ele>
        <time>2026-05-24T07:48:40.000Z</time>
      </trkpt>
      <trkpt lat="46.187018" lon="11.522389">
        <ele>2004.683067</ele>
        <time>2026-05-24T07:48:41.000Z</time>
      </trkpt>
      <trkpt lat="46.187089" lon="11.522448">
        <ele>2005.205218</ele>
        <time>2026-05-24T07:48:47.000Z</time>
      </trkpt>
      <trkpt lat="46.187108" lon="11.522454">
        <ele>2005.329196</ele>
        <time>2026-05-24T07:48:49.000Z</time>
      </trkpt>
      <trkpt lat="46.187180" lon="11.522495">
        <ele>2005.822547</ele>
        <time>2026-05-24T07:48:56.000Z</time>
      </trkpt>
      <trkpt lat="46.187220" lon="11.522497">
        <ele>2006.077684</ele>
        <time>2026-05-24T07:49:00.000Z</time>
      </trkpt>
      <trkpt lat="46.187255" lon="11.522526">
        <ele>2006.334896</ele>
        <time>2026-05-24T07:49:03.000Z</time>
      </trkpt>
      <trkpt lat="46.187307" lon="11.522546">
        <ele>2006.677926</ele>
        <time>2026-05-24T07:49:08.000Z</time>
      </trkpt>
      <trkpt lat="46.187328" lon="11.522542">
        <ele>2006.812952</ele>
        <time>2026-05-24T07:49:10.000Z</time>
      </trkpt>
      <trkpt lat="46.187367" lon="11.522528">
        <ele>2007.069124</ele>
        <time>2026-05-24T07:49:14.000Z</time>
      </trkpt>
      <trkpt lat="46.187415" lon="11.522519">
        <ele>2007.377673</ele>
        <time>2026-05-24T07:49:18.000Z</time>
      </trkpt>
      <trkpt lat="46.187511" lon="11.522555">
        <ele>2008.009922</ele>
        <time>2026-05-24T07:49:26.000Z</time>
      </trkpt>
      <trkpt lat="46.187633" lon="11.522565">
        <ele>2008.788876</ele>
        <time>2026-05-24T07:49:35.000Z</time>
      </trkpt>
      <trkpt lat="46.187703" lon="11.522568">
        <ele>2009.235296</ele>
        <time>2026-05-24T07:49:40.000Z</time>
      </trkpt>
      <trkpt lat="46.187739" lon="11.522570">
        <ele>2009.464952</ele>
        <time>2026-05-24T07:49:43.000Z</time>
      </trkpt>
      <trkpt lat="46.187845" lon="11.522575">
        <ele>2010.141021</ele>
        <time>2026-05-24T07:49:51.000Z</time>
      </trkpt>
      <trkpt lat="46.187854" lon="11.522570">
        <ele>2010.202490</ele>
        <time>2026-05-24T07:49:52.000Z</time>
      </trkpt>
      <trkpt lat="46.187930" lon="11.522579">
        <ele>2010.688586</ele>
        <time>2026-05-24T07:49:59.000Z</time>
      </trkpt>
      <trkpt lat="46.187959" lon="11.522596">
        <ele>2010.888093</ele>
        <time>2026-05-24T07:50:04.000Z</time>
      </trkpt>
      <trkpt lat="46.187984" lon="11.522623">
        <ele>2011.087078</ele>
        <time>2026-05-24T07:50:07.000Z</time>
      </trkpt>
      <trkpt lat="46.187999" lon="11.522631">
        <ele>2011.189006</ele>
        <time>2026-05-24T07:50:08.000Z</time>
      </trkpt>
      <trkpt lat="46.188061" lon="11.522623">
        <ele>2011.585806</ele>
        <time>2026-05-24T07:50:12.000Z</time>
      </trkpt>
      <trkpt lat="46.188080" lon="11.522617">
        <ele>2011.709784</ele>
        <time>2026-05-24T07:50:14.000Z</time>
      </trkpt>
      <trkpt lat="46.188149" lon="11.522600">
        <ele>2012.155985</ele>
        <time>2026-05-24T07:50:19.000Z</time>
      </trkpt>
      <trkpt lat="46.188205" lon="11.522562">
        <ele>2012.550391</ele>
        <time>2026-05-24T07:50:24.000Z</time>
      </trkpt>
      <trkpt lat="46.188238" lon="11.522519">
        <ele>2012.833697</ele>
        <time>2026-05-24T07:50:31.000Z</time>
      </trkpt>
      <trkpt lat="46.188319" lon="11.522488">
        <ele>2013.367857</ele>
        <time>2026-05-24T07:50:38.000Z</time>
      </trkpt>
      <trkpt lat="46.188412" lon="11.522559">
        <ele>2014.038404</ele>
        <time>2026-05-24T07:50:46.000Z</time>
      </trkpt>
      <trkpt lat="46.188482" lon="11.522573">
        <ele>2014.488884</ele>
        <time>2026-05-24T07:50:52.000Z</time>
      </trkpt>
      <trkpt lat="46.188563" lon="11.522570">
        <ele>2015.005397</ele>
        <time>2026-05-24T07:50:58.000Z</time>
      </trkpt>
      <trkpt lat="46.188587" lon="11.522570">
        <ele>2015.158388</ele>
        <time>2026-05-24T07:51:00.000Z</time>
      </trkpt>
      <trkpt lat="46.188644" lon="11.522546">
        <ele>2015.536863</ele>
        <time>2026-05-24T07:51:07.000Z</time>
      </trkpt>
      <trkpt lat="46.188651" lon="11.522544">
        <ele>2015.582349</ele>
        <time>2026-05-24T07:51:08.000Z</time>
      </trkpt>
      <trkpt lat="46.188684" lon="11.522525">
        <ele>2016.115851</ele>
        <time>2026-05-24T07:51:13.000Z</time>
      </trkpt>
      <trkpt lat="46.188712" lon="11.522500">
        <ele>2016.718403</ele>
        <time>2026-05-24T07:51:16.000Z</time>
      </trkpt>
      <trkpt lat="46.188741" lon="11.522465">
        <ele>2017.410156</ele>
        <time>2026-05-24T07:51:20.000Z</time>
      </trkpt>
      <trkpt lat="46.188751" lon="11.522445">
        <ele>2017.722795</ele>
        <time>2026-05-24T07:51:22.000Z</time>
      </trkpt>
      <trkpt lat="46.188748" lon="11.522437">
        <ele>2017.838092</ele>
        <time>2026-05-24T07:51:24.000Z</time>
      </trkpt>
      <trkpt lat="46.188743" lon="11.522439">
        <ele>2017.933062</ele>
        <time>2026-05-24T07:51:27.000Z</time>
      </trkpt>
      <trkpt lat="46.188777" lon="11.522419">
        <ele>2018.605063</ele>
        <time>2026-05-24T07:51:32.000Z</time>
      </trkpt>
      <trkpt lat="46.188851" lon="11.522390">
        <ele>2020.008608</ele>
        <time>2026-05-24T07:51:39.000Z</time>
      </trkpt>
      <trkpt lat="46.188857" lon="11.522385">
        <ele>2020.135405</ele>
        <time>2026-05-24T07:51:40.000Z</time>
      </trkpt>
      <trkpt lat="46.188949" lon="11.522369">
        <ele>2021.831638</ele>
        <time>2026-05-24T07:51:49.000Z</time>
      </trkpt>
      <trkpt lat="46.188971" lon="11.522375">
        <ele>2022.241466</ele>
        <time>2026-05-24T07:51:51.000Z</time>
      </trkpt>
      <trkpt lat="46.189030" lon="11.522364">
        <ele>2023.330427</ele>
        <time>2026-05-24T07:51:57.000Z</time>
      </trkpt>
      <trkpt lat="46.189043" lon="11.522359">
        <ele>2023.576685</ele>
        <time>2026-05-24T07:51:58.000Z</time>
      </trkpt>
      <trkpt lat="46.189076" lon="11.522343">
        <ele>2024.213874</ele>
        <time>2026-05-24T07:52:02.000Z</time>
      </trkpt>
      <trkpt lat="46.189084" lon="11.522342">
        <ele>2024.360862</ele>
        <time>2026-05-24T07:52:03.000Z</time>
      </trkpt>
      <trkpt lat="46.189101" lon="11.522348">
        <ele>2024.681203</ele>
        <time>2026-05-24T07:52:05.000Z</time>
      </trkpt>
      <trkpt lat="46.189114" lon="11.522385">
        <ele>2025.207009</ele>
        <time>2026-05-24T07:52:09.000Z</time>
      </trkpt>
      <trkpt lat="46.189124" lon="11.522424">
        <ele>2025.734038</ele>
        <time>2026-05-24T07:52:11.000Z</time>
      </trkpt>
      <trkpt lat="46.189179" lon="11.522469">
        <ele>2026.891102</ele>
        <time>2026-05-24T07:52:17.000Z</time>
      </trkpt>
      <trkpt lat="46.189187" lon="11.522492">
        <ele>2027.217285</ele>
        <time>2026-05-24T07:52:19.000Z</time>
      </trkpt>
      <trkpt lat="46.189203" lon="11.522547">
        <ele>2027.973296</ele>
        <time>2026-05-24T07:52:24.000Z</time>
      </trkpt>
      <trkpt lat="46.189218" lon="11.522565">
        <ele>2028.330259</ele>
        <time>2026-05-24T07:52:32.000Z</time>
      </trkpt>
      <trkpt lat="46.189232" lon="11.522575">
        <ele>2028.616150</ele>
        <time>2026-05-24T07:52:40.000Z</time>
      </trkpt>
      <trkpt lat="46.189227" lon="11.522574">
        <ele>2028.708549</ele>
        <time>2026-05-24T07:52:44.000Z</time>
      </trkpt>
      <trkpt lat="46.189226" lon="11.522584">
        <ele>2028.836587</ele>
        <time>2026-05-24T07:52:50.000Z</time>
      </trkpt>
      <trkpt lat="46.189230" lon="11.522591">
        <ele>2028.951608</ele>
        <time>2026-05-24T07:52:51.000Z</time>
      </trkpt>
      <trkpt lat="46.189242" lon="11.522614">
        <ele>2029.316575</ele>
        <time>2026-05-24T07:52:53.000Z</time>
      </trkpt>
      <trkpt lat="46.189255" lon="11.522628">
        <ele>2029.613397</ele>
        <time>2026-05-24T07:52:55.000Z</time>
      </trkpt>
      <trkpt lat="46.189288" lon="11.522640">
        <ele>2030.236313</ele>
        <time>2026-05-24T07:52:59.000Z</time>
      </trkpt>
      <trkpt lat="46.189298" lon="11.522649">
        <ele>2030.451986</ele>
        <time>2026-05-24T07:53:00.000Z</time>
      </trkpt>
      <trkpt lat="46.189333" lon="11.522691">
        <ele>2031.284899</ele>
        <time>2026-05-24T07:53:05.000Z</time>
      </trkpt>
      <trkpt lat="46.189357" lon="11.522703">
        <ele>2031.749795</ele>
        <time>2026-05-24T07:53:08.000Z</time>
      </trkpt>
      <trkpt lat="46.189367" lon="11.522705">
        <ele>2031.934593</ele>
        <time>2026-05-24T07:53:09.000Z</time>
      </trkpt>
      <trkpt lat="46.189381" lon="11.522720">
        <ele>2032.253665</ele>
        <time>2026-05-24T07:53:11.000Z</time>
      </trkpt>
      <trkpt lat="46.189387" lon="11.522749">
        <ele>2032.637220</ele>
        <time>2026-05-24T07:53:14.000Z</time>
      </trkpt>
      <trkpt lat="46.189387" lon="11.522763">
        <ele>2032.814631</ele>
        <time>2026-05-24T07:53:15.000Z</time>
      </trkpt>
      <trkpt lat="46.189385" lon="11.522773">
        <ele>2032.946536</ele>
        <time>2026-05-24T07:53:16.000Z</time>
      </trkpt>
      <trkpt lat="46.189383" lon="11.522783">
        <ele>2033.078440</ele>
        <time>2026-05-24T07:53:17.000Z</time>
      </trkpt>
      <trkpt lat="46.189377" lon="11.522821">
        <ele>2033.572351</ele>
        <time>2026-05-24T07:53:20.000Z</time>
      </trkpt>
      <trkpt lat="46.189356" lon="11.522899">
        <ele>2034.632902</ele>
        <time>2026-05-24T07:53:26.000Z</time>
      </trkpt>
      <trkpt lat="46.189348" lon="11.522950">
        <ele>2035.295569</ele>
        <time>2026-05-24T07:53:32.000Z</time>
      </trkpt>
      <trkpt lat="46.189354" lon="11.522982">
        <ele>2035.715691</ele>
        <time>2026-05-24T07:53:35.000Z</time>
      </trkpt>
      <trkpt lat="46.189353" lon="11.523025">
        <ele>2036.260904</ele>
        <time>2026-05-24T07:53:39.000Z</time>
      </trkpt>
      <trkpt lat="46.189369" lon="11.523058">
        <ele>2036.771450</ele>
        <time>2026-05-24T07:53:44.000Z</time>
      </trkpt>
      <trkpt lat="46.189375" lon="11.523064">
        <ele>2036.905030</ele>
        <time>2026-05-24T07:53:45.000Z</time>
      </trkpt>
      <trkpt lat="46.189414" lon="11.523106">
        <ele>2037.795494</ele>
        <time>2026-05-24T07:53:50.000Z</time>
      </trkpt>
      <trkpt lat="46.189422" lon="11.523123">
        <ele>2038.055982</ele>
        <time>2026-05-24T07:53:52.000Z</time>
      </trkpt>
      <trkpt lat="46.189440" lon="11.523142">
        <ele>2038.464070</ele>
        <time>2026-05-24T07:53:55.000Z</time>
      </trkpt>
      <trkpt lat="46.189461" lon="11.523163">
        <ele>2038.931603</ele>
        <time>2026-05-24T07:53:59.000Z</time>
      </trkpt>
      <trkpt lat="46.189485" lon="11.523186">
        <ele>2039.458817</ele>
        <time>2026-05-24T07:54:02.000Z</time>
      </trkpt>
      <trkpt lat="46.189507" lon="11.523206">
        <ele>2039.934644</ele>
        <time>2026-05-24T07:54:05.000Z</time>
      </trkpt>
      <trkpt lat="46.189523" lon="11.523208">
        <ele>2040.228620</ele>
        <time>2026-05-24T07:54:07.000Z</time>
      </trkpt>
      <trkpt lat="46.189543" lon="11.523208">
        <ele>2040.594723</ele>
        <time>2026-05-24T07:54:09.000Z</time>
      </trkpt>
      <trkpt lat="46.189567" lon="11.523211">
        <ele>2041.035688</ele>
        <time>2026-05-24T07:54:13.000Z</time>
      </trkpt>
      <trkpt lat="46.189603" lon="11.523221">
        <ele>2041.706746</ele>
        <time>2026-05-24T07:54:17.000Z</time>
      </trkpt>
      <trkpt lat="46.189619" lon="11.523230">
        <ele>2042.021050</ele>
        <time>2026-05-24T07:54:20.000Z</time>
      </trkpt>
      <trkpt lat="46.189630" lon="11.523233">
        <ele>2042.225964</ele>
        <time>2026-05-24T07:54:24.000Z</time>
      </trkpt>
      <trkpt lat="46.189624" lon="11.523231">
        <ele>2042.338681</ele>
        <time>2026-05-24T07:54:26.000Z</time>
      </trkpt>
      <trkpt lat="46.189635" lon="11.523233">
        <ele>2042.541626</ele>
        <time>2026-05-24T07:54:32.000Z</time>
      </trkpt>
      <trkpt lat="46.189628" lon="11.523235">
        <ele>2042.672244</ele>
        <time>2026-05-24T07:54:37.000Z</time>
      </trkpt>
      <trkpt lat="46.189636" lon="11.523238">
        <ele>2042.823539</ele>
        <time>2026-05-24T07:54:49.000Z</time>
      </trkpt>
      <trkpt lat="46.189633" lon="11.523228">
        <ele>2042.961648</ele>
        <time>2026-05-24T07:55:00.000Z</time>
      </trkpt>
      <trkpt lat="46.189666" lon="11.523267">
        <ele>2043.742127</ele>
        <time>2026-05-24T07:55:07.000Z</time>
      </trkpt>
      <trkpt lat="46.189679" lon="11.523296">
        <ele>2044.179938</ele>
        <time>2026-05-24T07:55:11.000Z</time>
      </trkpt>
      <trkpt lat="46.189700" lon="11.523307">
        <ele>2044.588839</ele>
        <time>2026-05-24T07:55:15.000Z</time>
      </trkpt>
      <trkpt lat="46.189725" lon="11.523292">
        <ele>2045.084374</ele>
        <time>2026-05-24T07:55:19.000Z</time>
      </trkpt>
      <trkpt lat="46.189750" lon="11.523284">
        <ele>2045.553096</ele>
        <time>2026-05-24T07:55:22.000Z</time>
      </trkpt>
      <trkpt lat="46.189770" lon="11.523272">
        <ele>2045.949524</ele>
        <time>2026-05-24T07:55:25.000Z</time>
      </trkpt>
      <trkpt lat="46.189808" lon="11.523241">
        <ele>2046.748381</ele>
        <time>2026-05-24T07:55:29.000Z</time>
      </trkpt>
      <trkpt lat="46.189817" lon="11.523240">
        <ele>2046.913614</ele>
        <time>2026-05-24T07:55:30.000Z</time>
      </trkpt>
      <trkpt lat="46.189825" lon="11.523241">
        <ele>2047.060602</ele>
        <time>2026-05-24T07:55:31.000Z</time>
      </trkpt>
      <trkpt lat="46.189840" lon="11.523244">
        <ele>2047.337798</ele>
        <time>2026-05-24T07:55:33.000Z</time>
      </trkpt>
      <trkpt lat="46.189848" lon="11.523248">
        <ele>2047.492763</ele>
        <time>2026-05-24T07:55:35.000Z</time>
      </trkpt>
      <trkpt lat="46.189869" lon="11.523255">
        <ele>2047.887273</ele>
        <time>2026-05-24T07:55:38.000Z</time>
      </trkpt>
      <trkpt lat="46.189882" lon="11.523252">
        <ele>2048.128257</ele>
        <time>2026-05-24T07:55:40.000Z</time>
      </trkpt>
      <trkpt lat="46.189894" lon="11.523236">
        <ele>2048.427189</ele>
        <time>2026-05-24T07:55:42.000Z</time>
      </trkpt>
      <trkpt lat="46.189912" lon="11.523242">
        <ele>2048.751896</ele>
        <time>2026-05-24T07:55:44.000Z</time>
      </trkpt>
      <trkpt lat="46.189954" lon="11.523237">
        <ele>2049.470459</ele>
        <time>2026-05-24T07:55:48.000Z</time>
      </trkpt>
      <trkpt lat="46.189974" lon="11.523232">
        <ele>2049.816545</ele>
        <time>2026-05-24T07:55:50.000Z</time>
      </trkpt>
      <trkpt lat="46.189994" lon="11.523201">
        <ele>2050.316732</ele>
        <time>2026-05-24T07:55:53.000Z</time>
      </trkpt>
      <trkpt lat="46.190001" lon="11.523194">
        <ele>2050.461897</ele>
        <time>2026-05-24T07:55:54.000Z</time>
      </trkpt>
      <trkpt lat="46.190022" lon="11.523185">
        <ele>2050.835391</ele>
        <time>2026-05-24T07:55:56.000Z</time>
      </trkpt>
      <trkpt lat="46.190033" lon="11.523190">
        <ele>2051.032017</ele>
        <time>2026-05-24T07:55:57.000Z</time>
      </trkpt>
      <trkpt lat="46.190054" lon="11.523202">
        <ele>2051.417082</ele>
        <time>2026-05-24T07:55:59.000Z</time>
      </trkpt>
      <trkpt lat="46.190088" lon="11.523216">
        <ele>2052.019903</ele>
        <time>2026-05-24T07:56:02.000Z</time>
      </trkpt>
      <trkpt lat="46.190151" lon="11.523217">
        <ele>2053.094170</ele>
        <time>2026-05-24T07:56:08.000Z</time>
      </trkpt>
      <trkpt lat="46.190161" lon="11.523226">
        <ele>2053.295065</ele>
        <time>2026-05-24T07:56:09.000Z</time>
      </trkpt>
      <trkpt lat="46.190195" lon="11.523257">
        <ele>2053.980615</ele>
        <time>2026-05-24T07:56:13.000Z</time>
      </trkpt>
      <trkpt lat="46.190231" lon="11.523269">
        <ele>2054.610575</ele>
        <time>2026-05-24T07:56:16.000Z</time>
      </trkpt>
      <trkpt lat="46.190268" lon="11.523277">
        <ele>2055.248484</ele>
        <time>2026-05-24T07:56:19.000Z</time>
      </trkpt>
      <trkpt lat="46.190290" lon="11.523281">
        <ele>2055.626562</ele>
        <time>2026-05-24T07:56:21.000Z</time>
      </trkpt>
      <trkpt lat="46.190323" lon="11.523288">
        <ele>2056.195273</ele>
        <time>2026-05-24T07:56:25.000Z</time>
      </trkpt>
      <trkpt lat="46.190339" lon="11.523292">
        <ele>2056.472142</ele>
        <time>2026-05-24T07:56:28.000Z</time>
      </trkpt>
      <trkpt lat="46.190347" lon="11.523304">
        <ele>2056.668789</ele>
        <time>2026-05-24T07:56:30.000Z</time>
      </trkpt>
      <trkpt lat="46.190375" lon="11.523355">
        <ele>2057.437113</ele>
        <time>2026-05-24T07:56:35.000Z</time>
      </trkpt>
      <trkpt lat="46.190389" lon="11.523369">
        <ele>2057.727442</ele>
        <time>2026-05-24T07:56:37.000Z</time>
      </trkpt>
      <trkpt lat="46.190421" lon="11.523397">
        <ele>2058.365361</ele>
        <time>2026-05-24T07:56:41.000Z</time>
      </trkpt>
      <trkpt lat="46.190452" lon="11.523413">
        <ele>2058.926663</ele>
        <time>2026-05-24T07:56:44.000Z</time>
      </trkpt>
      <trkpt lat="46.190475" lon="11.523424">
        <ele>2059.339767</ele>
        <time>2026-05-24T07:56:46.000Z</time>
      </trkpt>
      <trkpt lat="46.190511" lon="11.523410">
        <ele>2059.975452</ele>
        <time>2026-05-24T07:56:50.000Z</time>
      </trkpt>
      <trkpt lat="46.190526" lon="11.523407">
        <ele>2060.233654</ele>
        <time>2026-05-24T07:56:52.000Z</time>
      </trkpt>
      <trkpt lat="46.190568" lon="11.523406">
        <ele>2060.949886</ele>
        <time>2026-05-24T07:56:55.000Z</time>
      </trkpt>
      <trkpt lat="46.190608" lon="11.523399">
        <ele>2061.636906</ele>
        <time>2026-05-24T07:56:57.000Z</time>
      </trkpt>
      <trkpt lat="46.190642" lon="11.523393">
        <ele>2062.220944</ele>
        <time>2026-05-24T07:56:59.000Z</time>
      </trkpt>
      <trkpt lat="46.190656" lon="11.523392">
        <ele>2062.459947</ele>
        <time>2026-05-24T07:57:00.000Z</time>
      </trkpt>
      <trkpt lat="46.190697" lon="11.523377">
        <ele>2063.181104</ele>
        <time>2026-05-24T07:57:04.000Z</time>
      </trkpt>
      <trkpt lat="46.190740" lon="11.523352">
        <ele>2063.971445</ele>
        <time>2026-05-24T07:57:08.000Z</time>
      </trkpt>
      <trkpt lat="46.190800" lon="11.523343">
        <ele>2064.999995</ele>
        <time>2026-05-24T07:57:13.000Z</time>
      </trkpt>
      <trkpt lat="46.190815" lon="11.523328">
        <ele>2065.311062</ele>
        <time>2026-05-24T07:57:15.000Z</time>
      </trkpt>
      <trkpt lat="46.190866" lon="11.523334">
        <ele>2066.183533</ele>
        <time>2026-05-24T07:57:20.000Z</time>
      </trkpt>
      <trkpt lat="46.190927" lon="11.523337">
        <ele>2067.224236</ele>
        <time>2026-05-24T07:57:25.000Z</time>
      </trkpt>
      <trkpt lat="46.190970" lon="11.523340">
        <ele>2067.958276</ele>
        <time>2026-05-24T07:57:28.000Z</time>
      </trkpt>
      <trkpt lat="46.190984" lon="11.523338">
        <ele>2068.198152</ele>
        <time>2026-05-24T07:57:29.000Z</time>
      </trkpt>
      <trkpt lat="46.191027" lon="11.523334">
        <ele>2068.932857</ele>
        <time>2026-05-24T07:57:32.000Z</time>
      </trkpt>
      <trkpt lat="46.191061" lon="11.523306">
        <ele>2069.600175</ele>
        <time>2026-05-24T07:57:36.000Z</time>
      </trkpt>
      <trkpt lat="46.191078" lon="11.523288">
        <ele>2069.959566</ele>
        <time>2026-05-24T07:57:38.000Z</time>
      </trkpt>
      <trkpt lat="46.191152" lon="11.523251">
        <ele>2071.294772</ele>
        <time>2026-05-24T07:57:43.000Z</time>
      </trkpt>
      <trkpt lat="46.191224" lon="11.523225">
        <ele>2072.560209</ele>
        <time>2026-05-24T07:57:49.000Z</time>
      </trkpt>
      <trkpt lat="46.191250" lon="11.523205">
        <ele>2073.062467</ele>
        <time>2026-05-24T07:57:51.000Z</time>
      </trkpt>
      <trkpt lat="46.191337" lon="11.523175">
        <ele>2074.587567</ele>
        <time>2026-05-24T07:57:57.000Z</time>
      </trkpt>
      <trkpt lat="46.191365" lon="11.523154">
        <ele>2075.125502</ele>
        <time>2026-05-24T07:57:59.000Z</time>
      </trkpt>
      <trkpt lat="46.191388" lon="11.523134">
        <ele>2075.583241</ele>
        <time>2026-05-24T07:58:01.000Z</time>
      </trkpt>
      <trkpt lat="46.191417" lon="11.523114">
        <ele>2076.131177</ele>
        <time>2026-05-24T07:58:04.000Z</time>
      </trkpt>
      <trkpt lat="46.191434" lon="11.523105">
        <ele>2076.439894</ele>
        <time>2026-05-24T07:58:06.000Z</time>
      </trkpt>
      <trkpt lat="46.191440" lon="11.523100">
        <ele>2076.558001</ele>
        <time>2026-05-24T07:58:07.000Z</time>
      </trkpt>
      <trkpt lat="46.191492" lon="11.523067">
        <ele>2077.526431</ele>
        <time>2026-05-24T07:58:11.000Z</time>
      </trkpt>
      <trkpt lat="46.191521" lon="11.523043">
        <ele>2078.096303</ele>
        <time>2026-05-24T07:58:14.000Z</time>
      </trkpt>
      <trkpt lat="46.191578" lon="11.522999">
        <ele>2079.198260</ele>
        <time>2026-05-24T07:58:20.000Z</time>
      </trkpt>
      <trkpt lat="46.191614" lon="11.522939">
        <ele>2080.733127</ele>
        <time>2026-05-24T07:58:26.000Z</time>
      </trkpt>
      <trkpt lat="46.191625" lon="11.522918">
        <ele>2081.250849</ele>
        <time>2026-05-24T07:58:28.000Z</time>
      </trkpt>
      <trkpt lat="46.191667" lon="11.522872">
        <ele>2082.747698</ele>
        <time>2026-05-24T07:58:35.000Z</time>
      </trkpt>
      <trkpt lat="46.191685" lon="11.522864">
        <ele>2083.282537</ele>
        <time>2026-05-24T07:58:38.000Z</time>
      </trkpt>
      <trkpt lat="46.191697" lon="11.522845">
        <ele>2083.788172</ele>
        <time>2026-05-24T07:58:40.000Z</time>
      </trkpt>
      <trkpt lat="46.191707" lon="11.522832">
        <ele>2084.170234</ele>
        <time>2026-05-24T07:58:42.000Z</time>
      </trkpt>
      <trkpt lat="46.191707" lon="11.522827">
        <ele>2084.268532</ele>
        <time>2026-05-24T07:58:43.000Z</time>
      </trkpt>
      <trkpt lat="46.191745" lon="11.522774">
        <ele>2085.768633</ele>
        <time>2026-05-24T07:58:49.000Z</time>
      </trkpt>
      <trkpt lat="46.191771" lon="11.522737">
        <ele>2086.805132</ele>
        <time>2026-05-24T07:58:53.000Z</time>
      </trkpt>
      <trkpt lat="46.191775" lon="11.522729">
        <ele>2086.999144</ele>
        <time>2026-05-24T07:58:54.000Z</time>
      </trkpt>
      <trkpt lat="46.191781" lon="11.522722">
        <ele>2087.218172</ele>
        <time>2026-05-24T07:58:55.000Z</time>
      </trkpt>
      <trkpt lat="46.191787" lon="11.522719">
        <ele>2087.398488</ele>
        <time>2026-05-24T07:58:56.000Z</time>
      </trkpt>
      <trkpt lat="46.191791" lon="11.522718">
        <ele>2087.513775</ele>
        <time>2026-05-24T07:58:57.000Z</time>
      </trkpt>
      <trkpt lat="46.191807" lon="11.522724">
        <ele>2087.983228</ele>
        <time>2026-05-24T07:58:59.000Z</time>
      </trkpt>
      <trkpt lat="46.191844" lon="11.522726">
        <ele>2089.034747</ele>
        <time>2026-05-24T07:59:03.000Z</time>
      </trkpt>
      <trkpt lat="46.191849" lon="11.522722">
        <ele>2089.197065</ele>
        <time>2026-05-24T07:59:04.000Z</time>
      </trkpt>
      <trkpt lat="46.191858" lon="11.522706">
        <ele>2089.602370</ele>
        <time>2026-05-24T07:59:07.000Z</time>
      </trkpt>
      <trkpt lat="46.191875" lon="11.522683">
        <ele>2090.263841</ele>
        <time>2026-05-24T07:59:09.000Z</time>
      </trkpt>
      <trkpt lat="46.191879" lon="11.522676">
        <ele>2090.442287</ele>
        <time>2026-05-24T07:59:10.000Z</time>
      </trkpt>
      <trkpt lat="46.191884" lon="11.522672">
        <ele>2090.604605</ele>
        <time>2026-05-24T07:59:11.000Z</time>
      </trkpt>
      <trkpt lat="46.191895" lon="11.522664">
        <ele>2090.954357</ele>
        <time>2026-05-24T07:59:13.000Z</time>
      </trkpt>
      <trkpt lat="46.191910" lon="11.522674">
        <ele>2091.423526</ele>
        <time>2026-05-24T07:59:15.000Z</time>
      </trkpt>
      <trkpt lat="46.191917" lon="11.522672">
        <ele>2091.626174</ele>
        <time>2026-05-24T07:59:16.000Z</time>
      </trkpt>
      <trkpt lat="46.191926" lon="11.522668">
        <ele>2091.893593</ele>
        <time>2026-05-24T07:59:17.000Z</time>
      </trkpt>
      <trkpt lat="46.191937" lon="11.522649">
        <ele>2092.380538</ele>
        <time>2026-05-24T07:59:21.000Z</time>
      </trkpt>
      <trkpt lat="46.191946" lon="11.522639">
        <ele>2092.702995</ele>
        <time>2026-05-24T07:59:23.000Z</time>
      </trkpt>
      <trkpt lat="46.191967" lon="11.522631">
        <ele>2093.319775</ele>
        <time>2026-05-24T07:59:25.000Z</time>
      </trkpt>
      <trkpt lat="46.191993" lon="11.522642">
        <ele>2094.089179</ele>
        <time>2026-05-24T07:59:29.000Z</time>
      </trkpt>
      <trkpt lat="46.192023" lon="11.522657">
        <ele>2094.990757</ele>
        <time>2026-05-24T07:59:33.000Z</time>
      </trkpt>
      <trkpt lat="46.192041" lon="11.522665">
        <ele>2095.525596</ele>
        <time>2026-05-24T07:59:36.000Z</time>
      </trkpt>
      <trkpt lat="46.192059" lon="11.522671">
        <ele>2096.050220</ele>
        <time>2026-05-24T07:59:39.000Z</time>
      </trkpt>
      <trkpt lat="46.192080" lon="11.522681">
        <ele>2096.678178</ele>
        <time>2026-05-24T07:59:43.000Z</time>
      </trkpt>
      <trkpt lat="46.192083" lon="11.522682">
        <ele>2096.765615</ele>
        <time>2026-05-24T07:59:44.000Z</time>
      </trkpt>
      <trkpt lat="46.192118" lon="11.522689">
        <ele>2097.769081</ele>
        <time>2026-05-24T07:59:50.000Z</time>
      </trkpt>
      <trkpt lat="46.192119" lon="11.522672">
        <ele>2098.104495</ele>
        <time>2026-05-24T07:59:52.000Z</time>
      </trkpt>
      <trkpt lat="46.192136" lon="11.522642">
        <ele>2098.866682</ele>
        <time>2026-05-24T07:59:57.000Z</time>
      </trkpt>
      <trkpt lat="46.192144" lon="11.522631">
        <ele>2099.180344</ele>
        <time>2026-05-24T07:59:58.000Z</time>
      </trkpt>
      <trkpt lat="46.192151" lon="11.522621">
        <ele>2099.459932</ele>
        <time>2026-05-24T07:59:59.000Z</time>
      </trkpt>
      <trkpt lat="46.192161" lon="11.522608">
        <ele>2099.841992</ele>
        <time>2026-05-24T08:00:01.000Z</time>
      </trkpt>
      <trkpt lat="46.192183" lon="11.522589">
        <ele>2100.569925</ele>
        <time>2026-05-24T08:00:04.000Z</time>
      </trkpt>
      <trkpt lat="46.192202" lon="11.522577">
        <ele>2101.158834</ele>
        <time>2026-05-24T08:00:06.000Z</time>
      </trkpt>
      <trkpt lat="46.192257" lon="11.522542">
        <ele>2102.865648</ele>
        <time>2026-05-24T08:00:14.000Z</time>
      </trkpt>
      <trkpt lat="46.192279" lon="11.522526">
        <ele>2103.565151</ele>
        <time>2026-05-24T08:00:16.000Z</time>
      </trkpt>
      <trkpt lat="46.192321" lon="11.522501">
        <ele>2104.855222</ele>
        <time>2026-05-24T08:00:21.000Z</time>
      </trkpt>
      <trkpt lat="46.192369" lon="11.522476">
        <ele>2106.304294</ele>
        <time>2026-05-24T08:00:26.000Z</time>
      </trkpt>
      <trkpt lat="46.192403" lon="11.522451">
        <ele>2107.387764</ele>
        <time>2026-05-24T08:00:30.000Z</time>
      </trkpt>
      <trkpt lat="46.192446" lon="11.522437">
        <ele>2108.639577</ele>
        <time>2026-05-24T08:00:37.000Z</time>
      </trkpt>
      <trkpt lat="46.192453" lon="11.522457">
        <ele>2109.080161</ele>
        <time>2026-05-24T08:00:39.000Z</time>
      </trkpt>
      <trkpt lat="46.192483" lon="11.522491">
        <ele>2110.163055</ele>
        <time>2026-05-24T08:00:43.000Z</time>
      </trkpt>
      <trkpt lat="46.192488" lon="11.522502">
        <ele>2110.421760</ele>
        <time>2026-05-24T08:00:45.000Z</time>
      </trkpt>
      <trkpt lat="46.192486" lon="11.522535">
        <ele>2111.072996</ele>
        <time>2026-05-24T08:00:51.000Z</time>
      </trkpt>
      <trkpt lat="46.192490" lon="11.522535">
        <ele>2111.186595</ele>
        <time>2026-05-24T08:00:52.000Z</time>
      </trkpt>
      <trkpt lat="46.192502" lon="11.522528">
        <ele>2111.554125</ele>
        <time>2026-05-24T08:00:55.000Z</time>
      </trkpt>
      <trkpt lat="46.192510" lon="11.522519">
        <ele>2111.842090</ele>
        <time>2026-05-24T08:00:57.000Z</time>
      </trkpt>
      <trkpt lat="46.192522" lon="11.522516">
        <ele>2112.187950</ele>
        <time>2026-05-24T08:01:00.000Z</time>
      </trkpt>
      <trkpt lat="46.192542" lon="11.522492">
        <ele>2112.926346</ele>
        <time>2026-05-24T08:01:05.000Z</time>
      </trkpt>
      <trkpt lat="46.192557" lon="11.522496">
        <ele>2113.359537</ele>
        <time>2026-05-24T08:01:08.000Z</time>
      </trkpt>
      <trkpt lat="46.192561" lon="11.522505">
        <ele>2113.569798</ele>
        <time>2026-05-24T08:01:09.000Z</time>
      </trkpt>
      <trkpt lat="46.192578" lon="11.522499">
        <ele>2114.066791</ele>
        <time>2026-05-24T08:01:14.000Z</time>
      </trkpt>
      <trkpt lat="46.192586" lon="11.522497">
        <ele>2114.297365</ele>
        <time>2026-05-24T08:01:15.000Z</time>
      </trkpt>
      <trkpt lat="46.192594" lon="11.522499">
        <ele>2114.527938</ele>
        <time>2026-05-24T08:01:16.000Z</time>
      </trkpt>
      <trkpt lat="46.192607" lon="11.522520">
        <ele>2115.081783</ele>
        <time>2026-05-24T08:01:18.000Z</time>
      </trkpt>
      <trkpt lat="46.192618" lon="11.522561">
        <ele>2115.946231</ele>
        <time>2026-05-24T08:01:23.000Z</time>
      </trkpt>
      <trkpt lat="46.192629" lon="11.522546">
        <ele>2116.375823</ele>
        <time>2026-05-24T08:01:25.000Z</time>
      </trkpt>
      <trkpt lat="46.192652" lon="11.522526">
        <ele>2117.138221</ele>
        <time>2026-05-24T08:01:29.000Z</time>
      </trkpt>
      <trkpt lat="46.192655" lon="11.522514">
        <ele>2117.389044</ele>
        <time>2026-05-24T08:01:33.000Z</time>
      </trkpt>
      <trkpt lat="46.192676" lon="11.522489">
        <ele>2118.161853</ele>
        <time>2026-05-24T08:01:36.000Z</time>
      </trkpt>
      <trkpt lat="46.192690" lon="11.522478">
        <ele>2118.614452</ele>
        <time>2026-05-24T08:01:39.000Z</time>
      </trkpt>
      <trkpt lat="46.192697" lon="11.522469">
        <ele>2118.880582</ele>
        <time>2026-05-24T08:01:41.000Z</time>
      </trkpt>
      <trkpt lat="46.192712" lon="11.522462">
        <ele>2119.328251</ele>
        <time>2026-05-24T08:01:43.000Z</time>
      </trkpt>
      <trkpt lat="46.192726" lon="11.522459">
        <ele>2119.730196</ele>
        <time>2026-05-24T08:01:45.000Z</time>
      </trkpt>
      <trkpt lat="46.192738" lon="11.522461">
        <ele>2120.073251</ele>
        <time>2026-05-24T08:01:48.000Z</time>
      </trkpt>
      <trkpt lat="46.192753" lon="11.522459">
        <ele>2120.501055</ele>
        <time>2026-05-24T08:01:50.000Z</time>
      </trkpt>
      <trkpt lat="46.192776" lon="11.522468">
        <ele>2121.177784</ele>
        <time>2026-05-24T08:01:52.000Z</time>
      </trkpt>
      <trkpt lat="46.192806" lon="11.522455">
        <ele>2122.067276</ele>
        <time>2026-05-24T08:01:56.000Z</time>
      </trkpt>
      <trkpt lat="46.192815" lon="11.522453">
        <ele>2122.325878</ele>
        <time>2026-05-24T08:01:57.000Z</time>
      </trkpt>
      <trkpt lat="46.192838" lon="11.522441">
        <ele>2123.020364</ele>
        <time>2026-05-24T08:02:00.000Z</time>
      </trkpt>
      <trkpt lat="46.192863" lon="11.522417">
        <ele>2123.872829</ele>
        <time>2026-05-24T08:02:05.000Z</time>
      </trkpt>
      <trkpt lat="46.192867" lon="11.522412">
        <ele>2124.023051</ele>
        <time>2026-05-24T08:02:06.000Z</time>
      </trkpt>
      <trkpt lat="46.192879" lon="11.522396">
        <ele>2124.486818</ele>
        <time>2026-05-24T08:02:09.000Z</time>
      </trkpt>
      <trkpt lat="46.192891" lon="11.522382">
        <ele>2124.924872</ele>
        <time>2026-05-24T08:02:12.000Z</time>
      </trkpt>
      <trkpt lat="46.192905" lon="11.522373">
        <ele>2125.360056</ele>
        <time>2026-05-24T08:02:14.000Z</time>
      </trkpt>
      <trkpt lat="46.192916" lon="11.522371">
        <ele>2125.674916</ele>
        <time>2026-05-24T08:02:15.000Z</time>
      </trkpt>
      <trkpt lat="46.192943" lon="11.522373">
        <ele>2126.442711</ele>
        <time>2026-05-24T08:02:19.000Z</time>
      </trkpt>
      <trkpt lat="46.192960" lon="11.522385">
        <ele>2126.980058</ele>
        <time>2026-05-24T08:02:20.000Z</time>
      </trkpt>
      <trkpt lat="46.192978" lon="11.522433">
        <ele>2128.053261</ele>
        <time>2026-05-24T08:02:24.000Z</time>
      </trkpt>
      <trkpt lat="46.192981" lon="11.522455">
        <ele>2128.494072</ele>
        <time>2026-05-24T08:02:26.000Z</time>
      </trkpt>
      <trkpt lat="46.193005" lon="11.522520">
        <ele>2129.942325</ele>
        <time>2026-05-24T08:02:31.000Z</time>
      </trkpt>
      <trkpt lat="46.193020" lon="11.522544">
        <ele>2130.442057</ele>
        <time>2026-05-24T08:02:33.000Z</time>
      </trkpt>
      <trkpt lat="46.193097" lon="11.522574">
        <ele>2131.522033</ele>
        <time>2026-05-24T08:02:41.000Z</time>
      </trkpt>
      <trkpt lat="46.193116" lon="11.522582">
        <ele>2131.790034</ele>
        <time>2026-05-24T08:02:43.000Z</time>
      </trkpt>
      <trkpt lat="46.193138" lon="11.522563">
        <ele>2132.137133</ele>
        <time>2026-05-24T08:02:46.000Z</time>
      </trkpt>
      <trkpt lat="46.193150" lon="11.522559">
        <ele>2132.303905</ele>
        <time>2026-05-24T08:02:47.000Z</time>
      </trkpt>
      <trkpt lat="46.193175" lon="11.522548">
        <ele>2132.657805</ele>
        <time>2026-05-24T08:02:51.000Z</time>
      </trkpt>
      <trkpt lat="46.193204" lon="11.522554">
        <ele>2133.054524</ele>
        <time>2026-05-24T08:02:55.000Z</time>
      </trkpt>
      <trkpt lat="46.193186" lon="11.522555">
        <ele>2133.298457</ele>
        <time>2026-05-24T08:03:00.000Z</time>
      </trkpt>
      <trkpt lat="46.193184" lon="11.522563">
        <ele>2133.378190</ele>
        <time>2026-05-24T08:03:01.000Z</time>
      </trkpt>
      <trkpt lat="46.193181" lon="11.522567">
        <ele>2133.433475</ele>
        <time>2026-05-24T08:03:02.000Z</time>
      </trkpt>
      <trkpt lat="46.193183" lon="11.522581">
        <ele>2133.567477</ele>
        <time>2026-05-24T08:03:06.000Z</time>
      </trkpt>
      <trkpt lat="46.193190" lon="11.522576">
        <ele>2133.673224</ele>
        <time>2026-05-24T08:03:09.000Z</time>
      </trkpt>
      <trkpt lat="46.193188" lon="11.522571">
        <ele>2133.727356</ele>
        <time>2026-05-24T08:03:12.000Z</time>
      </trkpt>
      <trkpt lat="46.193186" lon="11.522540">
        <ele>2134.019211</ele>
        <time>2026-05-24T08:03:16.000Z</time>
      </trkpt>
      <trkpt lat="46.193187" lon="11.522524">
        <ele>2134.169805</ele>
        <time>2026-05-24T08:03:18.000Z</time>
      </trkpt>
      <trkpt lat="46.193185" lon="11.522527">
        <ele>2134.208848</ele>
        <time>2026-05-24T08:03:19.000Z</time>
      </trkpt>
      <trkpt lat="46.193175" lon="11.522483">
        <ele>2134.642967</ele>
        <time>2026-05-24T08:03:23.000Z</time>
      </trkpt>
      <trkpt lat="46.193169" lon="11.522464">
        <ele>2134.838731</ele>
        <time>2026-05-24T08:03:24.000Z</time>
      </trkpt>
      <trkpt lat="46.193139" lon="11.522330">
        <ele>2136.158914</ele>
        <time>2026-05-24T08:03:32.000Z</time>
      </trkpt>
      <trkpt lat="46.193163" lon="11.522244">
        <ele>2137.028127</ele>
        <time>2026-05-24T08:03:38.000Z</time>
      </trkpt>
      <trkpt lat="46.193166" lon="11.522232">
        <ele>2137.147727</ele>
        <time>2026-05-24T08:03:40.000Z</time>
      </trkpt>
      <trkpt lat="46.193183" lon="11.522161">
        <ele>2137.851973</ele>
        <time>2026-05-24T08:03:44.000Z</time>
      </trkpt>
      <trkpt lat="46.193186" lon="11.522152">
        <ele>2137.945611</ele>
        <time>2026-05-24T08:03:46.000Z</time>
      </trkpt>
      <trkpt lat="46.193200" lon="11.522078">
        <ele>2138.664730</ele>
        <time>2026-05-24T08:03:51.000Z</time>
      </trkpt>
      <trkpt lat="46.193208" lon="11.522001">
        <ele>2139.394614</ele>
        <time>2026-05-24T08:03:57.000Z</time>
      </trkpt>
      <trkpt lat="46.193203" lon="11.521988">
        <ele>2139.534024</ele>
        <time>2026-05-24T08:03:59.000Z</time>
      </trkpt>
      <trkpt lat="46.193211" lon="11.521911">
        <ele>2140.263908</ele>
        <time>2026-05-24T08:04:06.000Z</time>
      </trkpt>
      <trkpt lat="46.193220" lon="11.521880">
        <ele>2140.579026</ele>
        <time>2026-05-24T08:04:09.000Z</time>
      </trkpt>
      <trkpt lat="46.193219" lon="11.521858">
        <ele>2140.785698</ele>
        <time>2026-05-24T08:04:11.000Z</time>
      </trkpt>
      <trkpt lat="46.193210" lon="11.521848">
        <ele>2140.939455</ele>
        <time>2026-05-24T08:04:13.000Z</time>
      </trkpt>
      <trkpt lat="46.193202" lon="11.521850">
        <ele>2141.049400</ele>
        <time>2026-05-24T08:04:14.000Z</time>
      </trkpt>
      <trkpt lat="46.193129" lon="11.521841">
        <ele>2142.041545</ele>
        <time>2026-05-24T08:04:21.000Z</time>
      </trkpt>
      <trkpt lat="46.193079" lon="11.521838">
        <ele>2142.719219</ele>
        <time>2026-05-24T08:04:28.000Z</time>
      </trkpt>
      <trkpt lat="46.193074" lon="11.521835">
        <ele>2142.792536</ele>
        <time>2026-05-24T08:04:29.000Z</time>
      </trkpt>
      <trkpt lat="46.193050" lon="11.521827">
        <ele>2143.126079</ele>
        <time>2026-05-24T08:04:31.000Z</time>
      </trkpt>
      <trkpt lat="46.193044" lon="11.521797">
        <ele>2143.418803</ele>
        <time>2026-05-24T08:04:34.000Z</time>
      </trkpt>
      <trkpt lat="46.193042" lon="11.521786">
        <ele>2143.525415</ele>
        <time>2026-05-24T08:04:36.000Z</time>
      </trkpt>
      <trkpt lat="46.193020" lon="11.521744">
        <ele>2144.019139</ele>
        <time>2026-05-24T08:04:40.000Z</time>
      </trkpt>
      <trkpt lat="46.193002" lon="11.521673">
        <ele>2144.727929</ele>
        <time>2026-05-24T08:04:46.000Z</time>
      </trkpt>
      <trkpt lat="46.192941" lon="11.521592">
        <ele>2145.849934</ele>
        <time>2026-05-24T08:04:52.000Z</time>
      </trkpt>
      <trkpt lat="46.192926" lon="11.521581">
        <ele>2146.077734</ele>
        <time>2026-05-24T08:04:54.000Z</time>
      </trkpt>
      <trkpt lat="46.192897" lon="11.521525">
        <ele>2146.733321</ele>
        <time>2026-05-24T08:04:59.000Z</time>
      </trkpt>
      <trkpt lat="46.192837" lon="11.521490">
        <ele>2147.609571</ele>
        <time>2026-05-24T08:05:04.000Z</time>
      </trkpt>
      <trkpt lat="46.192791" lon="11.521446">
        <ele>2148.356670</ele>
        <time>2026-05-24T08:05:09.000Z</time>
      </trkpt>
      <trkpt lat="46.192785" lon="11.521438">
        <ele>2148.467239</ele>
        <time>2026-05-24T08:05:10.000Z</time>
      </trkpt>
      <trkpt lat="46.192779" lon="11.521419">
        <ele>2148.663005</ele>
        <time>2026-05-24T08:05:12.000Z</time>
      </trkpt>
      <trkpt lat="46.192783" lon="11.521410">
        <ele>2148.763264</ele>
        <time>2026-05-24T08:05:13.000Z</time>
      </trkpt>
      <trkpt lat="46.192762" lon="11.521387">
        <ele>2149.120133</ele>
        <time>2026-05-24T08:05:17.000Z</time>
      </trkpt>
      <trkpt lat="46.192754" lon="11.521379">
        <ele>2149.251892</ele>
        <time>2026-05-24T08:05:18.000Z</time>
      </trkpt>
      <trkpt lat="46.192706" lon="11.521338">
        <ele>2150.007024</ele>
        <time>2026-05-24T08:05:23.000Z</time>
      </trkpt>
      <trkpt lat="46.192705" lon="11.521327">
        <ele>2150.111025</ele>
        <time>2026-05-24T08:05:24.000Z</time>
      </trkpt>
      <trkpt lat="46.192707" lon="11.521324">
        <ele>2150.150068</ele>
        <time>2026-05-24T08:05:25.000Z</time>
      </trkpt>
      <trkpt lat="46.192709" lon="11.521311">
        <ele>2150.274905</ele>
        <time>2026-05-24T08:05:26.000Z</time>
      </trkpt>
      <trkpt lat="46.192709" lon="11.521275">
        <ele>2150.612373</ele>
        <time>2026-05-24T08:05:29.000Z</time>
      </trkpt>
      <trkpt lat="46.192712" lon="11.521254">
        <ele>2150.813377</ele>
        <time>2026-05-24T08:05:31.000Z</time>
      </trkpt>
      <trkpt lat="46.192709" lon="11.521235">
        <ele>2150.996060</ele>
        <time>2026-05-24T08:05:33.000Z</time>
      </trkpt>
      <trkpt lat="46.192700" lon="11.521181">
        <ele>2151.516727</ele>
        <time>2026-05-24T08:05:37.000Z</time>
      </trkpt>
      <trkpt lat="46.192660" lon="11.521126">
        <ele>2152.264542</ele>
        <time>2026-05-24T08:05:44.000Z</time>
      </trkpt>
      <trkpt lat="46.192636" lon="11.521051">
        <ele>2153.039087</ele>
        <time>2026-05-24T08:05:50.000Z</time>
      </trkpt>
      <trkpt lat="46.192672" lon="11.520934">
        <ele>2154.239324</ele>
        <time>2026-05-24T08:05:56.000Z</time>
      </trkpt>
      <trkpt lat="46.192680" lon="11.520857">
        <ele>2154.880016</ele>
        <time>2026-05-24T08:06:01.000Z</time>
      </trkpt>
      <trkpt lat="46.192679" lon="11.520819">
        <ele>2155.128404</ele>
        <time>2026-05-24T08:06:03.000Z</time>
      </trkpt>
      <trkpt lat="46.192668" lon="11.520782">
        <ele>2155.391427</ele>
        <time>2026-05-24T08:06:06.000Z</time>
      </trkpt>
      <trkpt lat="46.192668" lon="11.520722">
        <ele>2155.783336</ele>
        <time>2026-05-24T08:06:09.000Z</time>
      </trkpt>
      <trkpt lat="46.192679" lon="11.520641">
        <ele>2156.322498</ele>
        <time>2026-05-24T08:06:15.000Z</time>
      </trkpt>
      <trkpt lat="46.192688" lon="11.520611">
        <ele>2156.536063</ele>
        <time>2026-05-24T08:06:18.000Z</time>
      </trkpt>
      <trkpt lat="46.192695" lon="11.520595">
        <ele>2156.659694</ele>
        <time>2026-05-24T08:06:20.000Z</time>
      </trkpt>
      <trkpt lat="46.192699" lon="11.520582">
        <ele>2156.752618</ele>
        <time>2026-05-24T08:06:21.000Z</time>
      </trkpt>
      <trkpt lat="46.192722" lon="11.520490">
        <ele>2157.391533</ele>
        <time>2026-05-24T08:06:28.000Z</time>
      </trkpt>
      <trkpt lat="46.192752" lon="11.520382">
        <ele>2158.151645</ele>
        <time>2026-05-24T08:06:36.000Z</time>
      </trkpt>
      <trkpt lat="46.192806" lon="11.520279">
        <ele>2158.995595</ele>
        <time>2026-05-24T08:06:43.000Z</time>
      </trkpt>
      <trkpt lat="46.192844" lon="11.520211">
        <ele>2159.566425</ele>
        <time>2026-05-24T08:06:49.000Z</time>
      </trkpt>
      <trkpt lat="46.192923" lon="11.520125">
        <ele>2160.499812</ele>
        <time>2026-05-24T08:06:56.000Z</time>
      </trkpt>
      <trkpt lat="46.192984" lon="11.520021">
        <ele>2161.390179</ele>
        <time>2026-05-24T08:07:03.000Z</time>
      </trkpt>
      <trkpt lat="46.193040" lon="11.519941">
        <ele>2162.133323</ele>
        <time>2026-05-24T08:07:09.000Z</time>
      </trkpt>
      <trkpt lat="46.193068" lon="11.519892">
        <ele>2162.548341</ele>
        <time>2026-05-24T08:07:12.000Z</time>
      </trkpt>
      <trkpt lat="46.193098" lon="11.519837">
        <ele>2163.005713</ele>
        <time>2026-05-24T08:07:17.000Z</time>
      </trkpt>
      <trkpt lat="46.193120" lon="11.519805">
        <ele>2163.300299</ele>
        <time>2026-05-24T08:07:19.000Z</time>
      </trkpt>
      <trkpt lat="46.193170" lon="11.519754">
        <ele>2163.877842</ele>
        <time>2026-05-24T08:07:25.000Z</time>
      </trkpt>
      <trkpt lat="46.193191" lon="11.519727">
        <ele>2164.143108</ele>
        <time>2026-05-24T08:07:30.000Z</time>
      </trkpt>
      <trkpt lat="46.193196" lon="11.519729">
        <ele>2164.192062</ele>
        <time>2026-05-24T08:07:32.000Z</time>
      </trkpt>
      <trkpt lat="46.193201" lon="11.519731">
        <ele>2164.241017</ele>
        <time>2026-05-24T08:07:33.000Z</time>
      </trkpt>
      <trkpt lat="46.193205" lon="11.519733">
        <ele>2164.280957</ele>
        <time>2026-05-24T08:07:34.000Z</time>
      </trkpt>
      <trkpt lat="46.193210" lon="11.519729">
        <ele>2164.334887</ele>
        <time>2026-05-24T08:07:35.000Z</time>
      </trkpt>
      <trkpt lat="46.193238" lon="11.519711">
        <ele>2164.624070</ele>
        <time>2026-05-24T08:07:38.000Z</time>
      </trkpt>
      <trkpt lat="46.193249" lon="11.519698">
        <ele>2164.758172</ele>
        <time>2026-05-24T08:07:40.000Z</time>
      </trkpt>
      <trkpt lat="46.193266" lon="11.519658">
        <ele>2165.064754</ele>
        <time>2026-05-24T08:07:44.000Z</time>
      </trkpt>
      <trkpt lat="46.193274" lon="11.519643">
        <ele>2165.188438</ele>
        <time>2026-05-24T08:07:46.000Z</time>
      </trkpt>
      <trkpt lat="46.193291" lon="11.519621">
        <ele>2165.403798</ele>
        <time>2026-05-24T08:07:49.000Z</time>
      </trkpt>
      <trkpt lat="46.193339" lon="11.519558">
        <ele>2166.015736</ele>
        <time>2026-05-24T08:07:55.000Z</time>
      </trkpt>
      <trkpt lat="46.193343" lon="11.519551">
        <ele>2166.075024</ele>
        <time>2026-05-24T08:07:56.000Z</time>
      </trkpt>
      <trkpt lat="46.193368" lon="11.519490">
        <ele>2166.538055</ele>
        <time>2026-05-24T08:08:02.000Z</time>
      </trkpt>
      <trkpt lat="46.193396" lon="11.519459">
        <ele>2166.870926</ele>
        <time>2026-05-24T08:08:07.000Z</time>
      </trkpt>
      <trkpt lat="46.193406" lon="11.519452">
        <ele>2166.975778</ele>
        <time>2026-05-24T08:08:08.000Z</time>
      </trkpt>
      <trkpt lat="46.193422" lon="11.519428">
        <ele>2167.193418</ele>
        <time>2026-05-24T08:08:10.000Z</time>
      </trkpt>
      <trkpt lat="46.193427" lon="11.519416">
        <ele>2167.284902</ele>
        <time>2026-05-24T08:08:11.000Z</time>
      </trkpt>
      <trkpt lat="46.193433" lon="11.519406">
        <ele>2167.371341</ele>
        <time>2026-05-24T08:08:12.000Z</time>
      </trkpt>
      <trkpt lat="46.193452" lon="11.519360">
        <ele>2167.721223</ele>
        <time>2026-05-24T08:08:15.000Z</time>
      </trkpt>
      <trkpt lat="46.193471" lon="11.519320">
        <ele>2168.038087</ele>
        <time>2026-05-24T08:08:17.000Z</time>
      </trkpt>
      <trkpt lat="46.193481" lon="11.519297">
        <ele>2168.215492</ele>
        <time>2026-05-24T08:08:19.000Z</time>
      </trkpt>
      <trkpt lat="46.193503" lon="11.519266">
        <ele>2168.505478</ele>
        <time>2026-05-24T08:08:22.000Z</time>
      </trkpt>
      <trkpt lat="46.193543" lon="11.519191">
        <ele>2169.123893</ele>
        <time>2026-05-24T08:08:27.000Z</time>
      </trkpt>
      <trkpt lat="46.193583" lon="11.519103">
        <ele>2169.811526</ele>
        <time>2026-05-24T08:08:32.000Z</time>
      </trkpt>
      <trkpt lat="46.193605" lon="11.519054">
        <ele>2170.193006</ele>
        <time>2026-05-24T08:08:35.000Z</time>
      </trkpt>
      <trkpt lat="46.193642" lon="11.518978">
        <ele>2170.799892</ele>
        <time>2026-05-24T08:08:41.000Z</time>
      </trkpt>
      <trkpt lat="46.193678" lon="11.518914">
        <ele>2171.338536</ele>
        <time>2026-05-24T08:08:45.000Z</time>
      </trkpt>
      <trkpt lat="46.193685" lon="11.518895">
        <ele>2171.479121</ele>
        <time>2026-05-24T08:08:47.000Z</time>
      </trkpt>
      <trkpt lat="46.193696" lon="11.518867">
        <ele>2171.697828</ele>
        <time>2026-05-24T08:08:49.000Z</time>
      </trkpt>
      <trkpt lat="46.193736" lon="11.518758">
        <ele>2172.662536</ele>
        <time>2026-05-24T08:08:54.000Z</time>
      </trkpt>
      <trkpt lat="46.193757" lon="11.518697">
        <ele>2173.195269</ele>
        <time>2026-05-24T08:08:58.000Z</time>
      </trkpt>
      <trkpt lat="46.193770" lon="11.518666">
        <ele>2173.478691</ele>
        <time>2026-05-24T08:09:00.000Z</time>
      </trkpt>
      <trkpt lat="46.193807" lon="11.518577">
        <ele>2174.290505</ele>
        <time>2026-05-24T08:09:06.000Z</time>
      </trkpt>
      <trkpt lat="46.193822" lon="11.518557">
        <ele>2174.521093</ele>
        <time>2026-05-24T08:09:08.000Z</time>
      </trkpt>
      <trkpt lat="46.193841" lon="11.518531">
        <ele>2174.816732</ele>
        <time>2026-05-24T08:09:10.000Z</time>
      </trkpt>
      <trkpt lat="46.193888" lon="11.518478">
        <ele>2175.490268</ele>
        <time>2026-05-24T08:09:15.000Z</time>
      </trkpt>
      <trkpt lat="46.193908" lon="11.518460">
        <ele>2175.756454</ele>
        <time>2026-05-24T08:09:17.000Z</time>
      </trkpt>
      <trkpt lat="46.193963" lon="11.518410">
        <ele>2176.490543</ele>
        <time>2026-05-24T08:09:22.000Z</time>
      </trkpt>
      <trkpt lat="46.193986" lon="11.518385">
        <ele>2176.815692</ele>
        <time>2026-05-24T08:09:25.000Z</time>
      </trkpt>
      <trkpt lat="46.194002" lon="11.518302">
        <ele>2177.489417</ele>
        <time>2026-05-24T08:09:32.000Z</time>
      </trkpt>
      <trkpt lat="46.194020" lon="11.518257">
        <ele>2177.895824</ele>
        <time>2026-05-24T08:09:35.000Z</time>
      </trkpt>
      <trkpt lat="46.194038" lon="11.518114">
        <ele>2179.032366</ele>
        <time>2026-05-24T08:14:52.000Z</time>
      </trkpt>
      <trkpt lat="46.194043" lon="11.518099">
        <ele>2179.162551</ele>
        <time>2026-05-24T08:14:53.000Z</time>
      </trkpt>
      <trkpt lat="46.194054" lon="11.518063">
        <ele>2179.470262</ele>
        <time>2026-05-24T08:14:55.000Z</time>
      </trkpt>
      <trkpt lat="46.194064" lon="11.518031">
        <ele>2179.744807</ele>
        <time>2026-05-24T08:14:57.000Z</time>
      </trkpt>
      <trkpt lat="46.194085" lon="11.517971">
        <ele>2180.270546</ele>
        <time>2026-05-24T08:15:01.000Z</time>
      </trkpt>
      <trkpt lat="46.194092" lon="11.517949">
        <ele>2180.459881</ele>
        <time>2026-05-24T08:15:03.000Z</time>
      </trkpt>
      <trkpt lat="46.194096" lon="11.517930">
        <ele>2180.615173</ele>
        <time>2026-05-24T08:15:04.000Z</time>
      </trkpt>
      <trkpt lat="46.194098" lon="11.517913">
        <ele>2180.750012</ele>
        <time>2026-05-24T08:15:05.000Z</time>
      </trkpt>
      <trkpt lat="46.194092" lon="11.517892">
        <ele>2180.927662</ele>
        <time>2026-05-24T08:15:07.000Z</time>
      </trkpt>
      <trkpt lat="46.194091" lon="11.517878">
        <ele>2181.037717</ele>
        <time>2026-05-24T08:15:08.000Z</time>
      </trkpt>
      <trkpt lat="46.194097" lon="11.517829">
        <ele>2181.426826</ele>
        <time>2026-05-24T08:15:11.000Z</time>
      </trkpt>
      <trkpt lat="46.194146" lon="11.517750">
        <ele>2182.256286</ele>
        <time>2026-05-24T08:15:17.000Z</time>
      </trkpt>
      <trkpt lat="46.194162" lon="11.517701">
        <ele>2182.679937</ele>
        <time>2026-05-24T08:15:20.000Z</time>
      </trkpt>
      <trkpt lat="46.194185" lon="11.517617">
        <ele>2183.386301</ele>
        <time>2026-05-24T08:15:25.000Z</time>
      </trkpt>
      <trkpt lat="46.194199" lon="11.517572">
        <ele>2183.772089</ele>
        <time>2026-05-24T08:15:28.000Z</time>
      </trkpt>
      <trkpt lat="46.194205" lon="11.517553">
        <ele>2183.935391</ele>
        <time>2026-05-24T08:15:30.000Z</time>
      </trkpt>
      <trkpt lat="46.194205" lon="11.517539">
        <ele>2184.044865</ele>
        <time>2026-05-24T08:15:31.000Z</time>
      </trkpt>
      <trkpt lat="46.194216" lon="11.517469">
        <ele>2184.606164</ele>
        <time>2026-05-24T08:15:35.000Z</time>
      </trkpt>
      <trkpt lat="46.194245" lon="11.517395">
        <ele>2185.271110</ele>
        <time>2026-05-24T08:15:41.000Z</time>
      </trkpt>
      <trkpt lat="46.194264" lon="11.517363">
        <ele>2185.600778</ele>
        <time>2026-05-24T08:15:44.000Z</time>
      </trkpt>
      <trkpt lat="46.194281" lon="11.517317">
        <ele>2186.008532</ele>
        <time>2026-05-24T08:15:48.000Z</time>
      </trkpt>
      <trkpt lat="46.194287" lon="11.517221">
        <ele>2186.762264</ele>
        <time>2026-05-24T08:15:55.000Z</time>
      </trkpt>
      <trkpt lat="46.194287" lon="11.517145">
        <ele>2187.356552</ele>
        <time>2026-05-24T08:16:01.000Z</time>
      </trkpt>
      <trkpt lat="46.194286" lon="11.517116">
        <ele>2187.583601</ele>
        <time>2026-05-24T08:16:03.000Z</time>
      </trkpt>
      <trkpt lat="46.194300" lon="11.517068">
        <ele>2187.990898</ele>
        <time>2026-05-24T08:16:07.000Z</time>
      </trkpt>
      <trkpt lat="46.194316" lon="11.517039">
        <ele>2188.280884</ele>
        <time>2026-05-24T08:16:09.000Z</time>
      </trkpt>
      <trkpt lat="46.194332" lon="11.517005">
        <ele>2188.602368</ele>
        <time>2026-05-24T08:16:11.000Z</time>
      </trkpt>
      <trkpt lat="46.194339" lon="11.516945">
        <ele>2189.078159</ele>
        <time>2026-05-24T08:16:16.000Z</time>
      </trkpt>
      <trkpt lat="46.194354" lon="11.516842">
        <ele>2189.901206</ele>
        <time>2026-05-24T08:16:22.000Z</time>
      </trkpt>
      <trkpt lat="46.194349" lon="11.516792">
        <ele>2190.296243</ele>
        <time>2026-05-24T08:16:25.000Z</time>
      </trkpt>
      <trkpt lat="46.194349" lon="11.516775">
        <ele>2190.429175</ele>
        <time>2026-05-24T08:16:26.000Z</time>
      </trkpt>
      <trkpt lat="46.194352" lon="11.516707">
        <ele>2190.961985</ele>
        <time>2026-05-24T08:16:31.000Z</time>
      </trkpt>
      <trkpt lat="46.194355" lon="11.516686">
        <ele>2191.129656</ele>
        <time>2026-05-24T08:16:32.000Z</time>
      </trkpt>
      <trkpt lat="46.194366" lon="11.516662">
        <ele>2191.354735</ele>
        <time>2026-05-24T08:16:34.000Z</time>
      </trkpt>
      <trkpt lat="46.194375" lon="11.516637">
        <ele>2191.575081</ele>
        <time>2026-05-24T08:16:36.000Z</time>
      </trkpt>
      <trkpt lat="46.194393" lon="11.516584">
        <ele>2192.082121</ele>
        <time>2026-05-24T08:16:39.000Z</time>
      </trkpt>
      <trkpt lat="46.194399" lon="11.516574">
        <ele>2192.251121</ele>
        <time>2026-05-24T08:16:40.000Z</time>
      </trkpt>
      <trkpt lat="46.194436" lon="11.516487">
        <ele>2193.555084</ele>
        <time>2026-05-24T08:16:46.000Z</time>
      </trkpt>
      <trkpt lat="46.194453" lon="11.516410">
        <ele>2194.587209</ele>
        <time>2026-05-24T08:16:53.000Z</time>
      </trkpt>
      <trkpt lat="46.194480" lon="11.516326">
        <ele>2195.769931</ele>
        <time>2026-05-24T08:16:58.000Z</time>
      </trkpt>
      <trkpt lat="46.194492" lon="11.516281">
        <ele>2196.385767</ele>
        <time>2026-05-24T08:17:01.000Z</time>
      </trkpt>
      <trkpt lat="46.194499" lon="11.516244">
        <ele>2196.875601</ele>
        <time>2026-05-24T08:17:04.000Z</time>
      </trkpt>
      <trkpt lat="46.194503" lon="11.516165">
        <ele>2197.887157</ele>
        <time>2026-05-24T08:17:09.000Z</time>
      </trkpt>
      <trkpt lat="46.194510" lon="11.516140">
        <ele>2198.231547</ele>
        <time>2026-05-24T08:17:11.000Z</time>
      </trkpt>
      <trkpt lat="46.194523" lon="11.516095">
        <ele>2198.854252</ele>
        <time>2026-05-24T08:17:16.000Z</time>
      </trkpt>
      <trkpt lat="46.194522" lon="11.516082">
        <ele>2199.021289</ele>
        <time>2026-05-24T08:17:17.000Z</time>
      </trkpt>
      <trkpt lat="46.194527" lon="11.515994">
        <ele>2200.148862</ele>
        <time>2026-05-24T08:17:23.000Z</time>
      </trkpt>
      <trkpt lat="46.194533" lon="11.515975">
        <ele>2200.415556</ele>
        <time>2026-05-24T08:17:24.000Z</time>
      </trkpt>
      <trkpt lat="46.194552" lon="11.515947">
        <ele>2200.916279</ele>
        <time>2026-05-24T08:17:27.000Z</time>
      </trkpt>
      <trkpt lat="46.194571" lon="11.515912">
        <ele>2201.484297</ele>
        <time>2026-05-24T08:17:31.000Z</time>
      </trkpt>
      <trkpt lat="46.194557" lon="11.515869">
        <ele>2202.091131</ele>
        <time>2026-05-24T08:17:35.000Z</time>
      </trkpt>
      <trkpt lat="46.194544" lon="11.515843">
        <ele>2202.500721</ele>
        <time>2026-05-24T08:17:37.000Z</time>
      </trkpt>
      <trkpt lat="46.194534" lon="11.515791">
        <ele>2203.189931</ele>
        <time>2026-05-24T08:17:41.000Z</time>
      </trkpt>
      <trkpt lat="46.194528" lon="11.515751">
        <ele>2203.712602</ele>
        <time>2026-05-24T08:17:45.000Z</time>
      </trkpt>
      <trkpt lat="46.194526" lon="11.515707">
        <ele>2204.275709</ele>
        <time>2026-05-24T08:17:48.000Z</time>
      </trkpt>
      <trkpt lat="46.194520" lon="11.515647">
        <ele>2205.049886</ele>
        <time>2026-05-24T08:17:54.000Z</time>
      </trkpt>
      <trkpt lat="46.194516" lon="11.515635">
        <ele>2205.219973</ele>
        <time>2026-05-24T08:17:56.000Z</time>
      </trkpt>
      <trkpt lat="46.194510" lon="11.515602">
        <ele>2205.655690</ele>
        <time>2026-05-24T08:17:59.000Z</time>
      </trkpt>
      <trkpt lat="46.194504" lon="11.515580">
        <ele>2205.957659</ele>
        <time>2026-05-24T08:18:01.000Z</time>
      </trkpt>
      <trkpt lat="46.194501" lon="11.515573">
        <ele>2206.062798</ele>
        <time>2026-05-24T08:18:02.000Z</time>
      </trkpt>
      <trkpt lat="46.194484" lon="11.515484">
        <ele>2207.241840</ele>
        <time>2026-05-24T08:18:09.000Z</time>
      </trkpt>
      <trkpt lat="46.194483" lon="11.515474">
        <ele>2207.370870</ele>
        <time>2026-05-24T08:18:10.000Z</time>
      </trkpt>
      <trkpt lat="46.194482" lon="11.515410">
        <ele>2208.188383</ele>
        <time>2026-05-24T08:18:15.000Z</time>
      </trkpt>
      <trkpt lat="46.194484" lon="11.515392">
        <ele>2208.421193</ele>
        <time>2026-05-24T08:18:16.000Z</time>
      </trkpt>
      <trkpt lat="46.194504" lon="11.515329">
        <ele>2209.306301</ele>
        <time>2026-05-24T08:18:21.000Z</time>
      </trkpt>
      <trkpt lat="46.194508" lon="11.515321">
        <ele>2209.432329</ele>
        <time>2026-05-24T08:18:22.000Z</time>
      </trkpt>
      <trkpt lat="46.194509" lon="11.515299">
        <ele>2209.713882</ele>
        <time>2026-05-24T08:18:25.000Z</time>
      </trkpt>
      <trkpt lat="46.194489" lon="11.515257">
        <ele>2210.364896</ele>
        <time>2026-05-24T08:18:29.000Z</time>
      </trkpt>
      <trkpt lat="46.194478" lon="11.515241">
        <ele>2210.652875</ele>
        <time>2026-05-24T08:18:31.000Z</time>
      </trkpt>
      <trkpt lat="46.194457" lon="11.515209">
        <ele>2211.215985</ele>
        <time>2026-05-24T08:18:35.000Z</time>
      </trkpt>
      <trkpt lat="46.194449" lon="11.515161">
        <ele>2211.846482</ele>
        <time>2026-05-24T08:18:40.000Z</time>
      </trkpt>
      <trkpt lat="46.194448" lon="11.515128">
        <ele>2212.268309</ele>
        <time>2026-05-24T08:18:42.000Z</time>
      </trkpt>
      <trkpt lat="46.194443" lon="11.515089">
        <ele>2212.774824</ele>
        <time>2026-05-24T08:18:45.000Z</time>
      </trkpt>
      <trkpt lat="46.194427" lon="11.515035">
        <ele>2213.524945</ele>
        <time>2026-05-24T08:18:50.000Z</time>
      </trkpt>
      <trkpt lat="46.194422" lon="11.515003">
        <ele>2213.943880</ele>
        <time>2026-05-24T08:18:53.000Z</time>
      </trkpt>
      <trkpt lat="46.194418" lon="11.514956">
        <ele>2214.548608</ele>
        <time>2026-05-24T08:18:56.000Z</time>
      </trkpt>
      <trkpt lat="46.194416" lon="11.514941">
        <ele>2214.743685</ele>
        <time>2026-05-24T08:18:57.000Z</time>
      </trkpt>
      <trkpt lat="46.194409" lon="11.514883">
        <ele>2215.495543</ele>
        <time>2026-05-24T08:19:02.000Z</time>
      </trkpt>
      <trkpt lat="46.194407" lon="11.514866">
        <ele>2215.715753</ele>
        <time>2026-05-24T08:19:03.000Z</time>
      </trkpt>
      <trkpt lat="46.194402" lon="11.514785">
        <ele>2216.754261</ele>
        <time>2026-05-24T08:19:08.000Z</time>
      </trkpt>
      <trkpt lat="46.194401" lon="11.514781">
        <ele>2216.808572</ele>
        <time>2026-05-24T08:19:09.000Z</time>
      </trkpt>
      <trkpt lat="46.194402" lon="11.514741">
        <ele>2217.319722</ele>
        <time>2026-05-24T08:19:13.000Z</time>
      </trkpt>
      <trkpt lat="46.194401" lon="11.514668">
        <ele>2218.252144</ele>
        <time>2026-05-24T08:19:18.000Z</time>
      </trkpt>
      <trkpt lat="46.194395" lon="11.514646">
        <ele>2218.554113</ele>
        <time>2026-05-24T08:19:20.000Z</time>
      </trkpt>
      <trkpt lat="46.194392" lon="11.514598">
        <ele>2219.169586</ele>
        <time>2026-05-24T08:19:24.000Z</time>
      </trkpt>
      <trkpt lat="46.194416" lon="11.514545">
        <ele>2219.978378</ele>
        <time>2026-05-24T08:19:29.000Z</time>
      </trkpt>
      <trkpt lat="46.194418" lon="11.514536">
        <ele>2220.099089</ele>
        <time>2026-05-24T08:19:30.000Z</time>
      </trkpt>
      <trkpt lat="46.194418" lon="11.514529">
        <ele>2220.188482</ele>
        <time>2026-05-24T08:19:31.000Z</time>
      </trkpt>
      <trkpt lat="46.194427" lon="11.514453">
        <ele>2221.173133</ele>
        <time>2026-05-24T08:19:36.000Z</time>
      </trkpt>
      <trkpt lat="46.194426" lon="11.514443">
        <ele>2221.302163</ele>
        <time>2026-05-24T08:19:37.000Z</time>
      </trkpt>
      <trkpt lat="46.194426" lon="11.514385">
        <ele>2222.042846</ele>
        <time>2026-05-24T08:19:42.000Z</time>
      </trkpt>
      <trkpt lat="46.194424" lon="11.514369">
        <ele>2222.250478</ele>
        <time>2026-05-24T08:19:43.000Z</time>
      </trkpt>
      <trkpt lat="46.194410" lon="11.514283">
        <ele>2223.378694</ele>
        <time>2026-05-24T08:19:49.000Z</time>
      </trkpt>
      <trkpt lat="46.194407" lon="11.514268">
        <ele>2223.578086</ele>
        <time>2026-05-24T08:19:51.000Z</time>
      </trkpt>
      <trkpt lat="46.194399" lon="11.514198">
        <ele>2224.484116</ele>
        <time>2026-05-24T08:19:57.000Z</time>
      </trkpt>
      <trkpt lat="46.194388" lon="11.514162">
        <ele>2224.986649</ele>
        <time>2026-05-24T08:20:01.000Z</time>
      </trkpt>
      <trkpt lat="46.194376" lon="11.514139">
        <ele>2225.350049</ele>
        <time>2026-05-24T08:20:05.000Z</time>
      </trkpt>
      <trkpt lat="46.194354" lon="11.514070">
        <ele>2226.299530</ele>
        <time>2026-05-24T08:20:10.000Z</time>
      </trkpt>
      <trkpt lat="46.194347" lon="11.514040">
        <ele>2226.695214</ele>
        <time>2026-05-24T08:20:12.000Z</time>
      </trkpt>
      <trkpt lat="46.194332" lon="11.513987">
        <ele>2227.410862</ele>
        <time>2026-05-24T08:20:17.000Z</time>
      </trkpt>
      <trkpt lat="46.194327" lon="11.513974">
        <ele>2227.596738</ele>
        <time>2026-05-24T08:20:18.000Z</time>
      </trkpt>
      <trkpt lat="46.194296" lon="11.513930">
        <ele>2228.381419</ele>
        <time>2026-05-24T08:20:23.000Z</time>
      </trkpt>
      <trkpt lat="46.194286" lon="11.513906">
        <ele>2228.731533</ele>
        <time>2026-05-24T08:20:25.000Z</time>
      </trkpt>
      <trkpt lat="46.194311" lon="11.513908">
        <ele>2229.183619</ele>
        <time>2026-05-24T08:20:30.000Z</time>
      </trkpt>
      <trkpt lat="46.194302" lon="11.513902">
        <ele>2229.362590</ele>
        <time>2026-05-24T08:20:36.000Z</time>
      </trkpt>
      <trkpt lat="46.194299" lon="11.513905">
        <ele>2229.428469</ele>
        <time>2026-05-24T08:20:39.000Z</time>
      </trkpt>
      <trkpt lat="46.194298" lon="11.513914">
        <ele>2229.542395</ele>
        <time>2026-05-24T08:20:41.000Z</time>
      </trkpt>
      <trkpt lat="46.194304" lon="11.513934">
        <ele>2229.814831</ele>
        <time>2026-05-24T08:20:48.000Z</time>
      </trkpt>
      <trkpt lat="46.194298" lon="11.513920">
        <ele>2230.020632</ele>
        <time>2026-05-24T08:20:51.000Z</time>
      </trkpt>
      <trkpt lat="46.194300" lon="11.513922">
        <ele>2230.064551</ele>
        <time>2026-05-24T08:20:52.000Z</time>
      </trkpt>
      <trkpt lat="46.194296" lon="11.513870">
        <ele>2230.718473</ele>
        <time>2026-05-24T08:21:00.000Z</time>
      </trkpt>
      <trkpt lat="46.194317" lon="11.513797">
        <ele>2231.706514</ele>
        <time>2026-05-24T08:21:06.000Z</time>
      </trkpt>
      <trkpt lat="46.194316" lon="11.513783">
        <ele>2231.882422</ele>
        <time>2026-05-24T08:21:08.000Z</time>
      </trkpt>
      <trkpt lat="46.194293" lon="11.513706">
        <ele>2232.930583</ele>
        <time>2026-05-24T08:21:14.000Z</time>
      </trkpt>
      <trkpt lat="46.194293" lon="11.513692">
        <ele>2233.105562</ele>
        <time>2026-05-24T08:21:15.000Z</time>
      </trkpt>
      <trkpt lat="46.194316" lon="11.513607">
        <ele>2234.246217</ele>
        <time>2026-05-24T08:21:21.000Z</time>
      </trkpt>
      <trkpt lat="46.194336" lon="11.513557">
        <ele>2234.967975</ele>
        <time>2026-05-24T08:21:29.000Z</time>
      </trkpt>
      <trkpt lat="46.194320" lon="11.513500">
        <ele>2235.736735</ele>
        <time>2026-05-24T08:21:36.000Z</time>
      </trkpt>
      <trkpt lat="46.194317" lon="11.513449">
        <ele>2236.376455</ele>
        <time>2026-05-24T08:21:40.000Z</time>
      </trkpt>
      <trkpt lat="46.194311" lon="11.513425">
        <ele>2236.695382</ele>
        <time>2026-05-24T08:21:42.000Z</time>
      </trkpt>
      <trkpt lat="46.194307" lon="11.513397">
        <ele>2237.052715</ele>
        <time>2026-05-24T08:21:44.000Z</time>
      </trkpt>
      <trkpt lat="46.194306" lon="11.513379">
        <ele>2237.278411</ele>
        <time>2026-05-24T08:21:45.000Z</time>
      </trkpt>
      <trkpt lat="46.194300" lon="11.513330">
        <ele>2237.900345</ele>
        <time>2026-05-24T08:21:48.000Z</time>
      </trkpt>
      <trkpt lat="46.194289" lon="11.513311">
        <ele>2238.209925</ele>
        <time>2026-05-24T08:21:50.000Z</time>
      </trkpt>
      <trkpt lat="46.194267" lon="11.513258">
        <ele>2238.982318</ele>
        <time>2026-05-24T08:21:53.000Z</time>
      </trkpt>
      <trkpt lat="46.194249" lon="11.513205">
        <ele>2239.720172</ele>
        <time>2026-05-24T08:21:56.000Z</time>
      </trkpt>
      <trkpt lat="46.194238" lon="11.513154">
        <ele>2240.387821</ele>
        <time>2026-05-24T08:21:59.000Z</time>
      </trkpt>
      <trkpt lat="46.194247" lon="11.513082">
        <ele>2241.302268</ele>
        <time>2026-05-24T08:22:03.000Z</time>
      </trkpt>
      <trkpt lat="46.194261" lon="11.513028">
        <ele>2242.022972</ele>
        <time>2026-05-24T08:22:07.000Z</time>
      </trkpt>
      <trkpt lat="46.194273" lon="11.512985">
        <ele>2242.602439</ele>
        <time>2026-05-24T08:22:10.000Z</time>
      </trkpt>
      <trkpt lat="46.194281" lon="11.512962">
        <ele>2242.924155</ele>
        <time>2026-05-24T08:22:12.000Z</time>
      </trkpt>
      <trkpt lat="46.194292" lon="11.512931">
        <ele>2243.359548</ele>
        <time>2026-05-24T08:22:14.000Z</time>
      </trkpt>
      <trkpt lat="46.194294" lon="11.512922">
        <ele>2243.477689</ele>
        <time>2026-05-24T08:22:15.000Z</time>
      </trkpt>
      <trkpt lat="46.194299" lon="11.512909">
        <ele>2243.663566</ele>
        <time>2026-05-24T08:22:16.000Z</time>
      </trkpt>
      <trkpt lat="46.194312" lon="11.512873">
        <ele>2244.171057</ele>
        <time>2026-05-24T08:22:19.000Z</time>
      </trkpt>
      <trkpt lat="46.194312" lon="11.512863">
        <ele>2244.296042</ele>
        <time>2026-05-24T08:22:20.000Z</time>
      </trkpt>
      <trkpt lat="46.194293" lon="11.512801">
        <ele>2245.143491</ele>
        <time>2026-05-24T08:22:26.000Z</time>
      </trkpt>
      <trkpt lat="46.194308" lon="11.512745">
        <ele>2245.893980</ele>
        <time>2026-05-24T08:22:30.000Z</time>
      </trkpt>
      <trkpt lat="46.194309" lon="11.512731">
        <ele>2246.069888</ele>
        <time>2026-05-24T08:22:32.000Z</time>
      </trkpt>
      <trkpt lat="46.194312" lon="11.512715">
        <ele>2246.277070</ele>
        <time>2026-05-24T08:22:33.000Z</time>
      </trkpt>
      <trkpt lat="46.194312" lon="11.512686">
        <ele>2246.639526</ele>
        <time>2026-05-24T08:22:35.000Z</time>
      </trkpt>
      <trkpt lat="46.194320" lon="11.512642">
        <ele>2247.208113</ele>
        <time>2026-05-24T08:22:38.000Z</time>
      </trkpt>
      <trkpt lat="46.194323" lon="11.512627">
        <ele>2247.403259</ele>
        <time>2026-05-24T08:22:40.000Z</time>
      </trkpt>
      <trkpt lat="46.194328" lon="11.512615">
        <ele>2247.578315</ele>
        <time>2026-05-24T08:22:41.000Z</time>
      </trkpt>
      <trkpt lat="46.194334" lon="11.512607">
        <ele>2247.725740</ele>
        <time>2026-05-24T08:22:43.000Z</time>
      </trkpt>
      <trkpt lat="46.194336" lon="11.512604">
        <ele>2247.777797</ele>
        <time>2026-05-24T08:22:44.000Z</time>
      </trkpt>
      <trkpt lat="46.194354" lon="11.512567">
        <ele>2248.343024</ele>
        <time>2026-05-24T08:22:48.000Z</time>
      </trkpt>
      <trkpt lat="46.194366" lon="11.512558">
        <ele>2248.587153</ele>
        <time>2026-05-24T08:22:51.000Z</time>
      </trkpt>
      <trkpt lat="46.194374" lon="11.512539">
        <ele>2248.865105</ele>
        <time>2026-05-24T08:22:54.000Z</time>
      </trkpt>
      <trkpt lat="46.194374" lon="11.512538">
        <ele>2248.877603</ele>
        <time>2026-05-24T08:22:55.000Z</time>
      </trkpt>
      <trkpt lat="46.194396" lon="11.512519">
        <ele>2249.340401</ele>
        <time>2026-05-24T08:22:59.000Z</time>
      </trkpt>
      <trkpt lat="46.194412" lon="11.512511">
        <ele>2249.646108</ele>
        <time>2026-05-24T08:23:02.000Z</time>
      </trkpt>
      <trkpt lat="46.194431" lon="11.512473">
        <ele>2250.231992</ele>
        <time>2026-05-24T08:23:09.000Z</time>
      </trkpt>
      <trkpt lat="46.194446" lon="11.512457">
        <ele>2250.568656</ele>
        <time>2026-05-24T08:23:13.000Z</time>
      </trkpt>
      <trkpt lat="46.194454" lon="11.512439">
        <ele>2250.836008</ele>
        <time>2026-05-24T08:23:16.000Z</time>
      </trkpt>
      <trkpt lat="46.194484" lon="11.512400">
        <ele>2251.564711</ele>
        <time>2026-05-24T08:23:23.000Z</time>
      </trkpt>
      <trkpt lat="46.194497" lon="11.512362">
        <ele>2252.094489</ele>
        <time>2026-05-24T08:23:30.000Z</time>
      </trkpt>
      <trkpt lat="46.194497" lon="11.512360">
        <ele>2252.119486</ele>
        <time>2026-05-24T08:23:32.000Z</time>
      </trkpt>
      <trkpt lat="46.194506" lon="11.512344">
        <ele>2252.377162</ele>
        <time>2026-05-24T08:23:36.000Z</time>
      </trkpt>
      <trkpt lat="46.194518" lon="11.512322">
        <ele>2252.727236</ele>
        <time>2026-05-24T08:23:40.000Z</time>
      </trkpt>
      <trkpt lat="46.194508" lon="11.512297">
        <ele>2253.088114</ele>
        <time>2026-05-24T08:23:44.000Z</time>
      </trkpt>
      <trkpt lat="46.194509" lon="11.512278">
        <ele>2253.326270</ele>
        <time>2026-05-24T08:23:48.000Z</time>
      </trkpt>
      <trkpt lat="46.194492" lon="11.512241">
        <ele>2253.881310</ele>
        <time>2026-05-24T08:23:54.000Z</time>
      </trkpt>
      <trkpt lat="46.194476" lon="11.512180">
        <ele>2254.696614</ele>
        <time>2026-05-24T08:24:01.000Z</time>
      </trkpt>
      <trkpt lat="46.194470" lon="11.512125">
        <ele>2255.392513</ele>
        <time>2026-05-24T08:24:05.000Z</time>
      </trkpt>
      <trkpt lat="46.194474" lon="11.512109">
        <ele>2255.605131</ele>
        <time>2026-05-24T08:24:07.000Z</time>
      </trkpt>
      <trkpt lat="46.194479" lon="11.512101">
        <ele>2255.739845</ele>
        <time>2026-05-24T08:24:09.000Z</time>
      </trkpt>
      <trkpt lat="46.194483" lon="11.512090">
        <ele>2255.895144</ele>
        <time>2026-05-24T08:24:10.000Z</time>
      </trkpt>
      <trkpt lat="46.194483" lon="11.512076">
        <ele>2256.070122</ele>
        <time>2026-05-24T08:24:12.000Z</time>
      </trkpt>
      <trkpt lat="46.194496" lon="11.511997">
        <ele>2257.085016</ele>
        <time>2026-05-24T08:24:17.000Z</time>
      </trkpt>
      <trkpt lat="46.194544" lon="11.511987">
        <ele>2257.769463</ele>
        <time>2026-05-24T08:24:22.000Z</time>
      </trkpt>
      <trkpt lat="46.194556" lon="11.511981">
        <ele>2257.868737</ele>
        <time>2026-05-24T08:24:24.000Z</time>
      </trkpt>
      <trkpt lat="46.194596" lon="11.511957">
        <ele>2258.207349</ele>
        <time>2026-05-24T08:24:28.000Z</time>
      </trkpt>
      <trkpt lat="46.194613" lon="11.511946">
        <ele>2258.352975</ele>
        <time>2026-05-24T08:24:30.000Z</time>
      </trkpt>
      <trkpt lat="46.194615" lon="11.511940">
        <ele>2258.389013</ele>
        <time>2026-05-24T08:24:31.000Z</time>
      </trkpt>
      <trkpt lat="46.194633" lon="11.511905">
        <ele>2258.624973</ele>
        <time>2026-05-24T08:24:35.000Z</time>
      </trkpt>
      <trkpt lat="46.194635" lon="11.511824">
        <ele>2259.063591</ele>
        <time>2026-05-24T08:24:42.000Z</time>
      </trkpt>
      <trkpt lat="46.194613" lon="11.511743">
        <ele>2259.534465</ele>
        <time>2026-05-24T08:24:49.000Z</time>
      </trkpt>
      <trkpt lat="46.194610" lon="11.511703">
        <ele>2259.752196</ele>
        <time>2026-05-24T08:24:52.000Z</time>
      </trkpt>
      <trkpt lat="46.194647" lon="11.511630">
        <ele>2260.241821</ele>
        <time>2026-05-24T08:24:58.000Z</time>
      </trkpt>
      <trkpt lat="46.194652" lon="11.511618">
        <ele>2260.317618</ele>
        <time>2026-05-24T08:24:59.000Z</time>
      </trkpt>
      <trkpt lat="46.194657" lon="11.511596">
        <ele>2260.442925</ele>
        <time>2026-05-24T08:25:01.000Z</time>
      </trkpt>
      <trkpt lat="46.194677" lon="11.511561">
        <ele>2260.688531</ele>
        <time>2026-05-24T08:25:04.000Z</time>
      </trkpt>
      <trkpt lat="46.194736" lon="11.511476">
        <ele>2261.339945</ele>
        <time>2026-05-24T08:25:12.000Z</time>
      </trkpt>
      <trkpt lat="46.194745" lon="11.511441">
        <ele>2261.541997</ele>
        <time>2026-05-24T08:25:15.000Z</time>
      </trkpt>
      <trkpt lat="46.194757" lon="11.511403">
        <ele>2261.768025</ele>
        <time>2026-05-24T08:25:18.000Z</time>
      </trkpt>
      <trkpt lat="46.194761" lon="11.511386">
        <ele>2261.865192</ele>
        <time>2026-05-24T08:25:19.000Z</time>
      </trkpt>
      <trkpt lat="46.194772" lon="11.511300">
        <ele>2262.338466</ele>
        <time>2026-05-24T08:25:25.000Z</time>
      </trkpt>
      <trkpt lat="46.194794" lon="11.511240">
        <ele>2262.705901</ele>
        <time>2026-05-24T08:25:29.000Z</time>
      </trkpt>
      <trkpt lat="46.194811" lon="11.511193">
        <ele>2262.992875</ele>
        <time>2026-05-24T08:25:32.000Z</time>
      </trkpt>
      <trkpt lat="46.194844" lon="11.511097">
        <ele>2263.572918</ele>
        <time>2026-05-24T08:25:38.000Z</time>
      </trkpt>
      <trkpt lat="46.194851" lon="11.511079">
        <ele>2263.684647</ele>
        <time>2026-05-24T08:25:39.000Z</time>
      </trkpt>
      <trkpt lat="46.194861" lon="11.511047">
        <ele>2263.874646</ele>
        <time>2026-05-24T08:25:42.000Z</time>
      </trkpt>
      <trkpt lat="46.194865" lon="11.511016">
        <ele>2264.045295</ele>
        <time>2026-05-24T08:25:45.000Z</time>
      </trkpt>
      <trkpt lat="46.194870" lon="11.511007">
        <ele>2264.107745</ele>
        <time>2026-05-24T08:25:46.000Z</time>
      </trkpt>
      <trkpt lat="46.194911" lon="11.510958">
        <ele>2264.523743</ele>
        <time>2026-05-24T08:25:54.000Z</time>
      </trkpt>
      <trkpt lat="46.194925" lon="11.510940">
        <ele>2264.670261</ele>
        <time>2026-05-24T08:26:00.000Z</time>
      </trkpt>
      <trkpt lat="46.194927" lon="11.510940">
        <ele>2264.685897</ele>
        <time>2026-05-24T08:26:03.000Z</time>
      </trkpt>
      <trkpt lat="46.194932" lon="11.510935">
        <ele>2264.733437</ele>
        <time>2026-05-24T08:26:07.000Z</time>
      </trkpt>
      <trkpt lat="46.194936" lon="11.510926">
        <ele>2264.791316</ele>
        <time>2026-05-24T08:26:09.000Z</time>
      </trkpt>
      <trkpt lat="46.194944" lon="11.510872">
        <ele>2265.090158</ele>
        <time>2026-05-24T08:26:16.000Z</time>
      </trkpt>
      <trkpt lat="46.194959" lon="11.510853">
        <ele>2265.246119</ele>
        <time>2026-05-24T08:26:23.000Z</time>
      </trkpt>
      <trkpt lat="46.194961" lon="11.510849">
        <ele>2265.272821</ele>
        <time>2026-05-24T08:26:24.000Z</time>
      </trkpt>
      <trkpt lat="46.194969" lon="11.510806">
        <ele>2265.513777</ele>
        <time>2026-05-24T08:26:33.000Z</time>
      </trkpt>
      <trkpt lat="46.194971" lon="11.510799">
        <ele>2265.554758</ele>
        <time>2026-05-24T08:26:38.000Z</time>
      </trkpt>
      <trkpt lat="46.194976" lon="11.510789">
        <ele>2265.621515</ele>
        <time>2026-05-24T08:26:40.000Z</time>
      </trkpt>
      <trkpt lat="46.195002" lon="11.510757">
        <ele>2265.888543</ele>
        <time>2026-05-24T08:26:44.000Z</time>
      </trkpt>
      <trkpt lat="46.195018" lon="11.510736">
        <ele>2266.057543</ele>
        <time>2026-05-24T08:26:46.000Z</time>
      </trkpt>
      <trkpt lat="46.195024" lon="11.510725">
        <ele>2266.133330</ele>
        <time>2026-05-24T08:26:47.000Z</time>
      </trkpt>
      <trkpt lat="46.195064" lon="11.510678">
        <ele>2266.536419</ele>
        <time>2026-05-24T08:26:53.000Z</time>
      </trkpt>
      <trkpt lat="46.195064" lon="11.510646">
        <ele>2266.709588</ele>
        <time>2026-05-24T08:26:56.000Z</time>
      </trkpt>
      <trkpt lat="46.195065" lon="11.510618">
        <ele>2266.861313</ele>
        <time>2026-05-24T08:27:03.000Z</time>
      </trkpt>
      <trkpt lat="46.195067" lon="11.510597">
        <ele>2266.976026</ele>
        <time>2026-05-24T08:27:05.000Z</time>
      </trkpt>
      <trkpt lat="46.195069" lon="11.510591">
        <ele>2267.012064</ele>
        <time>2026-05-24T08:27:09.000Z</time>
      </trkpt>
      <trkpt lat="46.195077" lon="11.510560">
        <ele>2267.191102</ele>
        <time>2026-05-24T08:27:15.000Z</time>
      </trkpt>
      <trkpt lat="46.195107" lon="11.510526">
        <ele>2267.489196</ele>
        <time>2026-05-24T08:27:24.000Z</time>
      </trkpt>
      <trkpt lat="46.195143" lon="11.510500">
        <ele>2267.803849</ele>
        <time>2026-05-24T08:27:32.000Z</time>
      </trkpt>
      <trkpt lat="46.195157" lon="11.510482">
        <ele>2267.950367</ele>
        <time>2026-05-24T08:27:35.000Z</time>
      </trkpt>
      <trkpt lat="46.195176" lon="11.510441">
        <ele>2268.217371</ele>
        <time>2026-05-24T08:27:39.000Z</time>
      </trkpt>
      <trkpt lat="46.195180" lon="11.510430">
        <ele>2268.284612</ele>
        <time>2026-05-24T08:27:40.000Z</time>
      </trkpt>
      <trkpt lat="46.195182" lon="11.510411">
        <ele>2268.388614</ele>
        <time>2026-05-24T08:27:42.000Z</time>
      </trkpt>
      <trkpt lat="46.195200" lon="11.510378">
        <ele>2268.615976</ele>
        <time>2026-05-24T08:27:48.000Z</time>
      </trkpt>
      <trkpt lat="46.195230" lon="11.510367">
        <ele>2268.857947</ele>
        <time>2026-05-24T08:27:54.000Z</time>
      </trkpt>
      <trkpt lat="46.195268" lon="11.510342">
        <ele>2269.184380</ele>
        <time>2026-05-24T08:28:00.000Z</time>
      </trkpt>
      <trkpt lat="46.195264" lon="11.510343">
        <ele>2269.216116</ele>
        <time>2026-05-24T08:28:01.000Z</time>
      </trkpt>
      <trkpt lat="46.195274" lon="11.510324">
        <ele>2269.345281</ele>
        <time>2026-05-24T08:28:05.000Z</time>
      </trkpt>
      <trkpt lat="46.195291" lon="11.510297">
        <ele>2269.542795</ele>
        <time>2026-05-24T08:28:07.000Z</time>
      </trkpt>
      <trkpt lat="46.195307" lon="11.510260">
        <ele>2269.778882</ele>
        <time>2026-05-24T08:28:12.000Z</time>
      </trkpt>
      <trkpt lat="46.195355" lon="11.510210">
        <ele>2270.241515</ele>
        <time>2026-05-24T08:28:19.000Z</time>
      </trkpt>
      <trkpt lat="46.195372" lon="11.510198">
        <ele>2270.389435</ele>
        <time>2026-05-24T08:28:22.000Z</time>
      </trkpt>
      <trkpt lat="46.195410" lon="11.510166">
        <ele>2270.733299</ele>
        <time>2026-05-24T08:28:28.000Z</time>
      </trkpt>
      <trkpt lat="46.195422" lon="11.510157">
        <ele>2270.839002</ele>
        <time>2026-05-24T08:28:31.000Z</time>
      </trkpt>
      <trkpt lat="46.195426" lon="11.510159">
        <ele>2270.872093</ele>
        <time>2026-05-24T08:28:34.000Z</time>
      </trkpt>
      <trkpt lat="46.195440" lon="11.510145">
        <ele>2271.005206</ele>
        <time>2026-05-24T08:28:36.000Z</time>
      </trkpt>
      <trkpt lat="46.195482" lon="11.510137">
        <ele>2271.336397</ele>
        <time>2026-05-24T08:28:42.000Z</time>
      </trkpt>
      <trkpt lat="46.195494" lon="11.510133">
        <ele>2271.432676</ele>
        <time>2026-05-24T08:28:43.000Z</time>
      </trkpt>
      <trkpt lat="46.195551" lon="11.510084">
        <ele>2271.832096</ele>
        <time>2026-05-24T08:28:51.000Z</time>
      </trkpt>
      <trkpt lat="46.195604" lon="11.510006">
        <ele>2272.158941</ele>
        <time>2026-05-24T08:28:58.000Z</time>
      </trkpt>
      <trkpt lat="46.195642" lon="11.509945">
        <ele>2272.404344</ele>
        <time>2026-05-24T08:29:04.000Z</time>
      </trkpt>
      <trkpt lat="46.195651" lon="11.509931">
        <ele>2272.461478</ele>
        <time>2026-05-24T08:29:06.000Z</time>
      </trkpt>
      <trkpt lat="46.195653" lon="11.509921">
        <ele>2272.492605</ele>
        <time>2026-05-24T08:29:08.000Z</time>
      </trkpt>
      <trkpt lat="46.195643" lon="11.509902">
        <ele>2272.563980</ele>
        <time>2026-05-24T08:29:13.000Z</time>
      </trkpt>
      <trkpt lat="46.195659" lon="11.509862">
        <ele>2272.702128</ele>
        <time>2026-05-24T08:29:17.000Z</time>
      </trkpt>
      <trkpt lat="46.195684" lon="11.509820">
        <ele>2272.867772</ele>
        <time>2026-05-24T08:29:21.000Z</time>
      </trkpt>
      <trkpt lat="46.195721" lon="11.509767">
        <ele>2273.092867</ele>
        <time>2026-05-24T08:29:27.000Z</time>
      </trkpt>
      <trkpt lat="46.195725" lon="11.509761">
        <ele>2273.117777</ele>
        <time>2026-05-24T08:29:28.000Z</time>
      </trkpt>
      <trkpt lat="46.195737" lon="11.509729">
        <ele>2273.226608</ele>
        <time>2026-05-24T08:29:32.000Z</time>
      </trkpt>
      <trkpt lat="46.195765" lon="11.509698">
        <ele>2273.379005</ele>
        <time>2026-05-24T08:29:36.000Z</time>
      </trkpt>
      <trkpt lat="46.195787" lon="11.509681">
        <ele>2273.486788</ele>
        <time>2026-05-24T08:29:38.000Z</time>
      </trkpt>
      <trkpt lat="46.195857" lon="11.509631">
        <ele>2273.824134</ele>
        <time>2026-05-24T08:29:43.000Z</time>
      </trkpt>
      <trkpt lat="46.195960" lon="11.509550">
        <ele>2274.330753</ele>
        <time>2026-05-24T08:29:52.000Z</time>
      </trkpt>
      <trkpt lat="46.196033" lon="11.509450">
        <ele>2274.765349</ele>
        <time>2026-05-24T08:29:58.000Z</time>
      </trkpt>
      <trkpt lat="46.196058" lon="11.509432">
        <ele>2274.886019</ele>
        <time>2026-05-24T08:30:00.000Z</time>
      </trkpt>
      <trkpt lat="46.196124" lon="11.509357">
        <ele>2275.248778</ele>
        <time>2026-05-24T08:30:06.000Z</time>
      </trkpt>
      <trkpt lat="46.196134" lon="11.509344">
        <ele>2275.306894</ele>
        <time>2026-05-24T08:30:07.000Z</time>
      </trkpt>
      <trkpt lat="46.196204" lon="11.509223">
        <ele>2275.778451</ele>
        <time>2026-05-24T08:30:15.000Z</time>
      </trkpt>
      <trkpt lat="46.196246" lon="11.509145">
        <ele>2276.073956</ele>
        <time>2026-05-24T08:30:21.000Z</time>
      </trkpt>
      <trkpt lat="46.196255" lon="11.509133">
        <ele>2276.126865</ele>
        <time>2026-05-24T08:30:22.000Z</time>
      </trkpt>
      <trkpt lat="46.196313" lon="11.509111">
        <ele>2276.385920</ele>
        <time>2026-05-24T08:30:28.000Z</time>
      </trkpt>
      <trkpt lat="46.196332" lon="11.509109">
        <ele>2276.468219</ele>
        <time>2026-05-24T08:30:30.000Z</time>
      </trkpt>
      <trkpt lat="46.196410" lon="11.509090">
        <ele>2276.809939</ele>
        <time>2026-05-24T08:30:37.000Z</time>
      </trkpt>
      <trkpt lat="46.196416" lon="11.509082">
        <ele>2276.845211</ele>
        <time>2026-05-24T08:30:38.000Z</time>
      </trkpt>
      <trkpt lat="46.196425" lon="11.509052">
        <ele>2276.942983</ele>
        <time>2026-05-24T08:30:40.000Z</time>
      </trkpt>
      <trkpt lat="46.196442" lon="11.509020">
        <ele>2277.063606</ele>
        <time>2026-05-24T08:30:42.000Z</time>
      </trkpt>
      <trkpt lat="46.196459" lon="11.508988">
        <ele>2277.184229</ele>
        <time>2026-05-24T08:30:44.000Z</time>
      </trkpt>
      <trkpt lat="46.196522" lon="11.508887">
        <ele>2277.590785</ele>
        <time>2026-05-24T08:30:51.000Z</time>
      </trkpt>
      <trkpt lat="46.196597" lon="11.508775">
        <ele>2278.056772</ele>
        <time>2026-05-24T08:30:59.000Z</time>
      </trkpt>
      <trkpt lat="46.196641" lon="11.508653">
        <ele>2278.468136</ele>
        <time>2026-05-24T08:31:07.000Z</time>
      </trkpt>
      <trkpt lat="46.196646" lon="11.508634">
        <ele>2278.528919</ele>
        <time>2026-05-24T08:31:08.000Z</time>
      </trkpt>
      <trkpt lat="46.196652" lon="11.508561">
        <ele>2278.748742</ele>
        <time>2026-05-24T08:31:12.000Z</time>
      </trkpt>
      <trkpt lat="46.196662" lon="11.508507">
        <ele>2278.915896</ele>
        <time>2026-05-24T08:31:14.000Z</time>
      </trkpt>
      <trkpt lat="46.196678" lon="11.508460">
        <ele>2279.072517</ele>
        <time>2026-05-24T08:31:16.000Z</time>
      </trkpt>
      <trkpt lat="46.196715" lon="11.508395">
        <ele>2279.324168</ele>
        <time>2026-05-24T08:31:21.000Z</time>
      </trkpt>
      <trkpt lat="46.196741" lon="11.508367">
        <ele>2279.459424</ele>
        <time>2026-05-24T08:31:24.000Z</time>
      </trkpt>
      <trkpt lat="46.196765" lon="11.508352">
        <ele>2279.512103</ele>
        <time>2026-05-24T08:31:27.000Z</time>
      </trkpt>
      <trkpt lat="46.196810" lon="11.508339">
        <ele>2279.604553</ele>
        <time>2026-05-24T08:31:33.000Z</time>
      </trkpt>
      <trkpt lat="46.196846" lon="11.508324">
        <ele>2279.680033</ele>
        <time>2026-05-24T08:31:39.000Z</time>
      </trkpt>
      <trkpt lat="46.196851" lon="11.508323">
        <ele>2279.690202</ele>
        <time>2026-05-24T08:31:40.000Z</time>
      </trkpt>
      <trkpt lat="46.196892" lon="11.508311">
        <ele>2279.774476</ele>
        <time>2026-05-24T08:31:48.000Z</time>
      </trkpt>
      <trkpt lat="46.196908" lon="11.508309">
        <ele>2279.806830</ele>
        <time>2026-05-24T08:31:50.000Z</time>
      </trkpt>
      <trkpt lat="46.196922" lon="11.508303">
        <ele>2279.836248</ele>
        <time>2026-05-24T08:31:53.000Z</time>
      </trkpt>
      <trkpt lat="46.196930" lon="11.508298">
        <ele>2279.853808</ele>
        <time>2026-05-24T08:31:54.000Z</time>
      </trkpt>
      <trkpt lat="46.196991" lon="11.508249">
        <ele>2279.994414</ele>
        <time>2026-05-24T08:32:01.000Z</time>
      </trkpt>
      <trkpt lat="46.197076" lon="11.508225">
        <ele>2280.168891</ele>
        <time>2026-05-24T08:32:09.000Z</time>
      </trkpt>
      <trkpt lat="46.197123" lon="11.508190">
        <ele>2280.275413</ele>
        <time>2026-05-24T08:32:13.000Z</time>
      </trkpt>
      <trkpt lat="46.197172" lon="11.508168">
        <ele>2280.378783</ele>
        <time>2026-05-24T08:32:17.000Z</time>
      </trkpt>
      <trkpt lat="46.197203" lon="11.508168">
        <ele>2280.441234</ele>
        <time>2026-05-24T08:32:22.000Z</time>
      </trkpt>
      <trkpt lat="46.197279" lon="11.508112">
        <ele>2280.613104</ele>
        <time>2026-05-24T08:32:29.000Z</time>
      </trkpt>
      <trkpt lat="46.197354" lon="11.508018">
        <ele>2280.813128</ele>
        <time>2026-05-24T08:32:36.000Z</time>
      </trkpt>
      <trkpt lat="46.197422" lon="11.507915">
        <ele>2281.011609</ele>
        <time>2026-05-24T08:32:43.000Z</time>
      </trkpt>
      <trkpt lat="46.197441" lon="11.507901">
        <ele>2281.054576</ele>
        <time>2026-05-24T08:32:45.000Z</time>
      </trkpt>
      <trkpt lat="46.197476" lon="11.507882">
        <ele>2281.129899</ele>
        <time>2026-05-24T08:32:48.000Z</time>
      </trkpt>
      <trkpt lat="46.197487" lon="11.507873">
        <ele>2281.155366</ele>
        <time>2026-05-24T08:32:49.000Z</time>
      </trkpt>
      <trkpt lat="46.197525" lon="11.507838">
        <ele>2281.246153</ele>
        <time>2026-05-24T08:32:54.000Z</time>
      </trkpt>
      <trkpt lat="46.197565" lon="11.507822">
        <ele>2281.329766</ele>
        <time>2026-05-24T08:32:58.000Z</time>
      </trkpt>
      <trkpt lat="46.197627" lon="11.507778">
        <ele>2281.468924</ele>
        <time>2026-05-24T08:33:06.000Z</time>
      </trkpt>
      <trkpt lat="46.197709" lon="11.507720">
        <ele>2281.652853</ele>
        <time>2026-05-24T08:33:15.000Z</time>
      </trkpt>
      <trkpt lat="46.197756" lon="11.507655">
        <ele>2281.783926</ele>
        <time>2026-05-24T08:33:22.000Z</time>
      </trkpt>
      <trkpt lat="46.197792" lon="11.507603">
        <ele>2281.886481</ele>
        <time>2026-05-24T08:33:27.000Z</time>
      </trkpt>
      <trkpt lat="46.197806" lon="11.507589">
        <ele>2281.920781</ele>
        <time>2026-05-24T08:33:29.000Z</time>
      </trkpt>
      <trkpt lat="46.197841" lon="11.507550">
        <ele>2282.009826</ele>
        <time>2026-05-24T08:33:34.000Z</time>
      </trkpt>
      <trkpt lat="46.197860" lon="11.507535">
        <ele>2282.053445</ele>
        <time>2026-05-24T08:33:37.000Z</time>
      </trkpt>
      <trkpt lat="46.197903" lon="11.507462">
        <ele>2282.187107</ele>
        <time>2026-05-24T08:33:44.000Z</time>
      </trkpt>
      <trkpt lat="46.197930" lon="11.507400">
        <ele>2282.289249</ele>
        <time>2026-05-24T08:33:51.000Z</time>
      </trkpt>
      <trkpt lat="46.197972" lon="11.507361">
        <ele>2282.389829</ele>
        <time>2026-05-24T08:33:57.000Z</time>
      </trkpt>
      <trkpt lat="46.197997" lon="11.507355">
        <ele>2282.440883</ele>
        <time>2026-05-24T08:34:00.000Z</time>
      </trkpt>
      <trkpt lat="46.198037" lon="11.507332">
        <ele>2282.527613</ele>
        <time>2026-05-24T08:34:04.000Z</time>
      </trkpt>
      <trkpt lat="46.198062" lon="11.507316">
        <ele>2282.582697</ele>
        <time>2026-05-24T08:34:06.000Z</time>
      </trkpt>
      <trkpt lat="46.198095" lon="11.507284">
        <ele>2282.662764</ele>
        <time>2026-05-24T08:34:10.000Z</time>
      </trkpt>
      <trkpt lat="46.198115" lon="11.507253">
        <ele>2282.721856</ele>
        <time>2026-05-24T08:34:13.000Z</time>
      </trkpt>
      <trkpt lat="46.198130" lon="11.507214">
        <ele>2282.784070</ele>
        <time>2026-05-24T08:34:21.000Z</time>
      </trkpt>
      <trkpt lat="46.198151" lon="11.507191">
        <ele>2282.837158</ele>
        <time>2026-05-24T08:34:26.000Z</time>
      </trkpt>
      <trkpt lat="46.198173" lon="11.507162">
        <ele>2282.897154</ele>
        <time>2026-05-24T08:34:35.000Z</time>
      </trkpt>
      <trkpt lat="46.198209" lon="11.507106">
        <ele>2283.003724</ele>
        <time>2026-05-24T08:34:41.000Z</time>
      </trkpt>
      <trkpt lat="46.198232" lon="11.507047">
        <ele>2283.108080</ele>
        <time>2026-05-24T08:34:49.000Z</time>
      </trkpt>
      <trkpt lat="46.198256" lon="11.507004">
        <ele>2283.224378</ele>
        <time>2026-05-24T08:34:56.000Z</time>
      </trkpt>
      <trkpt lat="46.198276" lon="11.506974">
        <ele>2283.312072</ele>
        <time>2026-05-24T08:35:00.000Z</time>
      </trkpt>
      <trkpt lat="46.198288" lon="11.506956">
        <ele>2283.364689</ele>
        <time>2026-05-24T08:35:04.000Z</time>
      </trkpt>
      <trkpt lat="46.198335" lon="11.506912">
        <ele>2283.535040</ele>
        <time>2026-05-24T08:35:13.000Z</time>
      </trkpt>
      <trkpt lat="46.198353" lon="11.506885">
        <ele>2283.613965</ele>
        <time>2026-05-24T08:35:19.000Z</time>
      </trkpt>
      <trkpt lat="46.198400" lon="11.506829">
        <ele>2283.799272</ele>
        <time>2026-05-24T08:35:26.000Z</time>
      </trkpt>
      <trkpt lat="46.198410" lon="11.506820">
        <ele>2283.835108</ele>
        <time>2026-05-24T08:35:27.000Z</time>
      </trkpt>
      <trkpt lat="46.198440" lon="11.506767">
        <ele>2283.979255</ele>
        <time>2026-05-24T08:35:33.000Z</time>
      </trkpt>
      <trkpt lat="46.198465" lon="11.506734">
        <ele>2284.082258</ele>
        <time>2026-05-24T08:35:39.000Z</time>
      </trkpt>
      <trkpt lat="46.198474" lon="11.506726">
        <ele>2284.114400</ele>
        <time>2026-05-24T08:35:40.000Z</time>
      </trkpt>
      <trkpt lat="46.198529" lon="11.506701">
        <ele>2284.289780</ele>
        <time>2026-05-24T08:35:48.000Z</time>
      </trkpt>
      <trkpt lat="46.198540" lon="11.506700">
        <ele>2284.323305</ele>
        <time>2026-05-24T08:35:50.000Z</time>
      </trkpt>
      <trkpt lat="46.198542" lon="11.506694">
        <ele>2284.337326</ele>
        <time>2026-05-24T08:35:55.000Z</time>
      </trkpt>
      <trkpt lat="46.198561" lon="11.506671">
        <ele>2284.412724</ele>
        <time>2026-05-24T08:36:02.000Z</time>
      </trkpt>
      <trkpt lat="46.198581" lon="11.506659">
        <ele>2284.478597</ele>
        <time>2026-05-24T08:36:10.000Z</time>
      </trkpt>
      <trkpt lat="46.198595" lon="11.506652">
        <ele>2284.523659</ele>
        <time>2026-05-24T08:36:18.000Z</time>
      </trkpt>
      <trkpt lat="46.198594" lon="11.506642">
        <ele>2284.544931</ele>
        <time>2026-05-24T08:36:24.000Z</time>
      </trkpt>
      <trkpt lat="46.198599" lon="11.506637">
        <ele>2284.563428</ele>
        <time>2026-05-24T08:36:26.000Z</time>
      </trkpt>
      <trkpt lat="46.198598" lon="11.506634">
        <ele>2284.570438</ele>
        <time>2026-05-24T08:36:32.000Z</time>
      </trkpt>
      <trkpt lat="46.198592" lon="11.506621">
        <ele>2284.603335</ele>
        <time>2026-05-24T08:36:35.000Z</time>
      </trkpt>
      <trkpt lat="46.198593" lon="11.506593">
        <ele>2284.662364</ele>
        <time>2026-05-24T08:36:41.000Z</time>
      </trkpt>
      <trkpt lat="46.198600" lon="11.506571">
        <ele>2284.713341</ele>
        <time>2026-05-24T08:36:43.000Z</time>
      </trkpt>
      <trkpt lat="46.198645" lon="11.506527">
        <ele>2284.878620</ele>
        <time>2026-05-24T08:36:49.000Z</time>
      </trkpt>
      <trkpt lat="46.198685" lon="11.506498">
        <ele>2285.014750</ele>
        <time>2026-05-24T08:36:54.000Z</time>
      </trkpt>
      <trkpt lat="46.198696" lon="11.506484">
        <ele>2285.059340</ele>
        <time>2026-05-24T08:36:56.000Z</time>
      </trkpt>
      <trkpt lat="46.198744" lon="11.506422">
        <ele>2285.255186</ele>
        <time>2026-05-24T08:37:03.000Z</time>
      </trkpt>
      <trkpt lat="46.198752" lon="11.506413">
        <ele>2285.286027</ele>
        <time>2026-05-24T08:37:04.000Z</time>
      </trkpt>
      <trkpt lat="46.198758" lon="11.506403">
        <ele>2285.313890</ele>
        <time>2026-05-24T08:37:05.000Z</time>
      </trkpt>
      <trkpt lat="46.198759" lon="11.506387">
        <ele>2285.347713</ele>
        <time>2026-05-24T08:37:06.000Z</time>
      </trkpt>
      <trkpt lat="46.198772" lon="11.506362">
        <ele>2285.413546</ele>
        <time>2026-05-24T08:37:10.000Z</time>
      </trkpt>
      <trkpt lat="46.198827" lon="11.506329">
        <ele>2285.594695</ele>
        <time>2026-05-24T08:37:18.000Z</time>
      </trkpt>
      <trkpt lat="46.198899" lon="11.506295">
        <ele>2285.825101</ele>
        <time>2026-05-24T08:37:26.000Z</time>
      </trkpt>
      <trkpt lat="46.198931" lon="11.506226">
        <ele>2285.999966</ele>
        <time>2026-05-24T08:37:33.000Z</time>
      </trkpt>
      <trkpt lat="46.198956" lon="11.506219">
        <ele>2286.077424</ele>
        <time>2026-05-24T08:37:38.000Z</time>
      </trkpt>
      <trkpt lat="46.199010" lon="11.506187">
        <ele>2286.254958</ele>
        <time>2026-05-24T08:37:45.000Z</time>
      </trkpt>
      <trkpt lat="46.199041" lon="11.506194">
        <ele>2286.350396</ele>
        <time>2026-05-24T08:37:48.000Z</time>
      </trkpt>
      <trkpt lat="46.199084" lon="11.506195">
        <ele>2286.481208</ele>
        <time>2026-05-24T08:37:53.000Z</time>
      </trkpt>
      <trkpt lat="46.199107" lon="11.506181">
        <ele>2286.557123</ele>
        <time>2026-05-24T08:37:57.000Z</time>
      </trkpt>
      <trkpt lat="46.199125" lon="11.506170">
        <ele>2286.616571</ele>
        <time>2026-05-24T08:38:00.000Z</time>
      </trkpt>
      <trkpt lat="46.199180" lon="11.506165">
        <ele>2286.784197</ele>
        <time>2026-05-24T08:38:05.000Z</time>
      </trkpt>
      <trkpt lat="46.199268" lon="11.506137">
        <ele>2287.058285</ele>
        <time>2026-05-24T08:38:13.000Z</time>
      </trkpt>
      <trkpt lat="46.199291" lon="11.506120">
        <ele>2287.136868</ele>
        <time>2026-05-24T08:38:16.000Z</time>
      </trkpt>
      <trkpt lat="46.199374" lon="11.506068">
        <ele>2287.412047</ele>
        <time>2026-05-24T08:38:24.000Z</time>
      </trkpt>
      <trkpt lat="46.199460" lon="11.505994">
        <ele>2287.716516</ele>
        <time>2026-05-24T08:38:32.000Z</time>
      </trkpt>
      <trkpt lat="46.199477" lon="11.505979">
        <ele>2287.777106</ele>
        <time>2026-05-24T08:38:35.000Z</time>
      </trkpt>
      <trkpt lat="46.199494" lon="11.505957">
        <ele>2287.846526</ele>
        <time>2026-05-24T08:38:40.000Z</time>
      </trkpt>
      <trkpt lat="46.199507" lon="11.505942">
        <ele>2287.897132</ele>
        <time>2026-05-24T08:38:45.000Z</time>
      </trkpt>
      <trkpt lat="46.199567" lon="11.505891">
        <ele>2288.108878</ele>
        <time>2026-05-24T08:38:52.000Z</time>
      </trkpt>
      <trkpt lat="46.199610" lon="11.505869">
        <ele>2288.247632</ele>
        <time>2026-05-24T08:38:57.000Z</time>
      </trkpt>
      <trkpt lat="46.199612" lon="11.505863">
        <ele>2288.261652</ele>
        <time>2026-05-24T08:38:58.000Z</time>
      </trkpt>
      <trkpt lat="46.199627" lon="11.505851">
        <ele>2288.313806</ele>
        <time>2026-05-24T08:39:04.000Z</time>
      </trkpt>
      <trkpt lat="46.199701" lon="11.505830">
        <ele>2288.543196</ele>
        <time>2026-05-24T08:39:12.000Z</time>
      </trkpt>
      <trkpt lat="46.199739" lon="11.505781">
        <ele>2288.964702</ele>
        <time>2026-05-24T08:39:20.000Z</time>
      </trkpt>
      <trkpt lat="46.199802" lon="11.505692">
        <ele>2289.713952</ele>
        <time>2026-05-24T08:39:29.000Z</time>
      </trkpt>
      <trkpt lat="46.199811" lon="11.505687">
        <ele>2289.795945</ele>
        <time>2026-05-24T08:39:30.000Z</time>
      </trkpt>
      <trkpt lat="46.199850" lon="11.505683">
        <ele>2290.128412</ele>
        <time>2026-05-24T08:39:36.000Z</time>
      </trkpt>
      <trkpt lat="46.199917" lon="11.505645">
        <ele>2290.740467</ele>
        <time>2026-05-24T08:39:45.000Z</time>
      </trkpt>
      <trkpt lat="46.199939" lon="11.505633">
        <ele>2290.940429</ele>
        <time>2026-05-24T08:39:49.000Z</time>
      </trkpt>
      <trkpt lat="46.199959" lon="11.505609">
        <ele>2291.161508</ele>
        <time>2026-05-24T08:39:53.000Z</time>
      </trkpt>
      <trkpt lat="46.199975" lon="11.505598">
        <ele>2291.312181</ele>
        <time>2026-05-24T08:39:57.000Z</time>
      </trkpt>
      <trkpt lat="46.199987" lon="11.505584">
        <ele>2291.443336</ele>
        <time>2026-05-24T08:39:59.000Z</time>
      </trkpt>
      <trkpt lat="46.199994" lon="11.505580">
        <ele>2291.507347</ele>
        <time>2026-05-24T08:40:00.000Z</time>
      </trkpt>
      <trkpt lat="46.200010" lon="11.505568">
        <ele>2291.660640</ele>
        <time>2026-05-24T08:40:02.000Z</time>
      </trkpt>
      <trkpt lat="46.200060" lon="11.505531">
        <ele>2292.138334</ele>
        <time>2026-05-24T08:40:08.000Z</time>
      </trkpt>
      <trkpt lat="46.200072" lon="11.505513">
        <ele>2292.285425</ele>
        <time>2026-05-24T08:40:11.000Z</time>
      </trkpt>
      <trkpt lat="46.200086" lon="11.505477">
        <ele>2292.528459</ele>
        <time>2026-05-24T08:40:16.000Z</time>
      </trkpt>
      <trkpt lat="46.200143" lon="11.505412">
        <ele>2293.145939</ele>
        <time>2026-05-24T08:40:25.000Z</time>
      </trkpt>
      <trkpt lat="46.200189" lon="11.505353">
        <ele>2293.668992</ele>
        <time>2026-05-24T08:40:32.000Z</time>
      </trkpt>
      <trkpt lat="46.200201" lon="11.505338">
        <ele>2293.803922</ele>
        <time>2026-05-24T08:40:34.000Z</time>
      </trkpt>
      <trkpt lat="46.200217" lon="11.505320">
        <ele>2293.976358</ele>
        <time>2026-05-24T08:40:38.000Z</time>
      </trkpt>
      <trkpt lat="46.200220" lon="11.505317">
        <ele>2294.007383</ele>
        <time>2026-05-24T08:40:40.000Z</time>
      </trkpt>
      <trkpt lat="46.200251" lon="11.505283">
        <ele>2294.338338</ele>
        <time>2026-05-24T08:40:46.000Z</time>
      </trkpt>
      <trkpt lat="46.200276" lon="11.505266">
        <ele>2294.573292</ele>
        <time>2026-05-24T08:40:49.000Z</time>
      </trkpt>
      <trkpt lat="46.200302" lon="11.505257">
        <ele>2294.800637</ele>
        <time>2026-05-24T08:40:53.000Z</time>
      </trkpt>
      <trkpt lat="46.200364" lon="11.505215">
        <ele>2295.382922</ele>
        <time>2026-05-24T08:40:59.000Z</time>
      </trkpt>
      <trkpt lat="46.200379" lon="11.505200">
        <ele>2295.538045</ele>
        <time>2026-05-24T08:41:02.000Z</time>
      </trkpt>
      <trkpt lat="46.200408" lon="11.505172">
        <ele>2295.834639</ele>
        <time>2026-05-24T08:41:05.000Z</time>
      </trkpt>
      <trkpt lat="46.200452" lon="11.505138">
        <ele>2296.258940</ele>
        <time>2026-05-24T08:41:09.000Z</time>
      </trkpt>
      <trkpt lat="46.200486" lon="11.505098">
        <ele>2296.631781</ele>
        <time>2026-05-24T08:41:16.000Z</time>
      </trkpt>
      <trkpt lat="46.200501" lon="11.505085">
        <ele>2296.780520</ele>
        <time>2026-05-24T08:41:18.000Z</time>
      </trkpt>
      <trkpt lat="46.200515" lon="11.505068">
        <ele>2296.936029</ele>
        <time>2026-05-24T08:41:21.000Z</time>
      </trkpt>
      <trkpt lat="46.200561" lon="11.505015">
        <ele>2297.436334</ele>
        <time>2026-05-24T08:41:28.000Z</time>
      </trkpt>
      <trkpt lat="46.200591" lon="11.504974">
        <ele>2297.787483</ele>
        <time>2026-05-24T08:41:34.000Z</time>
      </trkpt>
      <trkpt lat="46.200626" lon="11.504903">
        <ele>2298.300507</ele>
        <time>2026-05-24T08:41:41.000Z</time>
      </trkpt>
      <trkpt lat="46.200637" lon="11.504891">
        <ele>2298.417713</ele>
        <time>2026-05-24T08:41:42.000Z</time>
      </trkpt>
      <trkpt lat="46.200701" lon="11.504823">
        <ele>2299.093246</ele>
        <time>2026-05-24T08:41:49.000Z</time>
      </trkpt>
      <trkpt lat="46.200715" lon="11.504797">
        <ele>2299.287123</ele>
        <time>2026-05-24T08:41:51.000Z</time>
      </trkpt>
      <trkpt lat="46.200738" lon="11.504726">
        <ele>2299.748497</ele>
        <time>2026-05-24T08:41:56.000Z</time>
      </trkpt>
      <trkpt lat="46.200745" lon="11.504706">
        <ele>2299.880401</ele>
        <time>2026-05-24T08:41:58.000Z</time>
      </trkpt>
      <trkpt lat="46.200762" lon="11.504641">
        <ele>2300.289359</ele>
        <time>2026-05-24T08:42:03.000Z</time>
      </trkpt>
      <trkpt lat="46.200767" lon="11.504552">
        <ele>2300.814891</ele>
        <time>2026-05-24T08:42:09.000Z</time>
      </trkpt>
      <trkpt lat="46.200779" lon="11.504474">
        <ele>2301.285163</ele>
        <time>2026-05-24T08:42:15.000Z</time>
      </trkpt>
      <trkpt lat="46.200784" lon="11.504461">
        <ele>2301.372694</ele>
        <time>2026-05-24T08:42:16.000Z</time>
      </trkpt>
      <trkpt lat="46.200797" lon="11.504431">
        <ele>2301.581009</ele>
        <time>2026-05-24T08:42:19.000Z</time>
      </trkpt>
      <trkpt lat="46.200817" lon="11.504387">
        <ele>2301.890822</ele>
        <time>2026-05-24T08:42:23.000Z</time>
      </trkpt>
      <trkpt lat="46.200818" lon="11.504374">
        <ele>2301.967804</ele>
        <time>2026-05-24T08:42:24.000Z</time>
      </trkpt>
      <trkpt lat="46.200824" lon="11.504321">
        <ele>2302.283880</ele>
        <time>2026-05-24T08:42:27.000Z</time>
      </trkpt>
      <trkpt lat="46.200837" lon="11.504276">
        <ele>2302.570871</ele>
        <time>2026-05-24T08:42:30.000Z</time>
      </trkpt>
      <trkpt lat="46.200844" lon="11.504240">
        <ele>2302.790950</ele>
        <time>2026-05-24T08:42:33.000Z</time>
      </trkpt>
      <trkpt lat="46.200856" lon="11.504183">
        <ele>2303.141598</ele>
        <time>2026-05-24T08:42:38.000Z</time>
      </trkpt>
      <trkpt lat="46.200863" lon="11.504147">
        <ele>2303.361678</ele>
        <time>2026-05-24T08:42:41.000Z</time>
      </trkpt>
      <trkpt lat="46.200870" lon="11.504090">
        <ele>2303.702390</ele>
        <time>2026-05-24T08:42:45.000Z</time>
      </trkpt>
      <trkpt lat="46.200876" lon="11.504081">
        <ele>2303.775935</ele>
        <time>2026-05-24T08:42:46.000Z</time>
      </trkpt>
      <trkpt lat="46.200912" lon="11.504032">
        <ele>2304.348755</ele>
        <time>2026-05-24T08:42:52.000Z</time>
      </trkpt>
      <trkpt lat="46.200958" lon="11.504009">
        <ele>2304.941571</ele>
        <time>2026-05-24T08:42:59.000Z</time>
      </trkpt>
      <trkpt lat="46.201023" lon="11.503975">
        <ele>2305.783465</ele>
        <time>2026-05-24T08:43:06.000Z</time>
      </trkpt>
      <trkpt lat="46.201031" lon="11.503972">
        <ele>2305.884123</ele>
        <time>2026-05-24T08:43:08.000Z</time>
      </trkpt>
      <trkpt lat="46.201046" lon="11.503973">
        <ele>2306.066997</ele>
        <time>2026-05-24T08:43:13.000Z</time>
      </trkpt>
      <trkpt lat="46.201083" lon="11.503946">
        <ele>2306.571819</ele>
        <time>2026-05-24T08:43:20.000Z</time>
      </trkpt>
      <trkpt lat="46.201128" lon="11.503899">
        <ele>2307.248059</ele>
        <time>2026-05-24T08:43:27.000Z</time>
      </trkpt>
      <trkpt lat="46.201135" lon="11.503893">
        <ele>2307.347183</ele>
        <time>2026-05-24T08:43:28.000Z</time>
      </trkpt>
      <trkpt lat="46.201143" lon="11.503883">
        <ele>2307.476014</ele>
        <time>2026-05-24T08:43:32.000Z</time>
      </trkpt>
      <trkpt lat="46.201149" lon="11.503884">
        <ele>2307.549571</ele>
        <time>2026-05-24T08:43:34.000Z</time>
      </trkpt>
      <trkpt lat="46.201177" lon="11.503885">
        <ele>2307.890677</ele>
        <time>2026-05-24T08:43:38.000Z</time>
      </trkpt>
      <trkpt lat="46.201188" lon="11.503885">
        <ele>2308.024642</ele>
        <time>2026-05-24T08:43:41.000Z</time>
      </trkpt>
      <trkpt lat="46.201201" lon="11.503873">
        <ele>2308.212518</ele>
        <time>2026-05-24T08:43:44.000Z</time>
      </trkpt>
      <trkpt lat="46.201220" lon="11.503855">
        <ele>2308.489220</ele>
        <time>2026-05-24T08:43:48.000Z</time>
      </trkpt>
      <trkpt lat="46.201284" lon="11.503774">
        <ele>2309.525407</ele>
        <time>2026-05-24T08:43:56.000Z</time>
      </trkpt>
      <trkpt lat="46.201308" lon="11.503701">
        <ele>2310.206628</ele>
        <time>2026-05-24T08:44:02.000Z</time>
      </trkpt>
      <trkpt lat="46.201313" lon="11.503673">
        <ele>2310.450374</ele>
        <time>2026-05-24T08:44:05.000Z</time>
      </trkpt>
      <trkpt lat="46.201295" lon="11.503648">
        <ele>2310.754450</ele>
        <time>2026-05-24T08:44:09.000Z</time>
      </trkpt>
      <trkpt lat="46.201299" lon="11.503632">
        <ele>2310.897845</ele>
        <time>2026-05-24T08:44:10.000Z</time>
      </trkpt>
      <trkpt lat="46.201323" lon="11.503568">
        <ele>2311.511406</ele>
        <time>2026-05-24T08:44:13.000Z</time>
      </trkpt>
      <trkpt lat="46.201348" lon="11.503541">
        <ele>2311.891532</ele>
        <time>2026-05-24T08:44:15.000Z</time>
      </trkpt>
      <trkpt lat="46.201375" lon="11.503522">
        <ele>2312.257283</ele>
        <time>2026-05-24T08:44:19.000Z</time>
      </trkpt>
      <trkpt lat="46.201379" lon="11.503515">
        <ele>2312.333799</ele>
        <time>2026-05-24T08:44:20.000Z</time>
      </trkpt>
      <trkpt lat="46.201390" lon="11.503501">
        <ele>2312.512328</ele>
        <time>2026-05-24T08:44:21.000Z</time>
      </trkpt>
      <trkpt lat="46.201413" lon="11.503496">
        <ele>2312.795590</ele>
        <time>2026-05-24T08:44:28.000Z</time>
      </trkpt>
      <trkpt lat="46.201407" lon="11.503506">
        <ele>2312.907145</ele>
        <time>2026-05-24T08:44:35.000Z</time>
      </trkpt>
      <trkpt lat="46.201402" lon="11.503509">
        <ele>2312.973080</ele>
        <time>2026-05-24T08:44:37.000Z</time>
      </trkpt>
      <trkpt lat="46.201409" lon="11.503507">
        <ele>2313.059981</ele>
        <time>2026-05-24T08:44:44.000Z</time>
      </trkpt>
      <trkpt lat="46.201415" lon="11.503505">
        <ele>2313.134973</ele>
        <time>2026-05-24T08:44:51.000Z</time>
      </trkpt>
      <trkpt lat="46.201414" lon="11.503502">
        <ele>2313.163040</ele>
        <time>2026-05-24T08:45:02.000Z</time>
      </trkpt>
      <trkpt lat="46.201415" lon="11.503504">
        <ele>2313.183837</ele>
        <time>2026-05-24T08:45:03.000Z</time>
      </trkpt>
      <trkpt lat="46.201407" lon="11.503514">
        <ele>2313.312669</ele>
        <time>2026-05-24T08:45:08.000Z</time>
      </trkpt>
      <trkpt lat="46.201432" lon="11.503520">
        <ele>2313.621307</ele>
        <time>2026-05-24T08:45:12.000Z</time>
      </trkpt>
      <trkpt lat="46.201443" lon="11.503521">
        <ele>2313.755537</ele>
        <time>2026-05-24T08:45:14.000Z</time>
      </trkpt>
      <trkpt lat="46.201450" lon="11.503561">
        <ele>2314.103314</ele>
        <time>2026-05-24T08:45:19.000Z</time>
      </trkpt>
      <trkpt lat="46.201444" lon="11.503574">
        <ele>2314.235022</ele>
        <time>2026-05-24T08:45:21.000Z</time>
      </trkpt>
      <trkpt lat="46.201450" lon="11.503604">
        <ele>2314.498242</ele>
        <time>2026-05-24T08:45:24.000Z</time>
      </trkpt>
      <trkpt lat="46.201458" lon="11.503628">
        <ele>2314.722781</ele>
        <time>2026-05-24T08:45:27.000Z</time>
      </trkpt>
      <trkpt lat="46.201459" lon="11.503640">
        <ele>2314.824661</ele>
        <time>2026-05-24T08:45:29.000Z</time>
      </trkpt>
      <trkpt lat="46.201463" lon="11.503679">
        <ele>2315.156988</ele>
        <time>2026-05-24T08:45:33.000Z</time>
      </trkpt>
      <trkpt lat="46.201466" lon="11.503697">
        <ele>2315.313049</ele>
        <time>2026-05-24T08:45:35.000Z</time>
      </trkpt>
      <trkpt lat="46.201469" lon="11.503709">
        <ele>2315.420595</ele>
        <time>2026-05-24T08:45:36.000Z</time>
      </trkpt>
      <trkpt lat="46.201472" lon="11.503727">
        <ele>2315.576657</ele>
        <time>2026-05-24T08:45:38.000Z</time>
      </trkpt>
      <trkpt lat="46.201485" lon="11.503758">
        <ele>2315.882182</ele>
        <time>2026-05-24T08:45:42.000Z</time>
      </trkpt>
      <trkpt lat="46.201495" lon="11.503767">
        <ele>2316.025664</ele>
        <time>2026-05-24T08:45:44.000Z</time>
      </trkpt>
      <trkpt lat="46.201518" lon="11.503789">
        <ele>2316.361594</ele>
        <time>2026-05-24T08:45:48.000Z</time>
      </trkpt>
      <trkpt lat="46.201543" lon="11.503812">
        <ele>2316.722545</ele>
        <time>2026-05-24T08:45:52.000Z</time>
      </trkpt>
      <trkpt lat="46.201552" lon="11.503824">
        <ele>2316.871693</ele>
        <time>2026-05-24T08:45:54.000Z</time>
      </trkpt>
      <trkpt lat="46.201562" lon="11.503843">
        <ele>2317.072892</ele>
        <time>2026-05-24T08:45:56.000Z</time>
      </trkpt>
      <trkpt lat="46.201570" lon="11.503858">
        <ele>2317.232513</ele>
        <time>2026-05-24T08:45:58.000Z</time>
      </trkpt>
      <trkpt lat="46.201588" lon="11.503884">
        <ele>2317.542489</ele>
        <time>2026-05-24T08:46:02.000Z</time>
      </trkpt>
      <trkpt lat="46.201593" lon="11.503885">
        <ele>2317.603963</ele>
        <time>2026-05-24T08:46:03.000Z</time>
      </trkpt>
      <trkpt lat="46.201633" lon="11.503884">
        <ele>2318.091182</ele>
        <time>2026-05-24T08:46:08.000Z</time>
      </trkpt>
      <trkpt lat="46.201652" lon="11.503890">
        <ele>2318.328039</ele>
        <time>2026-05-24T08:46:10.000Z</time>
      </trkpt>
      <trkpt lat="46.201659" lon="11.503897">
        <ele>2318.431717</ele>
        <time>2026-05-24T08:46:11.000Z</time>
      </trkpt>
      <trkpt lat="46.201675" lon="11.503902">
        <ele>2318.631081</ele>
        <time>2026-05-24T08:46:13.000Z</time>
      </trkpt>
      <trkpt lat="46.201685" lon="11.503908">
        <ele>2318.762951</ele>
        <time>2026-05-24T08:46:14.000Z</time>
      </trkpt>
      <trkpt lat="46.201694" lon="11.503918">
        <ele>2318.901222</ele>
        <time>2026-05-24T08:46:16.000Z</time>
      </trkpt>
      <trkpt lat="46.201706" lon="11.503927">
        <ele>2319.065883</ele>
        <time>2026-05-24T08:46:18.000Z</time>
      </trkpt>
      <trkpt lat="46.201722" lon="11.503935">
        <ele>2319.272079</ele>
        <time>2026-05-24T08:46:20.000Z</time>
      </trkpt>
      <trkpt lat="46.201791" lon="11.503937">
        <ele>2320.112575</ele>
        <time>2026-05-24T08:46:26.000Z</time>
      </trkpt>
      <trkpt lat="46.201795" lon="11.503936">
        <ele>2320.162014</ele>
        <time>2026-05-24T08:46:27.000Z</time>
      </trkpt>
      <trkpt lat="46.201834" lon="11.503940">
        <ele>2320.638177</ele>
        <time>2026-05-24T08:46:32.000Z</time>
      </trkpt>
      <trkpt lat="46.201840" lon="11.503944">
        <ele>2320.718652</ele>
        <time>2026-05-24T08:46:33.000Z</time>
      </trkpt>
      <trkpt lat="46.201859" lon="11.503953">
        <ele>2320.962165</ele>
        <time>2026-05-24T08:46:36.000Z</time>
      </trkpt>
      <trkpt lat="46.201891" lon="11.503965">
        <ele>2321.364794</ele>
        <time>2026-05-24T08:46:41.000Z</time>
      </trkpt>
      <trkpt lat="46.201918" lon="11.503977">
        <ele>2321.708823</ele>
        <time>2026-05-24T08:46:44.000Z</time>
      </trkpt>
      <trkpt lat="46.201946" lon="11.503985">
        <ele>2322.056429</ele>
        <time>2026-05-24T08:46:47.000Z</time>
      </trkpt>
      <trkpt lat="46.201965" lon="11.503989">
        <ele>2322.290267</ele>
        <time>2026-05-24T08:46:49.000Z</time>
      </trkpt>
      <trkpt lat="46.201987" lon="11.504002">
        <ele>2322.579738</ele>
        <time>2026-05-24T08:46:51.000Z</time>
      </trkpt>
      <trkpt lat="46.202015" lon="11.504013">
        <ele>2322.933121</ele>
        <time>2026-05-24T08:46:54.000Z</time>
      </trkpt>
      <trkpt lat="46.202042" lon="11.504018">
        <ele>2323.264635</ele>
        <time>2026-05-24T08:46:56.000Z</time>
      </trkpt>
      <trkpt lat="46.202133" lon="11.504023">
        <ele>2324.373693</ele>
        <time>2026-05-24T08:47:04.000Z</time>
      </trkpt>
      <trkpt lat="46.202202" lon="11.504007">
        <ele>2325.224774</ele>
        <time>2026-05-24T08:47:10.000Z</time>
      </trkpt>
      <trkpt lat="46.202235" lon="11.503973">
        <ele>2325.718385</ele>
        <time>2026-05-24T08:47:16.000Z</time>
      </trkpt>
      <trkpt lat="46.202234" lon="11.503977">
        <ele>2325.762621</ele>
        <time>2026-05-24T08:47:25.000Z</time>
      </trkpt>
      <trkpt lat="46.202241" lon="11.503977">
        <ele>2325.992602</ele>
        <time>2026-05-24T08:47:27.000Z</time>
      </trkpt>
      <trkpt lat="46.202275" lon="11.504008">
        <ele>2327.313476</ele>
        <time>2026-05-24T08:47:35.000Z</time>
      </trkpt>
      <trkpt lat="46.202283" lon="11.504027">
        <ele>2327.819186</ele>
        <time>2026-05-24T08:47:42.000Z</time>
      </trkpt>
      <trkpt lat="46.202277" lon="11.504033">
        <ele>2328.058922</ele>
        <time>2026-05-24T08:47:47.000Z</time>
      </trkpt>
      <trkpt lat="46.202278" lon="11.504041">
        <ele>2328.243778</ele>
        <time>2026-05-24T08:47:48.000Z</time>
      </trkpt>
      <trkpt lat="46.202278" lon="11.504050">
        <ele>2328.448430</ele>
        <time>2026-05-24T08:47:50.000Z</time>
      </trkpt>
      <trkpt lat="46.202277" lon="11.504050">
        <ele>2328.481284</ele>
        <time>2026-05-24T08:47:51.000Z</time>
      </trkpt>
      <trkpt lat="46.202273" lon="11.504049">
        <ele>2328.614655</ele>
        <time>2026-05-24T08:47:53.000Z</time>
      </trkpt>
      <trkpt lat="46.202283" lon="11.504028">
        <ele>2329.194282</ele>
        <time>2026-05-24T08:47:59.000Z</time>
      </trkpt>
      <trkpt lat="46.202288" lon="11.504032">
        <ele>2329.382054</ele>
        <time>2026-05-24T08:48:03.000Z</time>
      </trkpt>
      <trkpt lat="46.202290" lon="11.504037">
        <ele>2329.513372</ele>
        <time>2026-05-24T08:48:06.000Z</time>
      </trkpt>
      <trkpt lat="46.202298" lon="11.504041">
        <ele>2329.791501</ele>
        <time>2026-05-24T08:48:15.000Z</time>
      </trkpt>
      <trkpt lat="46.202290" lon="11.504040">
        <ele>2330.055319</ele>
        <time>2026-05-24T08:48:30.000Z</time>
      </trkpt>
      <trkpt lat="46.202302" lon="11.504074">
        <ele>2330.923169</ele>
        <time>2026-05-24T08:48:36.000Z</time>
      </trkpt>
      <trkpt lat="46.202306" lon="11.504095">
        <ele>2331.418443</ele>
        <time>2026-05-24T08:48:38.000Z</time>
      </trkpt>
      <trkpt lat="46.202302" lon="11.504097">
        <ele>2331.557507</ele>
        <time>2026-05-24T08:48:42.000Z</time>
      </trkpt>
      <trkpt lat="46.202303" lon="11.504101">
        <ele>2331.654215</ele>
        <time>2026-05-24T08:48:43.000Z</time>
      </trkpt>
      <trkpt lat="46.202292" lon="11.504120">
        <ele>2332.217482</ele>
        <time>2026-05-24T08:48:51.000Z</time>
      </trkpt>
      <trkpt lat="46.202289" lon="11.504122">
        <ele>2332.326032</ele>
        <time>2026-05-24T08:48:52.000Z</time>
      </trkpt>
      <trkpt lat="46.202276" lon="11.504121">
        <ele>2332.753745</ele>
        <time>2026-05-24T08:48:59.000Z</time>
      </trkpt>
      <trkpt lat="46.202270" lon="11.504119">
        <ele>2332.956050</ele>
        <time>2026-05-24T08:49:00.000Z</time>
      </trkpt>
      <trkpt lat="46.202262" lon="11.504102">
        <ele>2333.423506</ele>
        <time>2026-05-24T08:49:05.000Z</time>
      </trkpt>
      <trkpt lat="46.202259" lon="11.504098">
        <ele>2333.557625</ele>
        <time>2026-05-24T08:49:07.000Z</time>
      </trkpt>
      <trkpt lat="46.202248" lon="11.504104">
        <ele>2333.943920</ele>
        <time>2026-05-24T08:49:15.000Z</time>
      </trkpt>
      <trkpt lat="46.202254" lon="11.504106">
        <ele>2334.146225</ele>
        <time>2026-05-24T08:49:16.000Z</time>
      </trkpt>
      <trkpt lat="46.202254" lon="11.504107">
        <ele>2334.168964</ele>
        <time>2026-05-24T08:49:17.000Z</time>
      </trkpt>
      <trkpt lat="46.202234" lon="11.504130">
        <ele>2335.008782</ele>
        <time>2026-05-24T08:49:22.000Z</time>
      </trkpt>
      <trkpt lat="46.202233" lon="11.504135">
        <ele>2335.127129</ele>
        <time>2026-05-24T08:49:23.000Z</time>
      </trkpt>
      <trkpt lat="46.202224" lon="11.504156">
        <ele>2335.688787</ele>
        <time>2026-05-24T08:49:31.000Z</time>
      </trkpt>
      <trkpt lat="46.202210" lon="11.504160">
        <ele>2336.157657</ele>
        <time>2026-05-24T08:49:35.000Z</time>
      </trkpt>
      <trkpt lat="46.202201" lon="11.504159">
        <ele>2336.454220</ele>
        <time>2026-05-24T08:49:37.000Z</time>
      </trkpt>
      <trkpt lat="46.202191" lon="11.504157">
        <ele>2336.785898</ele>
        <time>2026-05-24T08:49:39.000Z</time>
      </trkpt>
      <trkpt lat="46.202194" lon="11.504152">
        <ele>2336.936368</ele>
        <time>2026-05-24T08:49:43.000Z</time>
      </trkpt>
      <trkpt lat="46.202164" lon="11.504168">
        <ele>2337.987009</ele>
        <time>2026-05-24T08:49:49.000Z</time>
      </trkpt>
      <trkpt lat="46.202139" lon="11.504178">
        <ele>2338.839266</ele>
        <time>2026-05-24T08:49:52.000Z</time>
      </trkpt>
      <trkpt lat="46.202131" lon="11.504180">
        <ele>2339.106008</ele>
        <time>2026-05-24T08:49:53.000Z</time>
      </trkpt>
      <trkpt lat="46.202095" lon="11.504200">
        <ele>2340.373191</ele>
        <time>2026-05-24T08:49:57.000Z</time>
      </trkpt>
      <trkpt lat="46.202041" lon="11.504224">
        <ele>2342.229373</ele>
        <time>2026-05-24T08:50:03.000Z</time>
      </trkpt>
      <trkpt lat="46.202020" lon="11.504230">
        <ele>2342.932678</ele>
        <time>2026-05-24T08:50:06.000Z</time>
      </trkpt>
      <trkpt lat="46.202006" lon="11.504241">
        <ele>2343.456254</ele>
        <time>2026-05-24T08:50:08.000Z</time>
      </trkpt>
      <trkpt lat="46.201986" lon="11.504244">
        <ele>2344.116875</ele>
        <time>2026-05-24T08:50:12.000Z</time>
      </trkpt>
      <trkpt lat="46.201967" lon="11.504252">
        <ele>2344.767077</ele>
        <time>2026-05-24T08:50:14.000Z</time>
      </trkpt>
      <trkpt lat="46.201936" lon="11.504255">
        <ele>2345.787848</ele>
        <time>2026-05-24T08:50:18.000Z</time>
      </trkpt>
      <trkpt lat="46.201918" lon="11.504260">
        <ele>2346.390059</ele>
        <time>2026-05-24T08:50:21.000Z</time>
      </trkpt>
      <trkpt lat="46.201904" lon="11.504259">
        <ele>2346.850584</ele>
        <time>2026-05-24T08:50:24.000Z</time>
      </trkpt>
      <trkpt lat="46.201892" lon="11.504265">
        <ele>2347.267778</ele>
        <time>2026-05-24T08:50:26.000Z</time>
      </trkpt>
      <trkpt lat="46.201881" lon="11.504271">
        <ele>2347.654073</ele>
        <time>2026-05-24T08:50:29.000Z</time>
      </trkpt>
      <trkpt lat="46.201845" lon="11.504265">
        <ele>2348.844678</ele>
        <time>2026-05-24T08:50:34.000Z</time>
      </trkpt>
      <trkpt lat="46.201840" lon="11.504262">
        <ele>2349.022552</ele>
        <time>2026-05-24T08:50:35.000Z</time>
      </trkpt>
      <trkpt lat="46.201838" lon="11.504263">
        <ele>2349.092085</ele>
        <time>2026-05-24T08:50:36.000Z</time>
      </trkpt>
      <trkpt lat="46.201836" lon="11.504266">
        <ele>2349.186802</ele>
        <time>2026-05-24T08:50:37.000Z</time>
      </trkpt>
      <trkpt lat="46.201838" lon="11.504275">
        <ele>2349.401745</ele>
        <time>2026-05-24T08:50:38.000Z</time>
      </trkpt>
      <trkpt lat="46.201842" lon="11.504283">
        <ele>2349.626163</ele>
        <time>2026-05-24T08:50:39.000Z</time>
      </trkpt>
      <trkpt lat="46.201830" lon="11.504287">
        <ele>2350.030773</ele>
        <time>2026-05-24T08:50:43.000Z</time>
      </trkpt>
      <trkpt lat="46.201820" lon="11.504287">
        <ele>2350.359318</ele>
        <time>2026-05-24T08:50:44.000Z</time>
      </trkpt>
      <trkpt lat="46.201787" lon="11.504275">
        <ele>2351.477327</ele>
        <time>2026-05-24T08:50:48.000Z</time>
      </trkpt>
      <trkpt lat="46.201770" lon="11.504261">
        <ele>2352.120210</ele>
        <time>2026-05-24T08:50:51.000Z</time>
      </trkpt>
      <trkpt lat="46.201763" lon="11.504254">
        <ele>2352.399903</ele>
        <time>2026-05-24T08:50:54.000Z</time>
      </trkpt>
      <trkpt lat="46.201762" lon="11.504263">
        <ele>2352.607177</ele>
        <time>2026-05-24T08:50:55.000Z</time>
      </trkpt>
      <trkpt lat="46.201755" lon="11.504293">
        <ele>2353.327079</ele>
        <time>2026-05-24T08:50:59.000Z</time>
      </trkpt>
      <trkpt lat="46.201722" lon="11.504316">
        <ele>2354.530831</ele>
        <time>2026-05-24T08:51:03.000Z</time>
      </trkpt>
      <trkpt lat="46.201710" lon="11.504329">
        <ele>2355.023601</ele>
        <time>2026-05-24T08:51:05.000Z</time>
      </trkpt>
      <trkpt lat="46.201674" lon="11.504370">
        <ele>2356.529632</ele>
        <time>2026-05-24T08:51:10.000Z</time>
      </trkpt>
      <trkpt lat="46.201672" lon="11.504374">
        <ele>2356.641841</ele>
        <time>2026-05-24T08:51:12.000Z</time>
      </trkpt>
      <trkpt lat="46.201643" lon="11.504416">
        <ele>2357.990883</ele>
        <time>2026-05-24T08:51:17.000Z</time>
      </trkpt>
      <trkpt lat="46.201643" lon="11.504447">
        <ele>2358.695803</ele>
        <time>2026-05-24T08:51:22.000Z</time>
      </trkpt>
      <trkpt lat="46.201645" lon="11.504447">
        <ele>2358.761512</ele>
        <time>2026-05-24T08:51:23.000Z</time>
      </trkpt>
      <trkpt lat="46.201660" lon="11.504426">
        <ele>2359.447733</ele>
        <time>2026-05-24T08:51:26.000Z</time>
      </trkpt>
      <trkpt lat="46.201683" lon="11.504415">
        <ele>2360.243709</ele>
        <time>2026-05-24T08:51:30.000Z</time>
      </trkpt>
      <trkpt lat="46.201688" lon="11.504415">
        <ele>2360.407982</ele>
        <time>2026-05-24T08:51:31.000Z</time>
      </trkpt>
      <trkpt lat="46.201713" lon="11.504408">
        <ele>2361.244626</ele>
        <time>2026-05-24T08:51:34.000Z</time>
      </trkpt>
      <trkpt lat="46.201726" lon="11.504406">
        <ele>2361.674149</ele>
        <time>2026-05-24T08:51:37.000Z</time>
      </trkpt>
      <trkpt lat="46.201730" lon="11.504404">
        <ele>2361.813213</ele>
        <time>2026-05-24T08:51:39.000Z</time>
      </trkpt>
      <trkpt lat="46.201746" lon="11.504397">
        <ele>2362.362456</ele>
        <time>2026-05-24T08:51:44.000Z</time>
      </trkpt>
      <trkpt lat="46.201764" lon="11.504381">
        <ele>2363.056792</ele>
        <time>2026-05-24T08:51:48.000Z</time>
      </trkpt>
      <trkpt lat="46.201774" lon="11.504376">
        <ele>2363.404454</ele>
        <time>2026-05-24T08:51:54.000Z</time>
      </trkpt>
      <trkpt lat="46.201788" lon="11.504376">
        <ele>2363.864417</ele>
        <time>2026-05-24T08:51:57.000Z</time>
      </trkpt>
      <trkpt lat="46.201800" lon="11.504417">
        <ele>2364.876661</ele>
        <time>2026-05-24T08:52:05.000Z</time>
      </trkpt>
      <trkpt lat="46.201804" lon="11.504431">
        <ele>2365.221069</ele>
        <time>2026-05-24T08:52:08.000Z</time>
      </trkpt>
      <trkpt lat="46.201791" lon="11.504440">
        <ele>2365.694678</ele>
        <time>2026-05-24T08:52:12.000Z</time>
      </trkpt>
      <trkpt lat="46.201785" lon="11.504440">
        <ele>2365.891805</ele>
        <time>2026-05-24T08:52:13.000Z</time>
      </trkpt>
      <trkpt lat="46.201768" lon="11.504455">
        <ele>2366.546246</ele>
        <time>2026-05-24T08:52:16.000Z</time>
      </trkpt>
      <trkpt lat="46.201784" lon="11.504449">
        <ele>2367.089335</ele>
        <time>2026-05-24T08:52:19.000Z</time>
      </trkpt>
      <trkpt lat="46.201812" lon="11.504451">
        <ele>2368.010384</ele>
        <time>2026-05-24T08:52:24.000Z</time>
      </trkpt>
      <trkpt lat="46.201816" lon="11.504466">
        <ele>2368.375914</ele>
        <time>2026-05-24T08:52:27.000Z</time>
      </trkpt>
      <trkpt lat="46.201816" lon="11.504473">
        <ele>2368.535089</ele>
        <time>2026-05-24T08:52:28.000Z</time>
      </trkpt>
      <trkpt lat="46.201820" lon="11.504498">
        <ele>2369.118563</ele>
        <time>2026-05-24T08:52:37.000Z</time>
      </trkpt>
      <trkpt lat="46.201833" lon="11.504507">
        <ele>2369.592171</ele>
        <time>2026-05-24T08:52:41.000Z</time>
      </trkpt>
      <trkpt lat="46.201844" lon="11.504509">
        <ele>2369.956421</ele>
        <time>2026-05-24T08:52:43.000Z</time>
      </trkpt>
      <trkpt lat="46.201852" lon="11.504516">
        <ele>2370.263698</ele>
        <time>2026-05-24T08:52:44.000Z</time>
      </trkpt>
      <trkpt lat="46.201856" lon="11.504522">
        <ele>2370.453133</ele>
        <time>2026-05-24T08:52:45.000Z</time>
      </trkpt>
      <trkpt lat="46.201861" lon="11.504527">
        <ele>2370.652913</ele>
        <time>2026-05-24T08:52:46.000Z</time>
      </trkpt>
      <trkpt lat="46.201873" lon="11.504535">
        <ele>2371.087112</ele>
        <time>2026-05-24T08:52:48.000Z</time>
      </trkpt>
      <trkpt lat="46.201880" lon="11.504549">
        <ele>2371.479843</ele>
        <time>2026-05-24T08:52:51.000Z</time>
      </trkpt>
      <trkpt lat="46.201880" lon="11.504558">
        <ele>2371.684496</ele>
        <time>2026-05-24T08:52:53.000Z</time>
      </trkpt>
      <trkpt lat="46.201896" lon="11.504582">
        <ele>2372.442233</ele>
        <time>2026-05-24T08:52:57.000Z</time>
      </trkpt>
      <trkpt lat="46.201900" lon="11.504589">
        <ele>2372.648648</ele>
        <time>2026-05-24T08:52:58.000Z</time>
      </trkpt>
      <trkpt lat="46.201904" lon="11.504591">
        <ele>2372.787713</ele>
        <time>2026-05-24T08:52:59.000Z</time>
      </trkpt>
      <trkpt lat="46.201910" lon="11.504591">
        <ele>2372.984840</ele>
        <time>2026-05-24T08:53:00.000Z</time>
      </trkpt>
      <trkpt lat="46.201913" lon="11.504595">
        <ele>2373.118959</ele>
        <time>2026-05-24T08:53:01.000Z</time>
      </trkpt>
      <trkpt lat="46.201924" lon="11.504596">
        <ele>2373.481073</ele>
        <time>2026-05-24T08:53:03.000Z</time>
      </trkpt>
      <trkpt lat="46.201941" lon="11.504615">
        <ele>2374.187200</ele>
        <time>2026-05-24T08:53:08.000Z</time>
      </trkpt>
      <trkpt lat="46.201945" lon="11.504612">
        <ele>2374.335268</ele>
        <time>2026-05-24T08:53:11.000Z</time>
      </trkpt>
      <trkpt lat="46.201944" lon="11.504608">
        <ele>2374.431977</ele>
        <time>2026-05-24T08:53:12.000Z</time>
      </trkpt>
      <trkpt lat="46.201944" lon="11.504608">
        <ele>2374.431977</ele>
        <time>2026-05-24T08:53:13.000Z</time>
      </trkpt>
      <trkpt lat="46.201918" lon="11.504634">
        <ele>2375.470835</ele>
        <time>2026-05-24T08:53:20.000Z</time>
      </trkpt>
      <trkpt lat="46.201917" lon="11.504637">
        <ele>2375.546552</ele>
        <time>2026-05-24T08:53:21.000Z</time>
      </trkpt>
      <trkpt lat="46.201913" lon="11.504632">
        <ele>2375.720327</ele>
        <time>2026-05-24T08:53:24.000Z</time>
      </trkpt>
      <trkpt lat="46.201907" lon="11.504645">
        <ele>2376.075635</ele>
        <time>2026-05-24T08:53:28.000Z</time>
      </trkpt>
      <trkpt lat="46.201907" lon="11.504645">
        <ele>2376.075635</ele>
        <time>2026-05-24T08:53:30.000Z</time>
      </trkpt>
      <trkpt lat="46.201909" lon="11.504644">
        <ele>2376.145168</ele>
        <time>2026-05-24T08:53:35.000Z</time>
      </trkpt>
      <trkpt lat="46.201902" lon="11.504655">
        <ele>2376.484958</ele>
        <time>2026-05-24T08:53:37.000Z</time>
      </trkpt>
      <trkpt lat="46.201900" lon="11.504672">
        <ele>2376.877069</ele>
        <time>2026-05-24T08:53:41.000Z</time>
      </trkpt>
      <trkpt lat="46.201895" lon="11.504679">
        <ele>2377.105809</ele>
        <time>2026-05-24T08:53:42.000Z</time>
      </trkpt>
      <trkpt lat="46.201892" lon="11.504683">
        <ele>2377.239928</ele>
        <time>2026-05-24T08:53:45.000Z</time>
      </trkpt>
      <trkpt lat="46.201895" lon="11.504686">
        <ele>2377.359797</ele>
        <time>2026-05-24T08:53:54.000Z</time>
      </trkpt>
      <trkpt lat="46.201892" lon="11.504686">
        <ele>2377.458360</ele>
        <time>2026-05-24T08:53:57.000Z</time>
      </trkpt>
      <trkpt lat="46.201886" lon="11.504679">
        <ele>2377.711729</ele>
        <time>2026-05-24T08:54:03.000Z</time>
      </trkpt>
      <trkpt lat="46.201887" lon="11.504678">
        <ele>2377.751685</ele>
        <time>2026-05-24T08:54:05.000Z</time>
      </trkpt>
      <trkpt lat="46.201886" lon="11.504685">
        <ele>2377.914215</ele>
        <time>2026-05-24T08:54:08.000Z</time>
      </trkpt>
      <trkpt lat="46.201886" lon="11.504692">
        <ele>2378.073389</ele>
        <time>2026-05-24T08:54:10.000Z</time>
      </trkpt>
      <trkpt lat="46.201887" lon="11.504700">
        <ele>2378.258246</ele>
        <time>2026-05-24T08:54:11.000Z</time>
      </trkpt>
      <trkpt lat="46.201888" lon="11.504712">
        <ele>2378.533088</ele>
        <time>2026-05-24T08:54:14.000Z</time>
      </trkpt>
      <trkpt lat="46.201877" lon="11.504708">
        <ele>2378.905757</ele>
        <time>2026-05-24T08:54:18.000Z</time>
      </trkpt>
      <trkpt lat="46.201876" lon="11.504707">
        <ele>2378.945714</ele>
        <time>2026-05-24T08:54:21.000Z</time>
      </trkpt>
      <trkpt lat="46.201882" lon="11.504708">
        <ele>2379.144148</ele>
        <time>2026-05-24T08:54:23.000Z</time>
      </trkpt>
      <trkpt lat="46.201878" lon="11.504710">
        <ele>2379.283212</ele>
        <time>2026-05-24T08:54:24.000Z</time>
      </trkpt>
      <trkpt lat="46.201904" lon="11.504721">
        <ele>2380.173298</ele>
        <time>2026-05-24T08:54:30.000Z</time>
      </trkpt>
      <trkpt lat="46.201936" lon="11.504721">
        <ele>2381.224642</ele>
        <time>2026-05-24T08:54:34.000Z</time>
      </trkpt>
      <trkpt lat="46.201968" lon="11.504714">
        <ele>2382.287967</ele>
        <time>2026-05-24T08:54:37.000Z</time>
      </trkpt>
      <trkpt lat="46.201981" lon="11.504730">
        <ele>2382.849030</ele>
        <time>2026-05-24T08:54:39.000Z</time>
      </trkpt>
      <trkpt lat="46.201992" lon="11.504758">
        <ele>2383.581145</ele>
        <time>2026-05-24T08:54:42.000Z</time>
      </trkpt>
      <trkpt lat="46.201993" lon="11.504771">
        <ele>2383.878575</ele>
        <time>2026-05-24T08:54:44.000Z</time>
      </trkpt>
      <trkpt lat="46.201991" lon="11.504776">
        <ele>2384.009893</ele>
        <time>2026-05-24T08:54:45.000Z</time>
      </trkpt>
      <trkpt lat="46.201988" lon="11.504782">
        <ele>2384.178206</ele>
        <time>2026-05-24T08:54:46.000Z</time>
      </trkpt>
      <trkpt lat="46.201978" lon="11.504786">
        <ele>2384.519109</ele>
        <time>2026-05-24T08:54:48.000Z</time>
      </trkpt>
      <trkpt lat="46.201954" lon="11.504790">
        <ele>2385.375178</ele>
        <time>2026-05-24T08:54:51.000Z</time>
      </trkpt>
      <trkpt lat="46.201941" lon="11.504788">
        <ele>2385.861659</ele>
        <time>2026-05-24T08:54:54.000Z</time>
      </trkpt>
      <trkpt lat="46.201938" lon="11.504789">
        <ele>2385.976226</ele>
        <time>2026-05-24T08:54:55.000Z</time>
      </trkpt>
      <trkpt lat="46.201913" lon="11.504793">
        <ele>2386.912195</ele>
        <time>2026-05-24T08:55:00.000Z</time>
      </trkpt>
      <trkpt lat="46.201890" lon="11.504797">
        <ele>2387.774233</ele>
        <time>2026-05-24T08:55:05.000Z</time>
      </trkpt>
      <trkpt lat="46.201890" lon="11.504803">
        <ele>2387.928761</ele>
        <time>2026-05-24T08:55:07.000Z</time>
      </trkpt>
      <trkpt lat="46.201903" lon="11.504806">
        <ele>2388.418640</ele>
        <time>2026-05-24T08:55:09.000Z</time>
      </trkpt>
      <trkpt lat="46.201908" lon="11.504824">
        <ele>2388.918167</ele>
        <time>2026-05-24T08:55:12.000Z</time>
      </trkpt>
      <trkpt lat="46.201902" lon="11.504830">
        <ele>2389.189694</ele>
        <time>2026-05-24T08:55:14.000Z</time>
      </trkpt>
      <trkpt lat="46.201902" lon="11.504832">
        <ele>2389.241204</ele>
        <time>2026-05-24T08:55:15.000Z</time>
      </trkpt>
      <trkpt lat="46.201875" lon="11.504861">
        <ele>2390.493111</ele>
        <time>2026-05-24T08:55:20.000Z</time>
      </trkpt>
      <trkpt lat="46.201870" lon="11.504873">
        <ele>2390.853850</ele>
        <time>2026-05-24T08:55:22.000Z</time>
      </trkpt>
      <trkpt lat="46.201848" lon="11.504895">
        <ele>2391.849453</ele>
        <time>2026-05-24T08:55:28.000Z</time>
      </trkpt>
      <trkpt lat="46.201846" lon="11.504895">
        <ele>2391.923875</ele>
        <time>2026-05-24T08:55:31.000Z</time>
      </trkpt>
      <trkpt lat="46.201842" lon="11.504900">
        <ele>2392.120694</ele>
        <time>2026-05-24T08:55:32.000Z</time>
      </trkpt>
      <trkpt lat="46.201841" lon="11.504915">
        <ele>2392.508802</ele>
        <time>2026-05-24T08:55:35.000Z</time>
      </trkpt>
      <trkpt lat="46.201839" lon="11.504930">
        <ele>2392.902226</ele>
        <time>2026-05-24T08:55:36.000Z</time>
      </trkpt>
      <trkpt lat="46.201829" lon="11.504946">
        <ele>2393.457450</ele>
        <time>2026-05-24T08:55:40.000Z</time>
      </trkpt>
      <trkpt lat="46.201823" lon="11.504944">
        <ele>2393.686583</ele>
        <time>2026-05-24T08:55:42.000Z</time>
      </trkpt>
      <trkpt lat="46.201802" lon="11.504974">
        <ele>2394.785500</ele>
        <time>2026-05-24T08:55:47.000Z</time>
      </trkpt>
      <trkpt lat="46.201798" lon="11.504984">
        <ele>2395.082965</ele>
        <time>2026-05-24T08:55:49.000Z</time>
      </trkpt>
      <trkpt lat="46.201789" lon="11.505033">
        <ele>2396.388628</ele>
        <time>2026-05-24T08:55:54.000Z</time>
      </trkpt>
      <trkpt lat="46.201793" lon="11.505043">
        <ele>2396.686093</ele>
        <time>2026-05-24T08:55:57.000Z</time>
      </trkpt>
      <trkpt lat="46.201799" lon="11.505061">
        <ele>2397.200640</ele>
        <time>2026-05-24T08:56:02.000Z</time>
      </trkpt>
      <trkpt lat="46.201795" lon="11.505065">
        <ele>2397.381659</ele>
        <time>2026-05-24T08:56:03.000Z</time>
      </trkpt>
      <trkpt lat="46.201793" lon="11.505076">
        <ele>2397.674573</ele>
        <time>2026-05-24T08:56:10.000Z</time>
      </trkpt>
      <trkpt lat="46.201785" lon="11.505100">
        <ele>2398.360637</ele>
        <time>2026-05-24T08:56:16.000Z</time>
      </trkpt>
      <trkpt lat="46.201785" lon="11.505103">
        <ele>2398.437901</ele>
        <time>2026-05-24T08:56:18.000Z</time>
      </trkpt>
      <trkpt lat="46.201782" lon="11.505114">
        <ele>2398.742404</ele>
        <time>2026-05-24T08:56:22.000Z</time>
      </trkpt>
      <trkpt lat="46.201778" lon="11.505110">
        <ele>2398.923423</ele>
        <time>2026-05-24T08:56:29.000Z</time>
      </trkpt>
      <trkpt lat="46.201782" lon="11.505136">
        <ele>2399.609389</ele>
        <time>2026-05-24T08:56:34.000Z</time>
      </trkpt>
      <trkpt lat="46.201780" lon="11.505140">
        <ele>2399.736478</ele>
        <time>2026-05-24T08:56:36.000Z</time>
      </trkpt>
      <trkpt lat="46.201777" lon="11.505168">
        <ele>2400.466200</ele>
        <time>2026-05-24T08:56:39.000Z</time>
      </trkpt>
      <trkpt lat="46.201762" lon="11.505189">
        <ele>2401.243420</ele>
        <time>2026-05-24T08:56:43.000Z</time>
      </trkpt>
      <trkpt lat="46.201762" lon="11.505198">
        <ele>2401.475213</ele>
        <time>2026-05-24T08:56:44.000Z</time>
      </trkpt>
      <trkpt lat="46.201765" lon="11.505218">
        <ele>2402.002265</ele>
        <time>2026-05-24T08:56:47.000Z</time>
      </trkpt>
      <trkpt lat="46.201767" lon="11.505240">
        <ele>2402.573736</ele>
        <time>2026-05-24T08:56:49.000Z</time>
      </trkpt>
      <trkpt lat="46.201769" lon="11.505263">
        <ele>2403.170752</ele>
        <time>2026-05-24T08:56:52.000Z</time>
      </trkpt>
      <trkpt lat="46.201775" lon="11.505277">
        <ele>2403.594847</ele>
        <time>2026-05-24T08:56:54.000Z</time>
      </trkpt>
      <trkpt lat="46.201789" lon="11.505289">
        <ele>2404.200581</ele>
        <time>2026-05-24T08:56:59.000Z</time>
      </trkpt>
      <trkpt lat="46.201784" lon="11.505303">
        <ele>2404.606321</ele>
        <time>2026-05-24T08:57:00.000Z</time>
      </trkpt>
      <trkpt lat="46.201772" lon="11.505312">
        <ele>2405.109433</ele>
        <time>2026-05-24T08:57:03.000Z</time>
      </trkpt>
      <trkpt lat="46.201759" lon="11.505313">
        <ele>2405.593865</ele>
        <time>2026-05-24T08:57:06.000Z</time>
      </trkpt>
      <trkpt lat="46.201744" lon="11.505331">
        <ele>2406.319444</ele>
        <time>2026-05-24T08:57:12.000Z</time>
      </trkpt>
      <trkpt lat="46.201750" lon="11.505335">
        <ele>2406.565333</ele>
        <time>2026-05-24T08:57:14.000Z</time>
      </trkpt>
      <trkpt lat="46.201753" lon="11.505337">
        <ele>2406.688277</ele>
        <time>2026-05-24T08:57:15.000Z</time>
      </trkpt>
      <trkpt lat="46.201754" lon="11.505349">
        <ele>2406.999566</ele>
        <time>2026-05-24T08:57:17.000Z</time>
      </trkpt>
      <trkpt lat="46.201752" lon="11.505364">
        <ele>2407.392991</ele>
        <time>2026-05-24T08:57:19.000Z</time>
      </trkpt>
      <trkpt lat="46.201747" lon="11.505386">
        <ele>2407.989361</ele>
        <time>2026-05-24T08:57:23.000Z</time>
      </trkpt>
      <trkpt lat="46.201744" lon="11.505412">
        <ele>2408.668225</ele>
        <time>2026-05-24T08:57:33.000Z</time>
      </trkpt>
      <trkpt lat="46.201745" lon="11.505412">
        <ele>2408.705437</ele>
        <time>2026-05-24T08:57:34.000Z</time>
      </trkpt>
      <trkpt lat="46.201746" lon="11.505415">
        <ele>2408.791195</ele>
        <time>2026-05-24T08:57:35.000Z</time>
      </trkpt>
      <trkpt lat="46.201758" lon="11.505445">
        <ele>2409.683590</ele>
        <time>2026-05-24T08:57:41.000Z</time>
      </trkpt>
      <trkpt lat="46.201758" lon="11.505445">
        <ele>2409.683590</ele>
        <time>2026-05-24T08:57:42.000Z</time>
      </trkpt>
      <trkpt lat="46.201756" lon="11.505473">
        <ele>2410.408553</ele>
        <time>2026-05-24T08:57:49.000Z</time>
      </trkpt>
      <trkpt lat="46.201757" lon="11.505484">
        <ele>2410.694288</ele>
        <time>2026-05-24T08:57:51.000Z</time>
      </trkpt>
      <trkpt lat="46.201760" lon="11.505491">
        <ele>2410.906336</ele>
        <time>2026-05-24T08:57:55.000Z</time>
      </trkpt>
      <trkpt lat="46.201765" lon="11.505494">
        <ele>2411.107798</ele>
        <time>2026-05-24T08:57:59.000Z</time>
      </trkpt>
      <trkpt lat="46.201743" lon="11.505498">
        <ele>2411.932903</ele>
        <time>2026-05-24T08:58:08.000Z</time>
      </trkpt>
      <trkpt lat="46.201742" lon="11.505496">
        <ele>2411.996447</ele>
        <time>2026-05-24T08:58:09.000Z</time>
      </trkpt>
      <trkpt lat="46.201726" lon="11.505529">
        <ele>2413.034147</ele>
        <time>2026-05-24T08:58:13.000Z</time>
      </trkpt>
      <trkpt lat="46.201724" lon="11.505533">
        <ele>2413.161236</ele>
        <time>2026-05-24T08:58:14.000Z</time>
      </trkpt>
      <trkpt lat="46.201730" lon="11.505550">
        <ele>2413.652707</ele>
        <time>2026-05-24T08:58:19.000Z</time>
      </trkpt>
      <trkpt lat="46.201743" lon="11.505555">
        <ele>2414.153301</ele>
        <time>2026-05-24T08:58:22.000Z</time>
      </trkpt>
      <trkpt lat="46.201747" lon="11.505562">
        <ele>2414.387089</ele>
        <time>2026-05-24T08:58:23.000Z</time>
      </trkpt>
      <trkpt lat="46.201755" lon="11.505580">
        <ele>2414.938025</ele>
        <time>2026-05-24T08:58:28.000Z</time>
      </trkpt>
      <trkpt lat="46.201756" lon="11.505593">
        <ele>2415.274898</ele>
        <time>2026-05-24T08:58:35.000Z</time>
      </trkpt>
      <trkpt lat="46.201755" lon="11.505594">
        <ele>2415.320153</ele>
        <time>2026-05-24T08:58:36.000Z</time>
      </trkpt>
      <trkpt lat="46.201741" lon="11.505612">
        <ele>2416.017511</ele>
        <time>2026-05-24T08:58:41.000Z</time>
      </trkpt>
      <trkpt lat="46.201738" lon="11.505609">
        <ele>2416.153276</ele>
        <time>2026-05-24T08:58:42.000Z</time>
      </trkpt>
      <trkpt lat="46.201735" lon="11.505606">
        <ele>2416.289040</ele>
        <time>2026-05-24T08:58:44.000Z</time>
      </trkpt>
      <trkpt lat="46.201716" lon="11.505606">
        <ele>2416.996055</ele>
        <time>2026-05-24T08:58:49.000Z</time>
      </trkpt>
      <trkpt lat="46.201712" lon="11.505604">
        <ele>2417.153561</ele>
        <time>2026-05-24T08:58:50.000Z</time>
      </trkpt>
      <trkpt lat="46.201708" lon="11.505619">
        <ele>2417.567564</ele>
        <time>2026-05-24T08:58:57.000Z</time>
      </trkpt>
      <trkpt lat="46.201709" lon="11.505625">
        <ele>2417.726510</ele>
        <time>2026-05-24T08:58:58.000Z</time>
      </trkpt>
      <trkpt lat="46.201706" lon="11.505630">
        <ele>2417.896935</ele>
        <time>2026-05-24T08:59:00.000Z</time>
      </trkpt>
      <trkpt lat="46.201696" lon="11.505639">
        <ele>2418.335337</ele>
        <time>2026-05-24T08:59:03.000Z</time>
      </trkpt>
      <trkpt lat="46.201684" lon="11.505657">
        <ele>2418.979003</ele>
        <time>2026-05-24T08:59:08.000Z</time>
      </trkpt>
      <trkpt lat="46.201680" lon="11.505663">
        <ele>2419.193558</ele>
        <time>2026-05-24T08:59:09.000Z</time>
      </trkpt>
      <trkpt lat="46.201672" lon="11.505678">
        <ele>2419.681271</ele>
        <time>2026-05-24T08:59:14.000Z</time>
      </trkpt>
      <trkpt lat="46.201667" lon="11.505685">
        <ele>2419.940345</ele>
        <time>2026-05-24T08:59:17.000Z</time>
      </trkpt>
      <trkpt lat="46.201667" lon="11.505685">
        <ele>2419.940345</ele>
        <time>2026-05-24T08:59:18.000Z</time>
      </trkpt>
      <trkpt lat="46.201650" lon="11.505708">
        <ele>2420.806984</ele>
        <time>2026-05-24T08:59:26.000Z</time>
      </trkpt>
      <trkpt lat="46.201654" lon="11.505716">
        <ele>2421.061163</ele>
        <time>2026-05-24T08:59:30.000Z</time>
      </trkpt>
      <trkpt lat="46.201658" lon="11.505731">
        <ele>2421.475167</ele>
        <time>2026-05-24T08:59:33.000Z</time>
      </trkpt>
      <trkpt lat="46.201657" lon="11.505731">
        <ele>2421.512378</ele>
        <time>2026-05-24T08:59:34.000Z</time>
      </trkpt>
      <trkpt lat="46.201631" lon="11.505745">
        <ele>2422.544877</ele>
        <time>2026-05-24T08:59:39.000Z</time>
      </trkpt>
      <trkpt lat="46.201625" lon="11.505749">
        <ele>2422.790766</ele>
        <time>2026-05-24T08:59:40.000Z</time>
      </trkpt>
      <trkpt lat="46.201646" lon="11.505762">
        <ele>2423.640909</ele>
        <time>2026-05-24T08:59:46.000Z</time>
      </trkpt>
      <trkpt lat="46.201650" lon="11.505764">
        <ele>2423.798415</ele>
        <time>2026-05-24T08:59:47.000Z</time>
      </trkpt>
      <trkpt lat="46.201671" lon="11.505767">
        <ele>2424.583663</ele>
        <time>2026-05-24T08:59:50.000Z</time>
      </trkpt>
      <trkpt lat="46.201676" lon="11.505782">
        <ele>2425.012454</ele>
        <time>2026-05-24T08:59:52.000Z</time>
      </trkpt>
      <trkpt lat="46.201671" lon="11.505792">
        <ele>2425.330177</ele>
        <time>2026-05-24T08:59:53.000Z</time>
      </trkpt>
      <trkpt lat="46.201667" lon="11.505796">
        <ele>2425.511196</ele>
        <time>2026-05-24T08:59:54.000Z</time>
      </trkpt>
      <trkpt lat="46.201627" lon="11.505834">
        <ele>2427.292574</ele>
        <time>2026-05-24T09:00:02.000Z</time>
      </trkpt>
      <trkpt lat="46.201638" lon="11.505850">
        <ele>2427.873395</ele>
        <time>2026-05-24T09:00:08.000Z</time>
      </trkpt>
      <trkpt lat="46.201647" lon="11.505851">
        <ele>2428.209286</ele>
        <time>2026-05-24T09:00:10.000Z</time>
      </trkpt>
      <trkpt lat="46.201652" lon="11.505851">
        <ele>2428.395343</ele>
        <time>2026-05-24T09:00:11.000Z</time>
      </trkpt>
      <trkpt lat="46.201657" lon="11.505860">
        <ele>2428.692572</ele>
        <time>2026-05-24T09:00:13.000Z</time>
      </trkpt>
      <trkpt lat="46.201659" lon="11.505867">
        <ele>2428.887612</ele>
        <time>2026-05-24T09:00:14.000Z</time>
      </trkpt>
      <trkpt lat="46.201658" lon="11.505873">
        <ele>2429.046558</ele>
        <time>2026-05-24T09:00:15.000Z</time>
      </trkpt>
      <trkpt lat="46.201654" lon="11.505883">
        <ele>2429.344024</ele>
        <time>2026-05-24T09:00:17.000Z</time>
      </trkpt>
      <trkpt lat="46.201629" lon="11.505919">
        <ele>2430.657445</ele>
        <time>2026-05-24T09:00:21.000Z</time>
      </trkpt>
      <trkpt lat="46.201622" lon="11.505936">
        <ele>2431.166901</ele>
        <time>2026-05-24T09:00:23.000Z</time>
      </trkpt>
      <trkpt lat="46.201624" lon="11.505957">
        <ele>2431.712848</ele>
        <time>2026-05-24T09:00:26.000Z</time>
      </trkpt>
      <trkpt lat="46.201626" lon="11.505980">
        <ele>2432.309865</ele>
        <time>2026-05-24T09:00:29.000Z</time>
      </trkpt>
      <trkpt lat="46.201625" lon="11.505989">
        <ele>2432.544626</ele>
        <time>2026-05-24T09:00:30.000Z</time>
      </trkpt>
      <trkpt lat="46.201624" lon="11.506004">
        <ele>2432.932736</ele>
        <time>2026-05-24T09:00:31.000Z</time>
      </trkpt>
      <trkpt lat="46.201629" lon="11.506038">
        <ele>2433.827947</ele>
        <time>2026-05-24T09:00:35.000Z</time>
      </trkpt>
      <trkpt lat="46.201629" lon="11.506054">
        <ele>2434.240024</ele>
        <time>2026-05-24T09:00:37.000Z</time>
      </trkpt>
      <trkpt lat="46.201633" lon="11.506137">
        <ele>2436.382847</ele>
        <time>2026-05-24T09:00:44.000Z</time>
      </trkpt>
      <trkpt lat="46.201634" lon="11.506148">
        <ele>2436.668583</ele>
        <time>2026-05-24T09:00:45.000Z</time>
      </trkpt>
      <trkpt lat="46.201633" lon="11.506227">
        <ele>2438.703552</ele>
        <time>2026-05-24T09:00:52.000Z</time>
      </trkpt>
      <trkpt lat="46.201628" lon="11.506245">
        <ele>2439.203081</ele>
        <time>2026-05-24T09:00:55.000Z</time>
      </trkpt>
      <trkpt lat="46.201605" lon="11.506260">
        <ele>2440.142092</ele>
        <time>2026-05-24T09:01:00.000Z</time>
      </trkpt>
      <trkpt lat="46.201598" lon="11.506260">
        <ele>2440.402571</ele>
        <time>2026-05-24T09:01:01.000Z</time>
      </trkpt>
      <trkpt lat="46.201574" lon="11.506262">
        <ele>2441.297126</ele>
        <time>2026-05-24T09:01:04.000Z</time>
      </trkpt>
      <trkpt lat="46.201552" lon="11.506245">
        <ele>2442.225503</ele>
        <time>2026-05-24T09:01:08.000Z</time>
      </trkpt>
      <trkpt lat="46.201546" lon="11.506238">
        <ele>2442.512471</ele>
        <time>2026-05-24T09:01:10.000Z</time>
      </trkpt>
      <trkpt lat="46.201540" lon="11.506235">
        <ele>2442.748730</ele>
        <time>2026-05-24T09:01:17.000Z</time>
      </trkpt>
      <trkpt lat="46.201538" lon="11.506237">
        <ele>2442.839240</ele>
        <time>2026-05-24T09:01:26.000Z</time>
      </trkpt>
      <trkpt lat="46.201541" lon="11.506236">
        <ele>2442.953806</ele>
        <time>2026-05-24T09:01:31.000Z</time>
      </trkpt>
      <trkpt lat="46.201543" lon="11.506236">
        <ele>2443.028229</ele>
        <time>2026-05-24T09:01:32.000Z</time>
      </trkpt>
      <trkpt lat="46.201544" lon="11.506233">
        <ele>2443.113987</ele>
        <time>2026-05-24T09:01:35.000Z</time>
      </trkpt>
      <trkpt lat="46.201539" lon="11.506222">
        <ele>2443.452923</ele>
        <time>2026-05-24T09:01:43.000Z</time>
      </trkpt>
      <trkpt lat="46.201552" lon="11.506231">
        <ele>2443.989337</ele>
        <time>2026-05-24T09:01:50.000Z</time>
      </trkpt>
      <trkpt lat="46.201549" lon="11.506237">
        <ele>2444.179971</ele>
        <time>2026-05-24T09:01:52.000Z</time>
      </trkpt>
      <trkpt lat="46.201531" lon="11.506245">
        <ele>2444.880748</ele>
        <time>2026-05-24T09:01:59.000Z</time>
      </trkpt>
      <trkpt lat="46.201532" lon="11.506247">
        <ele>2444.944293</ele>
        <time>2026-05-24T09:02:01.000Z</time>
      </trkpt>
      <trkpt lat="46.201556" lon="11.506289">
        <ele>2446.347025</ele>
        <time>2026-05-24T09:02:08.000Z</time>
      </trkpt>
      <trkpt lat="46.201566" lon="11.506311">
        <ele>2447.024897</ele>
        <time>2026-05-24T09:02:14.000Z</time>
      </trkpt>
      <trkpt lat="46.201556" lon="11.506369">
        <ele>2448.564327</ele>
        <time>2026-05-24T09:02:19.000Z</time>
      </trkpt>
      <trkpt lat="46.201554" lon="11.506374">
        <ele>2448.713060</ele>
        <time>2026-05-24T09:02:29.000Z</time>
      </trkpt>
      <trkpt lat="46.201553" lon="11.506375">
        <ele>2448.758315</ele>
        <time>2026-05-24T09:02:30.000Z</time>
      </trkpt>
      <trkpt lat="46.201550" lon="11.506375">
        <ele>2448.869949</ele>
        <time>2026-05-24T09:02:40.000Z</time>
      </trkpt>
      <trkpt lat="46.201548" lon="11.506374">
        <ele>2448.948702</ele>
        <time>2026-05-24T09:02:44.000Z</time>
      </trkpt>
      <trkpt lat="46.201548" lon="11.506376">
        <ele>2449.000212</ele>
        <time>2026-05-24T09:02:48.000Z</time>
      </trkpt>
      <trkpt lat="46.201546" lon="11.506378">
        <ele>2449.090721</ele>
        <time>2026-05-24T09:02:59.000Z</time>
      </trkpt>
      <trkpt lat="46.201548" lon="11.506384">
        <ele>2449.262238</ele>
        <time>2026-05-24T09:03:09.000Z</time>
      </trkpt>
      <trkpt lat="46.201550" lon="11.506374">
        <ele>2449.530323</ele>
        <time>2026-05-24T09:03:20.000Z</time>
      </trkpt>
      <trkpt lat="46.201548" lon="11.506372">
        <ele>2449.620833</ele>
        <time>2026-05-24T09:03:21.000Z</time>
      </trkpt>
      <trkpt lat="46.201563" lon="11.506376">
        <ele>2450.188430</ele>
        <time>2026-05-24T09:03:30.000Z</time>
      </trkpt>
      <trkpt lat="46.201565" lon="11.506386">
        <ele>2450.456515</ele>
        <time>2026-05-24T09:03:32.000Z</time>
      </trkpt>
      <trkpt lat="46.201556" lon="11.506401">
        <ele>2450.967792</ele>
        <time>2026-05-24T09:03:37.000Z</time>
      </trkpt>
      <trkpt lat="46.201521" lon="11.506430">
        <ele>2452.091942</ele>
        <time>2026-05-24T09:03:44.000Z</time>
      </trkpt>
      <trkpt lat="46.201503" lon="11.506490">
        <ele>2452.863985</ele>
        <time>2026-05-24T09:03:51.000Z</time>
      </trkpt>
      <trkpt lat="46.201497" lon="11.506502">
        <ele>2453.038759</ele>
        <time>2026-05-24T09:03:52.000Z</time>
      </trkpt>
      <trkpt lat="46.201483" lon="11.506558">
        <ele>2453.741705</ele>
        <time>2026-05-24T09:03:56.000Z</time>
      </trkpt>
      <trkpt lat="46.201476" lon="11.506574">
        <ele>2453.965176</ele>
        <time>2026-05-24T09:03:57.000Z</time>
      </trkpt>
      <trkpt lat="46.201454" lon="11.506598">
        <ele>2454.435402</ele>
        <time>2026-05-24T09:04:01.000Z</time>
      </trkpt>
      <trkpt lat="46.201438" lon="11.506603">
        <ele>2454.714636</ele>
        <time>2026-05-24T09:04:03.000Z</time>
      </trkpt>
      <trkpt lat="46.201428" lon="11.506620">
        <ele>2454.978033</ele>
        <time>2026-05-24T09:04:05.000Z</time>
      </trkpt>
      <trkpt lat="46.201420" lon="11.506674">
        <ele>2455.630002</ele>
        <time>2026-05-24T09:04:09.000Z</time>
      </trkpt>
      <trkpt lat="46.201415" lon="11.506691">
        <ele>2455.848075</ele>
        <time>2026-05-24T09:04:10.000Z</time>
      </trkpt>
      <trkpt lat="46.201420" lon="11.506713">
        <ele>2456.121453</ele>
        <time>2026-05-24T09:04:12.000Z</time>
      </trkpt>
      <trkpt lat="46.201422" lon="11.506730">
        <ele>2456.325035</ele>
        <time>2026-05-24T09:04:13.000Z</time>
      </trkpt>
      <trkpt lat="46.201413" lon="11.506743">
        <ele>2456.542116</ele>
        <time>2026-05-24T09:04:14.000Z</time>
      </trkpt>
      <trkpt lat="46.201407" lon="11.506753">
        <ele>2456.698363</ele>
        <time>2026-05-24T09:04:15.000Z</time>
      </trkpt>
      <trkpt lat="46.201390" lon="11.506771">
        <ele>2457.057875</ele>
        <time>2026-05-24T09:04:17.000Z</time>
      </trkpt>
      <trkpt lat="46.201351" lon="11.506808">
        <ele>2457.853723</ele>
        <time>2026-05-24T09:04:22.000Z</time>
      </trkpt>
      <trkpt lat="46.201317" lon="11.506842">
        <ele>2458.559048</ele>
        <time>2026-05-24T09:04:27.000Z</time>
      </trkpt>
      <trkpt lat="46.201313" lon="11.506852">
        <ele>2458.695408</ele>
        <time>2026-05-24T09:04:28.000Z</time>
      </trkpt>
      <trkpt lat="46.201291" lon="11.506946">
        <ele>2459.866912</ele>
        <time>2026-05-24T09:04:34.000Z</time>
      </trkpt>
      <trkpt lat="46.201281" lon="11.506986">
        <ele>2460.369019</ele>
        <time>2026-05-24T09:04:41.000Z</time>
      </trkpt>
      <trkpt lat="46.201261" lon="11.506952">
        <ele>2460.895815</ele>
        <time>2026-05-24T09:04:47.000Z</time>
      </trkpt>
      <trkpt lat="46.201233" lon="11.506917">
        <ele>2461.527370</ele>
        <time>2026-05-24T09:04:53.000Z</time>
      </trkpt>
      <trkpt lat="46.201233" lon="11.506928">
        <ele>2461.657237</ele>
        <time>2026-05-24T09:05:03.000Z</time>
      </trkpt>
      <trkpt lat="46.201276" lon="11.506915">
        <ele>2462.406604</ele>
        <time>2026-05-24T09:05:09.000Z</time>
      </trkpt>
      <trkpt lat="46.201298" lon="11.506966">
        <ele>2463.116086</ele>
        <time>2026-05-24T09:05:14.000Z</time>
      </trkpt>
      <trkpt lat="46.201273" lon="11.507040">
        <ele>2464.088259</ele>
        <time>2026-05-24T09:05:20.000Z</time>
      </trkpt>
      <trkpt lat="46.201278" lon="11.507060">
        <ele>2464.339312</ele>
        <time>2026-05-24T09:05:23.000Z</time>
      </trkpt>
      <trkpt lat="46.201276" lon="11.507087">
        <ele>2464.659897</ele>
        <time>2026-05-24T09:05:25.000Z</time>
      </trkpt>
      <trkpt lat="46.201258" lon="11.507126">
        <ele>2465.213319</ele>
        <time>2026-05-24T09:05:29.000Z</time>
      </trkpt>
      <trkpt lat="46.201240" lon="11.507137">
        <ele>2465.546693</ele>
        <time>2026-05-24T09:05:31.000Z</time>
      </trkpt>
      <trkpt lat="46.201212" lon="11.507160">
        <ele>2466.096103</ele>
        <time>2026-05-24T09:05:35.000Z</time>
      </trkpt>
      <trkpt lat="46.201197" lon="11.507175">
        <ele>2466.407276</ele>
        <time>2026-05-24T09:05:38.000Z</time>
      </trkpt>
      <trkpt lat="46.201174" lon="11.507174">
        <ele>2466.799781</ele>
        <time>2026-05-24T09:05:42.000Z</time>
      </trkpt>
      <trkpt lat="46.201155" lon="11.507194">
        <ele>2467.200770</ele>
        <time>2026-05-24T09:05:46.000Z</time>
      </trkpt>
      <trkpt lat="46.201146" lon="11.507219">
        <ele>2467.533462</ele>
        <time>2026-05-24T09:05:49.000Z</time>
      </trkpt>
      <trkpt lat="46.201142" lon="11.507261">
        <ele>2468.033991</ele>
        <time>2026-05-24T09:05:52.000Z</time>
      </trkpt>
      <trkpt lat="46.201138" lon="11.507281">
        <ele>2468.279774</ele>
        <time>2026-05-24T09:05:55.000Z</time>
      </trkpt>
      <trkpt lat="46.201138" lon="11.507288">
        <ele>2468.362417</ele>
        <time>2026-05-24T09:05:56.000Z</time>
      </trkpt>
      <trkpt lat="46.201140" lon="11.507310">
        <ele>2468.624383</ele>
        <time>2026-05-24T09:06:02.000Z</time>
      </trkpt>
      <trkpt lat="46.201140" lon="11.507314">
        <ele>2468.671608</ele>
        <time>2026-05-24T09:06:04.000Z</time>
      </trkpt>
      <trkpt lat="46.201138" lon="11.507328">
        <ele>2468.840377</ele>
        <time>2026-05-24T09:06:07.000Z</time>
      </trkpt>
      <trkpt lat="46.201136" lon="11.507335">
        <ele>2468.929785</ele>
        <time>2026-05-24T09:06:09.000Z</time>
      </trkpt>
      <trkpt lat="46.201132" lon="11.507376">
        <ele>2469.418621</ele>
        <time>2026-05-24T09:06:15.000Z</time>
      </trkpt>
      <trkpt lat="46.201136" lon="11.507391">
        <ele>2469.608403</ele>
        <time>2026-05-24T09:06:24.000Z</time>
      </trkpt>
      <trkpt lat="46.201138" lon="11.507404">
        <ele>2469.765628</ele>
        <time>2026-05-24T09:06:26.000Z</time>
      </trkpt>
      <trkpt lat="46.201148" lon="11.507432">
        <ele>2470.137615</ele>
        <time>2026-05-24T09:06:33.000Z</time>
      </trkpt>
      <trkpt lat="46.201156" lon="11.507431">
        <ele>2470.274587</ele>
        <time>2026-05-24T09:06:35.000Z</time>
      </trkpt>
      <trkpt lat="46.201175" lon="11.507455">
        <ele>2470.705079</ele>
        <time>2026-05-24T09:06:39.000Z</time>
      </trkpt>
      <trkpt lat="46.201179" lon="11.507479">
        <ele>2470.996526</ele>
        <time>2026-05-24T09:06:41.000Z</time>
      </trkpt>
      <trkpt lat="46.201164" lon="11.507505">
        <ele>2471.396139</ele>
        <time>2026-05-24T09:06:45.000Z</time>
      </trkpt>
      <trkpt lat="46.201161" lon="11.507508">
        <ele>2471.458374</ele>
        <time>2026-05-24T09:06:46.000Z</time>
      </trkpt>
      <trkpt lat="46.201137" lon="11.507526">
        <ele>2471.919629</ele>
        <time>2026-05-24T09:06:49.000Z</time>
      </trkpt>
      <trkpt lat="46.201122" lon="11.507543">
        <ele>2472.244821</ele>
        <time>2026-05-24T09:06:52.000Z</time>
      </trkpt>
      <trkpt lat="46.201091" lon="11.507549">
        <ele>2472.778333</ele>
        <time>2026-05-24T09:06:58.000Z</time>
      </trkpt>
      <trkpt lat="46.201087" lon="11.507541">
        <ele>2472.894850</ele>
        <time>2026-05-24T09:07:00.000Z</time>
      </trkpt>
      <trkpt lat="46.201067" lon="11.507534">
        <ele>2473.245871</ele>
        <time>2026-05-24T09:07:04.000Z</time>
      </trkpt>
      <trkpt lat="46.201046" lon="11.507537">
        <ele>2473.605829</ele>
        <time>2026-05-24T09:07:08.000Z</time>
      </trkpt>
      <trkpt lat="46.201039" lon="11.507539">
        <ele>2473.727546</ele>
        <time>2026-05-24T09:07:09.000Z</time>
      </trkpt>
      <trkpt lat="46.201005" lon="11.507536">
        <ele>2474.308588</ele>
        <time>2026-05-24T09:07:14.000Z</time>
      </trkpt>
      <trkpt lat="46.200997" lon="11.507537">
        <ele>2474.445560</ele>
        <time>2026-05-24T09:07:15.000Z</time>
      </trkpt>
      <trkpt lat="46.200978" lon="11.507563">
        <ele>2474.891948</ele>
        <time>2026-05-24T09:07:20.000Z</time>
      </trkpt>
      <trkpt lat="46.200976" lon="11.507571">
        <ele>2474.992370</ele>
        <time>2026-05-24T09:07:22.000Z</time>
      </trkpt>
      <trkpt lat="46.200974" lon="11.507581">
        <ele>2475.115262</ele>
        <time>2026-05-24T09:07:24.000Z</time>
      </trkpt>
      <trkpt lat="46.200952" lon="11.507605">
        <ele>2475.585489</ele>
        <time>2026-05-24T09:07:28.000Z</time>
      </trkpt>
      <trkpt lat="46.200941" lon="11.507602">
        <ele>2475.776437</ele>
        <time>2026-05-24T09:07:30.000Z</time>
      </trkpt>
      <trkpt lat="46.200910" lon="11.507586">
        <ele>2476.337953</ele>
        <time>2026-05-24T09:07:35.000Z</time>
      </trkpt>
      <trkpt lat="46.200903" lon="11.507589">
        <ele>2476.462500</ele>
        <time>2026-05-24T09:07:36.000Z</time>
      </trkpt>
      <trkpt lat="46.200885" lon="11.507600">
        <ele>2476.795874</ele>
        <time>2026-05-24T09:07:39.000Z</time>
      </trkpt>
      <trkpt lat="46.200877" lon="11.507631">
        <ele>2477.186478</ele>
        <time>2026-05-24T09:07:43.000Z</time>
      </trkpt>
      <trkpt lat="46.200857" lon="11.507682">
        <ele>2477.878526</ele>
        <time>2026-05-24T09:07:48.000Z</time>
      </trkpt>
      <trkpt lat="46.200826" lon="11.507766">
        <ele>2479.002415</ele>
        <time>2026-05-24T09:07:56.000Z</time>
      </trkpt>
      <trkpt lat="46.200823" lon="11.507775">
        <ele>2479.120351</ele>
        <time>2026-05-24T09:07:57.000Z</time>
      </trkpt>
      <trkpt lat="46.200809" lon="11.507839">
        <ele>2479.912787</ele>
        <time>2026-05-24T09:08:04.000Z</time>
      </trkpt>
      <trkpt lat="46.200800" lon="11.507878">
        <ele>2480.398148</ele>
        <time>2026-05-24T09:08:11.000Z</time>
      </trkpt>
      <trkpt lat="46.200799" lon="11.507895">
        <ele>2480.599577</ele>
        <time>2026-05-24T09:08:15.000Z</time>
      </trkpt>
      <trkpt lat="46.200798" lon="11.507916">
        <ele>2480.848093</ele>
        <time>2026-05-24T09:08:19.000Z</time>
      </trkpt>
      <trkpt lat="46.200786" lon="11.507987">
        <ele>2481.710964</ele>
        <time>2026-05-24T09:08:30.000Z</time>
      </trkpt>
      <trkpt lat="46.200790" lon="11.508018">
        <ele>2482.083262</ele>
        <time>2026-05-24T09:08:34.000Z</time>
      </trkpt>
      <trkpt lat="46.200788" lon="11.508030">
        <ele>2482.228986</ele>
        <time>2026-05-24T09:08:36.000Z</time>
      </trkpt>
      <trkpt lat="46.200783" lon="11.508052">
        <ele>2482.435413</ele>
        <time>2026-05-24T09:08:39.000Z</time>
      </trkpt>
      <trkpt lat="46.200779" lon="11.508091">
        <ele>2482.264410</ele>
        <time>2026-05-24T09:08:44.000Z</time>
      </trkpt>
      <trkpt lat="46.200776" lon="11.508097">
        <ele>2482.232306</ele>
        <time>2026-05-24T09:08:45.000Z</time>
      </trkpt>
      <trkpt lat="46.200779" lon="11.508100">
        <ele>2482.209443</ele>
        <time>2026-05-24T09:08:52.000Z</time>
      </trkpt>
      <trkpt lat="46.200766" lon="11.508131">
        <ele>2482.052231</ele>
        <time>2026-05-24T09:08:58.000Z</time>
      </trkpt>
      <trkpt lat="46.200778" lon="11.508118">
        <ele>2481.958241</ele>
        <time>2026-05-24T09:09:04.000Z</time>
      </trkpt>
      <trkpt lat="46.200772" lon="11.508144">
        <ele>2481.839368</ele>
        <time>2026-05-24T09:09:11.000Z</time>
      </trkpt>
      <trkpt lat="46.200771" lon="11.508146">
        <ele>2481.828666</ele>
        <time>2026-05-24T09:09:12.000Z</time>
      </trkpt>
      <trkpt lat="46.200770" lon="11.508151">
        <ele>2481.806093</ele>
        <time>2026-05-24T09:09:13.000Z</time>
      </trkpt>
      <trkpt lat="46.200746" lon="11.508190">
        <ele>2481.579745</ele>
        <time>2026-05-24T09:09:24.000Z</time>
      </trkpt>
      <trkpt lat="46.200746" lon="11.508195">
        <ele>2481.558058</ele>
        <time>2026-05-24T09:09:26.000Z</time>
      </trkpt>
      <trkpt lat="46.200753" lon="11.508213">
        <ele>2481.468507</ele>
        <time>2026-05-24T09:09:30.000Z</time>
      </trkpt>
      <trkpt lat="46.200753" lon="11.508222">
        <ele>2481.429471</ele>
        <time>2026-05-24T09:09:32.000Z</time>
      </trkpt>
      <trkpt lat="46.200751" lon="11.508235">
        <ele>2481.371710</ele>
        <time>2026-05-24T09:09:36.000Z</time>
      </trkpt>
      <trkpt lat="46.200753" lon="11.508258">
        <ele>2481.271167</ele>
        <time>2026-05-24T09:09:42.000Z</time>
      </trkpt>
      <trkpt lat="46.200755" lon="11.508271">
        <ele>2481.213406</ele>
        <time>2026-05-24T09:09:44.000Z</time>
      </trkpt>
      <trkpt lat="46.200752" lon="11.508326">
        <ele>2480.974114</ele>
        <time>2026-05-24T09:09:50.000Z</time>
      </trkpt>
      <trkpt lat="46.200752" lon="11.508369">
        <ele>2480.787609</ele>
        <time>2026-05-24T09:09:54.000Z</time>
      </trkpt>
      <trkpt lat="46.200751" lon="11.508379">
        <ele>2480.743785</ele>
        <time>2026-05-24T09:09:55.000Z</time>
      </trkpt>
      <trkpt lat="46.200752" lon="11.508390">
        <ele>2480.695665</ele>
        <time>2026-05-24T09:09:56.000Z</time>
      </trkpt>
      <trkpt lat="46.200748" lon="11.508406">
        <ele>2480.621880</ele>
        <time>2026-05-24T09:09:58.000Z</time>
      </trkpt>
      <trkpt lat="46.200752" lon="11.508456">
        <ele>2480.403570</ele>
        <time>2026-05-24T09:10:03.000Z</time>
      </trkpt>
      <trkpt lat="46.200760" lon="11.508491">
        <ele>2480.243700</ele>
        <time>2026-05-24T09:10:07.000Z</time>
      </trkpt>
      <trkpt lat="46.200761" lon="11.508510">
        <ele>2480.161053</ele>
        <time>2026-05-24T09:10:09.000Z</time>
      </trkpt>
      <trkpt lat="46.200763" lon="11.508543">
        <ele>2480.017374</ele>
        <time>2026-05-24T09:10:13.000Z</time>
      </trkpt>
      <trkpt lat="46.200768" lon="11.508560">
        <ele>2479.937258</ele>
        <time>2026-05-24T09:10:15.000Z</time>
      </trkpt>
      <trkpt lat="46.200770" lon="11.508564">
        <ele>2479.915855</ele>
        <time>2026-05-24T09:10:16.000Z</time>
      </trkpt>
      <trkpt lat="46.200774" lon="11.508595">
        <ele>2479.779082</ele>
        <time>2026-05-24T09:10:20.000Z</time>
      </trkpt>
      <trkpt lat="46.200775" lon="11.508602">
        <ele>2479.748081</ele>
        <time>2026-05-24T09:10:21.000Z</time>
      </trkpt>
      <trkpt lat="46.200768" lon="11.508601">
        <ele>2479.704001</ele>
        <time>2026-05-24T09:10:26.000Z</time>
      </trkpt>
      <trkpt lat="46.200763" lon="11.508605">
        <ele>2479.668185</ele>
        <time>2026-05-24T09:10:37.000Z</time>
      </trkpt>
      <trkpt lat="46.200760" lon="11.508601">
        <ele>2479.642603</ele>
        <time>2026-05-24T09:10:41.000Z</time>
      </trkpt>
      <trkpt lat="46.200759" lon="11.508610">
        <ele>2479.603068</ele>
        <time>2026-05-24T09:10:47.000Z</time>
      </trkpt>
      <trkpt lat="46.200765" lon="11.508605">
        <ele>2479.559662</ele>
        <time>2026-05-24T09:10:50.000Z</time>
      </trkpt>
      <trkpt lat="46.200769" lon="11.508604">
        <ele>2479.534223</ele>
        <time>2026-05-24T09:10:54.000Z</time>
      </trkpt>
      <trkpt lat="46.200758" lon="11.508610">
        <ele>2479.460542</ele>
        <time>2026-05-24T09:10:58.000Z</time>
      </trkpt>
      <trkpt lat="46.200751" lon="11.508563">
        <ele>2479.252022</ele>
        <time>2026-05-24T09:11:04.000Z</time>
      </trkpt>
      <trkpt lat="46.200750" lon="11.508549">
        <ele>2479.190977</ele>
        <time>2026-05-24T09:11:05.000Z</time>
      </trkpt>
      <trkpt lat="46.200748" lon="11.508536">
        <ele>2479.133215</ele>
        <time>2026-05-24T09:11:06.000Z</time>
      </trkpt>
      <trkpt lat="46.200747" lon="11.508513">
        <ele>2479.033260</ele>
        <time>2026-05-24T09:11:08.000Z</time>
      </trkpt>
      <trkpt lat="46.200748" lon="11.508476">
        <ele>2478.872657</ele>
        <time>2026-05-24T09:11:12.000Z</time>
      </trkpt>
      <trkpt lat="46.200750" lon="11.508460">
        <ele>2478.802137</ele>
        <time>2026-05-24T09:11:14.000Z</time>
      </trkpt>
      <trkpt lat="46.200747" lon="11.508419">
        <ele>2478.623316</ele>
        <time>2026-05-24T09:11:19.000Z</time>
      </trkpt>
      <trkpt lat="46.200745" lon="11.508412">
        <ele>2478.590470</ele>
        <time>2026-05-24T09:11:20.000Z</time>
      </trkpt>
      <trkpt lat="46.200749" lon="11.508370">
        <ele>2478.406586</ele>
        <time>2026-05-24T09:11:26.000Z</time>
      </trkpt>
      <trkpt lat="46.200748" lon="11.508361">
        <ele>2478.367050</ele>
        <time>2026-05-24T09:11:27.000Z</time>
      </trkpt>
      <trkpt lat="46.200744" lon="11.508319">
        <ele>2478.183166</ele>
        <time>2026-05-24T09:11:31.000Z</time>
      </trkpt>
      <trkpt lat="46.200746" lon="11.508287">
        <ele>2478.043807</ele>
        <time>2026-05-24T09:11:35.000Z</time>
      </trkpt>
      <trkpt lat="46.200750" lon="11.508277">
        <ele>2477.993712</ele>
        <time>2026-05-24T09:11:36.000Z</time>
      </trkpt>
      <trkpt lat="46.200747" lon="11.508246">
        <ele>2477.857947</ele>
        <time>2026-05-24T09:11:41.000Z</time>
      </trkpt>
      <trkpt lat="46.200750" lon="11.508212">
        <ele>2477.709284</ele>
        <time>2026-05-24T09:11:46.000Z</time>
      </trkpt>
      <trkpt lat="46.200748" lon="11.508197">
        <ele>2477.643028</ele>
        <time>2026-05-24T09:11:48.000Z</time>
      </trkpt>
      <trkpt lat="46.200758" lon="11.508150">
        <ele>2477.429760</ele>
        <time>2026-05-24T09:11:56.000Z</time>
      </trkpt>
      <trkpt lat="46.200767" lon="11.508126">
        <ele>2477.311367</ele>
        <time>2026-05-24T09:12:03.000Z</time>
      </trkpt>
      <trkpt lat="46.200773" lon="11.508107">
        <ele>2477.220786</ele>
        <time>2026-05-24T09:12:07.000Z</time>
      </trkpt>
      <trkpt lat="46.200773" lon="11.508103">
        <ele>2477.203437</ele>
        <time>2026-05-24T09:12:08.000Z</time>
      </trkpt>
      <trkpt lat="46.200780" lon="11.508059">
        <ele>2477.007618</ele>
        <time>2026-05-24T09:12:14.000Z</time>
      </trkpt>
      <trkpt lat="46.200778" lon="11.508047">
        <ele>2476.954082</ele>
        <time>2026-05-24T09:12:16.000Z</time>
      </trkpt>
      <trkpt lat="46.200785" lon="11.508026">
        <ele>2476.852986</ele>
        <time>2026-05-24T09:12:21.000Z</time>
      </trkpt>
      <trkpt lat="46.200788" lon="11.508008">
        <ele>2476.772683</ele>
        <time>2026-05-24T09:12:24.000Z</time>
      </trkpt>
      <trkpt lat="46.200795" lon="11.507960">
        <ele>2476.559920</ele>
        <time>2026-05-24T09:12:31.000Z</time>
      </trkpt>
      <trkpt lat="46.200795" lon="11.507887">
        <ele>2476.243296</ele>
        <time>2026-05-24T09:12:39.000Z</time>
      </trkpt>
      <trkpt lat="46.200811" lon="11.507816">
        <ele>2475.919435</ele>
        <time>2026-05-24T09:12:47.000Z</time>
      </trkpt>
      <trkpt lat="46.200830" lon="11.507764">
        <ele>2475.664396</ele>
        <time>2026-05-24T09:12:55.000Z</time>
      </trkpt>
      <trkpt lat="46.200860" lon="11.507702">
        <ele>2475.336284</ele>
        <time>2026-05-24T09:13:03.000Z</time>
      </trkpt>
      <trkpt lat="46.200869" lon="11.507660">
        <ele>2475.145586</ele>
        <time>2026-05-24T09:13:09.000Z</time>
      </trkpt>
      <trkpt lat="46.200869" lon="11.507651">
        <ele>2475.106550</ele>
        <time>2026-05-24T09:13:10.000Z</time>
      </trkpt>
      <trkpt lat="46.200892" lon="11.507594">
        <ele>2474.820377</ele>
        <time>2026-05-24T09:13:16.000Z</time>
      </trkpt>
      <trkpt lat="46.200910" lon="11.507607">
        <ele>2474.694271</ele>
        <time>2026-05-24T09:13:19.000Z</time>
      </trkpt>
      <trkpt lat="46.200928" lon="11.507607">
        <ele>2474.581472</ele>
        <time>2026-05-24T09:13:22.000Z</time>
      </trkpt>
      <trkpt lat="46.200967" lon="11.507583">
        <ele>2474.315830</ele>
        <time>2026-05-24T09:13:28.000Z</time>
      </trkpt>
      <trkpt lat="46.200978" lon="11.507545">
        <ele>2474.137178</ele>
        <time>2026-05-24T09:13:33.000Z</time>
      </trkpt>
      <trkpt lat="46.200999" lon="11.507531">
        <ele>2473.992246</ele>
        <time>2026-05-24T09:13:35.000Z</time>
      </trkpt>
      <trkpt lat="46.201018" lon="11.507518">
        <ele>2473.860504</ele>
        <time>2026-05-24T09:13:38.000Z</time>
      </trkpt>
      <trkpt lat="46.201039" lon="11.507526">
        <ele>2473.724408</ele>
        <time>2026-05-24T09:13:41.000Z</time>
      </trkpt>
      <trkpt lat="46.201094" lon="11.507535">
        <ele>2473.377542</ele>
        <time>2026-05-24T09:13:48.000Z</time>
      </trkpt>
      <trkpt lat="46.201102" lon="11.507540">
        <ele>2473.322920</ele>
        <time>2026-05-24T09:13:49.000Z</time>
      </trkpt>
      <trkpt lat="46.201122" lon="11.507556">
        <ele>2473.179658</ele>
        <time>2026-05-24T09:13:52.000Z</time>
      </trkpt>
      <trkpt lat="46.201146" lon="11.507533">
        <ele>2472.999183</ele>
        <time>2026-05-24T09:13:57.000Z</time>
      </trkpt>
      <trkpt lat="46.201146" lon="11.507519">
        <ele>2472.938461</ele>
        <time>2026-05-24T09:13:59.000Z</time>
      </trkpt>
      <trkpt lat="46.201159" lon="11.507490">
        <ele>2472.788602</ele>
        <time>2026-05-24T09:14:02.000Z</time>
      </trkpt>
      <trkpt lat="46.201172" lon="11.507463">
        <ele>2472.645946</ele>
        <time>2026-05-24T09:14:04.000Z</time>
      </trkpt>
      <trkpt lat="46.201179" lon="11.507452">
        <ele>2472.581135</ele>
        <time>2026-05-24T09:14:06.000Z</time>
      </trkpt>
      <trkpt lat="46.201179" lon="11.507411">
        <ele>2472.403306</ele>
        <time>2026-05-24T09:14:11.000Z</time>
      </trkpt>
      <trkpt lat="46.201185" lon="11.507369">
        <ele>2472.217301</ele>
        <time>2026-05-24T09:14:16.000Z</time>
      </trkpt>
      <trkpt lat="46.201182" lon="11.507371">
        <ele>2472.196596</ele>
        <time>2026-05-24T09:14:17.000Z</time>
      </trkpt>
      <trkpt lat="46.201192" lon="11.507354">
        <ele>2472.099830</ele>
        <time>2026-05-24T09:14:24.000Z</time>
      </trkpt>
      <trkpt lat="46.201198" lon="11.507350">
        <ele>2472.058421</ele>
        <time>2026-05-24T09:14:25.000Z</time>
      </trkpt>
      <trkpt lat="46.201227" lon="11.507309">
        <ele>2471.804158</ele>
        <time>2026-05-24T09:14:31.000Z</time>
      </trkpt>
      <trkpt lat="46.201227" lon="11.507299">
        <ele>2471.760786</ele>
        <time>2026-05-24T09:14:32.000Z</time>
      </trkpt>
      <trkpt lat="46.201235" lon="11.507272">
        <ele>2471.633399</ele>
        <time>2026-05-24T09:14:37.000Z</time>
      </trkpt>
      <trkpt lat="46.201244" lon="11.507263">
        <ele>2471.564809</ele>
        <time>2026-05-24T09:14:40.000Z</time>
      </trkpt>
      <trkpt lat="46.201237" lon="11.507253">
        <ele>2471.503121</ele>
        <time>2026-05-24T09:14:45.000Z</time>
      </trkpt>
      <trkpt lat="46.201231" lon="11.507187">
        <ele>2471.214401</ele>
        <time>2026-05-24T09:14:50.000Z</time>
      </trkpt>
      <trkpt lat="46.201265" lon="11.507123">
        <ele>2469.770450</ele>
        <time>2026-05-24T09:14:58.000Z</time>
      </trkpt>
      <trkpt lat="46.201270" lon="11.507071">
        <ele>2468.758293</ele>
        <time>2026-05-24T09:15:04.000Z</time>
      </trkpt>
      <trkpt lat="46.201259" lon="11.507054">
        <ele>2468.309622</ele>
        <time>2026-05-24T09:15:07.000Z</time>
      </trkpt>
      <trkpt lat="46.201268" lon="11.507030">
        <ele>2467.783366</ele>
        <time>2026-05-24T09:15:10.000Z</time>
      </trkpt>
      <trkpt lat="46.201291" lon="11.506962">
        <ele>2466.324196</ele>
        <time>2026-05-24T09:15:14.000Z</time>
      </trkpt>
      <trkpt lat="46.201320" lon="11.506871">
        <ele>2464.392734</ele>
        <time>2026-05-24T09:15:20.000Z</time>
      </trkpt>
      <trkpt lat="46.201328" lon="11.506837">
        <ele>2463.700392</ele>
        <time>2026-05-24T09:15:23.000Z</time>
      </trkpt>
      <trkpt lat="46.201346" lon="11.506810">
        <ele>2462.977646</ele>
        <time>2026-05-24T09:15:25.000Z</time>
      </trkpt>
      <trkpt lat="46.201398" lon="11.506767">
        <ele>2461.308713</ele>
        <time>2026-05-24T09:15:31.000Z</time>
      </trkpt>
      <trkpt lat="46.201418" lon="11.506690">
        <ele>2459.723110</ele>
        <time>2026-05-24T09:15:36.000Z</time>
      </trkpt>
      <trkpt lat="46.201416" lon="11.506671">
        <ele>2459.352591</ele>
        <time>2026-05-24T09:15:37.000Z</time>
      </trkpt>
      <trkpt lat="46.201430" lon="11.506611">
        <ele>2458.131864</ele>
        <time>2026-05-24T09:15:42.000Z</time>
      </trkpt>
      <trkpt lat="46.201451" lon="11.506593">
        <ele>2457.451712</ele>
        <time>2026-05-24T09:15:44.000Z</time>
      </trkpt>
      <trkpt lat="46.201472" lon="11.506548">
        <ele>2456.405358</ele>
        <time>2026-05-24T09:15:48.000Z</time>
      </trkpt>
      <trkpt lat="46.201475" lon="11.506530">
        <ele>2456.048410</ele>
        <time>2026-05-24T09:15:49.000Z</time>
      </trkpt>
      <trkpt lat="46.201506" lon="11.506475">
        <ele>2454.680922</ele>
        <time>2026-05-24T09:15:54.000Z</time>
      </trkpt>
      <trkpt lat="46.201517" lon="11.506455">
        <ele>2454.188416</ele>
        <time>2026-05-24T09:15:56.000Z</time>
      </trkpt>
      <trkpt lat="46.201538" lon="11.506410">
        <ele>2453.142063</ele>
        <time>2026-05-24T09:15:59.000Z</time>
      </trkpt>
      <trkpt lat="46.201562" lon="11.506360">
        <ele>2451.968967</ele>
        <time>2026-05-24T09:16:02.000Z</time>
      </trkpt>
      <trkpt lat="46.201577" lon="11.506322">
        <ele>2451.125579</ele>
        <time>2026-05-24T09:16:05.000Z</time>
      </trkpt>
      <trkpt lat="46.201593" lon="11.506288">
        <ele>2450.332919</ele>
        <time>2026-05-24T09:16:07.000Z</time>
      </trkpt>
      <trkpt lat="46.201622" lon="11.506225">
        <ele>2448.874227</ele>
        <time>2026-05-24T09:16:10.000Z</time>
      </trkpt>
      <trkpt lat="46.201627" lon="11.506183">
        <ele>2448.052607</ele>
        <time>2026-05-24T09:16:14.000Z</time>
      </trkpt>
      <trkpt lat="46.201625" lon="11.506174">
        <ele>2447.870369</ele>
        <time>2026-05-24T09:16:15.000Z</time>
      </trkpt>
      <trkpt lat="46.201618" lon="11.506103">
        <ele>2446.487723</ele>
        <time>2026-05-24T09:16:20.000Z</time>
      </trkpt>
      <trkpt lat="46.201621" lon="11.506100">
        <ele>2446.386094</ele>
        <time>2026-05-24T09:16:24.000Z</time>
      </trkpt>
      <trkpt lat="46.201627" lon="11.506107">
        <ele>2446.171278</ele>
        <time>2026-05-24T09:16:25.000Z</time>
      </trkpt>
      <trkpt lat="46.201644" lon="11.506115">
        <ele>2445.673254</ele>
        <time>2026-05-24T09:16:27.000Z</time>
      </trkpt>
      <trkpt lat="46.201656" lon="11.506112">
        <ele>2445.334024</ele>
        <time>2026-05-24T09:16:32.000Z</time>
      </trkpt>
      <trkpt lat="46.201656" lon="11.506112">
        <ele>2445.334024</ele>
        <time>2026-05-24T09:16:36.000Z</time>
      </trkpt>
      <trkpt lat="46.201656" lon="11.506112">
        <ele>2445.334024</ele>
        <time>2026-05-24T09:16:41.000Z</time>
      </trkpt>
      <trkpt lat="46.201656" lon="11.506112">
        <ele>2445.334024</ele>
        <time>2026-05-24T09:16:56.000Z</time>
      </trkpt>
      <trkpt lat="46.201647" lon="11.506115">
        <ele>2445.076741</ele>
        <time>2026-05-24T09:17:07.000Z</time>
      </trkpt>
      <trkpt lat="46.201624" lon="11.506103">
        <ele>2444.395578</ele>
        <time>2026-05-24T09:17:14.000Z</time>
      </trkpt>
      <trkpt lat="46.201621" lon="11.506092">
        <ele>2444.167636</ele>
        <time>2026-05-24T09:17:22.000Z</time>
      </trkpt>
      <trkpt lat="46.201621" lon="11.506086">
        <ele>2444.051960</ele>
        <time>2026-05-24T09:17:26.000Z</time>
      </trkpt>
      <trkpt lat="46.201618" lon="11.506082">
        <ele>2443.938249</ele>
        <time>2026-05-24T09:17:28.000Z</time>
      </trkpt>
      <trkpt lat="46.201618" lon="11.506093">
        <ele>2443.726177</ele>
        <time>2026-05-24T09:17:34.000Z</time>
      </trkpt>
      <trkpt lat="46.201626" lon="11.506082">
        <ele>2443.418552</ele>
        <time>2026-05-24T09:17:37.000Z</time>
      </trkpt>
      <trkpt lat="46.201630" lon="11.506052">
        <ele>2442.829539</ele>
        <time>2026-05-24T09:17:42.000Z</time>
      </trkpt>
      <trkpt lat="46.201628" lon="11.506042">
        <ele>2442.628859</ele>
        <time>2026-05-24T09:17:43.000Z</time>
      </trkpt>
      <trkpt lat="46.201625" lon="11.506014">
        <ele>2442.082610</ele>
        <time>2026-05-24T09:17:46.000Z</time>
      </trkpt>
      <trkpt lat="46.201626" lon="11.505993">
        <ele>2441.676788</ele>
        <time>2026-05-24T09:17:48.000Z</time>
      </trkpt>
      <trkpt lat="46.201625" lon="11.506000">
        <ele>2441.538988</ele>
        <time>2026-05-24T09:17:52.000Z</time>
      </trkpt>
      <trkpt lat="46.201632" lon="11.505986">
        <ele>2441.206015</ele>
        <time>2026-05-24T09:18:00.000Z</time>
      </trkpt>
      <trkpt lat="46.201632" lon="11.505982">
        <ele>2441.128898</ele>
        <time>2026-05-24T09:18:02.000Z</time>
      </trkpt>
      <trkpt lat="46.201633" lon="11.505987">
        <ele>2441.028558</ele>
        <time>2026-05-24T09:18:07.000Z</time>
      </trkpt>
      <trkpt lat="46.201633" lon="11.505976">
        <ele>2440.816486</ele>
        <time>2026-05-24T09:18:10.000Z</time>
      </trkpt>
      <trkpt lat="46.201630" lon="11.505978">
        <ele>2440.724453</ele>
        <time>2026-05-24T09:18:11.000Z</time>
      </trkpt>
      <trkpt lat="46.201624" lon="11.505967">
        <ele>2440.454439</ele>
        <time>2026-05-24T09:18:20.000Z</time>
      </trkpt>
      <trkpt lat="46.201625" lon="11.505968">
        <ele>2440.420563</ele>
        <time>2026-05-24T09:18:23.000Z</time>
      </trkpt>
      <trkpt lat="46.201623" lon="11.505961">
        <ele>2440.274561</ele>
        <time>2026-05-24T09:18:27.000Z</time>
      </trkpt>
      <trkpt lat="46.201615" lon="11.505952">
        <ele>2439.992133</ele>
        <time>2026-05-24T09:18:33.000Z</time>
      </trkpt>
      <trkpt lat="46.201620" lon="11.505925">
        <ele>2439.453283</ele>
        <time>2026-05-24T09:18:36.000Z</time>
      </trkpt>
      <trkpt lat="46.201632" lon="11.505916">
        <ele>2439.076668</ele>
        <time>2026-05-24T09:18:37.000Z</time>
      </trkpt>
      <trkpt lat="46.201659" lon="11.505880">
        <ele>2438.053265</ele>
        <time>2026-05-24T09:18:41.000Z</time>
      </trkpt>
      <trkpt lat="46.201663" lon="11.505870">
        <ele>2437.830591</ele>
        <time>2026-05-24T09:18:43.000Z</time>
      </trkpt>
      <trkpt lat="46.201659" lon="11.505851">
        <ele>2437.447715</ele>
        <time>2026-05-24T09:18:46.000Z</time>
      </trkpt>
      <trkpt lat="46.201639" lon="11.505843">
        <ele>2436.869653</ele>
        <time>2026-05-24T09:18:50.000Z</time>
      </trkpt>
      <trkpt lat="46.201631" lon="11.505847">
        <ele>2436.633845</ele>
        <time>2026-05-24T09:18:51.000Z</time>
      </trkpt>
      <trkpt lat="46.201614" lon="11.505830">
        <ele>2436.057947</ele>
        <time>2026-05-24T09:18:54.000Z</time>
      </trkpt>
      <trkpt lat="46.201621" lon="11.505820">
        <ele>2435.783741</ele>
        <time>2026-05-24T09:18:55.000Z</time>
      </trkpt>
      <trkpt lat="46.201626" lon="11.505813">
        <ele>2435.589806</ele>
        <time>2026-05-24T09:18:56.000Z</time>
      </trkpt>
      <trkpt lat="46.201635" lon="11.505806">
        <ele>2435.305092</ele>
        <time>2026-05-24T09:18:58.000Z</time>
      </trkpt>
      <trkpt lat="46.201656" lon="11.505785">
        <ele>2434.593689</ele>
        <time>2026-05-24T09:19:01.000Z</time>
      </trkpt>
      <trkpt lat="46.201674" lon="11.505753">
        <ele>2433.798701</ele>
        <time>2026-05-24T09:19:06.000Z</time>
      </trkpt>
      <trkpt lat="46.201630" lon="11.505757">
        <ele>2432.570645</ele>
        <time>2026-05-24T09:19:14.000Z</time>
      </trkpt>
      <trkpt lat="46.201648" lon="11.505730">
        <ele>2431.847901</ele>
        <time>2026-05-24T09:19:19.000Z</time>
      </trkpt>
      <trkpt lat="46.201668" lon="11.505727">
        <ele>2431.287801</ele>
        <time>2026-05-24T09:19:27.000Z</time>
      </trkpt>
      <trkpt lat="46.201666" lon="11.505705">
        <ele>2430.860015</ele>
        <time>2026-05-24T09:19:33.000Z</time>
      </trkpt>
      <trkpt lat="46.201664" lon="11.505699">
        <ele>2430.731623</ele>
        <time>2026-05-24T09:19:34.000Z</time>
      </trkpt>
      <trkpt lat="46.201654" lon="11.505696">
        <ele>2430.447129</ele>
        <time>2026-05-24T09:19:40.000Z</time>
      </trkpt>
      <trkpt lat="46.201652" lon="11.505669">
        <ele>2429.923616</ele>
        <time>2026-05-24T09:19:47.000Z</time>
      </trkpt>
      <trkpt lat="46.201656" lon="11.505668">
        <ele>2429.810539</ele>
        <time>2026-05-24T09:19:48.000Z</time>
      </trkpt>
      <trkpt lat="46.201666" lon="11.505667">
        <ele>2429.531320</ele>
        <time>2026-05-24T09:19:53.000Z</time>
      </trkpt>
      <trkpt lat="46.201675" lon="11.505655">
        <ele>2429.190186</ele>
        <time>2026-05-24T09:19:56.000Z</time>
      </trkpt>
      <trkpt lat="46.201679" lon="11.505629">
        <ele>2428.676692</ele>
        <time>2026-05-24T09:20:02.000Z</time>
      </trkpt>
      <trkpt lat="46.201682" lon="11.505627">
        <ele>2428.584659</ele>
        <time>2026-05-24T09:20:03.000Z</time>
      </trkpt>
      <trkpt lat="46.201693" lon="11.505622">
        <ele>2428.263445</ele>
        <time>2026-05-24T09:20:12.000Z</time>
      </trkpt>
      <trkpt lat="46.201709" lon="11.505623">
        <ele>2427.817344</ele>
        <time>2026-05-24T09:20:15.000Z</time>
      </trkpt>
      <trkpt lat="46.201710" lon="11.505620">
        <ele>2427.753148</ele>
        <time>2026-05-24T09:20:20.000Z</time>
      </trkpt>
      <trkpt lat="46.201694" lon="11.505611">
        <ele>2427.274879</ele>
        <time>2026-05-24T09:20:24.000Z</time>
      </trkpt>
      <trkpt lat="46.201691" lon="11.505607">
        <ele>2427.161168</ele>
        <time>2026-05-24T09:20:25.000Z</time>
      </trkpt>
      <trkpt lat="46.201690" lon="11.505599">
        <ele>2427.004439</ele>
        <time>2026-05-24T09:20:28.000Z</time>
      </trkpt>
      <trkpt lat="46.201674" lon="11.505593">
        <ele>2426.543987</ele>
        <time>2026-05-24T09:20:32.000Z</time>
      </trkpt>
      <trkpt lat="46.201658" lon="11.505592">
        <ele>2426.097886</ele>
        <time>2026-05-24T09:20:37.000Z</time>
      </trkpt>
      <trkpt lat="46.201654" lon="11.505584">
        <ele>2425.907616</ele>
        <time>2026-05-24T09:20:39.000Z</time>
      </trkpt>
      <trkpt lat="46.201648" lon="11.505571">
        <ele>2425.606371</ele>
        <time>2026-05-24T09:20:43.000Z</time>
      </trkpt>
      <trkpt lat="46.201646" lon="11.505572">
        <ele>2425.547419</ele>
        <time>2026-05-24T09:20:45.000Z</time>
      </trkpt>
      <trkpt lat="46.201639" lon="11.505552">
        <ele>2425.115336</ele>
        <time>2026-05-24T09:20:50.000Z</time>
      </trkpt>
      <trkpt lat="46.201644" lon="11.505547">
        <ele>2424.945954</ele>
        <time>2026-05-24T09:20:52.000Z</time>
      </trkpt>
      <trkpt lat="46.201656" lon="11.505536">
        <ele>2424.550092</ele>
        <time>2026-05-24T09:20:58.000Z</time>
      </trkpt>
      <trkpt lat="46.201666" lon="11.505513">
        <ele>2424.026437</ele>
        <time>2026-05-24T09:21:02.000Z</time>
      </trkpt>
      <trkpt lat="46.201675" lon="11.505508">
        <ele>2423.757845</ele>
        <time>2026-05-24T09:21:04.000Z</time>
      </trkpt>
      <trkpt lat="46.201689" lon="11.505494">
        <ele>2423.283576</ele>
        <time>2026-05-24T09:21:06.000Z</time>
      </trkpt>
      <trkpt lat="46.201700" lon="11.505481">
        <ele>2422.887721</ele>
        <time>2026-05-24T09:21:10.000Z</time>
      </trkpt>
      <trkpt lat="46.201701" lon="11.505475">
        <ele>2422.768739</ele>
        <time>2026-05-24T09:21:11.000Z</time>
      </trkpt>
      <trkpt lat="46.201697" lon="11.505460">
        <ele>2422.458828</ele>
        <time>2026-05-24T09:21:16.000Z</time>
      </trkpt>
      <trkpt lat="46.201695" lon="11.505460">
        <ele>2422.403118</ele>
        <time>2026-05-24T09:21:17.000Z</time>
      </trkpt>
      <trkpt lat="46.201702" lon="11.505451">
        <ele>2422.142107</ele>
        <time>2026-05-24T09:21:24.000Z</time>
      </trkpt>
      <trkpt lat="46.201707" lon="11.505447">
        <ele>2421.982906</ele>
        <time>2026-05-24T09:21:29.000Z</time>
      </trkpt>
      <trkpt lat="46.201707" lon="11.505448">
        <ele>2421.963627</ele>
        <time>2026-05-24T09:21:33.000Z</time>
      </trkpt>
      <trkpt lat="46.201705" lon="11.505435">
        <ele>2421.706880</ele>
        <time>2026-05-24T09:21:41.000Z</time>
      </trkpt>
      <trkpt lat="46.201702" lon="11.505402">
        <ele>2421.060098</ele>
        <time>2026-05-24T09:21:47.000Z</time>
      </trkpt>
      <trkpt lat="46.201715" lon="11.505400">
        <ele>2420.573206</ele>
        <time>2026-05-24T09:21:49.000Z</time>
      </trkpt>
      <trkpt lat="46.201744" lon="11.505379">
        <ele>2419.365110</ele>
        <time>2026-05-24T09:21:53.000Z</time>
      </trkpt>
      <trkpt lat="46.201761" lon="11.505377">
        <ele>2418.729888</ele>
        <time>2026-05-24T09:22:00.000Z</time>
      </trkpt>
      <trkpt lat="46.201762" lon="11.505375">
        <ele>2418.666290</ele>
        <time>2026-05-24T09:22:01.000Z</time>
      </trkpt>
      <trkpt lat="46.201781" lon="11.505365">
        <ele>2417.913192</ele>
        <time>2026-05-24T09:22:08.000Z</time>
      </trkpt>
      <trkpt lat="46.201780" lon="11.505366">
        <ele>2417.867899</ele>
        <time>2026-05-24T09:22:09.000Z</time>
      </trkpt>
      <trkpt lat="46.201777" lon="11.505341">
        <ele>2417.213874</ele>
        <time>2026-05-24T09:22:14.000Z</time>
      </trkpt>
      <trkpt lat="46.201775" lon="11.505327">
        <ele>2416.845396</ele>
        <time>2026-05-24T09:22:16.000Z</time>
      </trkpt>
      <trkpt lat="46.201769" lon="11.505315">
        <ele>2416.463807</ele>
        <time>2026-05-24T09:22:20.000Z</time>
      </trkpt>
      <trkpt lat="46.201771" lon="11.505300">
        <ele>2416.070051</ele>
        <time>2026-05-24T09:22:25.000Z</time>
      </trkpt>
      <trkpt lat="46.201775" lon="11.505294">
        <ele>2415.855315</ele>
        <time>2026-05-24T09:22:26.000Z</time>
      </trkpt>
      <trkpt lat="46.201782" lon="11.505263">
        <ele>2415.014793</ele>
        <time>2026-05-24T09:22:33.000Z</time>
      </trkpt>
      <trkpt lat="46.201779" lon="11.505247">
        <ele>2414.587504</ele>
        <time>2026-05-24T09:22:35.000Z</time>
      </trkpt>
      <trkpt lat="46.201782" lon="11.505238">
        <ele>2414.330013</ele>
        <time>2026-05-24T09:22:39.000Z</time>
      </trkpt>
      <trkpt lat="46.201783" lon="11.505225">
        <ele>2413.992856</ele>
        <time>2026-05-24T09:22:44.000Z</time>
      </trkpt>
      <trkpt lat="46.201784" lon="11.505225">
        <ele>2413.955613</ele>
        <time>2026-05-24T09:22:46.000Z</time>
      </trkpt>
      <trkpt lat="46.201786" lon="11.505226">
        <ele>2413.876793</ele>
        <time>2026-05-24T09:22:57.000Z</time>
      </trkpt>
      <trkpt lat="46.201786" lon="11.505224">
        <ele>2413.825240</ele>
        <time>2026-05-24T09:23:00.000Z</time>
      </trkpt>
      <trkpt lat="46.201783" lon="11.505226">
        <ele>2413.702192</ele>
        <time>2026-05-24T09:23:07.000Z</time>
      </trkpt>
      <trkpt lat="46.201780" lon="11.505240">
        <ele>2413.324422</ele>
        <time>2026-05-24T09:23:16.000Z</time>
      </trkpt>
      <trkpt lat="46.201784" lon="11.505226">
        <ele>2412.934012</ele>
        <time>2026-05-24T09:23:22.000Z</time>
      </trkpt>
      <trkpt lat="46.201784" lon="11.505226">
        <ele>2412.934012</ele>
        <time>2026-05-24T09:23:30.000Z</time>
      </trkpt>
      <trkpt lat="46.201784" lon="11.505231">
        <ele>2412.805130</ele>
        <time>2026-05-24T09:23:32.000Z</time>
      </trkpt>
      <trkpt lat="46.201772" lon="11.505205">
        <ele>2411.999597</ele>
        <time>2026-05-24T09:23:38.000Z</time>
      </trkpt>
      <trkpt lat="46.201762" lon="11.505171">
        <ele>2411.047348</ele>
        <time>2026-05-24T09:23:43.000Z</time>
      </trkpt>
      <trkpt lat="46.201765" lon="11.505163">
        <ele>2410.812813</ele>
        <time>2026-05-24T09:23:45.000Z</time>
      </trkpt>
      <trkpt lat="46.201821" lon="11.505166">
        <ele>2408.725788</ele>
        <time>2026-05-24T09:23:52.000Z</time>
      </trkpt>
      <trkpt lat="46.201824" lon="11.505157">
        <ele>2408.468297</ele>
        <time>2026-05-24T09:23:58.000Z</time>
      </trkpt>
      <trkpt lat="46.201827" lon="11.505153">
        <ele>2408.316265</ele>
        <time>2026-05-24T09:24:00.000Z</time>
      </trkpt>
      <trkpt lat="46.201839" lon="11.505126">
        <ele>2407.489163</ele>
        <time>2026-05-24T09:24:07.000Z</time>
      </trkpt>
      <trkpt lat="46.201847" lon="11.505122">
        <ele>2407.173886</ele>
        <time>2026-05-24T09:24:10.000Z</time>
      </trkpt>
      <trkpt lat="46.201848" lon="11.505122">
        <ele>2407.136643</ele>
        <time>2026-05-24T09:24:12.000Z</time>
      </trkpt>
      <trkpt lat="46.201839" lon="11.505096">
        <ele>2406.387310</ele>
        <time>2026-05-24T09:24:19.000Z</time>
      </trkpt>
      <trkpt lat="46.201822" lon="11.505095">
        <ele>2405.753660</ele>
        <time>2026-05-24T09:24:22.000Z</time>
      </trkpt>
      <trkpt lat="46.201808" lon="11.505068">
        <ele>2404.884050</ele>
        <time>2026-05-24T09:24:26.000Z</time>
      </trkpt>
      <trkpt lat="46.201802" lon="11.505022">
        <ele>2403.677461</ele>
        <time>2026-05-24T09:24:31.000Z</time>
      </trkpt>
      <trkpt lat="46.201802" lon="11.505001">
        <ele>2403.136156</ele>
        <time>2026-05-24T09:24:33.000Z</time>
      </trkpt>
      <trkpt lat="46.201802" lon="11.504987">
        <ele>2402.775285</ele>
        <time>2026-05-24T09:24:35.000Z</time>
      </trkpt>
      <trkpt lat="46.201802" lon="11.504982">
        <ele>2402.646403</ele>
        <time>2026-05-24T09:24:36.000Z</time>
      </trkpt>
      <trkpt lat="46.201807" lon="11.504959">
        <ele>2402.024988</ele>
        <time>2026-05-24T09:24:39.000Z</time>
      </trkpt>
      <trkpt lat="46.201812" lon="11.504946">
        <ele>2401.641631</ele>
        <time>2026-05-24T09:24:41.000Z</time>
      </trkpt>
      <trkpt lat="46.201823" lon="11.504932">
        <ele>2401.095685</ele>
        <time>2026-05-24T09:24:46.000Z</time>
      </trkpt>
      <trkpt lat="46.201826" lon="11.504930">
        <ele>2400.972637</ele>
        <time>2026-05-24T09:24:47.000Z</time>
      </trkpt>
      <trkpt lat="46.201835" lon="11.504915">
        <ele>2400.460930</ele>
        <time>2026-05-24T09:24:51.000Z</time>
      </trkpt>
      <trkpt lat="46.201836" lon="11.504907">
        <ele>2400.251382</ele>
        <time>2026-05-24T09:24:52.000Z</time>
      </trkpt>
      <trkpt lat="46.201840" lon="11.504898">
        <ele>2399.975682</ele>
        <time>2026-05-24T09:24:54.000Z</time>
      </trkpt>
      <trkpt lat="46.201852" lon="11.504881">
        <ele>2399.349783</ele>
        <time>2026-05-24T09:24:57.000Z</time>
      </trkpt>
      <trkpt lat="46.201851" lon="11.504882">
        <ele>2399.304490</ele>
        <time>2026-05-24T09:25:00.000Z</time>
      </trkpt>
      <trkpt lat="46.201862" lon="11.504866">
        <ele>2398.723179</ele>
        <time>2026-05-24T09:25:05.000Z</time>
      </trkpt>
      <trkpt lat="46.201871" lon="11.504855">
        <ele>2398.284153</ele>
        <time>2026-05-24T09:25:07.000Z</time>
      </trkpt>
      <trkpt lat="46.201880" lon="11.504844">
        <ele>2397.845127</ele>
        <time>2026-05-24T09:25:10.000Z</time>
      </trkpt>
      <trkpt lat="46.201905" lon="11.504827">
        <ele>2396.816096</ele>
        <time>2026-05-24T09:25:15.000Z</time>
      </trkpt>
      <trkpt lat="46.201894" lon="11.504814">
        <ele>2396.286835</ele>
        <time>2026-05-24T09:25:19.000Z</time>
      </trkpt>
      <trkpt lat="46.201884" lon="11.504807">
        <ele>2395.873001</ele>
        <time>2026-05-24T09:25:21.000Z</time>
      </trkpt>
      <trkpt lat="46.201880" lon="11.504802">
        <ele>2395.676017</ele>
        <time>2026-05-24T09:25:22.000Z</time>
      </trkpt>
      <trkpt lat="46.201903" lon="11.504774">
        <ele>2394.555909</ele>
        <time>2026-05-24T09:25:29.000Z</time>
      </trkpt>
      <trkpt lat="46.201912" lon="11.504775">
        <ele>2394.219735</ele>
        <time>2026-05-24T09:25:30.000Z</time>
      </trkpt>
      <trkpt lat="46.201929" lon="11.504765">
        <ele>2393.536148</ele>
        <time>2026-05-24T09:25:33.000Z</time>
      </trkpt>
      <trkpt lat="46.201944" lon="11.504768">
        <ele>2392.972181</ele>
        <time>2026-05-24T09:25:36.000Z</time>
      </trkpt>
      <trkpt lat="46.201945" lon="11.504772">
        <ele>2392.862555</ele>
        <time>2026-05-24T09:25:37.000Z</time>
      </trkpt>
      <trkpt lat="46.201958" lon="11.504781">
        <ele>2392.325690</ele>
        <time>2026-05-24T09:25:42.000Z</time>
      </trkpt>
      <trkpt lat="46.201956" lon="11.504778">
        <ele>2392.218322</ele>
        <time>2026-05-24T09:25:44.000Z</time>
      </trkpt>
      <trkpt lat="46.201976" lon="11.504755">
        <ele>2391.266331</ele>
        <time>2026-05-24T09:25:48.000Z</time>
      </trkpt>
      <trkpt lat="46.201980" lon="11.504733">
        <ele>2390.680010</ele>
        <time>2026-05-24T09:25:50.000Z</time>
      </trkpt>
      <trkpt lat="46.201977" lon="11.504731">
        <ele>2390.556962</ele>
        <time>2026-05-24T09:25:51.000Z</time>
      </trkpt>
      <trkpt lat="46.201962" lon="11.504725">
        <ele>2389.977308</ele>
        <time>2026-05-24T09:25:54.000Z</time>
      </trkpt>
      <trkpt lat="46.201955" lon="11.504726">
        <ele>2389.715338</ele>
        <time>2026-05-24T09:25:55.000Z</time>
      </trkpt>
      <trkpt lat="46.201945" lon="11.504729">
        <ele>2389.334967</ele>
        <time>2026-05-24T09:25:56.000Z</time>
      </trkpt>
      <trkpt lat="46.201907" lon="11.504725">
        <ele>2387.915993</ele>
        <time>2026-05-24T09:26:04.000Z</time>
      </trkpt>
      <trkpt lat="46.201886" lon="11.504699">
        <ele>2386.886029</ele>
        <time>2026-05-24T09:26:11.000Z</time>
      </trkpt>
      <trkpt lat="46.201886" lon="11.504693">
        <ele>2386.731371</ele>
        <time>2026-05-24T09:26:12.000Z</time>
      </trkpt>
      <trkpt lat="46.201896" lon="11.504685">
        <ele>2386.305665</ele>
        <time>2026-05-24T09:26:15.000Z</time>
      </trkpt>
      <trkpt lat="46.201901" lon="11.504688">
        <ele>2386.104034</ele>
        <time>2026-05-24T09:26:21.000Z</time>
      </trkpt>
      <trkpt lat="46.201901" lon="11.504681">
        <ele>2385.923599</ele>
        <time>2026-05-24T09:26:24.000Z</time>
      </trkpt>
      <trkpt lat="46.201921" lon="11.504675">
        <ele>2385.162858</ele>
        <time>2026-05-24T09:26:31.000Z</time>
      </trkpt>
      <trkpt lat="46.201912" lon="11.504667">
        <ele>2384.769320</ele>
        <time>2026-05-24T09:26:35.000Z</time>
      </trkpt>
      <trkpt lat="46.201906" lon="11.504666">
        <ele>2384.544382</ele>
        <time>2026-05-24T09:26:37.000Z</time>
      </trkpt>
      <trkpt lat="46.201896" lon="11.504654">
        <ele>2384.060256</ele>
        <time>2026-05-24T09:26:44.000Z</time>
      </trkpt>
      <trkpt lat="46.201899" lon="11.504635">
        <ele>2383.557921</ele>
        <time>2026-05-24T09:26:50.000Z</time>
      </trkpt>
      <trkpt lat="46.201902" lon="11.504634">
        <ele>2383.443258</ele>
        <time>2026-05-24T09:26:52.000Z</time>
      </trkpt>
      <trkpt lat="46.201903" lon="11.504615">
        <ele>2382.952093</ele>
        <time>2026-05-24T09:26:57.000Z</time>
      </trkpt>
      <trkpt lat="46.201900" lon="11.504601">
        <ele>2382.574323</ele>
        <time>2026-05-24T09:26:59.000Z</time>
      </trkpt>
      <trkpt lat="46.201918" lon="11.504592">
        <ele>2381.864948</ele>
        <time>2026-05-24T09:27:05.000Z</time>
      </trkpt>
      <trkpt lat="46.201914" lon="11.504600">
        <ele>2381.610556</ele>
        <time>2026-05-24T09:27:07.000Z</time>
      </trkpt>
      <trkpt lat="46.201929" lon="11.504595">
        <ele>2381.037241</ele>
        <time>2026-05-24T09:27:10.000Z</time>
      </trkpt>
      <trkpt lat="46.201924" lon="11.504591">
        <ele>2380.824388</ele>
        <time>2026-05-24T09:27:11.000Z</time>
      </trkpt>
      <trkpt lat="46.201930" lon="11.504568">
        <ele>2380.190817</ele>
        <time>2026-05-24T09:27:16.000Z</time>
      </trkpt>
      <trkpt lat="46.201929" lon="11.504563">
        <ele>2380.056662</ele>
        <time>2026-05-24T09:27:18.000Z</time>
      </trkpt>
      <trkpt lat="46.201929" lon="11.504563">
        <ele>2380.056662</ele>
        <time>2026-05-24T09:27:21.000Z</time>
      </trkpt>
      <trkpt lat="46.201932" lon="11.504550">
        <ele>2379.703434</ele>
        <time>2026-05-24T09:27:22.000Z</time>
      </trkpt>
      <trkpt lat="46.201914" lon="11.504551">
        <ele>2379.032569</ele>
        <time>2026-05-24T09:27:26.000Z</time>
      </trkpt>
      <trkpt lat="46.201906" lon="11.504545">
        <ele>2378.696878</ele>
        <time>2026-05-24T09:27:27.000Z</time>
      </trkpt>
      <trkpt lat="46.201875" lon="11.504521">
        <ele>2377.387056</ele>
        <time>2026-05-24T09:27:34.000Z</time>
      </trkpt>
      <trkpt lat="46.201859" lon="11.504509">
        <ele>2376.715674</ele>
        <time>2026-05-24T09:27:38.000Z</time>
      </trkpt>
      <trkpt lat="46.201847" lon="11.504510">
        <ele>2376.268019</ele>
        <time>2026-05-24T09:27:43.000Z</time>
      </trkpt>
      <trkpt lat="46.201842" lon="11.504501">
        <ele>2375.970540</ele>
        <time>2026-05-24T09:27:47.000Z</time>
      </trkpt>
      <trkpt lat="46.201862" lon="11.504494">
        <ele>2375.204142</ele>
        <time>2026-05-24T09:27:52.000Z</time>
      </trkpt>
      <trkpt lat="46.201857" lon="11.504490">
        <ele>2374.991290</ele>
        <time>2026-05-24T09:27:53.000Z</time>
      </trkpt>
      <trkpt lat="46.201818" lon="11.504473">
        <ele>2373.474162</ele>
        <time>2026-05-24T09:27:59.000Z</time>
      </trkpt>
      <trkpt lat="46.201815" lon="11.504439">
        <ele>2372.590670</ele>
        <time>2026-05-24T09:28:03.000Z</time>
      </trkpt>
      <trkpt lat="46.201820" lon="11.504445">
        <ele>2372.348607</ele>
        <time>2026-05-24T09:28:04.000Z</time>
      </trkpt>
      <trkpt lat="46.201821" lon="11.504448">
        <ele>2372.262776</ele>
        <time>2026-05-24T09:28:06.000Z</time>
      </trkpt>
      <trkpt lat="46.201803" lon="11.504430">
        <ele>2371.447505</ele>
        <time>2026-05-24T09:28:09.000Z</time>
      </trkpt>
      <trkpt lat="46.201781" lon="11.504424">
        <ele>2370.613696</ele>
        <time>2026-05-24T09:28:12.000Z</time>
      </trkpt>
      <trkpt lat="46.201766" lon="11.504425">
        <ele>2370.054461</ele>
        <time>2026-05-24T09:28:14.000Z</time>
      </trkpt>
      <trkpt lat="46.201758" lon="11.504410">
        <ele>2369.566337</ele>
        <time>2026-05-24T09:28:20.000Z</time>
      </trkpt>
      <trkpt lat="46.201767" lon="11.504412">
        <ele>2369.227211</ele>
        <time>2026-05-24T09:28:28.000Z</time>
      </trkpt>
      <trkpt lat="46.201773" lon="11.504405">
        <ele>2368.940001</ele>
        <time>2026-05-24T09:28:39.000Z</time>
      </trkpt>
      <trkpt lat="46.201816" lon="11.504378">
        <ele>2367.193872</ele>
        <time>2026-05-24T09:28:48.000Z</time>
      </trkpt>
      <trkpt lat="46.201822" lon="11.504376">
        <ele>2366.964546</ele>
        <time>2026-05-24T09:28:49.000Z</time>
      </trkpt>
      <trkpt lat="46.201860" lon="11.504383">
        <ele>2365.537867</ele>
        <time>2026-05-24T09:28:54.000Z</time>
      </trkpt>
      <trkpt lat="46.201888" lon="11.504393">
        <ele>2364.463685</ele>
        <time>2026-05-24T09:28:58.000Z</time>
      </trkpt>
      <trkpt lat="46.201891" lon="11.504392">
        <ele>2364.349022</ele>
        <time>2026-05-24T09:28:59.000Z</time>
      </trkpt>
      <trkpt lat="46.201909" lon="11.504385">
        <ele>2363.654795</ele>
        <time>2026-05-24T09:29:04.000Z</time>
      </trkpt>
      <trkpt lat="46.201938" lon="11.504372">
        <ele>2362.523968</ele>
        <time>2026-05-24T09:29:10.000Z</time>
      </trkpt>
      <trkpt lat="46.201944" lon="11.504365">
        <ele>2362.236758</ele>
        <time>2026-05-24T09:29:12.000Z</time>
      </trkpt>
      <trkpt lat="46.201951" lon="11.504356">
        <ele>2361.887785</ele>
        <time>2026-05-24T09:29:15.000Z</time>
      </trkpt>
      <trkpt lat="46.201970" lon="11.504345">
        <ele>2361.125480</ele>
        <time>2026-05-24T09:29:19.000Z</time>
      </trkpt>
      <trkpt lat="46.201990" lon="11.504335">
        <ele>2360.337286</ele>
        <time>2026-05-24T09:29:22.000Z</time>
      </trkpt>
      <trkpt lat="46.201992" lon="11.504361">
        <ele>2359.662974</ele>
        <time>2026-05-24T09:29:30.000Z</time>
      </trkpt>
      <trkpt lat="46.201983" lon="11.504367">
        <ele>2359.293830</ele>
        <time>2026-05-24T09:29:32.000Z</time>
      </trkpt>
      <trkpt lat="46.201946" lon="11.504358">
        <ele>2357.896458</ele>
        <time>2026-05-24T09:29:38.000Z</time>
      </trkpt>
      <trkpt lat="46.201938" lon="11.504356">
        <ele>2357.594089</ele>
        <time>2026-05-24T09:29:39.000Z</time>
      </trkpt>
      <trkpt lat="46.201905" lon="11.504329">
        <ele>2356.181705</ele>
        <time>2026-05-24T09:29:45.000Z</time>
      </trkpt>
      <trkpt lat="46.201902" lon="11.504321">
        <ele>2355.947171</ele>
        <time>2026-05-24T09:29:46.000Z</time>
      </trkpt>
      <trkpt lat="46.201894" lon="11.504313">
        <ele>2355.584828</ele>
        <time>2026-05-24T09:29:48.000Z</time>
      </trkpt>
      <trkpt lat="46.201882" lon="11.504306">
        <ele>2355.102866</ele>
        <time>2026-05-24T09:29:54.000Z</time>
      </trkpt>
      <trkpt lat="46.201882" lon="11.504307">
        <ele>2355.077089</ele>
        <time>2026-05-24T09:29:55.000Z</time>
      </trkpt>
      <trkpt lat="46.201881" lon="11.504292">
        <ele>2354.688654</ele>
        <time>2026-05-24T09:29:58.000Z</time>
      </trkpt>
      <trkpt lat="46.201879" lon="11.504278">
        <ele>2354.320177</ele>
        <time>2026-05-24T09:30:04.000Z</time>
      </trkpt>
      <trkpt lat="46.201847" lon="11.504286">
        <ele>2353.673180</ele>
        <time>2026-05-24T09:30:11.000Z</time>
      </trkpt>
      <trkpt lat="46.201841" lon="11.504295">
        <ele>2353.535333</ele>
        <time>2026-05-24T09:30:17.000Z</time>
      </trkpt>
      <trkpt lat="46.201831" lon="11.504287">
        <ele>2353.353149</ele>
        <time>2026-05-24T09:30:18.000Z</time>
      </trkpt>
      <trkpt lat="46.201849" lon="11.504263">
        <ele>2352.962768</ele>
        <time>2026-05-24T09:30:22.000Z</time>
      </trkpt>
      <trkpt lat="46.201849" lon="11.504267">
        <ele>2352.918643</ele>
        <time>2026-05-24T09:30:23.000Z</time>
      </trkpt>
      <trkpt lat="46.201880" lon="11.504274">
        <ele>2352.418558</ele>
        <time>2026-05-24T09:30:28.000Z</time>
      </trkpt>
      <trkpt lat="46.201898" lon="11.504268">
        <ele>2352.124132</ele>
        <time>2026-05-24T09:30:34.000Z</time>
      </trkpt>
      <trkpt lat="46.201909" lon="11.504262">
        <ele>2351.936734</ele>
        <time>2026-05-24T09:30:35.000Z</time>
      </trkpt>
      <trkpt lat="46.201965" lon="11.504228">
        <ele>2350.968587</ele>
        <time>2026-05-24T09:30:39.000Z</time>
      </trkpt>
      <trkpt lat="46.202010" lon="11.504207">
        <ele>2350.214881</ele>
        <time>2026-05-24T09:30:43.000Z</time>
      </trkpt>
      <trkpt lat="46.202022" lon="11.504201">
        <ele>2350.012492</ele>
        <time>2026-05-24T09:30:44.000Z</time>
      </trkpt>
      <trkpt lat="46.202058" lon="11.504183">
        <ele>2349.405328</ele>
        <time>2026-05-24T09:30:47.000Z</time>
      </trkpt>
      <trkpt lat="46.202089" lon="11.504168">
        <ele>2348.884269</ele>
        <time>2026-05-24T09:30:50.000Z</time>
      </trkpt>
      <trkpt lat="46.202100" lon="11.504163">
        <ele>2348.700477</ele>
        <time>2026-05-24T09:30:51.000Z</time>
      </trkpt>
      <trkpt lat="46.202119" lon="11.504157">
        <ele>2348.390500</ele>
        <time>2026-05-24T09:30:53.000Z</time>
      </trkpt>
      <trkpt lat="46.202137" lon="11.504159">
        <ele>2348.102764</ele>
        <time>2026-05-24T09:30:58.000Z</time>
      </trkpt>
      <trkpt lat="46.202131" lon="11.504161">
        <ele>2348.004622</ele>
        <time>2026-05-24T09:30:59.000Z</time>
      </trkpt>
      <trkpt lat="46.202080" lon="11.504161">
        <ele>2347.191768</ele>
        <time>2026-05-24T09:31:04.000Z</time>
      </trkpt>
      <trkpt lat="46.202046" lon="11.504157">
        <ele>2346.648073</ele>
        <time>2026-05-24T09:31:07.000Z</time>
      </trkpt>
      <trkpt lat="46.201999" lon="11.504150">
        <ele>2345.895003</ele>
        <time>2026-05-24T09:31:11.000Z</time>
      </trkpt>
      <trkpt lat="46.201981" lon="11.504137">
        <ele>2345.574268</ele>
        <time>2026-05-24T09:31:13.000Z</time>
      </trkpt>
      <trkpt lat="46.201959" lon="11.504126">
        <ele>2345.203223</ele>
        <time>2026-05-24T09:31:15.000Z</time>
      </trkpt>
      <trkpt lat="46.201948" lon="11.504084">
        <ele>2344.707851</ele>
        <time>2026-05-24T09:31:19.000Z</time>
      </trkpt>
      <trkpt lat="46.201950" lon="11.504075">
        <ele>2344.603578</ele>
        <time>2026-05-24T09:31:20.000Z</time>
      </trkpt>
      <trkpt lat="46.201964" lon="11.504058">
        <ele>2344.312103</ele>
        <time>2026-05-24T09:31:23.000Z</time>
      </trkpt>
      <trkpt lat="46.201974" lon="11.504045">
        <ele>2344.097702</ele>
        <time>2026-05-24T09:31:25.000Z</time>
      </trkpt>
      <trkpt lat="46.201993" lon="11.504033">
        <ele>2343.767206</ele>
        <time>2026-05-24T09:31:28.000Z</time>
      </trkpt>
      <trkpt lat="46.202006" lon="11.504016">
        <ele>2343.487745</ele>
        <time>2026-05-24T09:31:31.000Z</time>
      </trkpt>
      <trkpt lat="46.202037" lon="11.504004">
        <ele>2342.976232</ele>
        <time>2026-05-24T09:31:34.000Z</time>
      </trkpt>
      <trkpt lat="46.202049" lon="11.504005">
        <ele>2342.784654</ele>
        <time>2026-05-24T09:31:35.000Z</time>
      </trkpt>
      <trkpt lat="46.202125" lon="11.504027">
        <ele>2341.549271</ele>
        <time>2026-05-24T09:31:41.000Z</time>
      </trkpt>
      <trkpt lat="46.202138" lon="11.504030">
        <ele>2341.339447</ele>
        <time>2026-05-24T09:31:42.000Z</time>
      </trkpt>
      <trkpt lat="46.202193" lon="11.504014">
        <ele>2340.445249</ele>
        <time>2026-05-24T09:31:46.000Z</time>
      </trkpt>
      <trkpt lat="46.202222" lon="11.503991">
        <ele>2339.917981</ele>
        <time>2026-05-24T09:31:49.000Z</time>
      </trkpt>
      <trkpt lat="46.202254" lon="11.503974">
        <ele>2339.374572</ele>
        <time>2026-05-24T09:31:55.000Z</time>
      </trkpt>
      <trkpt lat="46.202267" lon="11.503998">
        <ele>2339.038385</ele>
        <time>2026-05-24T09:31:57.000Z</time>
      </trkpt>
      <trkpt lat="46.202304" lon="11.504093">
        <ele>2337.835895</ele>
        <time>2026-05-24T09:32:04.000Z</time>
      </trkpt>
      <trkpt lat="46.202342" lon="11.504160">
        <ele>2336.880350</ele>
        <time>2026-05-24T09:32:09.000Z</time>
      </trkpt>
      <trkpt lat="46.202383" lon="11.504200">
        <ele>2336.091858</ele>
        <time>2026-05-24T09:32:14.000Z</time>
      </trkpt>
      <trkpt lat="46.202389" lon="11.504208">
        <ele>2335.961731</ele>
        <time>2026-05-24T09:32:16.000Z</time>
      </trkpt>
      <trkpt lat="46.202391" lon="11.504207">
        <ele>2335.928000</ele>
        <time>2026-05-24T09:32:21.000Z</time>
      </trkpt>
      <trkpt lat="46.202408" lon="11.504216">
        <ele>2335.639433</ele>
        <time>2026-05-24T09:32:28.000Z</time>
      </trkpt>
      <trkpt lat="46.202448" lon="11.504261">
        <ele>2334.831435</ele>
        <time>2026-05-24T09:32:32.000Z</time>
      </trkpt>
      <trkpt lat="46.202488" lon="11.504300">
        <ele>2334.062325</ele>
        <time>2026-05-24T09:32:37.000Z</time>
      </trkpt>
      <trkpt lat="46.202505" lon="11.504317">
        <ele>2333.732808</ele>
        <time>2026-05-24T09:32:39.000Z</time>
      </trkpt>
      <trkpt lat="46.202514" lon="11.504322">
        <ele>2333.579125</ele>
        <time>2026-05-24T09:32:40.000Z</time>
      </trkpt>
      <trkpt lat="46.202554" lon="11.504340">
        <ele>2332.911388</ele>
        <time>2026-05-24T09:32:44.000Z</time>
      </trkpt>
      <trkpt lat="46.202563" lon="11.504347">
        <ele>2332.748480</ele>
        <time>2026-05-24T09:32:45.000Z</time>
      </trkpt>
      <trkpt lat="46.202588" lon="11.504378">
        <ele>2332.223402</ele>
        <time>2026-05-24T09:32:48.000Z</time>
      </trkpt>
      <trkpt lat="46.202604" lon="11.504410">
        <ele>2331.787929</ele>
        <time>2026-05-24T09:32:54.000Z</time>
      </trkpt>
      <trkpt lat="46.202625" lon="11.504452">
        <ele>2331.216371</ele>
        <time>2026-05-24T09:32:58.000Z</time>
      </trkpt>
      <trkpt lat="46.202632" lon="11.504474">
        <ele>2330.949271</ele>
        <time>2026-05-24T09:33:01.000Z</time>
      </trkpt>
      <trkpt lat="46.202635" lon="11.504483">
        <ele>2330.839077</ele>
        <time>2026-05-24T09:33:02.000Z</time>
      </trkpt>
      <trkpt lat="46.202648" lon="11.504514">
        <ele>2330.439240</ele>
        <time>2026-05-24T09:33:07.000Z</time>
      </trkpt>
      <trkpt lat="46.202651" lon="11.504533">
        <ele>2330.224265</ele>
        <time>2026-05-24T09:33:10.000Z</time>
      </trkpt>
      <trkpt lat="46.202649" lon="11.504533">
        <ele>2330.192389</ele>
        <time>2026-05-24T09:33:12.000Z</time>
      </trkpt>
      <trkpt lat="46.202649" lon="11.504533">
        <ele>2330.192389</ele>
        <time>2026-05-24T09:33:21.000Z</time>
      </trkpt>
      <trkpt lat="46.202649" lon="11.504533">
        <ele>2330.192389</ele>
        <time>2026-05-24T09:33:27.000Z</time>
      </trkpt>
      <trkpt lat="46.202645" lon="11.504535">
        <ele>2330.124926</ele>
        <time>2026-05-24T09:33:30.000Z</time>
      </trkpt>
      <trkpt lat="46.202641" lon="11.504556">
        <ele>2329.884661</ele>
        <time>2026-05-24T09:33:34.000Z</time>
      </trkpt>
      <trkpt lat="46.202647" lon="11.504556">
        <ele>2329.789031</ele>
        <time>2026-05-24T09:33:43.000Z</time>
      </trkpt>
      <trkpt lat="46.202646" lon="11.504557">
        <ele>2329.769648</ele>
        <time>2026-05-24T09:33:46.000Z</time>
      </trkpt>
      <trkpt lat="46.202640" lon="11.504555">
        <ele>2329.671506</ele>
        <time>2026-05-24T09:33:53.000Z</time>
      </trkpt>
      <trkpt lat="46.202640" lon="11.504560">
        <ele>2329.616351</ele>
        <time>2026-05-24T09:33:56.000Z</time>
      </trkpt>
      <trkpt lat="46.202638" lon="11.504558">
        <ele>2329.577584</ele>
        <time>2026-05-24T09:34:01.000Z</time>
      </trkpt>
      <trkpt lat="46.202640" lon="11.504569">
        <ele>2329.452125</ele>
        <time>2026-05-24T09:34:06.000Z</time>
      </trkpt>
      <trkpt lat="46.202642" lon="11.504592">
        <ele>2329.196416</ele>
        <time>2026-05-24T09:34:15.000Z</time>
      </trkpt>
      <trkpt lat="46.202644" lon="11.504594">
        <ele>2329.157650</ele>
        <time>2026-05-24T09:34:17.000Z</time>
      </trkpt>
      <trkpt lat="46.202646" lon="11.504612">
        <ele>2328.956548</ele>
        <time>2026-05-24T09:34:22.000Z</time>
      </trkpt>
      <trkpt lat="46.202653" lon="11.504629">
        <ele>2328.738341</ele>
        <time>2026-05-24T09:34:28.000Z</time>
      </trkpt>
      <trkpt lat="46.202653" lon="11.504629">
        <ele>2328.738341</ele>
        <time>2026-05-24T09:34:30.000Z</time>
      </trkpt>
      <trkpt lat="46.202669" lon="11.504671">
        <ele>2328.209491</ele>
        <time>2026-05-24T09:34:37.000Z</time>
      </trkpt>
      <trkpt lat="46.202681" lon="11.504680">
        <ele>2327.994000</ele>
        <time>2026-05-24T09:34:40.000Z</time>
      </trkpt>
      <trkpt lat="46.202689" lon="11.504696">
        <ele>2327.776264</ele>
        <time>2026-05-24T09:34:45.000Z</time>
      </trkpt>
      <trkpt lat="46.202692" lon="11.504717">
        <ele>2327.539728</ele>
        <time>2026-05-24T09:34:50.000Z</time>
      </trkpt>
      <trkpt lat="46.202693" lon="11.504717">
        <ele>2327.523790</ele>
        <time>2026-05-24T09:34:54.000Z</time>
      </trkpt>
      <trkpt lat="46.202693" lon="11.504717">
        <ele>2327.523790</ele>
        <time>2026-05-24T09:34:55.000Z</time>
      </trkpt>
      <trkpt lat="46.202692" lon="11.504724">
        <ele>2327.444945</ele>
        <time>2026-05-24T09:34:57.000Z</time>
      </trkpt>
      <trkpt lat="46.202693" lon="11.504717">
        <ele>2327.366100</ele>
        <time>2026-05-24T09:35:00.000Z</time>
      </trkpt>
      <trkpt lat="46.202685" lon="11.504742">
        <ele>2327.062274</ele>
        <time>2026-05-24T09:35:05.000Z</time>
      </trkpt>
      <trkpt lat="46.202680" lon="11.504745">
        <ele>2326.975984</ele>
        <time>2026-05-24T09:35:08.000Z</time>
      </trkpt>
      <trkpt lat="46.202676" lon="11.504746">
        <ele>2326.911283</ele>
        <time>2026-05-24T09:35:11.000Z</time>
      </trkpt>
      <trkpt lat="46.202683" lon="11.504749">
        <ele>2326.794911</ele>
        <time>2026-05-24T09:35:19.000Z</time>
      </trkpt>
      <trkpt lat="46.202692" lon="11.504743">
        <ele>2326.636933</ele>
        <time>2026-05-24T09:35:29.000Z</time>
      </trkpt>
      <trkpt lat="46.202689" lon="11.504740">
        <ele>2326.578783</ele>
        <time>2026-05-24T09:35:36.000Z</time>
      </trkpt>
      <trkpt lat="46.202685" lon="11.504722">
        <ele>2326.370240</ele>
        <time>2026-05-24T09:35:39.000Z</time>
      </trkpt>
      <trkpt lat="46.202681" lon="11.504710">
        <ele>2326.223315</ele>
        <time>2026-05-24T09:35:41.000Z</time>
      </trkpt>
      <trkpt lat="46.202677" lon="11.504705">
        <ele>2326.139015</ele>
        <time>2026-05-24T09:35:42.000Z</time>
      </trkpt>
      <trkpt lat="46.202656" lon="11.504677">
        <ele>2325.683573</ele>
        <time>2026-05-24T09:35:49.000Z</time>
      </trkpt>
      <trkpt lat="46.202647" lon="11.504641">
        <ele>2325.330710</ele>
        <time>2026-05-24T09:35:56.000Z</time>
      </trkpt>
      <trkpt lat="46.202646" lon="11.504621">
        <ele>2325.202330</ele>
        <time>2026-05-24T09:36:00.000Z</time>
      </trkpt>
      <trkpt lat="46.202641" lon="11.504611">
        <ele>2325.123347</ele>
        <time>2026-05-24T09:36:03.000Z</time>
      </trkpt>
      <trkpt lat="46.202640" lon="11.504581">
        <ele>2324.931054</ele>
        <time>2026-05-24T09:36:09.000Z</time>
      </trkpt>
      <trkpt lat="46.202641" lon="11.504579">
        <ele>2324.915257</ele>
        <time>2026-05-24T09:36:11.000Z</time>
      </trkpt>
      <trkpt lat="46.202639" lon="11.504543">
        <ele>2324.684031</ele>
        <time>2026-05-24T09:36:19.000Z</time>
      </trkpt>
      <trkpt lat="46.202636" lon="11.504538">
        <ele>2324.641665</ele>
        <time>2026-05-24T09:36:20.000Z</time>
      </trkpt>
      <trkpt lat="46.202623" lon="11.504500">
        <ele>2324.370277</ele>
        <time>2026-05-24T09:36:25.000Z</time>
      </trkpt>
      <trkpt lat="46.202625" lon="11.504486">
        <ele>2324.278755</ele>
        <time>2026-05-24T09:36:27.000Z</time>
      </trkpt>
      <trkpt lat="46.202620" lon="11.504462">
        <ele>2324.118288</ele>
        <time>2026-05-24T09:36:32.000Z</time>
      </trkpt>
      <trkpt lat="46.202618" lon="11.504459">
        <ele>2324.091620</ele>
        <time>2026-05-24T09:36:33.000Z</time>
      </trkpt>
      <trkpt lat="46.202613" lon="11.504440">
        <ele>2323.961478</ele>
        <time>2026-05-24T09:36:36.000Z</time>
      </trkpt>
      <trkpt lat="46.202605" lon="11.504421">
        <ele>2323.819092</ele>
        <time>2026-05-24T09:36:38.000Z</time>
      </trkpt>
      <trkpt lat="46.202603" lon="11.504415">
        <ele>2323.776454</ele>
        <time>2026-05-24T09:36:39.000Z</time>
      </trkpt>
      <trkpt lat="46.202581" lon="11.504387">
        <ele>2323.505248</ele>
        <time>2026-05-24T09:36:43.000Z</time>
      </trkpt>
      <trkpt lat="46.202567" lon="11.504365">
        <ele>2323.313907</ele>
        <time>2026-05-24T09:36:46.000Z</time>
      </trkpt>
      <trkpt lat="46.202541" lon="11.504348">
        <ele>2323.049914</ele>
        <time>2026-05-24T09:36:51.000Z</time>
      </trkpt>
      <trkpt lat="46.202516" lon="11.504335">
        <ele>2322.804131</ele>
        <time>2026-05-24T09:36:54.000Z</time>
      </trkpt>
      <trkpt lat="46.202494" lon="11.504319">
        <ele>2322.576293</ele>
        <time>2026-05-24T09:36:57.000Z</time>
      </trkpt>
      <trkpt lat="46.202479" lon="11.504310">
        <ele>2322.426047</ele>
        <time>2026-05-24T09:36:59.000Z</time>
      </trkpt>
      <trkpt lat="46.202457" lon="11.504285">
        <ele>2322.167135</ele>
        <time>2026-05-24T09:37:02.000Z</time>
      </trkpt>
      <trkpt lat="46.202415" lon="11.504246">
        <ele>2321.705297</ele>
        <time>2026-05-24T09:37:09.000Z</time>
      </trkpt>
      <trkpt lat="46.202410" lon="11.504239">
        <ele>2321.640893</ele>
        <time>2026-05-24T09:37:10.000Z</time>
      </trkpt>
      <trkpt lat="46.202373" lon="11.504213">
        <ele>2321.260292</ele>
        <time>2026-05-24T09:37:15.000Z</time>
      </trkpt>
      <trkpt lat="46.202348" lon="11.504198">
        <ele>2321.009883</ele>
        <time>2026-05-24T09:37:18.000Z</time>
      </trkpt>
      <trkpt lat="46.202318" lon="11.504148">
        <ele>2320.586219</ele>
        <time>2026-05-24T09:37:25.000Z</time>
      </trkpt>
      <trkpt lat="46.202311" lon="11.504125">
        <ele>2320.425356</ele>
        <time>2026-05-24T09:37:28.000Z</time>
      </trkpt>
      <trkpt lat="46.202297" lon="11.504083">
        <ele>2320.126894</ele>
        <time>2026-05-24T09:37:32.000Z</time>
      </trkpt>
      <trkpt lat="46.202260" lon="11.504001">
        <ele>2319.500182</ele>
        <time>2026-05-24T09:37:39.000Z</time>
      </trkpt>
      <trkpt lat="46.202248" lon="11.503981">
        <ele>2319.330716</ele>
        <time>2026-05-24T09:37:42.000Z</time>
      </trkpt>
      <trkpt lat="46.202235" lon="11.503988">
        <ele>2319.202380</ele>
        <time>2026-05-24T09:37:45.000Z</time>
      </trkpt>
      <trkpt lat="46.202230" lon="11.503994">
        <ele>2319.142256</ele>
        <time>2026-05-24T09:37:46.000Z</time>
      </trkpt>
      <trkpt lat="46.202207" lon="11.504022">
        <ele>2318.864040</ele>
        <time>2026-05-24T09:37:49.000Z</time>
      </trkpt>
      <trkpt lat="46.202195" lon="11.504024">
        <ele>2318.752298</ele>
        <time>2026-05-24T09:37:50.000Z</time>
      </trkpt>
      <trkpt lat="46.202182" lon="11.504025">
        <ele>2318.631872</ele>
        <time>2026-05-24T09:37:51.000Z</time>
      </trkpt>
      <trkpt lat="46.202173" lon="11.504028">
        <ele>2318.546430</ele>
        <time>2026-05-24T09:37:52.000Z</time>
      </trkpt>
      <trkpt lat="46.202164" lon="11.504030">
        <ele>2318.462197</ele>
        <time>2026-05-24T09:37:53.000Z</time>
      </trkpt>
      <trkpt lat="46.202155" lon="11.504033">
        <ele>2318.376756</ele>
        <time>2026-05-24T09:37:54.000Z</time>
      </trkpt>
      <trkpt lat="46.202097" lon="11.504032">
        <ele>2317.840190</ele>
        <time>2026-05-24T09:37:59.000Z</time>
      </trkpt>
      <trkpt lat="46.202009" lon="11.504017">
        <ele>2317.020502</ele>
        <time>2026-05-24T09:38:06.000Z</time>
      </trkpt>
      <trkpt lat="46.201960" lon="11.504006">
        <ele>2316.561789</ele>
        <time>2026-05-24T09:38:10.000Z</time>
      </trkpt>
      <trkpt lat="46.201899" lon="11.503988">
        <ele>2315.985862</ele>
        <time>2026-05-24T09:38:15.000Z</time>
      </trkpt>
      <trkpt lat="46.201850" lon="11.503965">
        <ele>2315.509268</ele>
        <time>2026-05-24T09:38:20.000Z</time>
      </trkpt>
      <trkpt lat="46.201853" lon="11.503962">
        <ele>2315.475518</ele>
        <time>2026-05-24T09:38:23.000Z</time>
      </trkpt>
      <trkpt lat="46.201834" lon="11.503956">
        <ele>2315.295610</ele>
        <time>2026-05-24T09:38:26.000Z</time>
      </trkpt>
      <trkpt lat="46.201811" lon="11.503953">
        <ele>2315.081984</ele>
        <time>2026-05-24T09:38:28.000Z</time>
      </trkpt>
      <trkpt lat="46.201799" lon="11.503951">
        <ele>2314.970242</ele>
        <time>2026-05-24T09:38:29.000Z</time>
      </trkpt>
      <trkpt lat="46.201761" lon="11.503957">
        <ele>2314.616631</ele>
        <time>2026-05-24T09:38:32.000Z</time>
      </trkpt>
      <trkpt lat="46.201708" lon="11.503938">
        <ele>2314.111489</ele>
        <time>2026-05-24T09:38:36.000Z</time>
      </trkpt>
      <trkpt lat="46.201698" lon="11.503928">
        <ele>2313.998989</ele>
        <time>2026-05-24T09:38:37.000Z</time>
      </trkpt>
      <trkpt lat="46.201638" lon="11.503905">
        <ele>2313.424757</ele>
        <time>2026-05-24T09:38:42.000Z</time>
      </trkpt>
      <trkpt lat="46.201617" lon="11.503903">
        <ele>2313.230076</ele>
        <time>2026-05-24T09:38:45.000Z</time>
      </trkpt>
      <trkpt lat="46.201582" lon="11.503878">
        <ele>2312.868904</ele>
        <time>2026-05-24T09:38:49.000Z</time>
      </trkpt>
      <trkpt lat="46.201546" lon="11.503846">
        <ele>2312.477911</ele>
        <time>2026-05-24T09:38:53.000Z</time>
      </trkpt>
      <trkpt lat="46.201506" lon="11.503800">
        <ele>2312.004991</ele>
        <time>2026-05-24T09:38:57.000Z</time>
      </trkpt>
      <trkpt lat="46.201478" lon="11.503777">
        <ele>2311.707044</ele>
        <time>2026-05-24T09:39:00.000Z</time>
      </trkpt>
      <trkpt lat="46.201468" lon="11.503769">
        <ele>2311.601305</ele>
        <time>2026-05-24T09:39:01.000Z</time>
      </trkpt>
      <trkpt lat="46.201454" lon="11.503718">
        <ele>2311.250033</ele>
        <time>2026-05-24T09:39:05.000Z</time>
      </trkpt>
      <trkpt lat="46.201442" lon="11.503691">
        <ele>2311.044594</ele>
        <time>2026-05-24T09:39:07.000Z</time>
      </trkpt>
      <trkpt lat="46.201430" lon="11.503646">
        <ele>2310.735837</ele>
        <time>2026-05-24T09:39:12.000Z</time>
      </trkpt>
      <trkpt lat="46.201427" lon="11.503613">
        <ele>2310.522740</ele>
        <time>2026-05-24T09:39:14.000Z</time>
      </trkpt>
      <trkpt lat="46.201422" lon="11.503554">
        <ele>2310.142172</ele>
        <time>2026-05-24T09:39:18.000Z</time>
      </trkpt>
      <trkpt lat="46.201435" lon="11.503531">
        <ele>2309.952050</ele>
        <time>2026-05-24T09:39:21.000Z</time>
      </trkpt>
      <trkpt lat="46.201407" lon="11.503473">
        <ele>2309.499297</ele>
        <time>2026-05-24T09:39:26.000Z</time>
      </trkpt>
      <trkpt lat="46.201403" lon="11.503467">
        <ele>2309.445960</ele>
        <time>2026-05-24T09:39:28.000Z</time>
      </trkpt>
      <trkpt lat="46.201397" lon="11.503467">
        <ele>2309.390457</ele>
        <time>2026-05-24T09:39:32.000Z</time>
      </trkpt>
      <trkpt lat="46.201411" lon="11.503449">
        <ele>2309.217098</ele>
        <time>2026-05-24T09:39:38.000Z</time>
      </trkpt>
      <trkpt lat="46.201417" lon="11.503438">
        <ele>2309.127429</ele>
        <time>2026-05-24T09:39:39.000Z</time>
      </trkpt>
      <trkpt lat="46.201420" lon="11.503431">
        <ele>2309.074715</ele>
        <time>2026-05-24T09:39:40.000Z</time>
      </trkpt>
      <trkpt lat="46.201424" lon="11.503345">
        <ele>2308.160838</ele>
        <time>2026-05-24T09:39:45.000Z</time>
      </trkpt>
      <trkpt lat="46.201414" lon="11.503303">
        <ele>2307.488690</ele>
        <time>2026-05-24T09:39:49.000Z</time>
      </trkpt>
      <trkpt lat="46.201412" lon="11.503294">
        <ele>2307.345643</ele>
        <time>2026-05-24T09:39:50.000Z</time>
      </trkpt>
      <trkpt lat="46.201410" lon="11.503185">
        <ele>2305.695552</ele>
        <time>2026-05-24T09:39:55.000Z</time>
      </trkpt>
      <trkpt lat="46.201392" lon="11.503131">
        <ele>2304.788528</ele>
        <time>2026-05-24T09:40:00.000Z</time>
      </trkpt>
      <trkpt lat="46.201394" lon="11.503114">
        <ele>2304.527574</ele>
        <time>2026-05-24T09:40:01.000Z</time>
      </trkpt>
      <trkpt lat="46.201397" lon="11.503097">
        <ele>2304.262080</ele>
        <time>2026-05-24T09:40:02.000Z</time>
      </trkpt>
      <trkpt lat="46.201413" lon="11.503051">
        <ele>2303.482995</ele>
        <time>2026-05-24T09:40:05.000Z</time>
      </trkpt>
      <trkpt lat="46.201428" lon="11.503010">
        <ele>2302.781187</ele>
        <time>2026-05-24T09:40:08.000Z</time>
      </trkpt>
      <trkpt lat="46.201435" lon="11.502957">
        <ele>2301.964658</ele>
        <time>2026-05-24T09:40:11.000Z</time>
      </trkpt>
      <trkpt lat="46.201435" lon="11.502912">
        <ele>2301.283667</ele>
        <time>2026-05-24T09:40:14.000Z</time>
      </trkpt>
      <trkpt lat="46.201434" lon="11.502903">
        <ele>2301.145725</ele>
        <time>2026-05-24T09:40:15.000Z</time>
      </trkpt>
      <trkpt lat="46.201426" lon="11.502898">
        <ele>2300.955143</ele>
        <time>2026-05-24T09:40:17.000Z</time>
      </trkpt>
      <trkpt lat="46.201424" lon="11.502914">
        <ele>2300.709096</ele>
        <time>2026-05-24T09:40:19.000Z</time>
      </trkpt>
      <trkpt lat="46.201415" lon="11.502926">
        <ele>2300.441325</ele>
        <time>2026-05-24T09:40:21.000Z</time>
      </trkpt>
      <trkpt lat="46.201370" lon="11.502978">
        <ele>2299.181431</ele>
        <time>2026-05-24T09:40:27.000Z</time>
      </trkpt>
      <trkpt lat="46.201301" lon="11.503056">
        <ele>2297.265866</ele>
        <time>2026-05-24T09:40:34.000Z</time>
      </trkpt>
      <trkpt lat="46.201279" lon="11.503059">
        <ele>2296.782704</ele>
        <time>2026-05-24T09:40:37.000Z</time>
      </trkpt>
      <trkpt lat="46.201271" lon="11.503051">
        <ele>2296.569977</ele>
        <time>2026-05-24T09:40:38.000Z</time>
      </trkpt>
      <trkpt lat="46.201267" lon="11.503034">
        <ele>2296.298253</ele>
        <time>2026-05-24T09:40:39.000Z</time>
      </trkpt>
      <trkpt lat="46.201269" lon="11.502986">
        <ele>2295.570545</ele>
        <time>2026-05-24T09:40:41.000Z</time>
      </trkpt>
      <trkpt lat="46.201283" lon="11.502923">
        <ele>2294.569219</ele>
        <time>2026-05-24T09:40:44.000Z</time>
      </trkpt>
      <trkpt lat="46.201307" lon="11.502802">
        <ele>2292.664398</ele>
        <time>2026-05-24T09:40:51.000Z</time>
      </trkpt>
      <trkpt lat="46.201305" lon="11.502793">
        <ele>2292.521351</ele>
        <time>2026-05-24T09:40:55.000Z</time>
      </trkpt>
      <trkpt lat="46.201305" lon="11.502790">
        <ele>2292.475952</ele>
        <time>2026-05-24T09:40:56.000Z</time>
      </trkpt>
      <trkpt lat="46.201299" lon="11.502756">
        <ele>2291.944963</ele>
        <time>2026-05-24T09:40:58.000Z</time>
      </trkpt>
      <trkpt lat="46.201290" lon="11.502746">
        <ele>2291.696720</ele>
        <time>2026-05-24T09:41:00.000Z</time>
      </trkpt>
      <trkpt lat="46.201276" lon="11.502750">
        <ele>2291.384686</ele>
        <time>2026-05-24T09:41:03.000Z</time>
      </trkpt>
      <trkpt lat="46.201262" lon="11.502760">
        <ele>2291.043215</ele>
        <time>2026-05-24T09:41:05.000Z</time>
      </trkpt>
      <trkpt lat="46.201226" lon="11.502753">
        <ele>2290.248988</ele>
        <time>2026-05-24T09:41:09.000Z</time>
      </trkpt>
      <trkpt lat="46.201218" lon="11.502743">
        <ele>2290.017693</ele>
        <time>2026-05-24T09:41:10.000Z</time>
      </trkpt>
      <trkpt lat="46.201200" lon="11.502717">
        <ele>2289.461180</ele>
        <time>2026-05-24T09:41:12.000Z</time>
      </trkpt>
      <trkpt lat="46.201182" lon="11.502711">
        <ele>2289.057276</ele>
        <time>2026-05-24T09:41:16.000Z</time>
      </trkpt>
      <trkpt lat="46.201163" lon="11.502692">
        <ele>2288.552047</ele>
        <time>2026-05-24T09:41:25.000Z</time>
      </trkpt>
      <trkpt lat="46.201147" lon="11.502703">
        <ele>2288.164625</ele>
        <time>2026-05-24T09:41:27.000Z</time>
      </trkpt>
      <trkpt lat="46.201130" lon="11.502734">
        <ele>2287.566091</ele>
        <time>2026-05-24T09:41:30.000Z</time>
      </trkpt>
      <trkpt lat="46.201115" lon="11.502755">
        <ele>2287.109407</ele>
        <time>2026-05-24T09:41:32.000Z</time>
      </trkpt>
      <trkpt lat="46.201108" lon="11.502769">
        <ele>2286.848041</ele>
        <time>2026-05-24T09:41:33.000Z</time>
      </trkpt>
      <trkpt lat="46.201061" lon="11.502826">
        <ele>2285.506356</ele>
        <time>2026-05-24T09:41:37.000Z</time>
      </trkpt>
      <trkpt lat="46.201051" lon="11.502812">
        <ele>2285.201900</ele>
        <time>2026-05-24T09:41:38.000Z</time>
      </trkpt>
      <trkpt lat="46.201024" lon="11.502743">
        <ele>2284.002379</ele>
        <time>2026-05-24T09:41:41.000Z</time>
      </trkpt>
      <trkpt lat="46.200999" lon="11.502675">
        <ele>2282.837150</ele>
        <time>2026-05-24T09:41:44.000Z</time>
      </trkpt>
      <trkpt lat="46.200983" lon="11.502614">
        <ele>2281.849956</ele>
        <time>2026-05-24T09:41:47.000Z</time>
      </trkpt>
      <trkpt lat="46.200984" lon="11.502591">
        <ele>2281.501205</ele>
        <time>2026-05-24T09:41:48.000Z</time>
      </trkpt>
      <trkpt lat="46.201014" lon="11.502485">
        <ele>2279.768151</ele>
        <time>2026-05-24T09:41:53.000Z</time>
      </trkpt>
      <trkpt lat="46.201030" lon="11.502397">
        <ele>2278.391242</ele>
        <time>2026-05-24T09:41:57.000Z</time>
      </trkpt>
      <trkpt lat="46.201038" lon="11.502337">
        <ele>2277.466553</ele>
        <time>2026-05-24T09:42:01.000Z</time>
      </trkpt>
      <trkpt lat="46.201045" lon="11.502316">
        <ele>2277.113819</ele>
        <time>2026-05-24T09:42:02.000Z</time>
      </trkpt>
      <trkpt lat="46.201056" lon="11.502241">
        <ele>2275.953623</ele>
        <time>2026-05-24T09:42:05.000Z</time>
      </trkpt>
      <trkpt lat="46.201048" lon="11.502220">
        <ele>2275.590868</ele>
        <time>2026-05-24T09:42:06.000Z</time>
      </trkpt>
      <trkpt lat="46.201033" lon="11.502183">
        <ele>2274.941956</ele>
        <time>2026-05-24T09:42:08.000Z</time>
      </trkpt>
      <trkpt lat="46.201014" lon="11.502138">
        <ele>2274.144248</ele>
        <time>2026-05-24T09:42:11.000Z</time>
      </trkpt>
      <trkpt lat="46.201003" lon="11.502109">
        <ele>2273.643800</ele>
        <time>2026-05-24T09:42:13.000Z</time>
      </trkpt>
      <trkpt lat="46.201002" lon="11.502075">
        <ele>2273.128805</ele>
        <time>2026-05-24T09:42:15.000Z</time>
      </trkpt>
      <trkpt lat="46.201004" lon="11.502058">
        <ele>2272.867850</ele>
        <time>2026-05-24T09:42:16.000Z</time>
      </trkpt>
      <trkpt lat="46.201013" lon="11.502002">
        <ele>2271.997841</ele>
        <time>2026-05-24T09:42:19.000Z</time>
      </trkpt>
      <trkpt lat="46.201015" lon="11.501983">
        <ele>2271.707003</ele>
        <time>2026-05-24T09:42:20.000Z</time>
      </trkpt>
      <trkpt lat="46.201018" lon="11.501941">
        <ele>2271.068031</ele>
        <time>2026-05-24T09:42:22.000Z</time>
      </trkpt>
      <trkpt lat="46.201011" lon="11.501937">
        <ele>2270.903442</ele>
        <time>2026-05-24T09:42:26.000Z</time>
      </trkpt>
      <trkpt lat="46.201009" lon="11.501951">
        <ele>2270.687111</ele>
        <time>2026-05-24T09:42:27.000Z</time>
      </trkpt>
      <trkpt lat="46.200989" lon="11.501975">
        <ele>2270.118657</ele>
        <time>2026-05-24T09:42:29.000Z</time>
      </trkpt>
      <trkpt lat="46.200959" lon="11.502005">
        <ele>2269.337094</ele>
        <time>2026-05-24T09:42:31.000Z</time>
      </trkpt>
      <trkpt lat="46.200939" lon="11.502010">
        <ele>2268.944347</ele>
        <time>2026-05-24T09:42:32.000Z</time>
      </trkpt>
      <trkpt lat="46.200941" lon="11.501970">
        <ele>2268.407247</ele>
        <time>2026-05-24T09:42:34.000Z</time>
      </trkpt>
      <trkpt lat="46.200945" lon="11.501941">
        <ele>2268.011224</ele>
        <time>2026-05-24T09:42:35.000Z</time>
      </trkpt>
      <trkpt lat="46.200949" lon="11.501895">
        <ele>2267.390321</ele>
        <time>2026-05-24T09:42:37.000Z</time>
      </trkpt>
      <trkpt lat="46.200961" lon="11.501835">
        <ele>2266.553889</ele>
        <time>2026-05-24T09:42:41.000Z</time>
      </trkpt>
      <trkpt lat="46.200964" lon="11.501817">
        <ele>2266.305932</ele>
        <time>2026-05-24T09:42:42.000Z</time>
      </trkpt>
      <trkpt lat="46.200972" lon="11.501763">
        <ele>2265.566350</ele>
        <time>2026-05-24T09:42:45.000Z</time>
      </trkpt>
      <trkpt lat="46.200973" lon="11.501675">
        <ele>2264.387643</ele>
        <time>2026-05-24T09:42:49.000Z</time>
      </trkpt>
      <trkpt lat="46.200954" lon="11.501671">
        <ele>2264.016114</ele>
        <time>2026-05-24T09:42:53.000Z</time>
      </trkpt>
      <trkpt lat="46.200952" lon="11.501683">
        <ele>2263.850809</ele>
        <time>2026-05-24T09:42:54.000Z</time>
      </trkpt>
      <trkpt lat="46.200928" lon="11.501735">
        <ele>2263.013756</ele>
        <time>2026-05-24T09:42:57.000Z</time>
      </trkpt>
      <trkpt lat="46.200892" lon="11.501758">
        <ele>2262.252097</ele>
        <time>2026-05-24T09:42:59.000Z</time>
      </trkpt>
      <trkpt lat="46.200879" lon="11.501765">
        <ele>2261.983648</ele>
        <time>2026-05-24T09:43:00.000Z</time>
      </trkpt>
      <trkpt lat="46.200856" lon="11.501777">
        <ele>2261.510474</ele>
        <time>2026-05-24T09:43:02.000Z</time>
      </trkpt>
      <trkpt lat="46.200792" lon="11.501805">
        <ele>2260.216556</ele>
        <time>2026-05-24T09:43:06.000Z</time>
      </trkpt>
      <trkpt lat="46.200741" lon="11.501854">
        <ele>2259.031438</ele>
        <time>2026-05-24T09:43:10.000Z</time>
      </trkpt>
      <trkpt lat="46.200721" lon="11.501880">
        <ele>2258.510847</ele>
        <time>2026-05-24T09:43:13.000Z</time>
      </trkpt>
      <trkpt lat="46.200681" lon="11.501963">
        <ele>2257.156336</ele>
        <time>2026-05-24T09:43:19.000Z</time>
      </trkpt>
      <trkpt lat="46.200670" lon="11.501988">
        <ele>2256.759592</ele>
        <time>2026-05-24T09:43:20.000Z</time>
      </trkpt>
      <trkpt lat="46.200647" lon="11.502067">
        <ele>2255.611779</ele>
        <time>2026-05-24T09:43:24.000Z</time>
      </trkpt>
      <trkpt lat="46.200642" lon="11.502107">
        <ele>2255.067405</ele>
        <time>2026-05-24T09:43:26.000Z</time>
      </trkpt>
      <trkpt lat="46.200645" lon="11.502203">
        <ele>2253.780398</ele>
        <time>2026-05-24T09:43:32.000Z</time>
      </trkpt>
      <trkpt lat="46.200631" lon="11.502333">
        <ele>2252.018401</ele>
        <time>2026-05-24T09:43:40.000Z</time>
      </trkpt>
      <trkpt lat="46.200628" lon="11.502419">
        <ele>2250.865168</ele>
        <time>2026-05-24T09:43:45.000Z</time>
      </trkpt>
      <trkpt lat="46.200596" lon="11.502524">
        <ele>2249.328650</ele>
        <time>2026-05-24T09:43:51.000Z</time>
      </trkpt>
      <trkpt lat="46.200590" lon="11.502544">
        <ele>2249.036717</ele>
        <time>2026-05-24T09:43:52.000Z</time>
      </trkpt>
      <trkpt lat="46.200571" lon="11.502637">
        <ele>2247.738070</ele>
        <time>2026-05-24T09:43:57.000Z</time>
      </trkpt>
      <trkpt lat="46.200557" lon="11.502675">
        <ele>2247.161539</ele>
        <time>2026-05-24T09:43:59.000Z</time>
      </trkpt>
      <trkpt lat="46.200533" lon="11.502689">
        <ele>2246.660722</ele>
        <time>2026-05-24T09:44:03.000Z</time>
      </trkpt>
      <trkpt lat="46.200535" lon="11.502675">
        <ele>2246.469272</ele>
        <time>2026-05-24T09:44:04.000Z</time>
      </trkpt>
      <trkpt lat="46.200534" lon="11.502617">
        <ele>2245.692254</ele>
        <time>2026-05-24T09:44:07.000Z</time>
      </trkpt>
      <trkpt lat="46.200520" lon="11.502507">
        <ele>2244.194356</ele>
        <time>2026-05-24T09:44:12.000Z</time>
      </trkpt>
      <trkpt lat="46.200515" lon="11.502406">
        <ele>2242.838237</ele>
        <time>2026-05-24T09:44:18.000Z</time>
      </trkpt>
      <trkpt lat="46.200511" lon="11.502314">
        <ele>2241.603679</ele>
        <time>2026-05-24T09:44:22.000Z</time>
      </trkpt>
      <trkpt lat="46.200507" lon="11.502300">
        <ele>2241.400834</ele>
        <time>2026-05-24T09:44:23.000Z</time>
      </trkpt>
      <trkpt lat="46.200496" lon="11.502300">
        <ele>2241.187986</ele>
        <time>2026-05-24T09:44:27.000Z</time>
      </trkpt>
      <trkpt lat="46.200493" lon="11.502312">
        <ele>2241.017111</ele>
        <time>2026-05-24T09:44:28.000Z</time>
      </trkpt>
      <trkpt lat="46.200480" lon="11.502343">
        <ele>2240.531678</ele>
        <time>2026-05-24T09:44:31.000Z</time>
      </trkpt>
      <trkpt lat="46.200446" lon="11.502389">
        <ele>2239.630368</ele>
        <time>2026-05-24T09:44:35.000Z</time>
      </trkpt>
      <trkpt lat="46.200438" lon="11.502402">
        <ele>2239.397397</ele>
        <time>2026-05-24T09:44:36.000Z</time>
      </trkpt>
      <trkpt lat="46.200410" lon="11.502430">
        <ele>2238.738486</ele>
        <time>2026-05-24T09:44:38.000Z</time>
      </trkpt>
      <trkpt lat="46.200384" lon="11.502468">
        <ele>2238.022869</ele>
        <time>2026-05-24T09:44:41.000Z</time>
      </trkpt>
      <trkpt lat="46.200347" lon="11.502517">
        <ele>2237.051668</ele>
        <time>2026-05-24T09:44:44.000Z</time>
      </trkpt>
      <trkpt lat="46.200328" lon="11.502558">
        <ele>2236.390852</ele>
        <time>2026-05-24T09:44:46.000Z</time>
      </trkpt>
      <trkpt lat="46.200316" lon="11.502582">
        <ele>2235.994329</ele>
        <time>2026-05-24T09:44:47.000Z</time>
      </trkpt>
      <trkpt lat="46.200285" lon="11.502626">
        <ele>2235.153457</ele>
        <time>2026-05-24T09:44:50.000Z</time>
      </trkpt>
      <trkpt lat="46.200262" lon="11.502646">
        <ele>2234.635075</ele>
        <time>2026-05-24T09:44:52.000Z</time>
      </trkpt>
      <trkpt lat="46.200256" lon="11.502652">
        <ele>2234.500055</ele>
        <time>2026-05-24T09:44:53.000Z</time>
      </trkpt>
      <trkpt lat="46.200247" lon="11.502649">
        <ele>2234.329148</ele>
        <time>2026-05-24T09:44:56.000Z</time>
      </trkpt>
      <trkpt lat="46.200247" lon="11.502652">
        <ele>2234.290726</ele>
        <time>2026-05-24T09:44:57.000Z</time>
      </trkpt>
      <trkpt lat="46.200226" lon="11.502692">
        <ele>2233.647745</ele>
        <time>2026-05-24T09:45:03.000Z</time>
      </trkpt>
      <trkpt lat="46.200217" lon="11.502701">
        <ele>2233.445214</ele>
        <time>2026-05-24T09:45:04.000Z</time>
      </trkpt>
      <trkpt lat="46.200193" lon="11.502729">
        <ele>2232.874420</ele>
        <time>2026-05-24T09:45:08.000Z</time>
      </trkpt>
      <trkpt lat="46.200181" lon="11.502758">
        <ele>2232.441701</ele>
        <time>2026-05-24T09:45:10.000Z</time>
      </trkpt>
      <trkpt lat="46.200154" lon="11.502809">
        <ele>2231.619376</ele>
        <time>2026-05-24T09:45:14.000Z</time>
      </trkpt>
      <trkpt lat="46.200119" lon="11.502854">
        <ele>2230.752447</ele>
        <time>2026-05-24T09:45:17.000Z</time>
      </trkpt>
      <trkpt lat="46.200108" lon="11.502868">
        <ele>2230.481197</ele>
        <time>2026-05-24T09:45:18.000Z</time>
      </trkpt>
      <trkpt lat="46.200061" lon="11.502941">
        <ele>2229.204326</ele>
        <time>2026-05-24T09:45:22.000Z</time>
      </trkpt>
      <trkpt lat="46.200053" lon="11.502959">
        <ele>2228.930362</ele>
        <time>2026-05-24T09:45:23.000Z</time>
      </trkpt>
      <trkpt lat="46.199996" lon="11.503053">
        <ele>2227.329828</ele>
        <time>2026-05-24T09:45:31.000Z</time>
      </trkpt>
      <trkpt lat="46.199968" lon="11.503075">
        <ele>2226.740069</ele>
        <time>2026-05-24T09:45:33.000Z</time>
      </trkpt>
      <trkpt lat="46.199932" lon="11.503127">
        <ele>2225.798131</ele>
        <time>2026-05-24T09:45:36.000Z</time>
      </trkpt>
      <trkpt lat="46.199922" lon="11.503146">
        <ele>2225.492434</ele>
        <time>2026-05-24T09:45:37.000Z</time>
      </trkpt>
      <trkpt lat="46.199883" lon="11.503202">
        <ele>2224.475014</ele>
        <time>2026-05-24T09:45:41.000Z</time>
      </trkpt>
      <trkpt lat="46.199849" lon="11.503237">
        <ele>2223.702535</ele>
        <time>2026-05-24T09:45:44.000Z</time>
      </trkpt>
      <trkpt lat="46.199834" lon="11.503251">
        <ele>2223.372103</ele>
        <time>2026-05-24T09:45:45.000Z</time>
      </trkpt>
      <trkpt lat="46.199785" lon="11.503296">
        <ele>2222.297761</ele>
        <time>2026-05-24T09:45:48.000Z</time>
      </trkpt>
      <trkpt lat="46.199763" lon="11.503320">
        <ele>2221.787671</ele>
        <time>2026-05-24T09:45:51.000Z</time>
      </trkpt>
      <trkpt lat="46.199771" lon="11.503319">
        <ele>2221.639089</ele>
        <time>2026-05-24T09:45:55.000Z</time>
      </trkpt>
      <trkpt lat="46.199780" lon="11.503318">
        <ele>2221.472065</ele>
        <time>2026-05-24T09:45:59.000Z</time>
      </trkpt>
      <trkpt lat="46.199790" lon="11.503307">
        <ele>2221.239503</ele>
        <time>2026-05-24T09:46:06.000Z</time>
      </trkpt>
      <trkpt lat="46.199790" lon="11.503317">
        <ele>2221.111431</ele>
        <time>2026-05-24T09:46:11.000Z</time>
      </trkpt>
      <trkpt lat="46.199748" lon="11.503340">
        <ele>2220.280327</ele>
        <time>2026-05-24T09:46:17.000Z</time>
      </trkpt>
      <trkpt lat="46.199733" lon="11.503346">
        <ele>2219.992332</ele>
        <time>2026-05-24T09:46:19.000Z</time>
      </trkpt>
      <trkpt lat="46.199651" lon="11.503366">
        <ele>2218.453568</ele>
        <time>2026-05-24T09:46:25.000Z</time>
      </trkpt>
      <trkpt lat="46.199637" lon="11.503369">
        <ele>2218.191683</ele>
        <time>2026-05-24T09:46:26.000Z</time>
      </trkpt>
      <trkpt lat="46.199566" lon="11.503375">
        <ele>2216.875682</ele>
        <time>2026-05-24T09:46:33.000Z</time>
      </trkpt>
      <trkpt lat="46.199511" lon="11.503394">
        <ele>2215.829296</ele>
        <time>2026-05-24T09:46:37.000Z</time>
      </trkpt>
      <trkpt lat="46.199493" lon="11.503404">
        <ele>2215.472456</ele>
        <time>2026-05-24T09:46:39.000Z</time>
      </trkpt>
      <trkpt lat="46.199390" lon="11.503451">
        <ele>2213.473787</ele>
        <time>2026-05-24T09:46:47.000Z</time>
      </trkpt>
      <trkpt lat="46.199373" lon="11.503479">
        <ele>2212.996769</ele>
        <time>2026-05-24T09:46:49.000Z</time>
      </trkpt>
      <trkpt lat="46.199363" lon="11.503490">
        <ele>2212.764206</ele>
        <time>2026-05-24T09:46:50.000Z</time>
      </trkpt>
      <trkpt lat="46.199334" lon="11.503520">
        <ele>2212.104230</ele>
        <time>2026-05-24T09:46:53.000Z</time>
      </trkpt>
      <trkpt lat="46.199286" lon="11.503552">
        <ele>2211.126060</ele>
        <time>2026-05-24T09:46:57.000Z</time>
      </trkpt>
      <trkpt lat="46.199271" lon="11.503539">
        <ele>2210.802399</ele>
        <time>2026-05-24T09:46:59.000Z</time>
      </trkpt>
      <trkpt lat="46.199253" lon="11.503515">
        <ele>2210.349175</ele>
        <time>2026-05-24T09:47:01.000Z</time>
      </trkpt>
      <trkpt lat="46.199227" lon="11.503497">
        <ele>2209.815699</ele>
        <time>2026-05-24T09:47:03.000Z</time>
      </trkpt>
      <trkpt lat="46.199200" lon="11.503499">
        <ele>2209.315446</ele>
        <time>2026-05-24T09:47:05.000Z</time>
      </trkpt>
      <trkpt lat="46.199155" lon="11.503486">
        <ele>2208.466301</ele>
        <time>2026-05-24T09:47:09.000Z</time>
      </trkpt>
      <trkpt lat="46.199141" lon="11.503486">
        <ele>2208.207250</ele>
        <time>2026-05-24T09:47:13.000Z</time>
      </trkpt>
      <trkpt lat="46.199137" lon="11.503490">
        <ele>2208.117236</ele>
        <time>2026-05-24T09:47:14.000Z</time>
      </trkpt>
      <trkpt lat="46.199120" lon="11.503500">
        <ele>2207.777601</ele>
        <time>2026-05-24T09:47:16.000Z</time>
      </trkpt>
      <trkpt lat="46.199108" lon="11.503505">
        <ele>2207.546509</ele>
        <time>2026-05-24T09:47:17.000Z</time>
      </trkpt>
      <trkpt lat="46.199050" lon="11.503546">
        <ele>2206.351724</ele>
        <time>2026-05-24T09:47:22.000Z</time>
      </trkpt>
      <trkpt lat="46.199038" lon="11.503555">
        <ele>2206.101545</ele>
        <time>2026-05-24T09:47:23.000Z</time>
      </trkpt>
      <trkpt lat="46.199013" lon="11.503597">
        <ele>2205.392083</ele>
        <time>2026-05-24T09:47:27.000Z</time>
      </trkpt>
      <trkpt lat="46.199010" lon="11.503612">
        <ele>2205.192113</ele>
        <time>2026-05-24T09:47:28.000Z</time>
      </trkpt>
      <trkpt lat="46.198998" lon="11.503639">
        <ele>2204.781163</ele>
        <time>2026-05-24T09:47:30.000Z</time>
      </trkpt>
      <trkpt lat="46.198954" lon="11.503667">
        <ele>2203.891526</ele>
        <time>2026-05-24T09:47:40.000Z</time>
      </trkpt>
      <trkpt lat="46.198947" lon="11.503686">
        <ele>2203.615861</ele>
        <time>2026-05-24T09:47:47.000Z</time>
      </trkpt>
      <trkpt lat="46.198942" lon="11.503687">
        <ele>2203.522461</ele>
        <time>2026-05-24T09:47:51.000Z</time>
      </trkpt>
      <trkpt lat="46.198945" lon="11.503684">
        <ele>2203.454950</ele>
        <time>2026-05-24T09:47:53.000Z</time>
      </trkpt>
      <trkpt lat="46.198944" lon="11.503677">
        <ele>2203.363409</ele>
        <time>2026-05-24T09:48:01.000Z</time>
      </trkpt>
      <trkpt lat="46.198937" lon="11.503678">
        <ele>2203.233252</ele>
        <time>2026-05-24T09:48:14.000Z</time>
      </trkpt>
      <trkpt lat="46.198934" lon="11.503677">
        <ele>2203.176283</ele>
        <time>2026-05-24T09:48:15.000Z</time>
      </trkpt>
      <trkpt lat="46.198883" lon="11.503624">
        <ele>2202.013829</ele>
        <time>2026-05-24T09:48:21.000Z</time>
      </trkpt>
      <trkpt lat="46.198812" lon="11.503575">
        <ele>2200.678047</ele>
        <time>2026-05-24T09:48:27.000Z</time>
      </trkpt>
      <trkpt lat="46.198784" lon="11.503471">
        <ele>2199.458603</ele>
        <time>2026-05-24T09:48:33.000Z</time>
      </trkpt>
      <trkpt lat="46.198765" lon="11.503387">
        <ele>2198.492892</ele>
        <time>2026-05-24T09:48:39.000Z</time>
      </trkpt>
      <trkpt lat="46.198757" lon="11.503372">
        <ele>2198.285958</ele>
        <time>2026-05-24T09:48:40.000Z</time>
      </trkpt>
      <trkpt lat="46.198753" lon="11.503358">
        <ele>2198.120446</ele>
        <time>2026-05-24T09:48:41.000Z</time>
      </trkpt>
      <trkpt lat="46.198713" lon="11.503258">
        <ele>2196.858304</ele>
        <time>2026-05-24T09:48:46.000Z</time>
      </trkpt>
      <trkpt lat="46.198698" lon="11.503204">
        <ele>2196.222452</ele>
        <time>2026-05-24T09:48:51.000Z</time>
      </trkpt>
      <trkpt lat="46.198692" lon="11.503191">
        <ele>2196.051703</ele>
        <time>2026-05-24T09:48:52.000Z</time>
      </trkpt>
      <trkpt lat="46.198664" lon="11.503097">
        <ele>2194.933400</ele>
        <time>2026-05-24T09:48:56.000Z</time>
      </trkpt>
      <trkpt lat="46.198652" lon="11.503012">
        <ele>2193.985406</ele>
        <time>2026-05-24T09:49:00.000Z</time>
      </trkpt>
      <trkpt lat="46.198640" lon="11.502971">
        <ele>2193.498953</ele>
        <time>2026-05-24T09:49:03.000Z</time>
      </trkpt>
      <trkpt lat="46.198635" lon="11.502957">
        <ele>2193.326798</ele>
        <time>2026-05-24T09:49:04.000Z</time>
      </trkpt>
      <trkpt lat="46.198604" lon="11.502880">
        <ele>2192.353363</ele>
        <time>2026-05-24T09:49:08.000Z</time>
      </trkpt>
      <trkpt lat="46.198598" lon="11.502874">
        <ele>2192.238157</ele>
        <time>2026-05-24T09:49:09.000Z</time>
      </trkpt>
      <trkpt lat="46.198574" lon="11.502875">
        <ele>2191.859085</ele>
        <time>2026-05-24T09:49:13.000Z</time>
      </trkpt>
      <trkpt lat="46.198551" lon="11.502868">
        <ele>2191.487990</ele>
        <time>2026-05-24T09:49:15.000Z</time>
      </trkpt>
      <trkpt lat="46.198546" lon="11.502864">
        <ele>2191.397755</ele>
        <time>2026-05-24T09:49:16.000Z</time>
      </trkpt>
      <trkpt lat="46.198541" lon="11.502834">
        <ele>2191.060548</ele>
        <time>2026-05-24T09:49:19.000Z</time>
      </trkpt>
      <trkpt lat="46.198535" lon="11.502825">
        <ele>2190.923997</ele>
        <time>2026-05-24T09:49:20.000Z</time>
      </trkpt>
      <trkpt lat="46.198533" lon="11.502821">
        <ele>2190.870073</ele>
        <time>2026-05-24T09:49:21.000Z</time>
      </trkpt>
      <trkpt lat="46.198512" lon="11.502812">
        <ele>2190.524243</ele>
        <time>2026-05-24T09:49:27.000Z</time>
      </trkpt>
      <trkpt lat="46.198470" lon="11.502788">
        <ele>2189.811162</ele>
        <time>2026-05-24T09:49:32.000Z</time>
      </trkpt>
      <trkpt lat="46.198445" lon="11.502788">
        <ele>2189.416460</ele>
        <time>2026-05-24T09:49:35.000Z</time>
      </trkpt>
      <trkpt lat="46.198401" lon="11.502783">
        <ele>2188.719639</ele>
        <time>2026-05-24T09:49:38.000Z</time>
      </trkpt>
      <trkpt lat="46.198379" lon="11.502771">
        <ele>2188.348371</ele>
        <time>2026-05-24T09:49:40.000Z</time>
      </trkpt>
      <trkpt lat="46.198365" lon="11.502764">
        <ele>2188.114476</ele>
        <time>2026-05-24T09:49:42.000Z</time>
      </trkpt>
      <trkpt lat="46.198346" lon="11.502758">
        <ele>2187.807420</ele>
        <time>2026-05-24T09:49:45.000Z</time>
      </trkpt>
      <trkpt lat="46.198336" lon="11.502753">
        <ele>2187.640352</ele>
        <time>2026-05-24T09:49:46.000Z</time>
      </trkpt>
      <trkpt lat="46.198304" lon="11.502730">
        <ele>2187.076066</ele>
        <time>2026-05-24T09:49:49.000Z</time>
      </trkpt>
      <trkpt lat="46.198285" lon="11.502733">
        <ele>2186.774306</ele>
        <time>2026-05-24T09:49:52.000Z</time>
      </trkpt>
      <trkpt lat="46.198244" lon="11.502754">
        <ele>2186.087520</ele>
        <time>2026-05-24T09:49:55.000Z</time>
      </trkpt>
      <trkpt lat="46.198226" lon="11.502795">
        <ele>2185.556948</ele>
        <time>2026-05-24T09:49:58.000Z</time>
      </trkpt>
      <trkpt lat="46.198224" lon="11.502809">
        <ele>2185.400732</ele>
        <time>2026-05-24T09:49:59.000Z</time>
      </trkpt>
      <trkpt lat="46.198173" lon="11.502927">
        <ele>2183.880487</ele>
        <time>2026-05-24T09:50:07.000Z</time>
      </trkpt>
      <trkpt lat="46.198095" lon="11.503027">
        <ele>2182.234059</ele>
        <time>2026-05-24T09:50:14.000Z</time>
      </trkpt>
      <trkpt lat="46.198014" lon="11.503078">
        <ele>2180.839058</ele>
        <time>2026-05-24T09:50:21.000Z</time>
      </trkpt>
      <trkpt lat="46.197933" lon="11.503097">
        <ele>2179.543478</ele>
        <time>2026-05-24T09:50:27.000Z</time>
      </trkpt>
      <trkpt lat="46.197927" lon="11.503104">
        <ele>2179.421719</ele>
        <time>2026-05-24T09:50:28.000Z</time>
      </trkpt>
      <trkpt lat="46.197865" lon="11.503167">
        <ele>2178.224994</ele>
        <time>2026-05-24T09:50:34.000Z</time>
      </trkpt>
      <trkpt lat="46.197857" lon="11.503174">
        <ele>2178.077330</ele>
        <time>2026-05-24T09:50:35.000Z</time>
      </trkpt>
      <trkpt lat="46.197810" lon="11.503186">
        <ele>2177.323792</ele>
        <time>2026-05-24T09:50:41.000Z</time>
      </trkpt>
      <trkpt lat="46.197764" lon="11.503148">
        <ele>2176.487200</ele>
        <time>2026-05-24T09:50:47.000Z</time>
      </trkpt>
      <trkpt lat="46.197746" lon="11.503115">
        <ele>2176.028057</ele>
        <time>2026-05-24T09:50:49.000Z</time>
      </trkpt>
      <trkpt lat="46.197736" lon="11.503107">
        <ele>2175.847587</ele>
        <time>2026-05-24T09:50:50.000Z</time>
      </trkpt>
      <trkpt lat="46.197695" lon="11.503079">
        <ele>2175.131599</ele>
        <time>2026-05-24T09:50:54.000Z</time>
      </trkpt>
      <trkpt lat="46.197630" lon="11.503072">
        <ele>2174.102528</ele>
        <time>2026-05-24T09:51:00.000Z</time>
      </trkpt>
      <trkpt lat="46.197540" lon="11.502995">
        <ele>2172.604268</ele>
        <time>2026-05-24T09:51:07.000Z</time>
      </trkpt>
      <trkpt lat="46.197505" lon="11.502969">
        <ele>2172.162964</ele>
        <time>2026-05-24T09:51:10.000Z</time>
      </trkpt>
      <trkpt lat="46.197469" lon="11.502950">
        <ele>2171.733197</ele>
        <time>2026-05-24T09:51:14.000Z</time>
      </trkpt>
      <trkpt lat="46.197463" lon="11.502943">
        <ele>2171.646720</ele>
        <time>2026-05-24T09:51:15.000Z</time>
      </trkpt>
      <trkpt lat="46.197417" lon="11.502908">
        <ele>2171.063752</ele>
        <time>2026-05-24T09:51:19.000Z</time>
      </trkpt>
      <trkpt lat="46.197409" lon="11.502902">
        <ele>2170.962679</ele>
        <time>2026-05-24T09:51:20.000Z</time>
      </trkpt>
      <trkpt lat="46.197389" lon="11.502882">
        <ele>2170.689933</ele>
        <time>2026-05-24T09:51:22.000Z</time>
      </trkpt>
      <trkpt lat="46.197378" lon="11.502851">
        <ele>2170.419553</ele>
        <time>2026-05-24T09:51:26.000Z</time>
      </trkpt>
      <trkpt lat="46.197300" lon="11.502836">
        <ele>2169.537210</ele>
        <time>2026-05-24T09:51:32.000Z</time>
      </trkpt>
      <trkpt lat="46.197242" lon="11.502821">
        <ele>2168.876506</ele>
        <time>2026-05-24T09:51:38.000Z</time>
      </trkpt>
      <trkpt lat="46.197230" lon="11.502813">
        <ele>2168.728313</ele>
        <time>2026-05-24T09:51:39.000Z</time>
      </trkpt>
      <trkpt lat="46.197214" lon="11.502756">
        <ele>2168.250912</ele>
        <time>2026-05-24T09:51:43.000Z</time>
      </trkpt>
      <trkpt lat="46.197214" lon="11.502734">
        <ele>2168.080158</ele>
        <time>2026-05-24T09:51:44.000Z</time>
      </trkpt>
      <trkpt lat="46.197216" lon="11.502644">
        <ele>2167.381261</ele>
        <time>2026-05-24T09:51:48.000Z</time>
      </trkpt>
      <trkpt lat="46.197220" lon="11.502575">
        <ele>2166.843841</ele>
        <time>2026-05-24T09:51:51.000Z</time>
      </trkpt>
      <trkpt lat="46.197232" lon="11.502462">
        <ele>2165.956527</ele>
        <time>2026-05-24T09:51:57.000Z</time>
      </trkpt>
      <trkpt lat="46.197235" lon="11.502417">
        <ele>2165.605642</ele>
        <time>2026-05-24T09:51:59.000Z</time>
      </trkpt>
      <trkpt lat="46.197241" lon="11.502283">
        <ele>2164.563425</ele>
        <time>2026-05-24T09:52:06.000Z</time>
      </trkpt>
      <trkpt lat="46.197242" lon="11.502244">
        <ele>2164.260518</ele>
        <time>2026-05-24T09:52:08.000Z</time>
      </trkpt>
      <trkpt lat="46.197238" lon="11.502093">
        <ele>2163.087671</ele>
        <time>2026-05-24T09:52:14.000Z</time>
      </trkpt>
      <trkpt lat="46.197237" lon="11.502074">
        <ele>2162.939776</ele>
        <time>2026-05-24T09:52:15.000Z</time>
      </trkpt>
      <trkpt lat="46.197224" lon="11.501980">
        <ele>2162.195773</ele>
        <time>2026-05-24T09:52:20.000Z</time>
      </trkpt>
      <trkpt lat="46.197219" lon="11.501944">
        <ele>2161.910789</ele>
        <time>2026-05-24T09:52:22.000Z</time>
      </trkpt>
      <trkpt lat="46.197214" lon="11.501894">
        <ele>2161.518683</ele>
        <time>2026-05-24T09:52:24.000Z</time>
      </trkpt>
      <trkpt lat="46.197206" lon="11.501803">
        <ele>2160.806711</ele>
        <time>2026-05-24T09:52:28.000Z</time>
      </trkpt>
      <trkpt lat="46.197202" lon="11.501782">
        <ele>2160.637660</ele>
        <time>2026-05-24T09:52:29.000Z</time>
      </trkpt>
      <trkpt lat="46.197182" lon="11.501664">
        <ele>2159.694742</ele>
        <time>2026-05-24T09:52:34.000Z</time>
      </trkpt>
      <trkpt lat="46.197179" lon="11.501645">
        <ele>2159.543485</ele>
        <time>2026-05-24T09:52:35.000Z</time>
      </trkpt>
      <trkpt lat="46.197153" lon="11.501533">
        <ele>2158.626608</ele>
        <time>2026-05-24T09:52:42.000Z</time>
      </trkpt>
      <trkpt lat="46.197146" lon="11.501499">
        <ele>2158.351289</ele>
        <time>2026-05-24T09:52:44.000Z</time>
      </trkpt>
      <trkpt lat="46.197125" lon="11.501410">
        <ele>2157.621480</ele>
        <time>2026-05-24T09:52:48.000Z</time>
      </trkpt>
      <trkpt lat="46.197116" lon="11.501345">
        <ele>2157.106985</ele>
        <time>2026-05-24T09:52:51.000Z</time>
      </trkpt>
      <trkpt lat="46.197122" lon="11.501281">
        <ele>2156.605712</ele>
        <time>2026-05-24T09:52:54.000Z</time>
      </trkpt>
      <trkpt lat="46.197153" lon="11.501154">
        <ele>2155.560501</ele>
        <time>2026-05-24T09:53:00.000Z</time>
      </trkpt>
      <trkpt lat="46.197165" lon="11.501138">
        <ele>2155.377395</ele>
        <time>2026-05-24T09:53:01.000Z</time>
      </trkpt>
      <trkpt lat="46.197231" lon="11.501085">
        <ele>2154.530683</ele>
        <time>2026-05-24T09:53:05.000Z</time>
      </trkpt>
      <trkpt lat="46.197262" lon="11.501075">
        <ele>2154.174514</ele>
        <time>2026-05-24T09:53:07.000Z</time>
      </trkpt>
      <trkpt lat="46.197290" lon="11.501062">
        <ele>2153.844731</ele>
        <time>2026-05-24T09:53:09.000Z</time>
      </trkpt>
      <trkpt lat="46.197346" lon="11.501035">
        <ele>2153.182747</ele>
        <time>2026-05-24T09:53:13.000Z</time>
      </trkpt>
      <trkpt lat="46.197371" lon="11.501021">
        <ele>2152.882094</ele>
        <time>2026-05-24T09:53:15.000Z</time>
      </trkpt>
      <trkpt lat="46.197441" lon="11.500968">
        <ele>2151.546499</ele>
        <time>2026-05-24T09:53:22.000Z</time>
      </trkpt>
      <trkpt lat="46.197487" lon="11.500890">
        <ele>2150.312680</ele>
        <time>2026-05-24T09:53:27.000Z</time>
      </trkpt>
      <trkpt lat="46.197501" lon="11.500847">
        <ele>2149.740522</ele>
        <time>2026-05-24T09:53:29.000Z</time>
      </trkpt>
      <trkpt lat="46.197518" lon="11.500777">
        <ele>2148.847314</ele>
        <time>2026-05-24T09:53:32.000Z</time>
      </trkpt>
      <trkpt lat="46.197527" lon="11.500704">
        <ele>2147.954524</ele>
        <time>2026-05-24T09:53:36.000Z</time>
      </trkpt>
      <trkpt lat="46.197548" lon="11.500572">
        <ele>2146.323738</ele>
        <time>2026-05-24T09:53:44.000Z</time>
      </trkpt>
      <trkpt lat="46.197561" lon="11.500538">
        <ele>2145.856055</ele>
        <time>2026-05-24T09:53:46.000Z</time>
      </trkpt>
      <trkpt lat="46.197588" lon="11.500472">
        <ele>2144.932966</ele>
        <time>2026-05-24T09:53:50.000Z</time>
      </trkpt>
      <trkpt lat="46.197597" lon="11.500461">
        <ele>2144.727900</ele>
        <time>2026-05-24T09:53:51.000Z</time>
      </trkpt>
      <trkpt lat="46.197679" lon="11.500371">
        <ele>2142.936556</ele>
        <time>2026-05-24T09:53:58.000Z</time>
      </trkpt>
      <trkpt lat="46.197722" lon="11.500329">
        <ele>2142.033658</ele>
        <time>2026-05-24T09:54:01.000Z</time>
      </trkpt>
      <trkpt lat="46.197750" lon="11.500313">
        <ele>2141.509878</ele>
        <time>2026-05-24T09:54:03.000Z</time>
      </trkpt>
      <trkpt lat="46.197775" lon="11.500304">
        <ele>2141.061701</ele>
        <time>2026-05-24T09:54:05.000Z</time>
      </trkpt>
      <trkpt lat="46.197804" lon="11.500274">
        <ele>2140.441253</ele>
        <time>2026-05-24T09:54:07.000Z</time>
      </trkpt>
      <trkpt lat="46.197840" lon="11.500242">
        <ele>2139.705990</ele>
        <time>2026-05-24T09:54:10.000Z</time>
      </trkpt>
      <trkpt lat="46.197849" lon="11.500232">
        <ele>2139.508488</ele>
        <time>2026-05-24T09:54:11.000Z</time>
      </trkpt>
      <trkpt lat="46.197885" lon="11.500183">
        <ele>2138.648117</ele>
        <time>2026-05-24T09:54:18.000Z</time>
      </trkpt>
      <trkpt lat="46.197884" lon="11.500164">
        <ele>2138.418689</ele>
        <time>2026-05-24T09:54:20.000Z</time>
      </trkpt>
      <trkpt lat="46.197866" lon="11.500144">
        <ele>2138.023684</ele>
        <time>2026-05-24T09:54:24.000Z</time>
      </trkpt>
      <trkpt lat="46.197858" lon="11.500140">
        <ele>2137.876424</ele>
        <time>2026-05-24T09:54:25.000Z</time>
      </trkpt>
      <trkpt lat="46.197846" lon="11.500125">
        <ele>2137.600396</ele>
        <time>2026-05-24T09:54:27.000Z</time>
      </trkpt>
      <trkpt lat="46.197844" lon="11.500106">
        <ele>2137.368997</ele>
        <time>2026-05-24T09:54:29.000Z</time>
      </trkpt>
      <trkpt lat="46.197829" lon="11.500072">
        <ele>2136.883538</ele>
        <time>2026-05-24T09:54:32.000Z</time>
      </trkpt>
      <trkpt lat="46.197821" lon="11.500057">
        <ele>2136.655536</ele>
        <time>2026-05-24T09:54:33.000Z</time>
      </trkpt>
      <trkpt lat="46.197804" lon="11.500027">
        <ele>2136.188713</ele>
        <time>2026-05-24T09:54:35.000Z</time>
      </trkpt>
      <trkpt lat="46.197789" lon="11.499991">
        <ele>2135.682781</ele>
        <time>2026-05-24T09:54:38.000Z</time>
      </trkpt>
      <trkpt lat="46.197775" lon="11.499919">
        <ele>2134.782312</ele>
        <time>2026-05-24T09:54:41.000Z</time>
      </trkpt>
      <trkpt lat="46.197762" lon="11.499885">
        <ele>2134.314630</ele>
        <time>2026-05-24T09:54:43.000Z</time>
      </trkpt>
      <trkpt lat="46.197755" lon="11.499866">
        <ele>2134.055473</ele>
        <time>2026-05-24T09:54:44.000Z</time>
      </trkpt>
      <trkpt lat="46.197728" lon="11.499835">
        <ele>2133.455550</ele>
        <time>2026-05-24T09:54:47.000Z</time>
      </trkpt>
      <trkpt lat="46.197687" lon="11.499828">
        <ele>2132.737384</ele>
        <time>2026-05-24T09:54:50.000Z</time>
      </trkpt>
      <trkpt lat="46.197615" lon="11.499820">
        <ele>2131.481232</ele>
        <time>2026-05-24T09:54:55.000Z</time>
      </trkpt>
      <trkpt lat="46.197589" lon="11.499818">
        <ele>2131.028317</ele>
        <time>2026-05-24T09:54:57.000Z</time>
      </trkpt>
      <trkpt lat="46.197576" lon="11.499815">
        <ele>2130.799313</ele>
        <time>2026-05-24T09:54:59.000Z</time>
      </trkpt>
      <trkpt lat="46.197552" lon="11.499781">
        <ele>2130.214606</ele>
        <time>2026-05-24T09:55:02.000Z</time>
      </trkpt>
      <trkpt lat="46.197542" lon="11.499707">
        <ele>2129.306787</ele>
        <time>2026-05-24T09:55:05.000Z</time>
      </trkpt>
      <trkpt lat="46.197533" lon="11.499510">
        <ele>2126.929648</ele>
        <time>2026-05-24T09:55:14.000Z</time>
      </trkpt>
      <trkpt lat="46.197533" lon="11.499487">
        <ele>2126.652717</ele>
        <time>2026-05-24T09:55:15.000Z</time>
      </trkpt>
      <trkpt lat="46.197519" lon="11.499354">
        <ele>2125.032918</ele>
        <time>2026-05-24T09:55:21.000Z</time>
      </trkpt>
      <trkpt lat="46.197500" lon="11.499243">
        <ele>2123.656162</ele>
        <time>2026-05-24T09:55:29.000Z</time>
      </trkpt>
      <trkpt lat="46.197480" lon="11.499140">
        <ele>2122.368115</ele>
        <time>2026-05-24T09:55:34.000Z</time>
      </trkpt>
      <trkpt lat="46.197479" lon="11.499123">
        <ele>2122.162689</ele>
        <time>2026-05-24T09:55:35.000Z</time>
      </trkpt>
      <trkpt lat="46.197474" lon="11.499044">
        <ele>2121.593295</ele>
        <time>2026-05-24T09:55:40.000Z</time>
      </trkpt>
      <trkpt lat="46.197452" lon="11.498933">
        <ele>2121.901198</ele>
        <time>2026-05-24T09:55:47.000Z</time>
      </trkpt>
      <trkpt lat="46.197450" lon="11.498918">
        <ele>2121.941935</ele>
        <time>2026-05-24T09:55:48.000Z</time>
      </trkpt>
      <trkpt lat="46.197423" lon="11.498870">
        <ele>2122.106876</ele>
        <time>2026-05-24T09:55:53.000Z</time>
      </trkpt>
      <trkpt lat="46.197415" lon="11.498875">
        <ele>2122.140458</ele>
        <time>2026-05-24T09:55:54.000Z</time>
      </trkpt>
      <trkpt lat="46.197395" lon="11.498894">
        <ele>2122.232678</ele>
        <time>2026-05-24T09:55:56.000Z</time>
      </trkpt>
      <trkpt lat="46.197374" lon="11.498913">
        <ele>2122.328141</ele>
        <time>2026-05-24T09:55:58.000Z</time>
      </trkpt>
      <trkpt lat="46.197343" lon="11.498919">
        <ele>2122.448641</ele>
        <time>2026-05-24T09:56:01.000Z</time>
      </trkpt>
      <trkpt lat="46.197327" lon="11.498930">
        <ele>2122.516908</ele>
        <time>2026-05-24T09:56:04.000Z</time>
      </trkpt>
      <trkpt lat="46.197302" lon="11.498957">
        <ele>2122.637163</ele>
        <time>2026-05-24T09:56:07.000Z</time>
      </trkpt>
      <trkpt lat="46.197287" lon="11.498970">
        <ele>2122.704554</ele>
        <time>2026-05-24T09:56:08.000Z</time>
      </trkpt>
      <trkpt lat="46.197260" lon="11.498981">
        <ele>2122.812634</ele>
        <time>2026-05-24T09:56:10.000Z</time>
      </trkpt>
      <trkpt lat="46.197231" lon="11.498986">
        <ele>2122.925155</ele>
        <time>2026-05-24T09:56:13.000Z</time>
      </trkpt>
      <trkpt lat="46.197221" lon="11.498983">
        <ele>2122.964503</ele>
        <time>2026-05-24T09:56:14.000Z</time>
      </trkpt>
      <trkpt lat="46.197170" lon="11.498966">
        <ele>2123.166153</ele>
        <time>2026-05-24T09:56:18.000Z</time>
      </trkpt>
      <trkpt lat="46.197146" lon="11.498973">
        <ele>2123.260483</ele>
        <time>2026-05-24T09:56:20.000Z</time>
      </trkpt>
      <trkpt lat="46.197135" lon="11.498981">
        <ele>2123.307929</ele>
        <time>2026-05-24T09:56:21.000Z</time>
      </trkpt>
      <trkpt lat="46.197099" lon="11.499006">
        <ele>2123.461817</ele>
        <time>2026-05-24T09:56:24.000Z</time>
      </trkpt>
      <trkpt lat="46.197086" lon="11.499009">
        <ele>2123.512537</ele>
        <time>2026-05-24T09:56:25.000Z</time>
      </trkpt>
      <trkpt lat="46.197041" lon="11.498993">
        <ele>2123.691082</ele>
        <time>2026-05-24T09:56:28.000Z</time>
      </trkpt>
      <trkpt lat="46.197030" lon="11.498988">
        <ele>2123.735509</ele>
        <time>2026-05-24T09:56:29.000Z</time>
      </trkpt>
      <trkpt lat="46.197016" lon="11.498974">
        <ele>2123.801108</ele>
        <time>2026-05-24T09:56:31.000Z</time>
      </trkpt>
      <trkpt lat="46.197017" lon="11.498960">
        <ele>2123.838641</ele>
        <time>2026-05-24T09:56:32.000Z</time>
      </trkpt>
      <trkpt lat="46.197013" lon="11.498921">
        <ele>2123.943780</ele>
        <time>2026-05-24T09:56:36.000Z</time>
      </trkpt>
      <trkpt lat="46.197011" lon="11.498909">
        <ele>2123.976695</ele>
        <time>2026-05-24T09:56:39.000Z</time>
      </trkpt>
      <trkpt lat="46.197020" lon="11.498903">
        <ele>2124.014883</ele>
        <time>2026-05-24T09:56:46.000Z</time>
      </trkpt>
      <trkpt lat="46.197009" lon="11.498898">
        <ele>2124.059311</ele>
        <time>2026-05-24T09:56:52.000Z</time>
      </trkpt>
      <trkpt lat="46.197008" lon="11.498893">
        <ele>2124.073190</ele>
        <time>2026-05-24T09:56:54.000Z</time>
      </trkpt>
      <trkpt lat="46.197011" lon="11.498901">
        <ele>2124.097454</ele>
        <time>2026-05-24T09:57:01.000Z</time>
      </trkpt>
      <trkpt lat="46.197008" lon="11.498915">
        <ele>2124.136537</ele>
        <time>2026-05-24T09:57:08.000Z</time>
      </trkpt>
      <trkpt lat="46.197002" lon="11.498898">
        <ele>2124.187425</ele>
        <time>2026-05-24T10:29:56.000Z</time>
      </trkpt>
      <trkpt lat="46.196992" lon="11.498891">
        <ele>2124.230236</ele>
        <time>2026-05-24T10:30:04.000Z</time>
      </trkpt>
      <trkpt lat="46.197004" lon="11.498944">
        <ele>2124.378944</ele>
        <time>2026-05-24T10:30:12.000Z</time>
      </trkpt>
      <trkpt lat="46.197026" lon="11.498994">
        <ele>2124.536941</ele>
        <time>2026-05-24T10:30:17.000Z</time>
      </trkpt>
      <trkpt lat="46.197044" lon="11.499011">
        <ele>2124.619793</ele>
        <time>2026-05-24T10:30:19.000Z</time>
      </trkpt>
      <trkpt lat="46.197075" lon="11.499018">
        <ele>2124.740676</ele>
        <time>2026-05-24T10:30:24.000Z</time>
      </trkpt>
      <trkpt lat="46.197089" lon="11.499017">
        <ele>2124.794680</ele>
        <time>2026-05-24T10:30:26.000Z</time>
      </trkpt>
      <trkpt lat="46.197130" lon="11.498999">
        <ele>2124.959772</ele>
        <time>2026-05-24T10:30:30.000Z</time>
      </trkpt>
      <trkpt lat="46.197135" lon="11.498991">
        <ele>2124.988516</ele>
        <time>2026-05-24T10:30:31.000Z</time>
      </trkpt>
      <trkpt lat="46.197157" lon="11.498964">
        <ele>2125.099730</ele>
        <time>2026-05-24T10:30:34.000Z</time>
      </trkpt>
      <trkpt lat="46.197175" lon="11.498962">
        <ele>2125.169283</ele>
        <time>2026-05-24T10:30:36.000Z</time>
      </trkpt>
      <trkpt lat="46.197185" lon="11.498955">
        <ele>2125.212094</ele>
        <time>2026-05-24T10:30:38.000Z</time>
      </trkpt>
      <trkpt lat="46.197211" lon="11.498957">
        <ele>2125.312406</ele>
        <time>2026-05-24T10:30:43.000Z</time>
      </trkpt>
      <trkpt lat="46.197223" lon="11.498960">
        <ele>2125.359325</ele>
        <time>2026-05-24T10:30:45.000Z</time>
      </trkpt>
      <trkpt lat="46.197230" lon="11.498960">
        <ele>2125.386294</ele>
        <time>2026-05-24T10:30:46.000Z</time>
      </trkpt>
      <trkpt lat="46.197273" lon="11.498960">
        <ele>2125.551960</ele>
        <time>2026-05-24T10:30:50.000Z</time>
      </trkpt>
      <trkpt lat="46.197292" lon="11.498955">
        <ele>2125.626366</ele>
        <time>2026-05-24T10:30:52.000Z</time>
      </trkpt>
      <trkpt lat="46.197306" lon="11.498940">
        <ele>2125.693517</ele>
        <time>2026-05-24T10:30:55.000Z</time>
      </trkpt>
      <trkpt lat="46.197329" lon="11.498919">
        <ele>2125.798342</ele>
        <time>2026-05-24T10:30:59.000Z</time>
      </trkpt>
      <trkpt lat="46.197338" lon="11.498910">
        <ele>2125.840512</ele>
        <time>2026-05-24T10:31:00.000Z</time>
      </trkpt>
      <trkpt lat="46.197346" lon="11.498906">
        <ele>2125.873128</ele>
        <time>2026-05-24T10:31:02.000Z</time>
      </trkpt>
      <trkpt lat="46.197363" lon="11.498894">
        <ele>2125.946023</ele>
        <time>2026-05-24T10:31:06.000Z</time>
      </trkpt>
      <trkpt lat="46.197376" lon="11.498888">
        <ele>2125.998602</ele>
        <time>2026-05-24T10:31:07.000Z</time>
      </trkpt>
      <trkpt lat="46.197393" lon="11.498870">
        <ele>2126.079804</ele>
        <time>2026-05-24T10:31:11.000Z</time>
      </trkpt>
      <trkpt lat="46.197403" lon="11.498861">
        <ele>2126.125195</ele>
        <time>2026-05-24T10:31:13.000Z</time>
      </trkpt>
      <trkpt lat="46.197410" lon="11.498858">
        <ele>2126.153326</ele>
        <time>2026-05-24T10:31:14.000Z</time>
      </trkpt>
      <trkpt lat="46.197452" lon="11.498848">
        <ele>2126.317321</ele>
        <time>2026-05-24T10:31:18.000Z</time>
      </trkpt>
      <trkpt lat="46.197485" lon="11.498830">
        <ele>2126.453220</ele>
        <time>2026-05-24T10:31:21.000Z</time>
      </trkpt>
      <trkpt lat="46.197494" lon="11.498827">
        <ele>2126.488805</ele>
        <time>2026-05-24T10:31:22.000Z</time>
      </trkpt>
      <trkpt lat="46.197515" lon="11.498842">
        <ele>2126.579060</ele>
        <time>2026-05-24T10:31:25.000Z</time>
      </trkpt>
      <trkpt lat="46.197524" lon="11.498858">
        <ele>2126.634040</ele>
        <time>2026-05-24T10:31:27.000Z</time>
      </trkpt>
      <trkpt lat="46.197522" lon="11.498871">
        <ele>2126.669554</ele>
        <time>2026-05-24T10:31:28.000Z</time>
      </trkpt>
      <trkpt lat="46.197522" lon="11.498892">
        <ele>2126.725555</ele>
        <time>2026-05-24T10:31:29.000Z</time>
      </trkpt>
      <trkpt lat="46.197526" lon="11.498946">
        <ele>2126.870381</ele>
        <time>2026-05-24T10:31:32.000Z</time>
      </trkpt>
      <trkpt lat="46.197521" lon="11.498995">
        <ele>2127.002463</ele>
        <time>2026-05-24T10:31:35.000Z</time>
      </trkpt>
      <trkpt lat="46.197482" lon="11.499066">
        <ele>2127.244177</ele>
        <time>2026-05-24T10:31:42.000Z</time>
      </trkpt>
      <trkpt lat="46.197486" lon="11.499087">
        <ele>2127.302260</ele>
        <time>2026-05-24T10:31:48.000Z</time>
      </trkpt>
      <trkpt lat="46.197499" lon="11.499121">
        <ele>2127.405843</ele>
        <time>2026-05-24T10:31:51.000Z</time>
      </trkpt>
      <trkpt lat="46.197517" lon="11.499147">
        <ele>2127.503907</ele>
        <time>2026-05-24T10:31:54.000Z</time>
      </trkpt>
      <trkpt lat="46.197525" lon="11.499159">
        <ele>2127.548337</ele>
        <time>2026-05-24T10:31:55.000Z</time>
      </trkpt>
      <trkpt lat="46.197565" lon="11.499205">
        <ele>2127.745306</ele>
        <time>2026-05-24T10:32:00.000Z</time>
      </trkpt>
      <trkpt lat="46.197594" lon="11.499252">
        <ele>2127.913212</ele>
        <time>2026-05-24T10:32:04.000Z</time>
      </trkpt>
      <trkpt lat="46.197605" lon="11.499283">
        <ele>2128.006110</ele>
        <time>2026-05-24T10:32:06.000Z</time>
      </trkpt>
      <trkpt lat="46.197621" lon="11.499294">
        <ele>2128.074377</ele>
        <time>2026-05-24T10:32:08.000Z</time>
      </trkpt>
      <trkpt lat="46.197629" lon="11.499296">
        <ele>2128.105657</ele>
        <time>2026-05-24T10:32:09.000Z</time>
      </trkpt>
      <trkpt lat="46.197665" lon="11.499286">
        <ele>2128.246894</ele>
        <time>2026-05-24T10:32:12.000Z</time>
      </trkpt>
      <trkpt lat="46.197682" lon="11.499283">
        <ele>2128.312876</ele>
        <time>2026-05-24T10:32:13.000Z</time>
      </trkpt>
      <trkpt lat="46.197734" lon="11.499259">
        <ele>2128.781562</ele>
        <time>2026-05-24T10:32:19.000Z</time>
      </trkpt>
      <trkpt lat="46.197763" lon="11.499317">
        <ele>2129.674306</ele>
        <time>2026-05-24T10:32:23.000Z</time>
      </trkpt>
      <trkpt lat="46.197763" lon="11.499333">
        <ele>2129.873942</ele>
        <time>2026-05-24T10:32:24.000Z</time>
      </trkpt>
      <trkpt lat="46.197765" lon="11.499350">
        <ele>2130.089098</ele>
        <time>2026-05-24T10:32:25.000Z</time>
      </trkpt>
      <trkpt lat="46.197774" lon="11.499429">
        <ele>2131.088063</ele>
        <time>2026-05-24T10:32:30.000Z</time>
      </trkpt>
      <trkpt lat="46.197773" lon="11.499508">
        <ele>2132.073930</ele>
        <time>2026-05-24T10:32:35.000Z</time>
      </trkpt>
      <trkpt lat="46.197768" lon="11.499540">
        <ele>2132.483249</ele>
        <time>2026-05-24T10:32:37.000Z</time>
      </trkpt>
      <trkpt lat="46.197761" lon="11.499605">
        <ele>2133.304028</ele>
        <time>2026-05-24T10:32:41.000Z</time>
      </trkpt>
      <trkpt lat="46.197758" lon="11.499660">
        <ele>2133.992404</ele>
        <time>2026-05-24T10:32:44.000Z</time>
      </trkpt>
      <trkpt lat="46.197752" lon="11.499714">
        <ele>2134.674802</ele>
        <time>2026-05-24T10:32:47.000Z</time>
      </trkpt>
      <trkpt lat="46.197732" lon="11.499798">
        <ele>2135.783165</ele>
        <time>2026-05-24T10:32:52.000Z</time>
      </trkpt>
      <trkpt lat="46.197723" lon="11.499823">
        <ele>2136.134764</ele>
        <time>2026-05-24T10:32:54.000Z</time>
      </trkpt>
      <trkpt lat="46.197703" lon="11.499895">
        <ele>2137.102770</ele>
        <time>2026-05-24T10:32:59.000Z</time>
      </trkpt>
      <trkpt lat="46.197693" lon="11.499925">
        <ele>2137.518232</ele>
        <time>2026-05-24T10:33:01.000Z</time>
      </trkpt>
      <trkpt lat="46.197649" lon="11.500005">
        <ele>2138.793168</ele>
        <time>2026-05-24T10:33:08.000Z</time>
      </trkpt>
      <trkpt lat="46.197614" lon="11.500046">
        <ele>2139.605424</ele>
        <time>2026-05-24T10:33:14.000Z</time>
      </trkpt>
      <trkpt lat="46.197589" lon="11.500080">
        <ele>2140.224343</ele>
        <time>2026-05-24T10:33:18.000Z</time>
      </trkpt>
      <trkpt lat="46.197578" lon="11.500107">
        <ele>2140.615253</ele>
        <time>2026-05-24T10:33:21.000Z</time>
      </trkpt>
      <trkpt lat="46.197554" lon="11.500171">
        <ele>2141.523464</ele>
        <time>2026-05-24T10:33:26.000Z</time>
      </trkpt>
      <trkpt lat="46.197551" lon="11.500182">
        <ele>2141.670984</ele>
        <time>2026-05-24T10:33:27.000Z</time>
      </trkpt>
      <trkpt lat="46.197534" lon="11.500214">
        <ele>2142.174302</ele>
        <time>2026-05-24T10:33:30.000Z</time>
      </trkpt>
      <trkpt lat="46.197513" lon="11.500241">
        <ele>2142.681050</ele>
        <time>2026-05-24T10:33:34.000Z</time>
      </trkpt>
      <trkpt lat="46.197512" lon="11.500246">
        <ele>2142.745989</ele>
        <time>2026-05-24T10:33:35.000Z</time>
      </trkpt>
      <trkpt lat="46.197476" lon="11.500302">
        <ele>2143.699589</ele>
        <time>2026-05-24T10:33:41.000Z</time>
      </trkpt>
      <trkpt lat="46.197463" lon="11.500328">
        <ele>2144.099786</ele>
        <time>2026-05-24T10:33:43.000Z</time>
      </trkpt>
      <trkpt lat="46.197459" lon="11.500346">
        <ele>2144.335668</ele>
        <time>2026-05-24T10:33:45.000Z</time>
      </trkpt>
      <trkpt lat="46.197448" lon="11.500379">
        <ele>2144.792678</ele>
        <time>2026-05-24T10:33:49.000Z</time>
      </trkpt>
      <trkpt lat="46.197427" lon="11.500434">
        <ele>2145.576415</ele>
        <time>2026-05-24T10:33:56.000Z</time>
      </trkpt>
      <trkpt lat="46.197425" lon="11.500452">
        <ele>2145.803882</ele>
        <time>2026-05-24T10:33:58.000Z</time>
      </trkpt>
      <trkpt lat="46.197422" lon="11.500500">
        <ele>2146.405231</ele>
        <time>2026-05-24T10:34:03.000Z</time>
      </trkpt>
      <trkpt lat="46.197417" lon="11.500563">
        <ele>2147.196453</ele>
        <time>2026-05-24T10:34:07.000Z</time>
      </trkpt>
      <trkpt lat="46.197417" lon="11.500580">
        <ele>2147.408568</ele>
        <time>2026-05-24T10:34:09.000Z</time>
      </trkpt>
      <trkpt lat="46.197415" lon="11.500593">
        <ele>2147.574731</ele>
        <time>2026-05-24T10:34:10.000Z</time>
      </trkpt>
      <trkpt lat="46.197419" lon="11.500636">
        <ele>2148.116080</ele>
        <time>2026-05-24T10:34:16.000Z</time>
      </trkpt>
      <trkpt lat="46.197421" lon="11.500701">
        <ele>2148.927907</ele>
        <time>2026-05-24T10:34:22.000Z</time>
      </trkpt>
      <trkpt lat="46.197423" lon="11.500734">
        <ele>2149.341235</ele>
        <time>2026-05-24T10:34:25.000Z</time>
      </trkpt>
      <trkpt lat="46.197426" lon="11.500755">
        <ele>2149.608781</ele>
        <time>2026-05-24T10:34:27.000Z</time>
      </trkpt>
      <trkpt lat="46.197462" lon="11.500797">
        <ele>2150.442901</ele>
        <time>2026-05-24T10:34:34.000Z</time>
      </trkpt>
      <trkpt lat="46.197467" lon="11.500803">
        <ele>2150.560068</ele>
        <time>2026-05-24T10:34:35.000Z</time>
      </trkpt>
      <trkpt lat="46.197478" lon="11.500852">
        <ele>2151.202808</ele>
        <time>2026-05-24T10:34:41.000Z</time>
      </trkpt>
      <trkpt lat="46.197476" lon="11.500868">
        <ele>2151.405674</ele>
        <time>2026-05-24T10:34:42.000Z</time>
      </trkpt>
      <trkpt lat="46.197434" lon="11.500973">
        <ele>2152.918822</ele>
        <time>2026-05-24T10:34:48.000Z</time>
      </trkpt>
      <trkpt lat="46.197423" lon="11.500985">
        <ele>2153.167291</ele>
        <time>2026-05-24T10:34:49.000Z</time>
      </trkpt>
      <trkpt lat="46.197363" lon="11.501039">
        <ele>2154.441567</ele>
        <time>2026-05-24T10:34:55.000Z</time>
      </trkpt>
      <trkpt lat="46.197351" lon="11.501048">
        <ele>2154.685293</ele>
        <time>2026-05-24T10:34:56.000Z</time>
      </trkpt>
      <trkpt lat="46.197287" lon="11.501085">
        <ele>2155.927915</ele>
        <time>2026-05-24T10:35:01.000Z</time>
      </trkpt>
      <trkpt lat="46.197280" lon="11.501088">
        <ele>2156.059534</ele>
        <time>2026-05-24T10:35:02.000Z</time>
      </trkpt>
      <trkpt lat="46.197238" lon="11.501123">
        <ele>2156.933558</ele>
        <time>2026-05-24T10:35:07.000Z</time>
      </trkpt>
      <trkpt lat="46.197198" lon="11.501166">
        <ele>2157.832320</ele>
        <time>2026-05-24T10:35:12.000Z</time>
      </trkpt>
      <trkpt lat="46.197188" lon="11.501188">
        <ele>2158.160720</ele>
        <time>2026-05-24T10:35:14.000Z</time>
      </trkpt>
      <trkpt lat="46.197137" lon="11.501253">
        <ele>2159.386670</ele>
        <time>2026-05-24T10:35:20.000Z</time>
      </trkpt>
      <trkpt lat="46.197129" lon="11.501264">
        <ele>2159.585754</ele>
        <time>2026-05-24T10:35:21.000Z</time>
      </trkpt>
      <trkpt lat="46.197096" lon="11.501335">
        <ele>2160.652842</ele>
        <time>2026-05-24T10:35:28.000Z</time>
      </trkpt>
      <trkpt lat="46.197102" lon="11.501422">
        <ele>2161.525488</ele>
        <time>2026-05-24T10:35:34.000Z</time>
      </trkpt>
      <trkpt lat="46.197107" lon="11.501438">
        <ele>2161.689450</ele>
        <time>2026-05-24T10:35:35.000Z</time>
      </trkpt>
      <trkpt lat="46.197137" lon="11.501542">
        <ele>2162.741775</ele>
        <time>2026-05-24T10:35:40.000Z</time>
      </trkpt>
      <trkpt lat="46.197166" lon="11.501644">
        <ele>2163.771679</ele>
        <time>2026-05-24T10:35:46.000Z</time>
      </trkpt>
      <trkpt lat="46.197182" lon="11.501735">
        <ele>2164.648602</ele>
        <time>2026-05-24T10:35:52.000Z</time>
      </trkpt>
      <trkpt lat="46.197189" lon="11.501767">
        <ele>2164.962048</ele>
        <time>2026-05-24T10:35:54.000Z</time>
      </trkpt>
      <trkpt lat="46.197196" lon="11.501817">
        <ele>2165.438499</ele>
        <time>2026-05-24T10:35:57.000Z</time>
      </trkpt>
      <trkpt lat="46.197202" lon="11.501843">
        <ele>2165.694477</ele>
        <time>2026-05-24T10:35:59.000Z</time>
      </trkpt>
      <trkpt lat="46.197213" lon="11.501926">
        <ele>2166.483769</ele>
        <time>2026-05-24T10:36:05.000Z</time>
      </trkpt>
      <trkpt lat="46.197216" lon="11.501945">
        <ele>2166.665786</ele>
        <time>2026-05-24T10:36:06.000Z</time>
      </trkpt>
      <trkpt lat="46.197222" lon="11.502018">
        <ele>2167.352387</ele>
        <time>2026-05-24T10:36:11.000Z</time>
      </trkpt>
      <trkpt lat="46.197223" lon="11.502079">
        <ele>2167.922280</ele>
        <time>2026-05-24T10:36:14.000Z</time>
      </trkpt>
      <trkpt lat="46.197233" lon="11.502147">
        <ele>2168.571568</ele>
        <time>2026-05-24T10:36:18.000Z</time>
      </trkpt>
      <trkpt lat="46.197232" lon="11.502168">
        <ele>2168.768169</ele>
        <time>2026-05-24T10:36:19.000Z</time>
      </trkpt>
      <trkpt lat="46.197235" lon="11.502266">
        <ele>2169.684373</ele>
        <time>2026-05-24T10:36:25.000Z</time>
      </trkpt>
      <trkpt lat="46.197235" lon="11.502299">
        <ele>2169.992589</ele>
        <time>2026-05-24T10:36:28.000Z</time>
      </trkpt>
      <trkpt lat="46.197234" lon="11.502346">
        <ele>2170.431771</ele>
        <time>2026-05-24T10:36:31.000Z</time>
      </trkpt>
      <trkpt lat="46.197231" lon="11.502386">
        <ele>2170.807553</ele>
        <time>2026-05-24T10:36:34.000Z</time>
      </trkpt>
      <trkpt lat="46.197227" lon="11.502453">
        <ele>2171.435648</ele>
        <time>2026-05-24T10:36:38.000Z</time>
      </trkpt>
      <trkpt lat="46.197226" lon="11.502507">
        <ele>2171.940183</ele>
        <time>2026-05-24T10:36:42.000Z</time>
      </trkpt>
      <trkpt lat="46.197220" lon="11.502580">
        <ele>2172.626784</ele>
        <time>2026-05-24T10:36:46.000Z</time>
      </trkpt>
      <trkpt lat="46.197219" lon="11.502639">
        <ele>2173.178003</ele>
        <time>2026-05-24T10:36:50.000Z</time>
      </trkpt>
      <trkpt lat="46.197217" lon="11.502660">
        <ele>2173.375988</ele>
        <time>2026-05-24T10:36:51.000Z</time>
      </trkpt>
      <trkpt lat="46.197202" lon="11.502786">
        <ele>2174.570093</ele>
        <time>2026-05-24T10:36:59.000Z</time>
      </trkpt>
      <trkpt lat="46.197186" lon="11.502826">
        <ele>2175.001584</ele>
        <time>2026-05-24T10:37:03.000Z</time>
      </trkpt>
      <trkpt lat="46.197176" lon="11.502839">
        <ele>2175.183105</ele>
        <time>2026-05-24T10:37:05.000Z</time>
      </trkpt>
      <trkpt lat="46.197149" lon="11.502869">
        <ele>2175.642716</ele>
        <time>2026-05-24T10:37:12.000Z</time>
      </trkpt>
      <trkpt lat="46.197149" lon="11.502876">
        <ele>2175.708095</ele>
        <time>2026-05-24T10:37:13.000Z</time>
      </trkpt>
      <trkpt lat="46.197131" lon="11.502961">
        <ele>2176.538309</ele>
        <time>2026-05-24T10:37:18.000Z</time>
      </trkpt>
      <trkpt lat="46.197129" lon="11.502989">
        <ele>2176.801215</ele>
        <time>2026-05-24T10:37:20.000Z</time>
      </trkpt>
      <trkpt lat="46.197121" lon="11.503070">
        <ele>2177.565410</ele>
        <time>2026-05-24T10:37:25.000Z</time>
      </trkpt>
      <trkpt lat="46.197115" lon="11.503102">
        <ele>2177.875058</ele>
        <time>2026-05-24T10:37:27.000Z</time>
      </trkpt>
      <trkpt lat="46.197106" lon="11.503183">
        <ele>2178.641276</ele>
        <time>2026-05-24T10:37:33.000Z</time>
      </trkpt>
      <trkpt lat="46.197102" lon="11.503197">
        <ele>2178.782736</ele>
        <time>2026-05-24T10:37:34.000Z</time>
      </trkpt>
      <trkpt lat="46.197090" lon="11.503281">
        <ele>2179.583823</ele>
        <time>2026-05-24T10:37:40.000Z</time>
      </trkpt>
      <trkpt lat="46.197087" lon="11.503296">
        <ele>2179.729653</ele>
        <time>2026-05-24T10:37:41.000Z</time>
      </trkpt>
      <trkpt lat="46.197084" lon="11.503307">
        <ele>2179.840079</ele>
        <time>2026-05-24T10:37:42.000Z</time>
      </trkpt>
      <trkpt lat="46.197064" lon="11.503380">
        <ele>2180.573359</ele>
        <time>2026-05-24T10:37:48.000Z</time>
      </trkpt>
      <trkpt lat="46.197058" lon="11.503420">
        <ele>2180.955627</ele>
        <time>2026-05-24T10:37:51.000Z</time>
      </trkpt>
      <trkpt lat="46.197051" lon="11.503474">
        <ele>2181.468751</ele>
        <time>2026-05-24T10:37:55.000Z</time>
      </trkpt>
      <trkpt lat="46.197044" lon="11.503514">
        <ele>2181.854103</ele>
        <time>2026-05-24T10:37:59.000Z</time>
      </trkpt>
      <trkpt lat="46.197029" lon="11.503577">
        <ele>2182.476356</ele>
        <time>2026-05-24T10:38:03.000Z</time>
      </trkpt>
      <trkpt lat="46.197021" lon="11.503645">
        <ele>2183.120578</ele>
        <time>2026-05-24T10:38:08.000Z</time>
      </trkpt>
      <trkpt lat="46.197008" lon="11.503693">
        <ele>2183.601991</ele>
        <time>2026-05-24T10:38:12.000Z</time>
      </trkpt>
      <trkpt lat="46.197000" lon="11.503713">
        <ele>2183.817737</ele>
        <time>2026-05-24T10:38:14.000Z</time>
      </trkpt>
      <trkpt lat="46.196964" lon="11.503768">
        <ele>2184.524739</ele>
        <time>2026-05-24T10:38:19.000Z</time>
      </trkpt>
      <trkpt lat="46.196946" lon="11.503804">
        <ele>2184.939525</ele>
        <time>2026-05-24T10:38:23.000Z</time>
      </trkpt>
      <trkpt lat="46.196937" lon="11.503839">
        <ele>2185.313572</ele>
        <time>2026-05-24T10:38:26.000Z</time>
      </trkpt>
      <trkpt lat="46.196908" lon="11.503927">
        <ele>2186.385567</ele>
        <time>2026-05-24T10:38:32.000Z</time>
      </trkpt>
      <trkpt lat="46.196904" lon="11.503936">
        <ele>2186.503206</ele>
        <time>2026-05-24T10:38:33.000Z</time>
      </trkpt>
      <trkpt lat="46.196873" lon="11.504000">
        <ele>2187.362368</ele>
        <time>2026-05-24T10:38:41.000Z</time>
      </trkpt>
      <trkpt lat="46.196868" lon="11.504007">
        <ele>2187.473003</ele>
        <time>2026-05-24T10:38:42.000Z</time>
      </trkpt>
      <trkpt lat="46.196851" lon="11.504078">
        <ele>2188.299323</ele>
        <time>2026-05-24T10:38:48.000Z</time>
      </trkpt>
      <trkpt lat="46.196848" lon="11.504106">
        <ele>2188.610959</ele>
        <time>2026-05-24T10:38:50.000Z</time>
      </trkpt>
      <trkpt lat="46.196835" lon="11.504167">
        <ele>2189.312969</ele>
        <time>2026-05-24T10:38:54.000Z</time>
      </trkpt>
      <trkpt lat="46.196799" lon="11.504227">
        <ele>2190.186321</ele>
        <time>2026-05-24T10:38:59.000Z</time>
      </trkpt>
      <trkpt lat="46.196787" lon="11.504259">
        <ele>2190.586618</ele>
        <time>2026-05-24T10:39:02.000Z</time>
      </trkpt>
      <trkpt lat="46.196777" lon="11.504288">
        <ele>2190.942974</ele>
        <time>2026-05-24T10:39:05.000Z</time>
      </trkpt>
      <trkpt lat="46.196769" lon="11.504328">
        <ele>2191.400925</ele>
        <time>2026-05-24T10:39:08.000Z</time>
      </trkpt>
      <trkpt lat="46.196752" lon="11.504426">
        <ele>2192.512148</ele>
        <time>2026-05-24T10:39:16.000Z</time>
      </trkpt>
      <trkpt lat="46.196749" lon="11.504450">
        <ele>2192.780391</ele>
        <time>2026-05-24T10:39:18.000Z</time>
      </trkpt>
      <trkpt lat="46.196744" lon="11.504501">
        <ele>2193.346932</ele>
        <time>2026-05-24T10:39:22.000Z</time>
      </trkpt>
      <trkpt lat="46.196742" lon="11.504528">
        <ele>2193.645597</ele>
        <time>2026-05-24T10:39:24.000Z</time>
      </trkpt>
      <trkpt lat="46.196733" lon="11.504565">
        <ele>2194.076952</ele>
        <time>2026-05-24T10:39:27.000Z</time>
      </trkpt>
      <trkpt lat="46.196720" lon="11.504603">
        <ele>2194.543171</ele>
        <time>2026-05-24T10:39:31.000Z</time>
      </trkpt>
      <trkpt lat="46.196700" lon="11.504654">
        <ele>2195.187884</ele>
        <time>2026-05-24T10:39:35.000Z</time>
      </trkpt>
      <trkpt lat="46.196698" lon="11.504686">
        <ele>2195.541280</ele>
        <time>2026-05-24T10:39:38.000Z</time>
      </trkpt>
      <trkpt lat="46.196698" lon="11.504753">
        <ele>2196.278205</ele>
        <time>2026-05-24T10:39:44.000Z</time>
      </trkpt>
      <trkpt lat="46.196698" lon="11.504765">
        <ele>2196.410192</ele>
        <time>2026-05-24T10:39:45.000Z</time>
      </trkpt>
      <trkpt lat="46.196696" lon="11.504775">
        <ele>2196.524680</ele>
        <time>2026-05-24T10:39:46.000Z</time>
      </trkpt>
      <trkpt lat="46.196673" lon="11.504864">
        <ele>2197.569580</ele>
        <time>2026-05-24T10:39:53.000Z</time>
      </trkpt>
      <trkpt lat="46.196650" lon="11.504948">
        <ele>2198.563146</ele>
        <time>2026-05-24T10:40:00.000Z</time>
      </trkpt>
      <trkpt lat="46.196651" lon="11.504957">
        <ele>2198.663403</ele>
        <time>2026-05-24T10:40:01.000Z</time>
      </trkpt>
      <trkpt lat="46.196656" lon="11.504958">
        <ele>2198.743611</ele>
        <time>2026-05-24T10:40:02.000Z</time>
      </trkpt>
      <trkpt lat="46.196665" lon="11.505017">
        <ele>2199.408117</ele>
        <time>2026-05-24T10:40:08.000Z</time>
      </trkpt>
      <trkpt lat="46.196676" lon="11.505076">
        <ele>2200.080179</ele>
        <time>2026-05-24T10:40:13.000Z</time>
      </trkpt>
      <trkpt lat="46.196679" lon="11.505088">
        <ele>2200.220511</ele>
        <time>2026-05-24T10:40:14.000Z</time>
      </trkpt>
      <trkpt lat="46.196692" lon="11.505172">
        <ele>2201.167229</ele>
        <time>2026-05-24T10:40:21.000Z</time>
      </trkpt>
      <trkpt lat="46.196695" lon="11.505180">
        <ele>2201.267303</ele>
        <time>2026-05-24T10:40:22.000Z</time>
      </trkpt>
      <trkpt lat="46.196733" lon="11.505263">
        <ele>2202.361836</ele>
        <time>2026-05-24T10:40:29.000Z</time>
      </trkpt>
      <trkpt lat="46.196743" lon="11.505277">
        <ele>2202.583106</ele>
        <time>2026-05-24T10:40:30.000Z</time>
      </trkpt>
      <trkpt lat="46.196785" lon="11.505326">
        <ele>2203.440931</ele>
        <time>2026-05-24T10:40:36.000Z</time>
      </trkpt>
      <trkpt lat="46.196788" lon="11.505329">
        <ele>2203.498907</ele>
        <time>2026-05-24T10:40:37.000Z</time>
      </trkpt>
      <trkpt lat="46.196834" lon="11.505404">
        <ele>2204.601070</ele>
        <time>2026-05-24T10:40:44.000Z</time>
      </trkpt>
      <trkpt lat="46.196885" lon="11.505473">
        <ele>2205.711340</ele>
        <time>2026-05-24T10:40:50.000Z</time>
      </trkpt>
      <trkpt lat="46.196891" lon="11.505485">
        <ele>2205.874160</ele>
        <time>2026-05-24T10:40:51.000Z</time>
      </trkpt>
      <trkpt lat="46.196904" lon="11.505552">
        <ele>2206.639487</ele>
        <time>2026-05-24T10:40:56.000Z</time>
      </trkpt>
      <trkpt lat="46.196911" lon="11.505581">
        <ele>2206.977291</ele>
        <time>2026-05-24T10:40:58.000Z</time>
      </trkpt>
      <trkpt lat="46.196917" lon="11.505631">
        <ele>2207.535437</ele>
        <time>2026-05-24T10:41:03.000Z</time>
      </trkpt>
      <trkpt lat="46.196920" lon="11.505665">
        <ele>2207.912423</ele>
        <time>2026-05-24T10:41:05.000Z</time>
      </trkpt>
      <trkpt lat="46.196919" lon="11.505697">
        <ele>2208.264744</ele>
        <time>2026-05-24T10:41:09.000Z</time>
      </trkpt>
      <trkpt lat="46.196917" lon="11.505718">
        <ele>2208.497896</ele>
        <time>2026-05-24T10:41:13.000Z</time>
      </trkpt>
      <trkpt lat="46.196913" lon="11.505712">
        <ele>2208.589520</ele>
        <time>2026-05-24T10:41:16.000Z</time>
      </trkpt>
      <trkpt lat="46.196907" lon="11.505740">
        <ele>2208.911908</ele>
        <time>2026-05-24T10:41:22.000Z</time>
      </trkpt>
      <trkpt lat="46.196902" lon="11.505776">
        <ele>2209.315759</ele>
        <time>2026-05-24T10:41:25.000Z</time>
      </trkpt>
      <trkpt lat="46.196899" lon="11.505825">
        <ele>2209.856806</ele>
        <time>2026-05-24T10:41:32.000Z</time>
      </trkpt>
      <trkpt lat="46.196902" lon="11.505839">
        <ele>2210.018000</ele>
        <time>2026-05-24T10:41:33.000Z</time>
      </trkpt>
      <trkpt lat="46.196939" lon="11.505938">
        <ele>2211.255471</ele>
        <time>2026-05-24T10:41:41.000Z</time>
      </trkpt>
      <trkpt lat="46.196954" lon="11.505969">
        <ele>2211.671485</ele>
        <time>2026-05-24T10:41:44.000Z</time>
      </trkpt>
      <trkpt lat="46.196966" lon="11.505998">
        <ele>2212.043102</ele>
        <time>2026-05-24T10:41:47.000Z</time>
      </trkpt>
      <trkpt lat="46.196969" lon="11.506006">
        <ele>2212.143176</ele>
        <time>2026-05-24T10:41:48.000Z</time>
      </trkpt>
      <trkpt lat="46.196975" lon="11.506018">
        <ele>2212.305995</ele>
        <time>2026-05-24T10:41:49.000Z</time>
      </trkpt>
      <trkpt lat="46.197002" lon="11.506104">
        <ele>2213.344645</ele>
        <time>2026-05-24T10:41:55.000Z</time>
      </trkpt>
      <trkpt lat="46.197007" lon="11.506164">
        <ele>2213.988539</ele>
        <time>2026-05-24T10:42:00.000Z</time>
      </trkpt>
      <trkpt lat="46.197008" lon="11.506178">
        <ele>2214.131965</ele>
        <time>2026-05-24T10:42:01.000Z</time>
      </trkpt>
      <trkpt lat="46.197007" lon="11.506232">
        <ele>2214.682451</ele>
        <time>2026-05-24T10:42:05.000Z</time>
      </trkpt>
      <trkpt lat="46.197004" lon="11.506266">
        <ele>2215.031734</ele>
        <time>2026-05-24T10:42:07.000Z</time>
      </trkpt>
      <trkpt lat="46.197001" lon="11.506302">
        <ele>2215.401243</ele>
        <time>2026-05-24T10:42:10.000Z</time>
      </trkpt>
      <trkpt lat="46.196992" lon="11.506344">
        <ele>2215.849286</ele>
        <time>2026-05-24T10:42:14.000Z</time>
      </trkpt>
      <trkpt lat="46.196988" lon="11.506354">
        <ele>2215.966984</ele>
        <time>2026-05-24T10:42:15.000Z</time>
      </trkpt>
      <trkpt lat="46.196965" lon="11.506434">
        <ele>2216.849754</ele>
        <time>2026-05-24T10:42:22.000Z</time>
      </trkpt>
      <trkpt lat="46.196936" lon="11.506489">
        <ele>2217.554328</ele>
        <time>2026-05-24T10:42:27.000Z</time>
      </trkpt>
      <trkpt lat="46.196932" lon="11.506498">
        <ele>2217.663321</ele>
        <time>2026-05-24T10:42:28.000Z</time>
      </trkpt>
      <trkpt lat="46.196922" lon="11.506522">
        <ele>2217.948788</ele>
        <time>2026-05-24T10:42:30.000Z</time>
      </trkpt>
      <trkpt lat="46.196887" lon="11.506600">
        <ele>2218.896061</ele>
        <time>2026-05-24T10:42:36.000Z</time>
      </trkpt>
      <trkpt lat="46.196877" lon="11.506616">
        <ele>2219.115742</ele>
        <time>2026-05-24T10:42:38.000Z</time>
      </trkpt>
      <trkpt lat="46.196871" lon="11.506638">
        <ele>2219.356709</ele>
        <time>2026-05-24T10:42:40.000Z</time>
      </trkpt>
      <trkpt lat="46.196867" lon="11.506678">
        <ele>2219.768564</ele>
        <time>2026-05-24T10:42:43.000Z</time>
      </trkpt>
      <trkpt lat="46.196861" lon="11.506721">
        <ele>2220.215574</ele>
        <time>2026-05-24T10:42:46.000Z</time>
      </trkpt>
      <trkpt lat="46.196843" lon="11.506768">
        <ele>2220.762955</ele>
        <time>2026-05-24T10:42:50.000Z</time>
      </trkpt>
      <trkpt lat="46.196817" lon="11.506803">
        <ele>2221.286153</ele>
        <time>2026-05-24T10:42:53.000Z</time>
      </trkpt>
      <trkpt lat="46.196800" lon="11.506823">
        <ele>2221.608921</ele>
        <time>2026-05-24T10:42:55.000Z</time>
      </trkpt>
      <trkpt lat="46.196768" lon="11.506858">
        <ele>2222.199822</ele>
        <time>2026-05-24T10:42:59.000Z</time>
      </trkpt>
      <trkpt lat="46.196753" lon="11.506879">
        <ele>2222.507337</ele>
        <time>2026-05-24T10:43:02.000Z</time>
      </trkpt>
      <trkpt lat="46.196720" lon="11.506933">
        <ele>2223.241408</ele>
        <time>2026-05-24T10:43:07.000Z</time>
      </trkpt>
      <trkpt lat="46.196709" lon="11.506952">
        <ele>2223.493828</ele>
        <time>2026-05-24T10:43:09.000Z</time>
      </trkpt>
      <trkpt lat="46.196671" lon="11.506999">
        <ele>2224.230297</ele>
        <time>2026-05-24T10:43:15.000Z</time>
      </trkpt>
      <trkpt lat="46.196618" lon="11.507086">
        <ele>2225.411346</ele>
        <time>2026-05-24T10:43:22.000Z</time>
      </trkpt>
      <trkpt lat="46.196605" lon="11.507112">
        <ele>2225.738198</ele>
        <time>2026-05-24T10:43:24.000Z</time>
      </trkpt>
      <trkpt lat="46.196583" lon="11.507151">
        <ele>2226.250897</ele>
        <time>2026-05-24T10:43:27.000Z</time>
      </trkpt>
      <trkpt lat="46.196554" lon="11.507208">
        <ele>2226.971793</ele>
        <time>2026-05-24T10:43:32.000Z</time>
      </trkpt>
      <trkpt lat="46.196541" lon="11.507230">
        <ele>2227.266569</ele>
        <time>2026-05-24T10:43:34.000Z</time>
      </trkpt>
      <trkpt lat="46.196513" lon="11.507283">
        <ele>2227.946012</ele>
        <time>2026-05-24T10:43:40.000Z</time>
      </trkpt>
      <trkpt lat="46.196503" lon="11.507295">
        <ele>2228.137400</ele>
        <time>2026-05-24T10:43:42.000Z</time>
      </trkpt>
      <trkpt lat="46.196483" lon="11.507339">
        <ele>2228.673824</ele>
        <time>2026-05-24T10:43:47.000Z</time>
      </trkpt>
      <trkpt lat="46.196470" lon="11.507383">
        <ele>2229.161352</ele>
        <time>2026-05-24T10:43:52.000Z</time>
      </trkpt>
      <trkpt lat="46.196459" lon="11.507425">
        <ele>2229.618972</ele>
        <time>2026-05-24T10:43:55.000Z</time>
      </trkpt>
      <trkpt lat="46.196435" lon="11.507485">
        <ele>2230.325163</ele>
        <time>2026-05-24T10:44:01.000Z</time>
      </trkpt>
      <trkpt lat="46.196432" lon="11.507498">
        <ele>2230.464810</ele>
        <time>2026-05-24T10:44:02.000Z</time>
      </trkpt>
      <trkpt lat="46.196377" lon="11.507574">
        <ele>2231.585300</ele>
        <time>2026-05-24T10:44:09.000Z</time>
      </trkpt>
      <trkpt lat="46.196363" lon="11.507594">
        <ele>2231.875167</ele>
        <time>2026-05-24T10:44:11.000Z</time>
      </trkpt>
      <trkpt lat="46.196333" lon="11.507647">
        <ele>2232.572868</ele>
        <time>2026-05-24T10:44:16.000Z</time>
      </trkpt>
      <trkpt lat="46.196305" lon="11.507694">
        <ele>2233.204798</ele>
        <time>2026-05-24T10:44:21.000Z</time>
      </trkpt>
      <trkpt lat="46.196293" lon="11.507711">
        <ele>2233.452233</ele>
        <time>2026-05-24T10:44:23.000Z</time>
      </trkpt>
      <trkpt lat="46.196245" lon="11.507761">
        <ele>2234.323447</ele>
        <time>2026-05-24T10:44:28.000Z</time>
      </trkpt>
      <trkpt lat="46.196238" lon="11.507769">
        <ele>2234.454851</ele>
        <time>2026-05-24T10:44:29.000Z</time>
      </trkpt>
      <trkpt lat="46.196200" lon="11.507836">
        <ele>2235.337557</ele>
        <time>2026-05-24T10:44:36.000Z</time>
      </trkpt>
      <trkpt lat="46.196184" lon="11.507870">
        <ele>2235.756530</ele>
        <time>2026-05-24T10:44:39.000Z</time>
      </trkpt>
      <trkpt lat="46.196160" lon="11.507930">
        <ele>2236.462723</ele>
        <time>2026-05-24T10:44:43.000Z</time>
      </trkpt>
      <trkpt lat="46.196135" lon="11.507997">
        <ele>2237.238386</ele>
        <time>2026-05-24T10:44:48.000Z</time>
      </trkpt>
      <trkpt lat="46.196114" lon="11.508036">
        <ele>2237.741916</ele>
        <time>2026-05-24T10:44:51.000Z</time>
      </trkpt>
      <trkpt lat="46.196096" lon="11.508069">
        <ele>2238.170075</ele>
        <time>2026-05-24T10:44:54.000Z</time>
      </trkpt>
      <trkpt lat="46.196073" lon="11.508104">
        <ele>2238.661885</ele>
        <time>2026-05-24T10:44:57.000Z</time>
      </trkpt>
      <trkpt lat="46.196030" lon="11.508167">
        <ele>2239.563523</ele>
        <time>2026-05-24T10:45:02.000Z</time>
      </trkpt>
      <trkpt lat="46.196024" lon="11.508179">
        <ele>2239.714379</ele>
        <time>2026-05-24T10:45:03.000Z</time>
      </trkpt>
      <trkpt lat="46.196012" lon="11.508227">
        <ele>2240.228587</ele>
        <time>2026-05-24T10:45:07.000Z</time>
      </trkpt>
      <trkpt lat="46.195993" lon="11.508260">
        <ele>2240.573795</ele>
        <time>2026-05-24T10:45:10.000Z</time>
      </trkpt>
      <trkpt lat="46.195975" lon="11.508285">
        <ele>2240.863902</ele>
        <time>2026-05-24T10:45:12.000Z</time>
      </trkpt>
      <trkpt lat="46.195934" lon="11.508370">
        <ele>2241.697108</ele>
        <time>2026-05-24T10:45:19.000Z</time>
      </trkpt>
      <trkpt lat="46.195930" lon="11.508381">
        <ele>2241.797038</ele>
        <time>2026-05-24T10:45:20.000Z</time>
      </trkpt>
      <trkpt lat="46.195875" lon="11.508475">
        <ele>2242.786918</ele>
        <time>2026-05-24T10:45:29.000Z</time>
      </trkpt>
      <trkpt lat="46.195813" lon="11.508553">
        <ele>2243.742126</ele>
        <time>2026-05-24T10:45:36.000Z</time>
      </trkpt>
      <trkpt lat="46.195752" lon="11.508616">
        <ele>2244.613345</ele>
        <time>2026-05-24T10:45:43.000Z</time>
      </trkpt>
      <trkpt lat="46.195736" lon="11.508634">
        <ele>2244.848960</ele>
        <time>2026-05-24T10:45:45.000Z</time>
      </trkpt>
      <trkpt lat="46.195702" lon="11.508671">
        <ele>2245.343529</ele>
        <time>2026-05-24T10:45:49.000Z</time>
      </trkpt>
      <trkpt lat="46.195690" lon="11.508688">
        <ele>2245.538802</ele>
        <time>2026-05-24T10:45:51.000Z</time>
      </trkpt>
      <trkpt lat="46.195638" lon="11.508753">
        <ele>2246.337735</ele>
        <time>2026-05-24T10:45:58.000Z</time>
      </trkpt>
      <trkpt lat="46.195631" lon="11.508763">
        <ele>2246.452114</ele>
        <time>2026-05-24T10:45:59.000Z</time>
      </trkpt>
      <trkpt lat="46.195567" lon="11.508823">
        <ele>2247.338556</ele>
        <time>2026-05-24T10:46:06.000Z</time>
      </trkpt>
      <trkpt lat="46.195554" lon="11.508835">
        <ele>2247.517798</ele>
        <time>2026-05-24T10:46:07.000Z</time>
      </trkpt>
      <trkpt lat="46.195518" lon="11.508888">
        <ele>2248.114990</ele>
        <time>2026-05-24T10:46:12.000Z</time>
      </trkpt>
      <trkpt lat="46.195463" lon="11.508963">
        <ele>2248.993728</ele>
        <time>2026-05-24T10:46:19.000Z</time>
      </trkpt>
      <trkpt lat="46.195422" lon="11.509039">
        <ele>2249.768659</ele>
        <time>2026-05-24T10:46:27.000Z</time>
      </trkpt>
      <trkpt lat="46.195389" lon="11.509083">
        <ele>2250.290415</ele>
        <time>2026-05-24T10:46:33.000Z</time>
      </trkpt>
      <trkpt lat="46.195383" lon="11.509104">
        <ele>2250.473128</ele>
        <time>2026-05-24T10:46:34.000Z</time>
      </trkpt>
      <trkpt lat="46.195371" lon="11.509167">
        <ele>2250.998634</ele>
        <time>2026-05-24T10:46:37.000Z</time>
      </trkpt>
      <trkpt lat="46.195369" lon="11.509199">
        <ele>2251.257039</ele>
        <time>2026-05-24T10:46:39.000Z</time>
      </trkpt>
      <trkpt lat="46.195375" lon="11.509248">
        <ele>2251.657237</ele>
        <time>2026-05-24T10:46:42.000Z</time>
      </trkpt>
      <trkpt lat="46.195379" lon="11.509279">
        <ele>2251.910847</ele>
        <time>2026-05-24T10:46:44.000Z</time>
      </trkpt>
      <trkpt lat="46.195382" lon="11.509305">
        <ele>2252.122836</ele>
        <time>2026-05-24T10:46:46.000Z</time>
      </trkpt>
      <trkpt lat="46.195376" lon="11.509371">
        <ele>2252.658195</ele>
        <time>2026-05-24T10:46:50.000Z</time>
      </trkpt>
      <trkpt lat="46.195380" lon="11.509490">
        <ele>2253.616373</ele>
        <time>2026-05-24T10:46:57.000Z</time>
      </trkpt>
      <trkpt lat="46.195377" lon="11.509536">
        <ele>2253.987963</ele>
        <time>2026-05-24T10:47:00.000Z</time>
      </trkpt>
      <trkpt lat="46.195377" lon="11.509582">
        <ele>2254.357915</ele>
        <time>2026-05-24T10:47:03.000Z</time>
      </trkpt>
      <trkpt lat="46.195403" lon="11.509647">
        <ele>2254.961679</ele>
        <time>2026-05-24T10:47:09.000Z</time>
      </trkpt>
      <trkpt lat="46.195412" lon="11.509651">
        <ele>2255.071084</ele>
        <time>2026-05-24T10:47:10.000Z</time>
      </trkpt>
      <trkpt lat="46.195445" lon="11.509679">
        <ele>2255.515737</ele>
        <time>2026-05-24T10:47:15.000Z</time>
      </trkpt>
      <trkpt lat="46.195443" lon="11.509691">
        <ele>2255.615004</ele>
        <time>2026-05-24T10:47:17.000Z</time>
      </trkpt>
      <trkpt lat="46.195442" lon="11.509757">
        <ele>2256.145932</ele>
        <time>2026-05-24T10:47:22.000Z</time>
      </trkpt>
      <trkpt lat="46.195449" lon="11.509818">
        <ele>2256.643216</ele>
        <time>2026-05-24T10:47:25.000Z</time>
      </trkpt>
      <trkpt lat="46.195449" lon="11.509863">
        <ele>2257.005125</ele>
        <time>2026-05-24T10:47:27.000Z</time>
      </trkpt>
      <trkpt lat="46.195441" lon="11.509884">
        <ele>2257.197904</ele>
        <time>2026-05-24T10:47:29.000Z</time>
      </trkpt>
      <trkpt lat="46.195432" lon="11.509952">
        <ele>2257.754696</ele>
        <time>2026-05-24T10:47:35.000Z</time>
      </trkpt>
      <trkpt lat="46.195412" lon="11.509966">
        <ele>2258.012910</ele>
        <time>2026-05-24T10:47:41.000Z</time>
      </trkpt>
      <trkpt lat="46.195370" lon="11.509971">
        <ele>2258.502547</ele>
        <time>2026-05-24T10:47:48.000Z</time>
      </trkpt>
      <trkpt lat="46.195356" lon="11.509982">
        <ele>2258.687709</ele>
        <time>2026-05-24T10:47:50.000Z</time>
      </trkpt>
      <trkpt lat="46.195311" lon="11.510007">
        <ele>2259.247875</ele>
        <time>2026-05-24T10:47:55.000Z</time>
      </trkpt>
      <trkpt lat="46.195297" lon="11.510013">
        <ele>2259.417543</ele>
        <time>2026-05-24T10:47:57.000Z</time>
      </trkpt>
      <trkpt lat="46.195273" lon="11.510016">
        <ele>2259.697432</ele>
        <time>2026-05-24T10:48:01.000Z</time>
      </trkpt>
      <trkpt lat="46.195246" lon="11.510026">
        <ele>2260.021280</ele>
        <time>2026-05-24T10:48:05.000Z</time>
      </trkpt>
      <trkpt lat="46.195229" lon="11.510037">
        <ele>2260.237704</ele>
        <time>2026-05-24T10:48:08.000Z</time>
      </trkpt>
      <trkpt lat="46.195214" lon="11.510050">
        <ele>2260.440939</ele>
        <time>2026-05-24T10:48:11.000Z</time>
      </trkpt>
      <trkpt lat="46.195194" lon="11.510064">
        <ele>2260.699153</ele>
        <time>2026-05-24T10:48:15.000Z</time>
      </trkpt>
      <trkpt lat="46.195177" lon="11.510077">
        <ele>2260.922635</ele>
        <time>2026-05-24T10:48:18.000Z</time>
      </trkpt>
      <trkpt lat="46.195168" lon="11.510086">
        <ele>2261.049810</ele>
        <time>2026-05-24T10:48:20.000Z</time>
      </trkpt>
      <trkpt lat="46.195152" lon="11.510103">
        <ele>2261.131101</ele>
        <time>2026-05-24T10:48:22.000Z</time>
      </trkpt>
      <trkpt lat="46.195130" lon="11.510124">
        <ele>2261.177555</ele>
        <time>2026-05-24T10:48:25.000Z</time>
      </trkpt>
      <trkpt lat="46.195125" lon="11.510129">
        <ele>2261.188268</ele>
        <time>2026-05-24T10:48:26.000Z</time>
      </trkpt>
      <trkpt lat="46.195096" lon="11.510181">
        <ele>2261.269702</ele>
        <time>2026-05-24T10:48:33.000Z</time>
      </trkpt>
      <trkpt lat="46.195089" lon="11.510199">
        <ele>2261.294879</ele>
        <time>2026-05-24T10:48:35.000Z</time>
      </trkpt>
      <trkpt lat="46.195066" lon="11.510258">
        <ele>2261.377454</ele>
        <time>2026-05-24T10:48:40.000Z</time>
      </trkpt>
      <trkpt lat="46.195016" lon="11.510312">
        <ele>2261.487435</ele>
        <time>2026-05-24T10:48:46.000Z</time>
      </trkpt>
      <trkpt lat="46.194973" lon="11.510379">
        <ele>2261.598855</ele>
        <time>2026-05-24T10:48:54.000Z</time>
      </trkpt>
      <trkpt lat="46.194931" lon="11.510433">
        <ele>2261.697908</ele>
        <time>2026-05-24T10:49:02.000Z</time>
      </trkpt>
      <trkpt lat="46.194919" lon="11.510472">
        <ele>2261.749955</ele>
        <time>2026-05-24T10:49:09.000Z</time>
      </trkpt>
      <trkpt lat="46.194896" lon="11.510531">
        <ele>2261.832529</ele>
        <time>2026-05-24T10:49:15.000Z</time>
      </trkpt>
      <trkpt lat="46.194896" lon="11.510551">
        <ele>2261.856919</ele>
        <time>2026-05-24T10:49:22.000Z</time>
      </trkpt>
      <trkpt lat="46.194930" lon="11.510587">
        <ele>2261.931184</ele>
        <time>2026-05-24T10:49:30.000Z</time>
      </trkpt>
      <trkpt lat="46.194949" lon="11.510551">
        <ele>2261.986390</ele>
        <time>2026-05-24T10:49:36.000Z</time>
      </trkpt>
      <trkpt lat="46.194952" lon="11.510546">
        <ele>2261.994460</ele>
        <time>2026-05-24T10:49:37.000Z</time>
      </trkpt>
      <trkpt lat="46.194983" lon="11.510552">
        <ele>2262.049561</ele>
        <time>2026-05-24T10:49:42.000Z</time>
      </trkpt>
      <trkpt lat="46.194996" lon="11.510550">
        <ele>2262.072593</ele>
        <time>2026-05-24T10:49:46.000Z</time>
      </trkpt>
      <trkpt lat="46.195021" lon="11.510548">
        <ele>2262.116704</ele>
        <time>2026-05-24T10:49:50.000Z</time>
      </trkpt>
      <trkpt lat="46.195027" lon="11.510546">
        <ele>2262.127552</ele>
        <time>2026-05-24T10:49:51.000Z</time>
      </trkpt>
      <trkpt lat="46.195025" lon="11.510581">
        <ele>2262.170379</ele>
        <time>2026-05-24T10:49:55.000Z</time>
      </trkpt>
      <trkpt lat="46.195015" lon="11.510596">
        <ele>2262.195776</ele>
        <time>2026-05-24T10:49:56.000Z</time>
      </trkpt>
      <trkpt lat="46.194992" lon="11.510660">
        <ele>2262.283714</ele>
        <time>2026-05-24T10:50:00.000Z</time>
      </trkpt>
      <trkpt lat="46.194986" lon="11.510678">
        <ele>2262.308077</ele>
        <time>2026-05-24T10:50:07.000Z</time>
      </trkpt>
      <trkpt lat="46.194987" lon="11.510674">
        <ele>2262.313264</ele>
        <time>2026-05-24T10:50:08.000Z</time>
      </trkpt>
      <trkpt lat="46.195004" lon="11.510699">
        <ele>2262.356000</ele>
        <time>2026-05-24T10:50:15.000Z</time>
      </trkpt>
      <trkpt lat="46.194988" lon="11.510777">
        <ele>2262.455209</ele>
        <time>2026-05-24T10:50:20.000Z</time>
      </trkpt>
      <trkpt lat="46.194976" lon="11.510789">
        <ele>2262.480920</ele>
        <time>2026-05-24T10:50:21.000Z</time>
      </trkpt>
      <trkpt lat="46.194959" lon="11.510807">
        <ele>2262.518053</ele>
        <time>2026-05-24T10:50:25.000Z</time>
      </trkpt>
      <trkpt lat="46.194940" lon="11.510840">
        <ele>2262.570397</ele>
        <time>2026-05-24T10:50:33.000Z</time>
      </trkpt>
      <trkpt lat="46.194930" lon="11.510863">
        <ele>2262.603519</ele>
        <time>2026-05-24T10:50:36.000Z</time>
      </trkpt>
      <trkpt lat="46.194926" lon="11.510880">
        <ele>2262.625415</ele>
        <time>2026-05-24T10:50:38.000Z</time>
      </trkpt>
      <trkpt lat="46.194912" lon="11.510911">
        <ele>2262.670553</ele>
        <time>2026-05-24T10:50:40.000Z</time>
      </trkpt>
      <trkpt lat="46.194902" lon="11.510938">
        <ele>2262.707896</ele>
        <time>2026-05-24T10:50:45.000Z</time>
      </trkpt>
      <trkpt lat="46.194891" lon="11.510986">
        <ele>2262.769556</ele>
        <time>2026-05-24T10:50:52.000Z</time>
      </trkpt>
      <trkpt lat="46.194869" lon="11.511004">
        <ele>2262.814099</ele>
        <time>2026-05-24T10:50:57.000Z</time>
      </trkpt>
      <trkpt lat="46.194865" lon="11.511005">
        <ele>2262.821250</ele>
        <time>2026-05-24T10:50:58.000Z</time>
      </trkpt>
      <trkpt lat="46.194857" lon="11.511017">
        <ele>2262.841567</ele>
        <time>2026-05-24T10:51:02.000Z</time>
      </trkpt>
      <trkpt lat="46.194850" lon="11.511068">
        <ele>2262.904972</ele>
        <time>2026-05-24T10:51:05.000Z</time>
      </trkpt>
      <trkpt lat="46.194826" lon="11.511157">
        <ele>2263.021451</ele>
        <time>2026-05-24T10:51:10.000Z</time>
      </trkpt>
      <trkpt lat="46.194822" lon="11.511170">
        <ele>2263.038800</ele>
        <time>2026-05-24T10:51:11.000Z</time>
      </trkpt>
      <trkpt lat="46.194789" lon="11.511244">
        <ele>2263.146148</ele>
        <time>2026-05-24T10:51:17.000Z</time>
      </trkpt>
      <trkpt lat="46.194757" lon="11.511294">
        <ele>2263.229191</ele>
        <time>2026-05-24T10:51:23.000Z</time>
      </trkpt>
      <trkpt lat="46.194753" lon="11.511307">
        <ele>2263.246540</ele>
        <time>2026-05-24T10:51:24.000Z</time>
      </trkpt>
      <trkpt lat="46.194730" lon="11.511431">
        <ele>2263.403091</ele>
        <time>2026-05-24T10:51:32.000Z</time>
      </trkpt>
      <trkpt lat="46.194721" lon="11.511492">
        <ele>2263.479151</ele>
        <time>2026-05-24T10:51:36.000Z</time>
      </trkpt>
      <trkpt lat="46.194707" lon="11.511530">
        <ele>2263.531646</ele>
        <time>2026-05-24T10:51:38.000Z</time>
      </trkpt>
      <trkpt lat="46.194684" lon="11.511564">
        <ele>2263.589621</ele>
        <time>2026-05-24T10:51:43.000Z</time>
      </trkpt>
      <trkpt lat="46.194658" lon="11.511635">
        <ele>2263.687574</ele>
        <time>2026-05-24T10:51:49.000Z</time>
      </trkpt>
      <trkpt lat="46.194649" lon="11.511686">
        <ele>2263.751757</ele>
        <time>2026-05-24T10:51:53.000Z</time>
      </trkpt>
      <trkpt lat="46.194639" lon="11.511718">
        <ele>2263.794573</ele>
        <time>2026-05-24T10:51:56.000Z</time>
      </trkpt>
      <trkpt lat="46.194608" lon="11.511760">
        <ele>2263.869447</ele>
        <time>2026-05-24T10:52:03.000Z</time>
      </trkpt>
      <trkpt lat="46.194573" lon="11.511812">
        <ele>2263.957896</ele>
        <time>2026-05-24T10:52:09.000Z</time>
      </trkpt>
      <trkpt lat="46.194567" lon="11.511821">
        <ele>2263.973134</ele>
        <time>2026-05-24T10:52:15.000Z</time>
      </trkpt>
      <trkpt lat="46.194547" lon="11.511858">
        <ele>2264.030383</ele>
        <time>2026-05-24T10:52:20.000Z</time>
      </trkpt>
      <trkpt lat="46.194542" lon="11.511870">
        <ele>2264.047463</ele>
        <time>2026-05-24T10:52:21.000Z</time>
      </trkpt>
      <trkpt lat="46.194526" lon="11.511894">
        <ele>2264.088098</ele>
        <time>2026-05-24T10:52:24.000Z</time>
      </trkpt>
      <trkpt lat="46.194516" lon="11.511909">
        <ele>2264.113494</ele>
        <time>2026-05-24T10:52:26.000Z</time>
      </trkpt>
      <trkpt lat="46.194505" lon="11.511930">
        <ele>2264.145609</ele>
        <time>2026-05-24T10:52:28.000Z</time>
      </trkpt>
      <trkpt lat="46.194498" lon="11.511936">
        <ele>2264.159949</ele>
        <time>2026-05-24T10:52:29.000Z</time>
      </trkpt>
      <trkpt lat="46.194456" lon="11.512007">
        <ele>2264.266772</ele>
        <time>2026-05-24T10:52:37.000Z</time>
      </trkpt>
      <trkpt lat="46.194444" lon="11.512040">
        <ele>2263.870224</ele>
        <time>2026-05-24T10:52:41.000Z</time>
      </trkpt>
      <trkpt lat="46.194442" lon="11.512025">
        <ele>2263.707720</ele>
        <time>2026-05-24T10:52:44.000Z</time>
      </trkpt>
      <trkpt lat="46.194438" lon="11.512031">
        <ele>2263.619103</ele>
        <time>2026-05-24T10:52:50.000Z</time>
      </trkpt>
      <trkpt lat="46.194440" lon="11.512040">
        <ele>2263.518548</ele>
        <time>2026-05-24T10:52:52.000Z</time>
      </trkpt>
      <trkpt lat="46.194445" lon="11.512044">
        <ele>2263.430712</ele>
        <time>2026-05-24T10:52:54.000Z</time>
      </trkpt>
      <trkpt lat="46.194451" lon="11.512040">
        <ele>2263.329158</ele>
        <time>2026-05-24T10:52:58.000Z</time>
      </trkpt>
      <trkpt lat="46.194455" lon="11.512014">
        <ele>2263.045820</ele>
        <time>2026-05-24T10:53:03.000Z</time>
      </trkpt>
      <trkpt lat="46.194456" lon="11.512005">
        <ele>2262.948852</ele>
        <time>2026-05-24T10:53:04.000Z</time>
      </trkpt>
      <trkpt lat="46.194461" lon="11.512029">
        <ele>2262.682227</ele>
        <time>2026-05-24T10:53:12.000Z</time>
      </trkpt>
      <trkpt lat="46.194423" lon="11.512126">
        <ele>2261.496545</ele>
        <time>2026-05-24T10:53:18.000Z</time>
      </trkpt>
      <trkpt lat="46.194404" lon="11.512131">
        <ele>2261.199744</ele>
        <time>2026-05-24T10:53:20.000Z</time>
      </trkpt>
      <trkpt lat="46.194402" lon="11.512141">
        <ele>2261.089013</ele>
        <time>2026-05-24T10:53:22.000Z</time>
      </trkpt>
      <trkpt lat="46.194406" lon="11.512152">
        <ele>2260.956830</ele>
        <time>2026-05-24T10:53:23.000Z</time>
      </trkpt>
      <trkpt lat="46.194408" lon="11.512174">
        <ele>2260.720783</ele>
        <time>2026-05-24T10:53:24.000Z</time>
      </trkpt>
      <trkpt lat="46.194409" lon="11.512242">
        <ele>2259.997233</ele>
        <time>2026-05-24T10:53:27.000Z</time>
      </trkpt>
      <trkpt lat="46.194424" lon="11.512269">
        <ele>2259.628939</ele>
        <time>2026-05-24T10:53:31.000Z</time>
      </trkpt>
      <trkpt lat="46.194427" lon="11.512278">
        <ele>2259.522674</ele>
        <time>2026-05-24T10:53:32.000Z</time>
      </trkpt>
      <trkpt lat="46.194416" lon="11.512327">
        <ele>2258.974683</ele>
        <time>2026-05-24T10:53:37.000Z</time>
      </trkpt>
      <trkpt lat="46.194413" lon="11.512340">
        <ele>2258.828906</ele>
        <time>2026-05-24T10:53:44.000Z</time>
      </trkpt>
      <trkpt lat="46.194412" lon="11.512404">
        <ele>2258.147897</ele>
        <time>2026-05-24T10:53:51.000Z</time>
      </trkpt>
      <trkpt lat="46.194414" lon="11.512417">
        <ele>2258.006228</ele>
        <time>2026-05-24T10:53:53.000Z</time>
      </trkpt>
      <trkpt lat="46.194410" lon="11.512434">
        <ele>2257.815219</ele>
        <time>2026-05-24T10:53:58.000Z</time>
      </trkpt>
      <trkpt lat="46.194377" lon="11.512491">
        <ele>2257.024723</ele>
        <time>2026-05-24T10:54:02.000Z</time>
      </trkpt>
      <trkpt lat="46.194361" lon="11.512531">
        <ele>2256.533264</ele>
        <time>2026-05-24T10:54:04.000Z</time>
      </trkpt>
      <trkpt lat="46.194356" lon="11.512549">
        <ele>2256.326937</ele>
        <time>2026-05-24T10:54:05.000Z</time>
      </trkpt>
      <trkpt lat="46.194345" lon="11.512585">
        <ele>2255.908315</ele>
        <time>2026-05-24T10:54:08.000Z</time>
      </trkpt>
      <trkpt lat="46.194327" lon="11.512610">
        <ele>2255.524580</ele>
        <time>2026-05-24T10:54:11.000Z</time>
      </trkpt>
      <trkpt lat="46.194328" lon="11.512617">
        <ele>2255.448544</ele>
        <time>2026-05-24T10:54:16.000Z</time>
      </trkpt>
      <trkpt lat="46.194332" lon="11.512622">
        <ele>2255.367254</ele>
        <time>2026-05-24T10:54:17.000Z</time>
      </trkpt>
      <trkpt lat="46.194347" lon="11.512663">
        <ele>2254.873922</ele>
        <time>2026-05-24T10:54:24.000Z</time>
      </trkpt>
      <trkpt lat="46.194335" lon="11.512734">
        <ele>2254.096431</ele>
        <time>2026-05-24T10:54:28.000Z</time>
      </trkpt>
      <trkpt lat="46.194331" lon="11.512756">
        <ele>2253.854455</ele>
        <time>2026-05-24T10:54:29.000Z</time>
      </trkpt>
      <trkpt lat="46.194310" lon="11.512815">
        <ele>2253.148696</ele>
        <time>2026-05-24T10:54:32.000Z</time>
      </trkpt>
      <trkpt lat="46.194317" lon="11.512860">
        <ele>2252.658045</ele>
        <time>2026-05-24T10:54:35.000Z</time>
      </trkpt>
      <trkpt lat="46.194324" lon="11.512882">
        <ele>2252.400467</ele>
        <time>2026-05-24T10:54:36.000Z</time>
      </trkpt>
      <trkpt lat="46.194322" lon="11.513007">
        <ele>2251.070353</ele>
        <time>2026-05-24T10:54:41.000Z</time>
      </trkpt>
      <trkpt lat="46.194308" lon="11.513054">
        <ele>2250.526037</ele>
        <time>2026-05-24T10:54:43.000Z</time>
      </trkpt>
      <trkpt lat="46.194294" lon="11.513099">
        <ele>2250.001196</ele>
        <time>2026-05-24T10:54:45.000Z</time>
      </trkpt>
      <trkpt lat="46.194269" lon="11.513193">
        <ele>2248.929949</ele>
        <time>2026-05-24T10:54:49.000Z</time>
      </trkpt>
      <trkpt lat="46.194265" lon="11.513211">
        <ele>2248.728838</ele>
        <time>2026-05-24T10:54:50.000Z</time>
      </trkpt>
      <trkpt lat="46.194286" lon="11.513326">
        <ele>2247.463606</ele>
        <time>2026-05-24T10:54:57.000Z</time>
      </trkpt>
      <trkpt lat="46.194310" lon="11.513392">
        <ele>2246.670509</ele>
        <time>2026-05-24T10:55:00.000Z</time>
      </trkpt>
      <trkpt lat="46.194329" lon="11.513492">
        <ele>2245.567357</ele>
        <time>2026-05-24T10:55:05.000Z</time>
      </trkpt>
      <trkpt lat="46.194338" lon="11.513560">
        <ele>2244.830864</ele>
        <time>2026-05-24T10:55:09.000Z</time>
      </trkpt>
      <trkpt lat="46.194337" lon="11.513597">
        <ele>2244.436956</ele>
        <time>2026-05-24T10:55:11.000Z</time>
      </trkpt>
      <trkpt lat="46.194344" lon="11.513754">
        <ele>2242.763319</ele>
        <time>2026-05-24T10:55:19.000Z</time>
      </trkpt>
      <trkpt lat="46.194346" lon="11.513797">
        <ele>2242.304850</ele>
        <time>2026-05-24T10:55:21.000Z</time>
      </trkpt>
      <trkpt lat="46.194334" lon="11.513916">
        <ele>2241.025559</ele>
        <time>2026-05-24T10:55:27.000Z</time>
      </trkpt>
      <trkpt lat="46.194329" lon="11.513990">
        <ele>2240.234600</ele>
        <time>2026-05-24T10:55:33.000Z</time>
      </trkpt>
      <trkpt lat="46.194365" lon="11.514034">
        <ele>2239.509905</ele>
        <time>2026-05-24T10:55:37.000Z</time>
      </trkpt>
      <trkpt lat="46.194370" lon="11.514044">
        <ele>2239.378675</ele>
        <time>2026-05-24T10:55:39.000Z</time>
      </trkpt>
      <trkpt lat="46.194372" lon="11.514051">
        <ele>2239.298114</ele>
        <time>2026-05-24T10:55:40.000Z</time>
      </trkpt>
      <trkpt lat="46.194375" lon="11.514069">
        <ele>2239.101157</ele>
        <time>2026-05-24T10:55:42.000Z</time>
      </trkpt>
      <trkpt lat="46.194368" lon="11.514109">
        <ele>2238.662247</ele>
        <time>2026-05-24T10:55:46.000Z</time>
      </trkpt>
      <trkpt lat="46.194356" lon="11.514123">
        <ele>2238.425201</ele>
        <time>2026-05-24T10:55:47.000Z</time>
      </trkpt>
      <trkpt lat="46.194318" lon="11.514148">
        <ele>2237.783504</ele>
        <time>2026-05-24T10:55:50.000Z</time>
      </trkpt>
      <trkpt lat="46.194287" lon="11.514197">
        <ele>2237.077326</ele>
        <time>2026-05-24T10:55:53.000Z</time>
      </trkpt>
      <trkpt lat="46.194285" lon="11.514220">
        <ele>2236.830727</ele>
        <time>2026-05-24T10:55:54.000Z</time>
      </trkpt>
      <trkpt lat="46.194281" lon="11.514294">
        <ele>2236.015383</ele>
        <time>2026-05-24T10:55:58.000Z</time>
      </trkpt>
      <trkpt lat="46.194275" lon="11.514323">
        <ele>2235.679356</ele>
        <time>2026-05-24T10:55:59.000Z</time>
      </trkpt>
      <trkpt lat="46.194261" lon="11.514361">
        <ele>2235.201453</ele>
        <time>2026-05-24T10:56:01.000Z</time>
      </trkpt>
      <trkpt lat="46.194270" lon="11.514407">
        <ele>2234.670759</ele>
        <time>2026-05-24T10:56:04.000Z</time>
      </trkpt>
      <trkpt lat="46.194271" lon="11.514426">
        <ele>2234.459215</ele>
        <time>2026-05-24T10:56:05.000Z</time>
      </trkpt>
      <trkpt lat="46.194276" lon="11.514480">
        <ele>2233.854374</ele>
        <time>2026-05-24T10:56:08.000Z</time>
      </trkpt>
      <trkpt lat="46.194278" lon="11.514530">
        <ele>2233.298354</ele>
        <time>2026-05-24T10:56:10.000Z</time>
      </trkpt>
      <trkpt lat="46.194263" lon="11.514565">
        <ele>2232.841344</ele>
        <time>2026-05-24T10:56:12.000Z</time>
      </trkpt>
      <trkpt lat="46.194246" lon="11.514576">
        <ele>2232.542595</ele>
        <time>2026-05-24T10:56:13.000Z</time>
      </trkpt>
      <trkpt lat="46.194233" lon="11.514588">
        <ele>2232.295170</ele>
        <time>2026-05-24T10:56:14.000Z</time>
      </trkpt>
      <trkpt lat="46.194209" lon="11.514633">
        <ele>2231.664500</ele>
        <time>2026-05-24T10:56:17.000Z</time>
      </trkpt>
      <trkpt lat="46.194202" lon="11.514649">
        <ele>2231.454365</ele>
        <time>2026-05-24T10:56:18.000Z</time>
      </trkpt>
      <trkpt lat="46.194188" lon="11.514675">
        <ele>2231.088669</ele>
        <time>2026-05-24T10:56:20.000Z</time>
      </trkpt>
      <trkpt lat="46.194164" lon="11.514755">
        <ele>2230.120695</ele>
        <time>2026-05-24T10:56:25.000Z</time>
      </trkpt>
      <trkpt lat="46.194172" lon="11.514820">
        <ele>2229.387754</ele>
        <time>2026-05-24T10:56:29.000Z</time>
      </trkpt>
      <trkpt lat="46.194156" lon="11.514880">
        <ele>2228.673921</ele>
        <time>2026-05-24T10:56:32.000Z</time>
      </trkpt>
      <trkpt lat="46.194125" lon="11.514940">
        <ele>2227.842718</ele>
        <time>2026-05-24T10:56:35.000Z</time>
      </trkpt>
      <trkpt lat="46.194102" lon="11.515006">
        <ele>2227.022377</ele>
        <time>2026-05-24T10:56:38.000Z</time>
      </trkpt>
      <trkpt lat="46.194097" lon="11.515042">
        <ele>2226.614743</ele>
        <time>2026-05-24T10:56:40.000Z</time>
      </trkpt>
      <trkpt lat="46.194074" lon="11.515101">
        <ele>2225.863003</ele>
        <time>2026-05-24T10:56:43.000Z</time>
      </trkpt>
      <trkpt lat="46.194062" lon="11.515120">
        <ele>2225.577461</ele>
        <time>2026-05-24T10:56:44.000Z</time>
      </trkpt>
      <trkpt lat="46.194019" lon="11.515173">
        <ele>2224.670917</ele>
        <time>2026-05-24T10:56:47.000Z</time>
      </trkpt>
      <trkpt lat="46.193984" lon="11.515228">
        <ele>2223.841496</ele>
        <time>2026-05-24T10:56:50.000Z</time>
      </trkpt>
      <trkpt lat="46.193972" lon="11.515250">
        <ele>2223.530539</ele>
        <time>2026-05-24T10:56:51.000Z</time>
      </trkpt>
      <trkpt lat="46.193919" lon="11.515336">
        <ele>2222.252212</ele>
        <time>2026-05-24T10:56:57.000Z</time>
      </trkpt>
      <trkpt lat="46.193909" lon="11.515349">
        <ele>2222.036452</ele>
        <time>2026-05-24T10:56:58.000Z</time>
      </trkpt>
      <trkpt lat="46.193877" lon="11.515434">
        <ele>2220.962254</ele>
        <time>2026-05-24T10:57:05.000Z</time>
      </trkpt>
      <trkpt lat="46.193855" lon="11.515531">
        <ele>2219.829034</ele>
        <time>2026-05-24T10:57:09.000Z</time>
      </trkpt>
      <trkpt lat="46.193847" lon="11.515554">
        <ele>2219.543266</ele>
        <time>2026-05-24T10:57:10.000Z</time>
      </trkpt>
      <trkpt lat="46.193805" lon="11.515644">
        <ele>2218.338236</ele>
        <time>2026-05-24T10:57:16.000Z</time>
      </trkpt>
      <trkpt lat="46.193788" lon="11.515694">
        <ele>2217.719793</ele>
        <time>2026-05-24T10:57:19.000Z</time>
      </trkpt>
      <trkpt lat="46.193767" lon="11.515787">
        <ele>2216.633765</ele>
        <time>2026-05-24T10:57:23.000Z</time>
      </trkpt>
      <trkpt lat="46.193733" lon="11.515926">
        <ele>2214.997079</ele>
        <time>2026-05-24T10:57:30.000Z</time>
      </trkpt>
      <trkpt lat="46.193718" lon="11.515977">
        <ele>2214.381889</ele>
        <time>2026-05-24T10:57:34.000Z</time>
      </trkpt>
      <trkpt lat="46.193663" lon="11.516028">
        <ele>2213.333707</ele>
        <time>2026-05-24T10:57:39.000Z</time>
      </trkpt>
      <trkpt lat="46.193654" lon="11.516039">
        <ele>2213.144633</ele>
        <time>2026-05-24T10:57:40.000Z</time>
      </trkpt>
      <trkpt lat="46.193678" lon="11.516139">
        <ele>2211.969600</ele>
        <time>2026-05-24T10:57:45.000Z</time>
      </trkpt>
      <trkpt lat="46.193725" lon="11.516254">
        <ele>2210.486953</ele>
        <time>2026-05-24T10:57:52.000Z</time>
      </trkpt>
      <trkpt lat="46.193766" lon="11.516334">
        <ele>2209.381865</ele>
        <time>2026-05-24T10:57:58.000Z</time>
      </trkpt>
      <trkpt lat="46.193781" lon="11.516337">
        <ele>2209.138998</ele>
        <time>2026-05-24T10:58:04.000Z</time>
      </trkpt>
      <trkpt lat="46.193835" lon="11.516399">
        <ele>2208.032720</ele>
        <time>2026-05-24T10:58:10.000Z</time>
      </trkpt>
      <trkpt lat="46.193841" lon="11.516409">
        <ele>2207.885801</ele>
        <time>2026-05-24T10:58:11.000Z</time>
      </trkpt>
      <trkpt lat="46.193852" lon="11.516418">
        <ele>2207.705845</ele>
        <time>2026-05-24T10:58:15.000Z</time>
      </trkpt>
      <trkpt lat="46.193862" lon="11.516408">
        <ele>2207.554696</ele>
        <time>2026-05-24T10:58:18.000Z</time>
      </trkpt>
      <trkpt lat="46.193873" lon="11.516432">
        <ele>2207.307073</ele>
        <time>2026-05-24T10:58:20.000Z</time>
      </trkpt>
      <trkpt lat="46.193881" lon="11.516446">
        <ele>2207.150899</ele>
        <time>2026-05-24T10:58:21.000Z</time>
      </trkpt>
      <trkpt lat="46.193922" lon="11.516467">
        <ele>2206.610280</ele>
        <time>2026-05-24T10:58:24.000Z</time>
      </trkpt>
      <trkpt lat="46.193947" lon="11.516454">
        <ele>2206.280069</ele>
        <time>2026-05-24T10:58:26.000Z</time>
      </trkpt>
      <trkpt lat="46.193967" lon="11.516457">
        <ele>2206.030176</ele>
        <time>2026-05-24T10:58:27.000Z</time>
      </trkpt>
      <trkpt lat="46.194006" lon="11.516459">
        <ele>2205.545186</ele>
        <time>2026-05-24T10:58:29.000Z</time>
      </trkpt>
      <trkpt lat="46.194058" lon="11.516483">
        <ele>2204.866758</ele>
        <time>2026-05-24T10:58:33.000Z</time>
      </trkpt>
      <trkpt lat="46.194070" lon="11.516496">
        <ele>2204.680350</ele>
        <time>2026-05-24T10:58:34.000Z</time>
      </trkpt>
      <trkpt lat="46.194091" lon="11.516546">
        <ele>2204.177228</ele>
        <time>2026-05-24T10:58:37.000Z</time>
      </trkpt>
      <trkpt lat="46.194112" lon="11.516570">
        <ele>2203.844450</ele>
        <time>2026-05-24T10:58:40.000Z</time>
      </trkpt>
      <trkpt lat="46.194138" lon="11.516575">
        <ele>2203.518476</ele>
        <time>2026-05-24T10:58:44.000Z</time>
      </trkpt>
      <trkpt lat="46.194165" lon="11.516586">
        <ele>2203.169837</ele>
        <time>2026-05-24T10:58:46.000Z</time>
      </trkpt>
      <trkpt lat="46.194175" lon="11.516599">
        <ele>2203.002647</ele>
        <time>2026-05-24T10:58:47.000Z</time>
      </trkpt>
      <trkpt lat="46.194234" lon="11.516687">
        <ele>2201.948724</ele>
        <time>2026-05-24T10:58:52.000Z</time>
      </trkpt>
      <trkpt lat="46.194299" lon="11.516734">
        <ele>2201.045376</ele>
        <time>2026-05-24T10:58:58.000Z</time>
      </trkpt>
      <trkpt lat="46.194347" lon="11.516821">
        <ele>2200.088291</ele>
        <time>2026-05-24T10:59:04.000Z</time>
      </trkpt>
      <trkpt lat="46.194357" lon="11.516847">
        <ele>2199.832413</ele>
        <time>2026-05-24T10:59:06.000Z</time>
      </trkpt>
      <trkpt lat="46.194346" lon="11.516933">
        <ele>2199.080055</ele>
        <time>2026-05-24T10:59:11.000Z</time>
      </trkpt>
      <trkpt lat="46.194342" lon="11.516956">
        <ele>2198.876043</ele>
        <time>2026-05-24T10:59:12.000Z</time>
      </trkpt>
      <trkpt lat="46.194326" lon="11.517071">
        <ele>2197.866945</ele>
        <time>2026-05-24T10:59:17.000Z</time>
      </trkpt>
      <trkpt lat="46.194317" lon="11.517132">
        <ele>2197.330391</ele>
        <time>2026-05-24T10:59:20.000Z</time>
      </trkpt>
      <trkpt lat="46.194309" lon="11.517184">
        <ele>2196.872134</ele>
        <time>2026-05-24T10:59:22.000Z</time>
      </trkpt>
      <trkpt lat="46.194303" lon="11.517258">
        <ele>2196.231180</ele>
        <time>2026-05-24T10:59:25.000Z</time>
      </trkpt>
      <trkpt lat="46.194271" lon="11.517378">
        <ele>2195.124899</ele>
        <time>2026-05-24T10:59:30.000Z</time>
      </trkpt>
      <trkpt lat="46.194267" lon="11.517397">
        <ele>2194.954055</ele>
        <time>2026-05-24T10:59:31.000Z</time>
      </trkpt>
      <trkpt lat="46.194228" lon="11.517491">
        <ele>2194.011268</ele>
        <time>2026-05-24T10:59:36.000Z</time>
      </trkpt>
      <trkpt lat="46.194213" lon="11.517526">
        <ele>2193.657135</ele>
        <time>2026-05-24T10:59:38.000Z</time>
      </trkpt>
      <trkpt lat="46.194209" lon="11.517548">
        <ele>2193.461455</ele>
        <time>2026-05-24T10:59:39.000Z</time>
      </trkpt>
      <trkpt lat="46.194189" lon="11.517654">
        <ele>2192.516297</ele>
        <time>2026-05-24T10:59:44.000Z</time>
      </trkpt>
      <trkpt lat="46.194184" lon="11.517676">
        <ele>2192.317096</ele>
        <time>2026-05-24T10:59:45.000Z</time>
      </trkpt>
      <trkpt lat="46.194129" lon="11.517827">
        <ele>2190.849222</ele>
        <time>2026-05-24T10:59:52.000Z</time>
      </trkpt>
      <trkpt lat="46.194122" lon="11.517881">
        <ele>2190.376598</ele>
        <time>2026-05-24T10:59:55.000Z</time>
      </trkpt>
      <trkpt lat="46.194107" lon="11.517958">
        <ele>2189.688455</ele>
        <time>2026-05-24T10:59:59.000Z</time>
      </trkpt>
      <trkpt lat="46.194102" lon="11.517984">
        <ele>2189.456312</ele>
        <time>2026-05-24T11:00:00.000Z</time>
      </trkpt>
      <trkpt lat="46.194092" lon="11.518029">
        <ele>2189.049729</ele>
        <time>2026-05-24T11:00:02.000Z</time>
      </trkpt>
      <trkpt lat="46.194056" lon="11.518157">
        <ele>2187.861155</ele>
        <time>2026-05-24T11:00:08.000Z</time>
      </trkpt>
      <trkpt lat="46.194031" lon="11.518300">
        <ele>2186.592331</ele>
        <time>2026-05-24T11:00:14.000Z</time>
      </trkpt>
      <trkpt lat="46.193979" lon="11.518446">
        <ele>2185.241460</ele>
        <time>2026-05-24T11:00:21.000Z</time>
      </trkpt>
      <trkpt lat="46.193967" lon="11.518460">
        <ele>2185.096791</ele>
        <time>2026-05-24T11:00:22.000Z</time>
      </trkpt>
      <trkpt lat="46.193898" lon="11.518507">
        <ele>2184.381299</ele>
        <time>2026-05-24T11:00:27.000Z</time>
      </trkpt>
      <trkpt lat="46.193885" lon="11.518520">
        <ele>2184.233008</ele>
        <time>2026-05-24T11:00:28.000Z</time>
      </trkpt>
      <trkpt lat="46.193841" lon="11.518580">
        <ele>2183.665512</ele>
        <time>2026-05-24T11:00:32.000Z</time>
      </trkpt>
      <trkpt lat="46.193797" lon="11.518651">
        <ele>2183.046810</ele>
        <time>2026-05-24T11:00:36.000Z</time>
      </trkpt>
      <trkpt lat="46.193717" lon="11.518812">
        <ele>2181.760104</ele>
        <time>2026-05-24T11:00:43.000Z</time>
      </trkpt>
      <trkpt lat="46.193691" lon="11.518919">
        <ele>2181.023855</ele>
        <time>2026-05-24T11:00:49.000Z</time>
      </trkpt>
      <trkpt lat="46.193636" lon="11.519065">
        <ele>2179.944683</ele>
        <time>2026-05-24T11:00:56.000Z</time>
      </trkpt>
      <trkpt lat="46.193593" lon="11.519137">
        <ele>2179.327295</ele>
        <time>2026-05-24T11:00:59.000Z</time>
      </trkpt>
      <trkpt lat="46.193571" lon="11.519190">
        <ele>2178.926069</ele>
        <time>2026-05-24T11:01:02.000Z</time>
      </trkpt>
      <trkpt lat="46.193520" lon="11.519280">
        <ele>2178.170929</ele>
        <time>2026-05-24T11:01:07.000Z</time>
      </trkpt>
      <trkpt lat="46.193503" lon="11.519314">
        <ele>2177.898623</ele>
        <time>2026-05-24T11:01:09.000Z</time>
      </trkpt>
      <trkpt lat="46.193496" lon="11.519329">
        <ele>2177.781173</ele>
        <time>2026-05-24T11:01:10.000Z</time>
      </trkpt>
      <trkpt lat="46.193426" lon="11.519463">
        <ele>2176.691251</ele>
        <time>2026-05-24T11:01:18.000Z</time>
      </trkpt>
      <trkpt lat="46.193387" lon="11.519508">
        <ele>2176.223108</ele>
        <time>2026-05-24T11:01:24.000Z</time>
      </trkpt>
      <trkpt lat="46.193369" lon="11.519518">
        <ele>2176.042230</ele>
        <time>2026-05-24T11:01:26.000Z</time>
      </trkpt>
      <trkpt lat="46.193344" lon="11.519575">
        <ele>2175.604129</ele>
        <time>2026-05-24T11:01:30.000Z</time>
      </trkpt>
      <trkpt lat="46.193335" lon="11.519589">
        <ele>2175.480083</ele>
        <time>2026-05-24T11:01:31.000Z</time>
      </trkpt>
      <trkpt lat="46.193309" lon="11.519624">
        <ele>2175.146762</ele>
        <time>2026-05-24T11:01:33.000Z</time>
      </trkpt>
      <trkpt lat="46.193280" lon="11.519666">
        <ele>2174.761615</ele>
        <time>2026-05-24T11:01:36.000Z</time>
      </trkpt>
      <trkpt lat="46.193220" lon="11.519736">
        <ele>2174.038267</ele>
        <time>2026-05-24T11:01:42.000Z</time>
      </trkpt>
      <trkpt lat="46.193190" lon="11.519746">
        <ele>2173.749500</ele>
        <time>2026-05-24T11:01:45.000Z</time>
      </trkpt>
      <trkpt lat="46.193180" lon="11.519744">
        <ele>2173.654814</ele>
        <time>2026-05-24T11:01:47.000Z</time>
      </trkpt>
      <trkpt lat="46.193121" lon="11.519817">
        <ele>2172.926221</ele>
        <time>2026-05-24T11:01:51.000Z</time>
      </trkpt>
      <trkpt lat="46.193071" lon="11.519891">
        <ele>2172.254842</ele>
        <time>2026-05-24T11:01:56.000Z</time>
      </trkpt>
      <trkpt lat="46.193038" lon="11.519961">
        <ele>2171.704982</ele>
        <time>2026-05-24T11:01:59.000Z</time>
      </trkpt>
      <trkpt lat="46.193000" lon="11.520027">
        <ele>2171.147628</ele>
        <time>2026-05-24T11:02:02.000Z</time>
      </trkpt>
      <trkpt lat="46.192949" lon="11.520104">
        <ele>2170.455725</ele>
        <time>2026-05-24T11:02:06.000Z</time>
      </trkpt>
      <trkpt lat="46.192917" lon="11.520149">
        <ele>2170.036871</ele>
        <time>2026-05-24T11:02:09.000Z</time>
      </trkpt>
      <trkpt lat="46.192874" lon="11.520204">
        <ele>2169.498200</ele>
        <time>2026-05-24T11:02:13.000Z</time>
      </trkpt>
      <trkpt lat="46.192791" lon="11.520314">
        <ele>2168.337461</ele>
        <time>2026-05-24T11:02:21.000Z</time>
      </trkpt>
      <trkpt lat="46.192769" lon="11.520423">
        <ele>2166.957564</ele>
        <time>2026-05-24T11:02:27.000Z</time>
      </trkpt>
      <trkpt lat="46.192755" lon="11.520467">
        <ele>2166.369024</ele>
        <time>2026-05-24T11:02:29.000Z</time>
      </trkpt>
      <trkpt lat="46.192726" lon="11.520592">
        <ele>2164.766780</ele>
        <time>2026-05-24T11:02:35.000Z</time>
      </trkpt>
      <trkpt lat="46.192707" lon="11.520634">
        <ele>2164.156997</ele>
        <time>2026-05-24T11:02:38.000Z</time>
      </trkpt>
      <trkpt lat="46.192693" lon="11.520668">
        <ele>2163.676198</ele>
        <time>2026-05-24T11:02:40.000Z</time>
      </trkpt>
      <trkpt lat="46.192687" lon="11.520731">
        <ele>2162.903311</ele>
        <time>2026-05-24T11:02:43.000Z</time>
      </trkpt>
      <trkpt lat="46.192686" lon="11.520811">
        <ele>2161.930868</ele>
        <time>2026-05-24T11:02:47.000Z</time>
      </trkpt>
      <trkpt lat="46.192691" lon="11.520852">
        <ele>2161.424899</ele>
        <time>2026-05-24T11:02:49.000Z</time>
      </trkpt>
      <trkpt lat="46.192687" lon="11.520895">
        <ele>2160.897598</ele>
        <time>2026-05-24T11:02:51.000Z</time>
      </trkpt>
      <trkpt lat="46.192678" lon="11.520975">
        <ele>2159.912558</ele>
        <time>2026-05-24T11:02:54.000Z</time>
      </trkpt>
      <trkpt lat="46.192655" lon="11.521081">
        <ele>2158.562476</ele>
        <time>2026-05-24T11:02:58.000Z</time>
      </trkpt>
      <trkpt lat="46.192653" lon="11.521099">
        <ele>2158.340911</ele>
        <time>2026-05-24T11:02:59.000Z</time>
      </trkpt>
      <trkpt lat="46.192670" lon="11.521194">
        <ele>2157.148369</ele>
        <time>2026-05-24T11:03:06.000Z</time>
      </trkpt>
      <trkpt lat="46.192694" lon="11.521228">
        <ele>2156.558197</ele>
        <time>2026-05-24T11:03:09.000Z</time>
      </trkpt>
      <trkpt lat="46.192715" lon="11.521265">
        <ele>2155.976690</ele>
        <time>2026-05-24T11:03:12.000Z</time>
      </trkpt>
      <trkpt lat="46.192724" lon="11.521282">
        <ele>2155.716583</ele>
        <time>2026-05-24T11:03:13.000Z</time>
      </trkpt>
      <trkpt lat="46.192744" lon="11.521317">
        <ele>2155.165002</ele>
        <time>2026-05-24T11:03:15.000Z</time>
      </trkpt>
      <trkpt lat="46.192761" lon="11.521367">
        <ele>2154.487982</ele>
        <time>2026-05-24T11:03:20.000Z</time>
      </trkpt>
      <trkpt lat="46.192760" lon="11.521364">
        <ele>2154.447515</ele>
        <time>2026-05-24T11:03:21.000Z</time>
      </trkpt>
      <trkpt lat="46.192765" lon="11.521377">
        <ele>2154.266769</ele>
        <time>2026-05-24T11:03:24.000Z</time>
      </trkpt>
      <trkpt lat="46.192766" lon="11.521385">
        <ele>2154.167969</ele>
        <time>2026-05-24T11:03:26.000Z</time>
      </trkpt>
      <trkpt lat="46.192773" lon="11.521405">
        <ele>2153.895595</ele>
        <time>2026-05-24T11:03:29.000Z</time>
      </trkpt>
      <trkpt lat="46.192789" lon="11.521457">
        <ele>2153.203992</ele>
        <time>2026-05-24T11:03:32.000Z</time>
      </trkpt>
      <trkpt lat="46.192798" lon="11.521474">
        <ele>2152.943884</ele>
        <time>2026-05-24T11:03:33.000Z</time>
      </trkpt>
      <trkpt lat="46.192822" lon="11.521500">
        <ele>2152.417195</ele>
        <time>2026-05-24T11:03:35.000Z</time>
      </trkpt>
      <trkpt lat="46.192868" lon="11.521531">
        <ele>2151.526017</ele>
        <time>2026-05-24T11:03:39.000Z</time>
      </trkpt>
      <trkpt lat="46.192914" lon="11.521570">
        <ele>2150.589580</ele>
        <time>2026-05-24T11:03:43.000Z</time>
      </trkpt>
      <trkpt lat="46.192944" lon="11.521610">
        <ele>2149.872813</ele>
        <time>2026-05-24T11:03:45.000Z</time>
      </trkpt>
      <trkpt lat="46.192972" lon="11.521651">
        <ele>2149.172840</ele>
        <time>2026-05-24T11:03:47.000Z</time>
      </trkpt>
      <trkpt lat="46.193012" lon="11.521742">
        <ele>2147.862741</ele>
        <time>2026-05-24T11:03:51.000Z</time>
      </trkpt>
      <trkpt lat="46.193047" lon="11.521831">
        <ele>2146.618719</ele>
        <time>2026-05-24T11:03:57.000Z</time>
      </trkpt>
      <trkpt lat="46.193047" lon="11.521844">
        <ele>2146.460724</ele>
        <time>2026-05-24T11:03:58.000Z</time>
      </trkpt>
      <trkpt lat="46.193070" lon="11.521852">
        <ele>2146.045373</ele>
        <time>2026-05-24T11:04:02.000Z</time>
      </trkpt>
      <trkpt lat="46.193079" lon="11.521849">
        <ele>2145.883208</ele>
        <time>2026-05-24T11:04:03.000Z</time>
      </trkpt>
      <trkpt lat="46.193135" lon="11.521851">
        <ele>2144.899717</ele>
        <time>2026-05-24T11:04:06.000Z</time>
      </trkpt>
      <trkpt lat="46.193171" lon="11.521859">
        <ele>2144.260232</ele>
        <time>2026-05-24T11:04:08.000Z</time>
      </trkpt>
      <trkpt lat="46.193187" lon="11.521859">
        <ele>2143.979320</ele>
        <time>2026-05-24T11:04:09.000Z</time>
      </trkpt>
      <trkpt lat="46.193246" lon="11.521882">
        <ele>2142.906406</ele>
        <time>2026-05-24T11:04:13.000Z</time>
      </trkpt>
      <trkpt lat="46.193249" lon="11.521904">
        <ele>2142.633892</ele>
        <time>2026-05-24T11:04:14.000Z</time>
      </trkpt>
      <trkpt lat="46.193237" lon="11.521919">
        <ele>2142.355286</ele>
        <time>2026-05-24T11:04:15.000Z</time>
      </trkpt>
      <trkpt lat="46.193230" lon="11.521930">
        <ele>2142.173691</ele>
        <time>2026-05-24T11:04:16.000Z</time>
      </trkpt>
      <trkpt lat="46.193221" lon="11.521993">
        <ele>2141.391890</ele>
        <time>2026-05-24T11:04:19.000Z</time>
      </trkpt>
      <trkpt lat="46.193214" lon="11.522063">
        <ele>2140.532318</ele>
        <time>2026-05-24T11:04:22.000Z</time>
      </trkpt>
      <trkpt lat="46.193212" lon="11.522102">
        <ele>2140.057035</ele>
        <time>2026-05-24T11:04:24.000Z</time>
      </trkpt>
      <trkpt lat="46.193198" lon="11.522205">
        <ele>2138.781327</ele>
        <time>2026-05-24T11:04:29.000Z</time>
      </trkpt>
      <trkpt lat="46.193188" lon="11.522255">
        <ele>2138.148800</ele>
        <time>2026-05-24T11:04:32.000Z</time>
      </trkpt>
      <trkpt lat="46.193155" lon="11.522315">
        <ele>2137.217444</ele>
        <time>2026-05-24T11:04:35.000Z</time>
      </trkpt>
      <trkpt lat="46.193132" lon="11.522336">
        <ele>2136.567419</ele>
        <time>2026-05-24T11:04:37.000Z</time>
      </trkpt>
      <trkpt lat="46.193121" lon="11.522349">
        <ele>2136.140889</ele>
        <time>2026-05-24T11:04:38.000Z</time>
      </trkpt>
      <trkpt lat="46.193073" lon="11.522453">
        <ele>2133.544065</ele>
        <time>2026-05-24T11:04:42.000Z</time>
      </trkpt>
      <trkpt lat="46.193063" lon="11.522490">
        <ele>2132.718874</ele>
        <time>2026-05-24T11:04:44.000Z</time>
      </trkpt>
      <trkpt lat="46.193016" lon="11.522528">
        <ele>2131.102423</ele>
        <time>2026-05-24T11:04:49.000Z</time>
      </trkpt>
      <trkpt lat="46.192992" lon="11.522466">
        <ele>2129.626648</ele>
        <time>2026-05-24T11:04:52.000Z</time>
      </trkpt>
      <trkpt lat="46.192964" lon="11.522411">
        <ele>2128.208278</ele>
        <time>2026-05-24T11:04:55.000Z</time>
      </trkpt>
      <trkpt lat="46.192926" lon="11.522401">
        <ele>2127.049058</ele>
        <time>2026-05-24T11:04:59.000Z</time>
      </trkpt>
      <trkpt lat="46.192881" lon="11.522435">
        <ele>2125.524957</ele>
        <time>2026-05-24T11:05:02.000Z</time>
      </trkpt>
      <trkpt lat="46.192860" lon="11.522455">
        <ele>2124.770068</ele>
        <time>2026-05-24T11:05:04.000Z</time>
      </trkpt>
      <trkpt lat="46.192846" lon="11.522465">
        <ele>2124.301345</ele>
        <time>2026-05-24T11:05:05.000Z</time>
      </trkpt>
      <trkpt lat="46.192824" lon="11.522480">
        <ele>2123.571237</ele>
        <time>2026-05-24T11:05:07.000Z</time>
      </trkpt>
      <trkpt lat="46.192802" lon="11.522487">
        <ele>2122.895150</ele>
        <time>2026-05-24T11:05:09.000Z</time>
      </trkpt>
      <trkpt lat="46.192776" lon="11.522500">
        <ele>2122.069424</ele>
        <time>2026-05-24T11:05:11.000Z</time>
      </trkpt>
      <trkpt lat="46.192745" lon="11.522512">
        <ele>2121.106232</ele>
        <time>2026-05-24T11:05:15.000Z</time>
      </trkpt>
      <trkpt lat="46.192702" lon="11.522529">
        <ele>2119.768266</ele>
        <time>2026-05-24T11:05:20.000Z</time>
      </trkpt>
      <trkpt lat="46.192688" lon="11.522531">
        <ele>2119.346050</ele>
        <time>2026-05-24T11:05:22.000Z</time>
      </trkpt>
      <trkpt lat="46.192683" lon="11.522547">
        <ele>2118.981344</ele>
        <time>2026-05-24T11:05:24.000Z</time>
      </trkpt>
      <trkpt lat="46.192677" lon="11.522558">
        <ele>2118.690396</ele>
        <time>2026-05-24T11:05:26.000Z</time>
      </trkpt>
      <trkpt lat="46.192673" lon="11.522563">
        <ele>2118.531645</ele>
        <time>2026-05-24T11:05:27.000Z</time>
      </trkpt>
      <trkpt lat="46.192636" lon="11.522571">
        <ele>2117.408836</ele>
        <time>2026-05-24T11:05:30.000Z</time>
      </trkpt>
      <trkpt lat="46.192620" lon="11.522563">
        <ele>2116.900697</ele>
        <time>2026-05-24T11:05:32.000Z</time>
      </trkpt>
      <trkpt lat="46.192620" lon="11.522554">
        <ele>2116.713719</ele>
        <time>2026-05-24T11:05:33.000Z</time>
      </trkpt>
      <trkpt lat="46.192609" lon="11.522527">
        <ele>2116.062848</ele>
        <time>2026-05-24T11:05:37.000Z</time>
      </trkpt>
      <trkpt lat="46.192594" lon="11.522529">
        <ele>2115.610756</ele>
        <time>2026-05-24T11:05:40.000Z</time>
      </trkpt>
      <trkpt lat="46.192587" lon="11.522533">
        <ele>2115.384834</ele>
        <time>2026-05-24T11:05:42.000Z</time>
      </trkpt>
      <trkpt lat="46.192578" lon="11.522528">
        <ele>2115.095442</ele>
        <time>2026-05-24T11:05:44.000Z</time>
      </trkpt>
      <trkpt lat="46.192573" lon="11.522536">
        <ele>2114.871520</ele>
        <time>2026-05-24T11:05:45.000Z</time>
      </trkpt>
      <trkpt lat="46.192562" lon="11.522553">
        <ele>2114.388071</ele>
        <time>2026-05-24T11:05:47.000Z</time>
      </trkpt>
      <trkpt lat="46.192540" lon="11.522566">
        <ele>2113.674707</ele>
        <time>2026-05-24T11:05:50.000Z</time>
      </trkpt>
      <trkpt lat="46.192516" lon="11.522578">
        <ele>2112.912497</ele>
        <time>2026-05-24T11:05:53.000Z</time>
      </trkpt>
      <trkpt lat="46.192512" lon="11.522575">
        <ele>2112.777235</ele>
        <time>2026-05-24T11:05:54.000Z</time>
      </trkpt>
      <trkpt lat="46.192505" lon="11.522558">
        <ele>2112.366295</ele>
        <time>2026-05-24T11:05:56.000Z</time>
      </trkpt>
      <trkpt lat="46.192501" lon="11.522541">
        <ele>2111.993269</ele>
        <time>2026-05-24T11:05:58.000Z</time>
      </trkpt>
      <trkpt lat="46.192489" lon="11.522508">
        <ele>2111.218845</ele>
        <time>2026-05-24T11:06:00.000Z</time>
      </trkpt>
      <trkpt lat="46.192476" lon="11.522476">
        <ele>2110.448005</ele>
        <time>2026-05-24T11:06:02.000Z</time>
      </trkpt>
      <trkpt lat="46.192436" lon="11.522484">
        <ele>2109.236079</ele>
        <time>2026-05-24T11:06:05.000Z</time>
      </trkpt>
      <trkpt lat="46.192370" lon="11.522530">
        <ele>2107.036804</ele>
        <time>2026-05-24T11:06:10.000Z</time>
      </trkpt>
      <trkpt lat="46.192324" lon="11.522566">
        <ele>2105.466682</ele>
        <time>2026-05-24T11:06:13.000Z</time>
      </trkpt>
      <trkpt lat="46.192273" lon="11.522593">
        <ele>2103.836527</ele>
        <time>2026-05-24T11:06:16.000Z</time>
      </trkpt>
      <trkpt lat="46.192247" lon="11.522607">
        <ele>2103.003772</ele>
        <time>2026-05-24T11:06:18.000Z</time>
      </trkpt>
      <trkpt lat="46.192217" lon="11.522635">
        <ele>2101.931844</ele>
        <time>2026-05-24T11:06:20.000Z</time>
      </trkpt>
      <trkpt lat="46.192183" lon="11.522661">
        <ele>2100.777288</ele>
        <time>2026-05-24T11:06:22.000Z</time>
      </trkpt>
      <trkpt lat="46.192166" lon="11.522675">
        <ele>2100.190002</ele>
        <time>2026-05-24T11:06:23.000Z</time>
      </trkpt>
      <trkpt lat="46.192086" lon="11.522699">
        <ele>2097.737824</ele>
        <time>2026-05-24T11:06:29.000Z</time>
      </trkpt>
      <trkpt lat="46.192075" lon="11.522695">
        <ele>2097.397395</ele>
        <time>2026-05-24T11:06:30.000Z</time>
      </trkpt>
      <trkpt lat="46.192064" lon="11.522692">
        <ele>2097.061432</ele>
        <time>2026-05-24T11:06:31.000Z</time>
      </trkpt>
      <trkpt lat="46.192037" lon="11.522680">
        <ele>2096.213627</ele>
        <time>2026-05-24T11:06:33.000Z</time>
      </trkpt>
      <trkpt lat="46.192009" lon="11.522669">
        <ele>2095.342774</ele>
        <time>2026-05-24T11:06:35.000Z</time>
      </trkpt>
      <trkpt lat="46.191972" lon="11.522655">
        <ele>2094.194874</ele>
        <time>2026-05-24T11:06:37.000Z</time>
      </trkpt>
      <trkpt lat="46.191933" lon="11.522649">
        <ele>2093.017791</ele>
        <time>2026-05-24T11:06:39.000Z</time>
      </trkpt>
      <trkpt lat="46.191908" lon="11.522663">
        <ele>2092.213090</ele>
        <time>2026-05-24T11:06:41.000Z</time>
      </trkpt>
      <trkpt lat="46.191879" lon="11.522666">
        <ele>2091.340516</ele>
        <time>2026-05-24T11:06:43.000Z</time>
      </trkpt>
      <trkpt lat="46.191869" lon="11.522674">
        <ele>2090.997449</ele>
        <time>2026-05-24T11:06:44.000Z</time>
      </trkpt>
      <trkpt lat="46.191845" lon="11.522708">
        <ele>2089.988603</ele>
        <time>2026-05-24T11:06:47.000Z</time>
      </trkpt>
      <trkpt lat="46.191817" lon="11.522707">
        <ele>2089.148013</ele>
        <time>2026-05-24T11:06:49.000Z</time>
      </trkpt>
      <trkpt lat="46.191789" lon="11.522708">
        <ele>2088.307424</ele>
        <time>2026-05-24T11:06:51.000Z</time>
      </trkpt>
      <trkpt lat="46.191777" lon="11.522726">
        <ele>2087.788242</ele>
        <time>2026-05-24T11:06:52.000Z</time>
      </trkpt>
      <trkpt lat="46.191757" lon="11.522768">
        <ele>2086.729150</ele>
        <time>2026-05-24T11:06:54.000Z</time>
      </trkpt>
      <trkpt lat="46.191741" lon="11.522788">
        <ele>2086.094144</ele>
        <time>2026-05-24T11:06:55.000Z</time>
      </trkpt>
      <trkpt lat="46.191721" lon="11.522818">
        <ele>2085.228840</ele>
        <time>2026-05-24T11:06:57.000Z</time>
      </trkpt>
      <trkpt lat="46.191693" lon="11.522850">
        <ele>2084.157325</ele>
        <time>2026-05-24T11:06:59.000Z</time>
      </trkpt>
      <trkpt lat="46.191665" lon="11.522866">
        <ele>2083.253634</ele>
        <time>2026-05-24T11:07:01.000Z</time>
      </trkpt>
      <trkpt lat="46.191645" lon="11.522882">
        <ele>2082.794315</ele>
        <time>2026-05-24T11:07:02.000Z</time>
      </trkpt>
      <trkpt lat="46.191608" lon="11.522911">
        <ele>2082.190482</ele>
        <time>2026-05-24T11:07:04.000Z</time>
      </trkpt>
      <trkpt lat="46.191583" lon="11.522949">
        <ele>2081.669919</ele>
        <time>2026-05-24T11:07:06.000Z</time>
      </trkpt>
      <trkpt lat="46.191561" lon="11.522994">
        <ele>2081.122872</ele>
        <time>2026-05-24T11:07:09.000Z</time>
      </trkpt>
      <trkpt lat="46.191538" lon="11.523023">
        <ele>2080.684951</ele>
        <time>2026-05-24T11:07:11.000Z</time>
      </trkpt>
      <trkpt lat="46.191506" lon="11.523054">
        <ele>2080.132268</ele>
        <time>2026-05-24T11:07:13.000Z</time>
      </trkpt>
      <trkpt lat="46.191457" lon="11.523090">
        <ele>2079.343708</ele>
        <time>2026-05-24T11:07:16.000Z</time>
      </trkpt>
      <trkpt lat="46.191444" lon="11.523100">
        <ele>2079.132439</ele>
        <time>2026-05-24T11:07:17.000Z</time>
      </trkpt>
      <trkpt lat="46.191344" lon="11.523189">
        <ele>2077.447603</ele>
        <time>2026-05-24T11:07:24.000Z</time>
      </trkpt>
      <trkpt lat="46.191326" lon="11.523204">
        <ele>2077.149521</ele>
        <time>2026-05-24T11:07:25.000Z</time>
      </trkpt>
      <trkpt lat="46.191261" lon="11.523221">
        <ele>2076.201974</ele>
        <time>2026-05-24T11:07:30.000Z</time>
      </trkpt>
      <trkpt lat="46.191231" lon="11.523237">
        <ele>2075.743248</ele>
        <time>2026-05-24T11:07:32.000Z</time>
      </trkpt>
      <trkpt lat="46.191154" lon="11.523265">
        <ele>2074.604269</ele>
        <time>2026-05-24T11:07:37.000Z</time>
      </trkpt>
      <trkpt lat="46.191107" lon="11.523285">
        <ele>2073.901437</ele>
        <time>2026-05-24T11:07:40.000Z</time>
      </trkpt>
      <trkpt lat="46.191032" lon="11.523340">
        <ele>2072.694914</ele>
        <time>2026-05-24T11:07:45.000Z</time>
      </trkpt>
      <trkpt lat="46.190985" lon="11.523358">
        <ele>2071.997434</ele>
        <time>2026-05-24T11:07:48.000Z</time>
      </trkpt>
      <trkpt lat="46.190918" lon="11.523355">
        <ele>2071.035895</ele>
        <time>2026-05-24T11:07:52.000Z</time>
      </trkpt>
      <trkpt lat="46.190882" lon="11.523352">
        <ele>2070.518637</ele>
        <time>2026-05-24T11:07:54.000Z</time>
      </trkpt>
      <trkpt lat="46.190850" lon="11.523350">
        <ele>2070.059186</ele>
        <time>2026-05-24T11:07:56.000Z</time>
      </trkpt>
      <trkpt lat="46.190772" lon="11.523368">
        <ele>2068.926132</ele>
        <time>2026-05-24T11:08:01.000Z</time>
      </trkpt>
      <trkpt lat="46.190717" lon="11.523385">
        <ele>2068.119330</ele>
        <time>2026-05-24T11:08:06.000Z</time>
      </trkpt>
      <trkpt lat="46.190701" lon="11.523394">
        <ele>2067.873033</ele>
        <time>2026-05-24T11:08:07.000Z</time>
      </trkpt>
      <trkpt lat="46.190649" lon="11.523410">
        <ele>2067.110388</ele>
        <time>2026-05-24T11:08:11.000Z</time>
      </trkpt>
      <trkpt lat="46.190564" lon="11.523426">
        <ele>2065.880803</ele>
        <time>2026-05-24T11:08:17.000Z</time>
      </trkpt>
      <trkpt lat="46.190436" lon="11.523428">
        <ele>2064.044608</ele>
        <time>2026-05-24T11:08:24.000Z</time>
      </trkpt>
      <trkpt lat="46.190346" lon="11.523350">
        <ele>2062.539082</ele>
        <time>2026-05-24T11:08:32.000Z</time>
      </trkpt>
      <trkpt lat="46.190337" lon="11.523331">
        <ele>2062.310468</ele>
        <time>2026-05-24T11:08:33.000Z</time>
      </trkpt>
      <trkpt lat="46.190313" lon="11.523290">
        <ele>2061.777289</ele>
        <time>2026-05-24T11:08:36.000Z</time>
      </trkpt>
      <trkpt lat="46.190297" lon="11.523285">
        <ele>2061.542469</ele>
        <time>2026-05-24T11:08:38.000Z</time>
      </trkpt>
      <trkpt lat="46.190288" lon="11.523288">
        <ele>2061.409977</ele>
        <time>2026-05-24T11:08:39.000Z</time>
      </trkpt>
      <trkpt lat="46.190265" lon="11.523276">
        <ele>2061.059194</ele>
        <time>2026-05-24T11:08:41.000Z</time>
      </trkpt>
      <trkpt lat="46.190221" lon="11.523251">
        <ele>2060.380971</ele>
        <time>2026-05-24T11:08:44.000Z</time>
      </trkpt>
      <trkpt lat="46.190209" lon="11.523243">
        <ele>2060.191390</ele>
        <time>2026-05-24T11:08:45.000Z</time>
      </trkpt>
      <trkpt lat="46.190152" lon="11.523225">
        <ele>2059.354448</ele>
        <time>2026-05-24T11:08:49.000Z</time>
      </trkpt>
      <trkpt lat="46.190131" lon="11.523213">
        <ele>2059.030502</ele>
        <time>2026-05-24T11:08:50.000Z</time>
      </trkpt>
      <trkpt lat="46.190068" lon="11.523200">
        <ele>2058.117628</ele>
        <time>2026-05-24T11:08:54.000Z</time>
      </trkpt>
      <trkpt lat="46.190016" lon="11.523198">
        <ele>2057.371453</ele>
        <time>2026-05-24T11:08:58.000Z</time>
      </trkpt>
      <trkpt lat="46.189981" lon="11.523215">
        <ele>2056.659929</ele>
        <time>2026-05-24T11:09:00.000Z</time>
      </trkpt>
      <trkpt lat="46.189944" lon="11.523248">
        <ele>2055.720807</ele>
        <time>2026-05-24T11:09:03.000Z</time>
      </trkpt>
      <trkpt lat="46.189936" lon="11.523249">
        <ele>2055.547387</ele>
        <time>2026-05-24T11:09:04.000Z</time>
      </trkpt>
      <trkpt lat="46.189915" lon="11.523252">
        <ele>2055.091643</ele>
        <time>2026-05-24T11:09:06.000Z</time>
      </trkpt>
      <trkpt lat="46.189849" lon="11.523262">
        <ele>2053.658436</ele>
        <time>2026-05-24T11:09:11.000Z</time>
      </trkpt>
      <trkpt lat="46.189838" lon="11.523259">
        <ele>2053.416674</ele>
        <time>2026-05-24T11:09:12.000Z</time>
      </trkpt>
      <trkpt lat="46.189820" lon="11.523250">
        <ele>2053.005304</ele>
        <time>2026-05-24T11:09:14.000Z</time>
      </trkpt>
      <trkpt lat="46.189782" lon="11.523268">
        <ele>2052.141629</ele>
        <time>2026-05-24T11:09:18.000Z</time>
      </trkpt>
      <trkpt lat="46.189758" lon="11.523282">
        <ele>2051.582639</ele>
        <time>2026-05-24T11:09:21.000Z</time>
      </trkpt>
      <trkpt lat="46.189734" lon="11.523289">
        <ele>2051.053856</ele>
        <time>2026-05-24T11:09:24.000Z</time>
      </trkpt>
      <trkpt lat="46.189711" lon="11.523301">
        <ele>2050.525723</ele>
        <time>2026-05-24T11:09:26.000Z</time>
      </trkpt>
      <trkpt lat="46.189703" lon="11.523305">
        <ele>2050.342891</ele>
        <time>2026-05-24T11:09:27.000Z</time>
      </trkpt>
      <trkpt lat="46.189667" lon="11.523292">
        <ele>2049.541481</ele>
        <time>2026-05-24T11:09:30.000Z</time>
      </trkpt>
      <trkpt lat="46.189651" lon="11.523268">
        <ele>2049.043329</ele>
        <time>2026-05-24T11:09:32.000Z</time>
      </trkpt>
      <trkpt lat="46.189642" lon="11.523260">
        <ele>2048.815105</ele>
        <time>2026-05-24T11:09:33.000Z</time>
      </trkpt>
      <trkpt lat="46.189626" lon="11.523253">
        <ele>2048.454056</ele>
        <time>2026-05-24T11:09:35.000Z</time>
      </trkpt>
      <trkpt lat="46.189573" lon="11.523229">
        <ele>2047.254502</ele>
        <time>2026-05-24T11:09:39.000Z</time>
      </trkpt>
      <trkpt lat="46.189498" lon="11.523206">
        <ele>2045.598645</ele>
        <time>2026-05-24T11:09:43.000Z</time>
      </trkpt>
      <trkpt lat="46.189476" lon="11.523197">
        <ele>2045.104830</ele>
        <time>2026-05-24T11:09:45.000Z</time>
      </trkpt>
      <trkpt lat="46.189457" lon="11.523184">
        <ele>2044.650787</ele>
        <time>2026-05-24T11:09:47.000Z</time>
      </trkpt>
      <trkpt lat="46.189401" lon="11.523161">
        <ele>2043.393432</ele>
        <time>2026-05-24T11:09:51.000Z</time>
      </trkpt>
      <trkpt lat="46.189392" lon="11.523153">
        <ele>2043.165208</ele>
        <time>2026-05-24T11:09:52.000Z</time>
      </trkpt>
      <trkpt lat="46.189381" lon="11.523133">
        <ele>2042.783306</ele>
        <time>2026-05-24T11:09:55.000Z</time>
      </trkpt>
      <trkpt lat="46.189356" lon="11.523090">
        <ele>2041.943769</ele>
        <time>2026-05-24T11:09:58.000Z</time>
      </trkpt>
      <trkpt lat="46.189346" lon="11.523062">
        <ele>2041.472717</ele>
        <time>2026-05-24T11:10:01.000Z</time>
      </trkpt>
      <trkpt lat="46.189346" lon="11.523057">
        <ele>2041.397962</ele>
        <time>2026-05-24T11:10:04.000Z</time>
      </trkpt>
      <trkpt lat="46.189346" lon="11.523059">
        <ele>2041.368060</ele>
        <time>2026-05-24T11:10:06.000Z</time>
      </trkpt>
      <trkpt lat="46.189345" lon="11.523060">
        <ele>2041.341793</ele>
        <time>2026-05-24T11:10:08.000Z</time>
      </trkpt>
      <trkpt lat="46.189342" lon="11.523052">
        <ele>2041.205765</ele>
        <time>2026-05-24T11:10:11.000Z</time>
      </trkpt>
      <trkpt lat="46.189345" lon="11.523033">
        <ele>2040.914401</ele>
        <time>2026-05-24T11:10:15.000Z</time>
      </trkpt>
      <trkpt lat="46.189345" lon="11.523024">
        <ele>2040.779843</ele>
        <time>2026-05-24T11:10:16.000Z</time>
      </trkpt>
      <trkpt lat="46.189352" lon="11.522978">
        <ele>2040.075679</ele>
        <time>2026-05-24T11:10:20.000Z</time>
      </trkpt>
      <trkpt lat="46.189353" lon="11.522946">
        <ele>2039.596761</ele>
        <time>2026-05-24T11:10:22.000Z</time>
      </trkpt>
      <trkpt lat="46.189358" lon="11.522907">
        <ele>2039.003759</ele>
        <time>2026-05-24T11:10:25.000Z</time>
      </trkpt>
      <trkpt lat="46.189364" lon="11.522862">
        <ele>2038.318601</ele>
        <time>2026-05-24T11:10:27.000Z</time>
      </trkpt>
      <trkpt lat="46.189365" lon="11.522817">
        <ele>2037.645462</ele>
        <time>2026-05-24T11:10:29.000Z</time>
      </trkpt>
      <trkpt lat="46.189366" lon="11.522785">
        <ele>2037.166544</ele>
        <time>2026-05-24T11:10:31.000Z</time>
      </trkpt>
      <trkpt lat="46.189364" lon="11.522725">
        <ele>2036.268447</ele>
        <time>2026-05-24T11:10:35.000Z</time>
      </trkpt>
      <trkpt lat="46.189354" lon="11.522706">
        <ele>2035.911605</ele>
        <time>2026-05-24T11:10:37.000Z</time>
      </trkpt>
      <trkpt lat="46.189346" lon="11.522695">
        <ele>2035.673071</ele>
        <time>2026-05-24T11:10:38.000Z</time>
      </trkpt>
      <trkpt lat="46.189310" lon="11.522653">
        <ele>2034.673676</ele>
        <time>2026-05-24T11:10:41.000Z</time>
      </trkpt>
      <trkpt lat="46.189297" lon="11.522642">
        <ele>2034.348296</ele>
        <time>2026-05-24T11:10:42.000Z</time>
      </trkpt>
      <trkpt lat="46.189275" lon="11.522641">
        <ele>2033.872932</ele>
        <time>2026-05-24T11:10:44.000Z</time>
      </trkpt>
      <trkpt lat="46.189227" lon="11.522601">
        <ele>2032.676151</ele>
        <time>2026-05-24T11:10:48.000Z</time>
      </trkpt>
      <trkpt lat="46.189208" lon="11.522573">
        <ele>2032.089953</ele>
        <time>2026-05-24T11:10:50.000Z</time>
      </trkpt>
      <trkpt lat="46.189177" lon="11.522539">
        <ele>2031.249338</ele>
        <time>2026-05-24T11:10:53.000Z</time>
      </trkpt>
      <trkpt lat="46.189173" lon="11.522504">
        <ele>2030.718970</ele>
        <time>2026-05-24T11:10:55.000Z</time>
      </trkpt>
      <trkpt lat="46.189165" lon="11.522479">
        <ele>2030.307195</ele>
        <time>2026-05-24T11:10:57.000Z</time>
      </trkpt>
      <trkpt lat="46.189128" lon="11.522393">
        <ele>2028.793333</ele>
        <time>2026-05-24T11:11:03.000Z</time>
      </trkpt>
      <trkpt lat="46.189118" lon="11.522343">
        <ele>2028.015211</ele>
        <time>2026-05-24T11:11:06.000Z</time>
      </trkpt>
      <trkpt lat="46.189097" lon="11.522336">
        <ele>2027.549760</ele>
        <time>2026-05-24T11:11:08.000Z</time>
      </trkpt>
      <trkpt lat="46.189080" lon="11.522337">
        <ele>2027.182310</ele>
        <time>2026-05-24T11:11:09.000Z</time>
      </trkpt>
      <trkpt lat="46.189006" lon="11.522353">
        <ele>2025.566345</ele>
        <time>2026-05-24T11:11:13.000Z</time>
      </trkpt>
      <trkpt lat="46.188976" lon="11.522346">
        <ele>2024.910043</ele>
        <time>2026-05-24T11:11:15.000Z</time>
      </trkpt>
      <trkpt lat="46.188916" lon="11.522349">
        <ele>2023.613460</ele>
        <time>2026-05-24T11:11:18.000Z</time>
      </trkpt>
      <trkpt lat="46.188866" lon="11.522369">
        <ele>2022.492985</ele>
        <time>2026-05-24T11:11:22.000Z</time>
      </trkpt>
      <trkpt lat="46.188794" lon="11.522411">
        <ele>2020.816011</ele>
        <time>2026-05-24T11:11:27.000Z</time>
      </trkpt>
      <trkpt lat="46.188740" lon="11.522467">
        <ele>2019.380361</ele>
        <time>2026-05-24T11:11:31.000Z</time>
      </trkpt>
      <trkpt lat="46.188706" lon="11.522494">
        <ele>2018.542423</ele>
        <time>2026-05-24T11:11:34.000Z</time>
      </trkpt>
      <trkpt lat="46.188663" lon="11.522533">
        <ele>2018.061290</ele>
        <time>2026-05-24T11:11:38.000Z</time>
      </trkpt>
      <trkpt lat="46.188622" lon="11.522565">
        <ele>2017.734968</ele>
        <time>2026-05-24T11:11:40.000Z</time>
      </trkpt>
      <trkpt lat="46.188606" lon="11.522571">
        <ele>2017.619217</ele>
        <time>2026-05-24T11:11:41.000Z</time>
      </trkpt>
      <trkpt lat="46.188572" lon="11.522581">
        <ele>2017.376254</ele>
        <time>2026-05-24T11:11:43.000Z</time>
      </trkpt>
      <trkpt lat="46.188558" lon="11.522577">
        <ele>2017.276322</ele>
        <time>2026-05-24T11:11:44.000Z</time>
      </trkpt>
      <trkpt lat="46.188544" lon="11.522574">
        <ele>2017.177217</ele>
        <time>2026-05-24T11:11:45.000Z</time>
      </trkpt>
      <trkpt lat="46.188486" lon="11.522563">
        <ele>2016.767598</ele>
        <time>2026-05-24T11:11:49.000Z</time>
      </trkpt>
      <trkpt lat="46.188439" lon="11.522561">
        <ele>2016.438347</ele>
        <time>2026-05-24T11:11:52.000Z</time>
      </trkpt>
      <trkpt lat="46.188409" lon="11.522548">
        <ele>2016.219029</ele>
        <time>2026-05-24T11:11:54.000Z</time>
      </trkpt>
      <trkpt lat="46.188365" lon="11.522513">
        <ele>2015.867300</ele>
        <time>2026-05-24T11:11:57.000Z</time>
      </trkpt>
      <trkpt lat="46.188345" lon="11.522501">
        <ele>2015.715653</ele>
        <time>2026-05-24T11:11:58.000Z</time>
      </trkpt>
      <trkpt lat="46.188329" lon="11.522491">
        <ele>2015.593579</ele>
        <time>2026-05-24T11:11:59.000Z</time>
      </trkpt>
      <trkpt lat="46.188274" lon="11.522476">
        <ele>2015.201648</ele>
        <time>2026-05-24T11:12:03.000Z</time>
      </trkpt>
      <trkpt lat="46.188244" lon="11.522499">
        <ele>2014.963824</ele>
        <time>2026-05-24T11:12:06.000Z</time>
      </trkpt>
      <trkpt lat="46.188147" lon="11.522578">
        <ele>2014.184077</ele>
        <time>2026-05-24T11:12:14.000Z</time>
      </trkpt>
      <trkpt lat="46.188062" lon="11.522591">
        <ele>2013.585555</ele>
        <time>2026-05-24T11:12:20.000Z</time>
      </trkpt>
      <trkpt lat="46.188020" lon="11.522597">
        <ele>2013.290023</ele>
        <time>2026-05-24T11:12:23.000Z</time>
      </trkpt>
      <trkpt lat="46.187963" lon="11.522584">
        <ele>2012.885948</ele>
        <time>2026-05-24T11:12:30.000Z</time>
      </trkpt>
      <trkpt lat="46.187904" lon="11.522553">
        <ele>2012.446329</ele>
        <time>2026-05-24T11:12:37.000Z</time>
      </trkpt>
      <trkpt lat="46.187810" lon="11.522563">
        <ele>2011.786330</ele>
        <time>2026-05-24T11:12:44.000Z</time>
      </trkpt>
      <trkpt lat="46.187711" lon="11.522559">
        <ele>2011.092831</ele>
        <time>2026-05-24T11:12:51.000Z</time>
      </trkpt>
      <trkpt lat="46.187697" lon="11.522558">
        <ele>2010.994679</ele>
        <time>2026-05-24T11:12:52.000Z</time>
      </trkpt>
      <trkpt lat="46.187614" lon="11.522545">
        <ele>2010.410082</ele>
        <time>2026-05-24T11:12:57.000Z</time>
      </trkpt>
      <trkpt lat="46.187578" lon="11.522552">
        <ele>2010.155725</ele>
        <time>2026-05-24T11:13:00.000Z</time>
      </trkpt>
      <trkpt lat="46.187551" lon="11.522567">
        <ele>2009.953161</ele>
        <time>2026-05-24T11:13:07.000Z</time>
      </trkpt>
      <trkpt lat="46.187544" lon="11.522571">
        <ele>2009.900449</ele>
        <time>2026-05-24T11:13:09.000Z</time>
      </trkpt>
      <trkpt lat="46.187501" lon="11.522559">
        <ele>2009.593782</ele>
        <time>2026-05-24T11:13:13.000Z</time>
      </trkpt>
      <trkpt lat="46.187457" lon="11.522538">
        <ele>2009.269298</ele>
        <time>2026-05-24T11:13:19.000Z</time>
      </trkpt>
      <trkpt lat="46.187374" lon="11.522521">
        <ele>2008.682293</ele>
        <time>2026-05-24T11:13:27.000Z</time>
      </trkpt>
      <trkpt lat="46.187316" lon="11.522545">
        <ele>2008.259824</ele>
        <time>2026-05-24T11:13:32.000Z</time>
      </trkpt>
      <trkpt lat="46.187211" lon="11.522502">
        <ele>2007.495604</ele>
        <time>2026-05-24T11:13:39.000Z</time>
      </trkpt>
      <trkpt lat="46.187180" lon="11.522483">
        <ele>2007.259800</ele>
        <time>2026-05-24T11:13:41.000Z</time>
      </trkpt>
      <trkpt lat="46.187116" lon="11.522440">
        <ele>2006.765544</ele>
        <time>2026-05-24T11:13:44.000Z</time>
      </trkpt>
      <trkpt lat="46.187055" lon="11.522415">
        <ele>2006.321544</ele>
        <time>2026-05-24T11:13:48.000Z</time>
      </trkpt>
      <trkpt lat="46.187003" lon="11.522377">
        <ele>2005.913477</ele>
        <time>2026-05-24T11:13:51.000Z</time>
      </trkpt>
      <trkpt lat="46.186985" lon="11.522359">
        <ele>2005.759963</ele>
        <time>2026-05-24T11:13:52.000Z</time>
      </trkpt>
      <trkpt lat="46.186927" lon="11.522319">
        <ele>2005.254211</ele>
        <time>2026-05-24T11:13:54.000Z</time>
      </trkpt>
      <trkpt lat="46.186881" lon="11.522282">
        <ele>2004.839901</ele>
        <time>2026-05-24T11:13:56.000Z</time>
      </trkpt>
      <trkpt lat="46.186781" lon="11.522266">
        <ele>2004.048192</ele>
        <time>2026-05-24T11:14:01.000Z</time>
      </trkpt>
      <trkpt lat="46.186771" lon="11.522254">
        <ele>2003.945890</ele>
        <time>2026-05-24T11:14:03.000Z</time>
      </trkpt>
      <trkpt lat="46.186705" lon="11.522200">
        <ele>2003.349009</ele>
        <time>2026-05-24T11:14:08.000Z</time>
      </trkpt>
      <trkpt lat="46.186682" lon="11.522183">
        <ele>2003.145703</ele>
        <time>2026-05-24T11:14:10.000Z</time>
      </trkpt>
      <trkpt lat="46.186638" lon="11.522173">
        <ele>2002.795210</ele>
        <time>2026-05-24T11:14:12.000Z</time>
      </trkpt>
      <trkpt lat="46.186614" lon="11.522164">
        <ele>2002.600094</ele>
        <time>2026-05-24T11:14:13.000Z</time>
      </trkpt>
      <trkpt lat="46.186531" lon="11.522137">
        <ele>2001.930612</ele>
        <time>2026-05-24T11:14:16.000Z</time>
      </trkpt>
      <trkpt lat="46.186452" lon="11.522105">
        <ele>2001.284983</ele>
        <time>2026-05-24T11:14:20.000Z</time>
      </trkpt>
      <trkpt lat="46.186405" lon="11.522094">
        <ele>2000.910319</ele>
        <time>2026-05-24T11:14:22.000Z</time>
      </trkpt>
      <trkpt lat="46.186355" lon="11.522096">
        <ele>2000.516720</ele>
        <time>2026-05-24T11:14:25.000Z</time>
      </trkpt>
      <trkpt lat="46.186284" lon="11.522057">
        <ele>1999.918989</ele>
        <time>2026-05-24T11:14:31.000Z</time>
      </trkpt>
      <trkpt lat="46.186227" lon="11.522004">
        <ele>1999.385559</ele>
        <time>2026-05-24T11:14:35.000Z</time>
      </trkpt>
      <trkpt lat="46.186184" lon="11.521963">
        <ele>1998.980120</ele>
        <time>2026-05-24T11:14:39.000Z</time>
      </trkpt>
      <trkpt lat="46.186114" lon="11.521859">
        <ele>1998.189920</ele>
        <time>2026-05-24T11:14:45.000Z</time>
      </trkpt>
      <trkpt lat="46.186110" lon="11.521847">
        <ele>1998.117363</ele>
        <time>2026-05-24T11:14:46.000Z</time>
      </trkpt>
      <trkpt lat="46.186077" lon="11.521823">
        <ele>1997.826629</ele>
        <time>2026-05-24T11:14:50.000Z</time>
      </trkpt>
      <trkpt lat="46.186066" lon="11.521821">
        <ele>1997.739387</ele>
        <time>2026-05-24T11:14:51.000Z</time>
      </trkpt>
      <trkpt lat="46.186046" lon="11.521807">
        <ele>1997.564501</ele>
        <time>2026-05-24T11:14:52.000Z</time>
      </trkpt>
      <trkpt lat="46.186004" lon="11.521786">
        <ele>1997.214764</ele>
        <time>2026-05-24T11:14:54.000Z</time>
      </trkpt>
      <trkpt lat="46.185970" lon="11.521767">
        <ele>1996.927894</ele>
        <time>2026-05-24T11:14:56.000Z</time>
      </trkpt>
      <trkpt lat="46.185926" lon="11.521746">
        <ele>1996.563248</ele>
        <time>2026-05-24T11:14:58.000Z</time>
      </trkpt>
      <trkpt lat="46.185813" lon="11.521708">
        <ele>1995.650275</ele>
        <time>2026-05-24T11:15:04.000Z</time>
      </trkpt>
      <trkpt lat="46.185795" lon="11.521700">
        <ele>1995.502080</ele>
        <time>2026-05-24T11:15:05.000Z</time>
      </trkpt>
      <trkpt lat="46.185695" lon="11.521654">
        <ele>1994.676243</ele>
        <time>2026-05-24T11:15:10.000Z</time>
      </trkpt>
      <trkpt lat="46.185656" lon="11.521627">
        <ele>1994.335924</ele>
        <time>2026-05-24T11:15:12.000Z</time>
      </trkpt>
      <trkpt lat="46.185589" lon="11.521591">
        <ele>1993.773407</ele>
        <time>2026-05-24T11:15:15.000Z</time>
      </trkpt>
      <trkpt lat="46.185536" lon="11.521590">
        <ele>1993.356316</ele>
        <time>2026-05-24T11:15:17.000Z</time>
      </trkpt>
      <trkpt lat="46.185476" lon="11.521623">
        <ele>1992.851109</ele>
        <time>2026-05-24T11:15:19.000Z</time>
      </trkpt>
      <trkpt lat="46.185365" lon="11.521624">
        <ele>1991.977637</ele>
        <time>2026-05-24T11:15:24.000Z</time>
      </trkpt>
      <trkpt lat="46.185352" lon="11.521620">
        <ele>1991.873045</ele>
        <time>2026-05-24T11:15:25.000Z</time>
      </trkpt>
      <trkpt lat="46.185307" lon="11.521606">
        <ele>1991.501831</ele>
        <time>2026-05-24T11:15:30.000Z</time>
      </trkpt>
      <trkpt lat="46.185295" lon="11.521601">
        <ele>1991.394504</ele>
        <time>2026-05-24T11:15:32.000Z</time>
      </trkpt>
      <trkpt lat="46.185225" lon="11.521553">
        <ele>1990.728616</ele>
        <time>2026-05-24T11:15:38.000Z</time>
      </trkpt>
      <trkpt lat="46.185157" lon="11.521514">
        <ele>1990.099880</ele>
        <time>2026-05-24T11:15:41.000Z</time>
      </trkpt>
      <trkpt lat="46.185128" lon="11.521495">
        <ele>1989.826230</ele>
        <time>2026-05-24T11:15:43.000Z</time>
      </trkpt>
      <trkpt lat="46.185070" lon="11.521479">
        <ele>1989.318800</ele>
        <time>2026-05-24T11:15:46.000Z</time>
      </trkpt>
      <trkpt lat="46.184953" lon="11.521439">
        <ele>1988.285585</ele>
        <time>2026-05-24T11:15:53.000Z</time>
      </trkpt>
      <trkpt lat="46.184899" lon="11.521424">
        <ele>1987.813034</ele>
        <time>2026-05-24T11:15:58.000Z</time>
      </trkpt>
      <trkpt lat="46.184846" lon="11.521415">
        <ele>1987.354444</ele>
        <time>2026-05-24T11:16:03.000Z</time>
      </trkpt>
      <trkpt lat="46.184830" lon="11.521413">
        <ele>1987.216434</ele>
        <time>2026-05-24T11:16:04.000Z</time>
      </trkpt>
      <trkpt lat="46.184783" lon="11.521404">
        <ele>1986.809008</ele>
        <time>2026-05-24T11:16:08.000Z</time>
      </trkpt>
      <trkpt lat="46.184729" lon="11.521383">
        <ele>1986.328435</ele>
        <time>2026-05-24T11:16:11.000Z</time>
      </trkpt>
      <trkpt lat="46.184706" lon="11.521373">
        <ele>1986.122025</ele>
        <time>2026-05-24T11:16:12.000Z</time>
      </trkpt>
      <trkpt lat="46.184657" lon="11.521339">
        <ele>1985.654877</ele>
        <time>2026-05-24T11:16:14.000Z</time>
      </trkpt>
      <trkpt lat="46.184576" lon="11.521275">
        <ele>1984.861465</ele>
        <time>2026-05-24T11:16:18.000Z</time>
      </trkpt>
      <trkpt lat="46.184528" lon="11.521231">
        <ele>1984.372922</ele>
        <time>2026-05-24T11:16:20.000Z</time>
      </trkpt>
      <trkpt lat="46.184459" lon="11.521167">
        <ele>1983.668240</ele>
        <time>2026-05-24T11:16:23.000Z</time>
      </trkpt>
      <trkpt lat="46.184394" lon="11.521113">
        <ele>1983.023860</ele>
        <time>2026-05-24T11:16:26.000Z</time>
      </trkpt>
      <trkpt lat="46.184310" lon="11.521048">
        <ele>1982.204943</ele>
        <time>2026-05-24T11:16:32.000Z</time>
      </trkpt>
      <trkpt lat="46.184291" lon="11.521018">
        <ele>1981.963041</ele>
        <time>2026-05-24T11:16:34.000Z</time>
      </trkpt>
      <trkpt lat="46.184251" lon="11.520976">
        <ele>1981.538072</ele>
        <time>2026-05-24T11:16:36.000Z</time>
      </trkpt>
      <trkpt lat="46.184217" lon="11.520935">
        <ele>1981.157452</ele>
        <time>2026-05-24T11:16:38.000Z</time>
      </trkpt>
      <trkpt lat="46.184202" lon="11.520923">
        <ele>1981.010099</ele>
        <time>2026-05-24T11:16:39.000Z</time>
      </trkpt>
      <trkpt lat="46.184160" lon="11.520917">
        <ele>1980.647412</ele>
        <time>2026-05-24T11:16:41.000Z</time>
      </trkpt>
      <trkpt lat="46.184081" lon="11.520836">
        <ele>1979.814868</ele>
        <time>2026-05-24T11:16:45.000Z</time>
      </trkpt>
      <trkpt lat="46.184058" lon="11.520803">
        <ele>1979.536275</ele>
        <time>2026-05-24T11:16:46.000Z</time>
      </trkpt>
      <trkpt lat="46.184002" lon="11.520739">
        <ele>1978.922617</ele>
        <time>2026-05-24T11:16:50.000Z</time>
      </trkpt>
      <trkpt lat="46.183951" lon="11.520694">
        <ele>1978.409042</ele>
        <time>2026-05-24T11:16:57.000Z</time>
      </trkpt>
      <trkpt lat="46.183937" lon="11.520663">
        <ele>1978.188833</ele>
        <time>2026-05-24T11:16:59.000Z</time>
      </trkpt>
      <trkpt lat="46.183907" lon="11.520616">
        <ele>1977.808494</ele>
        <time>2026-05-24T11:17:03.000Z</time>
      </trkpt>
      <trkpt lat="46.183876" lon="11.520575">
        <ele>1977.447285</ele>
        <time>2026-05-24T11:17:06.000Z</time>
      </trkpt>
      <trkpt lat="46.183823" lon="11.520473">
        <ele>1976.688521</ele>
        <time>2026-05-24T11:17:11.000Z</time>
      </trkpt>
      <trkpt lat="46.183804" lon="11.520436">
        <ele>1976.414442</ele>
        <time>2026-05-24T11:17:13.000Z</time>
      </trkpt>
      <trkpt lat="46.183758" lon="11.520308">
        <ele>1975.162910</ele>
        <time>2026-05-24T11:17:20.000Z</time>
      </trkpt>
      <trkpt lat="46.183699" lon="11.520151">
        <ele>1973.397779</ele>
        <time>2026-05-24T11:17:28.000Z</time>
      </trkpt>
      <trkpt lat="46.183665" lon="11.519995">
        <ele>1971.781748</ele>
        <time>2026-05-24T11:17:36.000Z</time>
      </trkpt>
      <trkpt lat="46.183662" lon="11.519952">
        <ele>1971.354706</ele>
        <time>2026-05-24T11:17:39.000Z</time>
      </trkpt>
      <trkpt lat="46.183660" lon="11.519901">
        <ele>1970.849960</ele>
        <time>2026-05-24T11:17:42.000Z</time>
      </trkpt>
      <trkpt lat="46.183655" lon="11.519886">
        <ele>1970.685459</ele>
        <time>2026-05-24T11:17:43.000Z</time>
      </trkpt>
      <trkpt lat="46.183607" lon="11.519804">
        <ele>1969.624418</ele>
        <time>2026-05-24T11:17:49.000Z</time>
      </trkpt>
      <trkpt lat="46.183583" lon="11.519788">
        <ele>1969.247165</ele>
        <time>2026-05-24T11:17:53.000Z</time>
      </trkpt>
      <trkpt lat="46.183555" lon="11.519763">
        <ele>1968.777363</ele>
        <time>2026-05-24T11:17:56.000Z</time>
      </trkpt>
      <trkpt lat="46.183502" lon="11.519617">
        <ele>1967.148436</ele>
        <time>2026-05-24T11:18:06.000Z</time>
      </trkpt>
      <trkpt lat="46.183498" lon="11.519550">
        <ele>1966.483940</ele>
        <time>2026-05-24T11:18:10.000Z</time>
      </trkpt>
      <trkpt lat="46.183485" lon="11.519499">
        <ele>1965.946931</ele>
        <time>2026-05-24T11:18:13.000Z</time>
      </trkpt>
      <trkpt lat="46.183460" lon="11.519435">
        <ele>1965.220826</ele>
        <time>2026-05-24T11:18:17.000Z</time>
      </trkpt>
      <trkpt lat="46.183416" lon="11.519275">
        <ele>1963.519688</ele>
        <time>2026-05-24T11:18:24.000Z</time>
      </trkpt>
      <trkpt lat="46.183406" lon="11.519208">
        <ele>1962.842439</ele>
        <time>2026-05-24T11:18:27.000Z</time>
      </trkpt>
      <trkpt lat="46.183385" lon="11.519150">
        <ele>1962.195693</ele>
        <time>2026-05-24T11:18:30.000Z</time>
      </trkpt>
      <trkpt lat="46.183359" lon="11.519082">
        <ele>1961.428118</ele>
        <time>2026-05-24T11:18:35.000Z</time>
      </trkpt>
      <trkpt lat="46.183337" lon="11.519061">
        <ele>1961.051762</ele>
        <time>2026-05-24T11:18:37.000Z</time>
      </trkpt>
      <trkpt lat="46.183284" lon="11.518982">
        <ele>1959.964785</ele>
        <time>2026-05-24T11:18:41.000Z</time>
      </trkpt>
      <trkpt lat="46.183240" lon="11.518932">
        <ele>1959.165763</ele>
        <time>2026-05-24T11:18:45.000Z</time>
      </trkpt>
      <trkpt lat="46.183229" lon="11.518914">
        <ele>1958.928527</ele>
        <time>2026-05-24T11:18:46.000Z</time>
      </trkpt>
      <trkpt lat="46.183192" lon="11.518814">
        <ele>1957.808154</ele>
        <time>2026-05-24T11:18:49.000Z</time>
      </trkpt>
      <trkpt lat="46.183186" lon="11.518788">
        <ele>1957.537347</ele>
        <time>2026-05-24T11:18:50.000Z</time>
      </trkpt>
      <trkpt lat="46.183182" lon="11.518775">
        <ele>1957.396776</ele>
        <time>2026-05-24T11:18:51.000Z</time>
      </trkpt>
      <trkpt lat="46.183193" lon="11.518764">
        <ele>1957.205830</ele>
        <time>2026-05-24T11:18:54.000Z</time>
      </trkpt>
      <trkpt lat="46.183200" lon="11.518781">
        <ele>1957.010386</ele>
        <time>2026-05-24T11:18:58.000Z</time>
      </trkpt>
      <trkpt lat="46.183205" lon="11.518827">
        <ele>1956.550282</ele>
        <time>2026-05-24T11:19:00.000Z</time>
      </trkpt>
      <trkpt lat="46.183176" lon="11.518827">
        <ele>1956.136396</ele>
        <time>2026-05-24T11:19:04.000Z</time>
      </trkpt>
      <trkpt lat="46.183157" lon="11.518794">
        <ele>1955.712297</ele>
        <time>2026-05-24T11:19:06.000Z</time>
      </trkpt>
      <trkpt lat="46.183141" lon="11.518755">
        <ele>1955.264354</ele>
        <time>2026-05-24T11:19:08.000Z</time>
      </trkpt>
      <trkpt lat="46.183114" lon="11.518746">
        <ele>1954.868884</ele>
        <time>2026-05-24T11:19:10.000Z</time>
      </trkpt>
      <trkpt lat="46.183108" lon="11.518755">
        <ele>1954.745427</ele>
        <time>2026-05-24T11:19:11.000Z</time>
      </trkpt>
      <trkpt lat="46.183102" lon="11.518765">
        <ele>1954.614673</ele>
        <time>2026-05-24T11:19:12.000Z</time>
      </trkpt>
      <trkpt lat="46.183078" lon="11.518811">
        <ele>1954.045526</ele>
        <time>2026-05-24T11:19:15.000Z</time>
      </trkpt>
      <trkpt lat="46.183076" lon="11.518819">
        <ele>1953.961480</ele>
        <time>2026-05-24T11:19:16.000Z</time>
      </trkpt>
      <trkpt lat="46.183075" lon="11.518835">
        <ele>1953.802737</ele>
        <time>2026-05-24T11:19:17.000Z</time>
      </trkpt>
      <trkpt lat="46.183050" lon="11.518839">
        <ele>1953.443757</ele>
        <time>2026-05-24T11:19:20.000Z</time>
      </trkpt>
      <trkpt lat="46.183027" lon="11.518845">
        <ele>1953.110191</ele>
        <time>2026-05-24T11:19:22.000Z</time>
      </trkpt>
      <trkpt lat="46.183020" lon="11.518861">
        <ele>1952.923172</ele>
        <time>2026-05-24T11:19:23.000Z</time>
      </trkpt>
      <trkpt lat="46.183010" lon="11.518880">
        <ele>1952.687340</ele>
        <time>2026-05-24T11:19:24.000Z</time>
      </trkpt>
      <trkpt lat="46.182980" lon="11.518874">
        <ele>1952.255097</ele>
        <time>2026-05-24T11:19:27.000Z</time>
      </trkpt>
      <trkpt lat="46.182973" lon="11.518846">
        <ele>1951.960937</ele>
        <time>2026-05-24T11:19:28.000Z</time>
      </trkpt>
      <trkpt lat="46.182957" lon="11.518834">
        <ele>1951.703635</ele>
        <time>2026-05-24T11:19:29.000Z</time>
      </trkpt>
      <trkpt lat="46.182944" lon="11.518816">
        <ele>1951.446617</ele>
        <time>2026-05-24T11:19:30.000Z</time>
      </trkpt>
      <trkpt lat="46.182920" lon="11.518804">
        <ele>1951.084147</ele>
        <time>2026-05-24T11:19:32.000Z</time>
      </trkpt>
      <trkpt lat="46.182890" lon="11.518785">
        <ele>1950.616636</ele>
        <time>2026-05-24T11:19:34.000Z</time>
      </trkpt>
      <trkpt lat="46.182874" lon="11.518773">
        <ele>1950.298244</ele>
        <time>2026-05-24T11:19:35.000Z</time>
      </trkpt>
      <trkpt lat="46.182861" lon="11.518762">
        <ele>1949.975951</ele>
        <time>2026-05-24T11:19:36.000Z</time>
      </trkpt>
      <trkpt lat="46.182854" lon="11.518756">
        <ele>1949.801831</ele>
        <time>2026-05-24T11:19:38.000Z</time>
      </trkpt>
      <trkpt lat="46.182836" lon="11.518774">
        <ele>1949.333508</ele>
        <time>2026-05-24T11:19:40.000Z</time>
      </trkpt>
      <trkpt lat="46.182822" lon="11.518776">
        <ele>1949.032570</ele>
        <time>2026-05-24T11:19:41.000Z</time>
      </trkpt>
      <trkpt lat="46.182788" lon="11.518803">
        <ele>1948.202588</ele>
        <time>2026-05-24T11:19:44.000Z</time>
      </trkpt>
      <trkpt lat="46.182757" lon="11.518806">
        <ele>1947.537974</ele>
        <time>2026-05-24T11:19:47.000Z</time>
      </trkpt>
      <trkpt lat="46.182751" lon="11.518811">
        <ele>1947.389796</ele>
        <time>2026-05-24T11:19:48.000Z</time>
      </trkpt>
      <trkpt lat="46.182720" lon="11.518784">
        <ele>1946.615430</ele>
        <time>2026-05-24T11:19:53.000Z</time>
      </trkpt>
      <trkpt lat="46.182709" lon="11.518778">
        <ele>1946.363907</ele>
        <time>2026-05-24T11:19:54.000Z</time>
      </trkpt>
      <trkpt lat="46.182699" lon="11.518785">
        <ele>1946.126196</ele>
        <time>2026-05-24T11:19:56.000Z</time>
      </trkpt>
      <trkpt lat="46.182673" lon="11.518787">
        <ele>1945.569236</ele>
        <time>2026-05-24T11:19:58.000Z</time>
      </trkpt>
      <trkpt lat="46.182646" lon="11.518792">
        <ele>1944.986946</ele>
        <time>2026-05-24T11:20:00.000Z</time>
      </trkpt>
      <trkpt lat="46.182633" lon="11.518796">
        <ele>1944.702620</ele>
        <time>2026-05-24T11:20:01.000Z</time>
      </trkpt>
      <trkpt lat="46.182620" lon="11.518798">
        <ele>1944.422962</ele>
        <time>2026-05-24T11:20:02.000Z</time>
      </trkpt>
      <trkpt lat="46.182604" lon="11.518813">
        <ele>1944.014924</ele>
        <time>2026-05-24T11:20:04.000Z</time>
      </trkpt>
      <trkpt lat="46.182580" lon="11.518876">
        <ele>1942.949951</ele>
        <time>2026-05-24T11:20:08.000Z</time>
      </trkpt>
      <trkpt lat="46.182551" lon="11.518893">
        <ele>1942.280459</ele>
        <time>2026-05-24T11:20:11.000Z</time>
      </trkpt>
      <trkpt lat="46.182544" lon="11.518891">
        <ele>1942.127819</ele>
        <time>2026-05-24T11:20:12.000Z</time>
      </trkpt>
      <trkpt lat="46.182526" lon="11.518885">
        <ele>1941.732656</ele>
        <time>2026-05-24T11:20:14.000Z</time>
      </trkpt>
      <trkpt lat="46.182520" lon="11.518879">
        <ele>1941.576549</ele>
        <time>2026-05-24T11:20:15.000Z</time>
      </trkpt>
      <trkpt lat="46.182509" lon="11.518875">
        <ele>1941.333902</ele>
        <time>2026-05-24T11:20:16.000Z</time>
      </trkpt>
      <trkpt lat="46.182488" lon="11.518866">
        <ele>1940.865328</ele>
        <time>2026-05-24T11:20:18.000Z</time>
      </trkpt>
      <trkpt lat="46.182479" lon="11.518860">
        <ele>1940.653289</ele>
        <time>2026-05-24T11:20:19.000Z</time>
      </trkpt>
      <trkpt lat="46.182446" lon="11.518857">
        <ele>1939.945982</ele>
        <time>2026-05-24T11:20:22.000Z</time>
      </trkpt>
      <trkpt lat="46.182421" lon="11.518852">
        <ele>1939.406100</ele>
        <time>2026-05-24T11:20:24.000Z</time>
      </trkpt>
      <trkpt lat="46.182407" lon="11.518850">
        <ele>1939.105162</ele>
        <time>2026-05-24T11:20:25.000Z</time>
      </trkpt>
      <trkpt lat="46.182367" lon="11.518853">
        <ele>1938.248361</ele>
        <time>2026-05-24T11:20:28.000Z</time>
      </trkpt>
      <trkpt lat="46.182346" lon="11.518849">
        <ele>1937.795256</ele>
        <time>2026-05-24T11:20:30.000Z</time>
      </trkpt>
      <trkpt lat="46.182335" lon="11.518850">
        <ele>1937.559488</ele>
        <time>2026-05-24T11:20:31.000Z</time>
      </trkpt>
      <trkpt lat="46.182325" lon="11.518863">
        <ele>1937.271688</ele>
        <time>2026-05-24T11:20:32.000Z</time>
      </trkpt>
      <trkpt lat="46.182262" lon="11.518880">
        <ele>1935.900724</ele>
        <time>2026-05-24T11:20:36.000Z</time>
      </trkpt>
      <trkpt lat="46.182242" lon="11.518883">
        <ele>1935.470599</ele>
        <time>2026-05-24T11:20:37.000Z</time>
      </trkpt>
      <trkpt lat="46.182228" lon="11.518890">
        <ele>1935.153685</ele>
        <time>2026-05-24T11:20:38.000Z</time>
      </trkpt>
      <trkpt lat="46.182191" lon="11.518894">
        <ele>1934.359997</ele>
        <time>2026-05-24T11:20:40.000Z</time>
      </trkpt>
      <trkpt lat="46.182144" lon="11.518886">
        <ele>1933.347653</ele>
        <time>2026-05-24T11:20:43.000Z</time>
      </trkpt>
      <trkpt lat="46.182117" lon="11.518895">
        <ele>1932.754909</ele>
        <time>2026-05-24T11:20:45.000Z</time>
      </trkpt>
      <trkpt lat="46.182095" lon="11.518922">
        <ele>1932.137350</ele>
        <time>2026-05-24T11:20:47.000Z</time>
      </trkpt>
      <trkpt lat="46.182080" lon="11.518934">
        <ele>1931.770549</ele>
        <time>2026-05-24T11:20:48.000Z</time>
      </trkpt>
      <trkpt lat="46.182057" lon="11.518944">
        <ele>1931.256742</ele>
        <time>2026-05-24T11:20:50.000Z</time>
      </trkpt>
      <trkpt lat="46.182038" lon="11.518948">
        <ele>1930.846015</ele>
        <time>2026-05-24T11:20:52.000Z</time>
      </trkpt>
      <trkpt lat="46.182016" lon="11.518954">
        <ele>1930.367092</ele>
        <time>2026-05-24T11:20:54.000Z</time>
      </trkpt>
      <trkpt lat="46.181994" lon="11.518960">
        <ele>1929.888169</ele>
        <time>2026-05-24T11:20:56.000Z</time>
      </trkpt>
      <trkpt lat="46.181963" lon="11.519007">
        <ele>1928.926768</ele>
        <time>2026-05-24T11:20:59.000Z</time>
      </trkpt>
      <trkpt lat="46.181950" lon="11.519041">
        <ele>1928.351524</ele>
        <time>2026-05-24T11:21:01.000Z</time>
      </trkpt>
      <trkpt lat="46.181930" lon="11.519072">
        <ele>1927.723963</ele>
        <time>2026-05-24T11:21:03.000Z</time>
      </trkpt>
      <trkpt lat="46.181917" lon="11.519072">
        <ele>1927.445877</ele>
        <time>2026-05-24T11:21:04.000Z</time>
      </trkpt>
      <trkpt lat="46.181886" lon="11.519068">
        <ele>1926.780109</ele>
        <time>2026-05-24T11:21:06.000Z</time>
      </trkpt>
      <trkpt lat="46.181866" lon="11.519073">
        <ele>1926.345923</ele>
        <time>2026-05-24T11:21:07.000Z</time>
      </trkpt>
      <trkpt lat="46.181792" lon="11.519091">
        <ele>1924.740683</ele>
        <time>2026-05-24T11:21:11.000Z</time>
      </trkpt>
      <trkpt lat="46.181759" lon="11.519087">
        <ele>1924.032292</ele>
        <time>2026-05-24T11:21:13.000Z</time>
      </trkpt>
      <trkpt lat="46.181726" lon="11.519085">
        <ele>1923.325761</ele>
        <time>2026-05-24T11:21:15.000Z</time>
      </trkpt>
      <trkpt lat="46.181682" lon="11.519069">
        <ele>1922.355176</ele>
        <time>2026-05-24T11:21:18.000Z</time>
      </trkpt>
      <trkpt lat="46.181652" lon="11.519046">
        <ele>1921.628633</ele>
        <time>2026-05-24T11:21:20.000Z</time>
      </trkpt>
      <trkpt lat="46.181586" lon="11.518974">
        <ele>1919.859344</ele>
        <time>2026-05-24T11:21:25.000Z</time>
      </trkpt>
      <trkpt lat="46.181559" lon="11.518953">
        <ele>1919.203360</ele>
        <time>2026-05-24T11:21:27.000Z</time>
      </trkpt>
      <trkpt lat="46.181488" lon="11.518948">
        <ele>1917.682781</ele>
        <time>2026-05-24T11:21:32.000Z</time>
      </trkpt>
      <trkpt lat="46.181451" lon="11.518967">
        <ele>1916.842769</ele>
        <time>2026-05-24T11:21:35.000Z</time>
      </trkpt>
      <trkpt lat="46.181387" lon="11.519010">
        <ele>1915.332850</ele>
        <time>2026-05-24T11:21:40.000Z</time>
      </trkpt>
      <trkpt lat="46.181263" lon="11.519133">
        <ele>1912.115010</ele>
        <time>2026-05-24T11:21:51.000Z</time>
      </trkpt>
      <trkpt lat="46.181235" lon="11.519166">
        <ele>1911.860204</ele>
        <time>2026-05-24T11:21:54.000Z</time>
      </trkpt>
      <trkpt lat="46.181200" lon="11.519209">
        <ele>1911.643624</ele>
        <time>2026-05-24T11:21:59.000Z</time>
      </trkpt>
      <trkpt lat="46.181143" lon="11.519243">
        <ele>1911.352948</ele>
        <time>2026-05-24T11:22:05.000Z</time>
      </trkpt>
      <trkpt lat="46.181131" lon="11.519239">
        <ele>1911.294900</ele>
        <time>2026-05-24T11:22:07.000Z</time>
      </trkpt>
      <trkpt lat="46.181131" lon="11.519240">
        <ele>1911.291637</ele>
        <time>2026-05-24T11:22:08.000Z</time>
      </trkpt>
      <trkpt lat="46.181141" lon="11.519244">
        <ele>1911.242728</ele>
        <time>2026-05-24T11:22:11.000Z</time>
      </trkpt>
      <trkpt lat="46.181150" lon="11.519251">
        <ele>1911.194548</ele>
        <time>2026-05-24T11:22:17.000Z</time>
      </trkpt>
      <trkpt lat="46.181143" lon="11.519257">
        <ele>1911.156181</ele>
        <time>2026-05-24T11:22:19.000Z</time>
      </trkpt>
      <trkpt lat="46.181079" lon="11.519274">
        <ele>1910.849463</ele>
        <time>2026-05-24T11:22:24.000Z</time>
      </trkpt>
      <trkpt lat="46.181010" lon="11.519259">
        <ele>1910.520574</ele>
        <time>2026-05-24T11:22:29.000Z</time>
      </trkpt>
      <trkpt lat="46.180964" lon="11.519232">
        <ele>1910.286536</ele>
        <time>2026-05-24T11:22:33.000Z</time>
      </trkpt>
      <trkpt lat="46.180862" lon="11.519182">
        <ele>1909.778832</ele>
        <time>2026-05-24T11:22:42.000Z</time>
      </trkpt>
      <trkpt lat="46.180832" lon="11.519164">
        <ele>1909.625713</ele>
        <time>2026-05-24T11:22:45.000Z</time>
      </trkpt>
      <trkpt lat="46.180793" lon="11.519148">
        <ele>1909.434618</ele>
        <time>2026-05-24T11:22:49.000Z</time>
      </trkpt>
      <trkpt lat="46.180783" lon="11.519141">
        <ele>1909.382239</ele>
        <time>2026-05-24T11:22:51.000Z</time>
      </trkpt>
      <trkpt lat="46.180767" lon="11.519134">
        <ele>1909.303441</ele>
        <time>2026-05-24T11:22:54.000Z</time>
      </trkpt>
      <trkpt lat="46.180764" lon="11.519131">
        <ele>1909.286242</ele>
        <time>2026-05-24T11:22:56.000Z</time>
      </trkpt>
      <trkpt lat="46.180759" lon="11.519137">
        <ele>1909.255602</ele>
        <time>2026-05-24T11:22:59.000Z</time>
      </trkpt>
      <trkpt lat="46.180731" lon="11.519168">
        <ele>1909.089311</ele>
        <time>2026-05-24T11:23:01.000Z</time>
      </trkpt>
      <trkpt lat="46.180654" lon="11.519200">
        <ele>1908.711652</ele>
        <time>2026-05-24T11:23:06.000Z</time>
      </trkpt>
      <trkpt lat="46.180547" lon="11.519203">
        <ele>1908.207222</ele>
        <time>2026-05-24T11:23:13.000Z</time>
      </trkpt>
      <trkpt lat="46.180533" lon="11.519199">
        <ele>1908.139955</ele>
        <time>2026-05-24T11:23:14.000Z</time>
      </trkpt>
      <trkpt lat="46.180513" lon="11.519180">
        <ele>1908.027122</ele>
        <time>2026-05-24T11:23:16.000Z</time>
      </trkpt>
      <trkpt lat="46.180472" lon="11.519143">
        <ele>1907.799249</ele>
        <time>2026-05-24T11:23:19.000Z</time>
      </trkpt>
      <trkpt lat="46.180442" lon="11.519122">
        <ele>1907.642113</ele>
        <time>2026-05-24T11:23:21.000Z</time>
      </trkpt>
      <trkpt lat="46.180360" lon="11.519123">
        <ele>1907.255600</ele>
        <time>2026-05-24T11:23:26.000Z</time>
      </trkpt>
      <trkpt lat="46.180262" lon="11.519150">
        <ele>1906.785356</ele>
        <time>2026-05-24T11:23:32.000Z</time>
      </trkpt>
      <trkpt lat="46.180205" lon="11.519184">
        <ele>1906.494680</ele>
        <time>2026-05-24T11:23:36.000Z</time>
      </trkpt>
      <trkpt lat="46.180187" lon="11.519193">
        <ele>1906.404898</ele>
        <time>2026-05-24T11:23:37.000Z</time>
      </trkpt>
      <trkpt lat="46.180145" lon="11.519214">
        <ele>1906.195407</ele>
        <time>2026-05-24T11:23:39.000Z</time>
      </trkpt>
      <trkpt lat="46.180095" lon="11.519235">
        <ele>1905.949973</ele>
        <time>2026-05-24T11:23:42.000Z</time>
      </trkpt>
      <trkpt lat="46.180044" lon="11.519238">
        <ele>1905.709390</ele>
        <time>2026-05-24T11:23:45.000Z</time>
      </trkpt>
      <trkpt lat="46.179998" lon="11.519243">
        <ele>1905.491960</ele>
        <time>2026-05-24T11:23:48.000Z</time>
      </trkpt>
      <trkpt lat="46.179967" lon="11.519232">
        <ele>1905.341499</ele>
        <time>2026-05-24T11:23:50.000Z</time>
      </trkpt>
      <trkpt lat="46.179929" lon="11.519184">
        <ele>1905.103550</ele>
        <time>2026-05-24T11:23:52.000Z</time>
      </trkpt>
      <trkpt lat="46.179897" lon="11.519127">
        <ele>1904.864064</ele>
        <time>2026-05-24T11:23:54.000Z</time>
      </trkpt>
      <trkpt lat="46.179891" lon="11.519088">
        <ele>1904.733681</ele>
        <time>2026-05-24T11:23:55.000Z</time>
      </trkpt>
      <trkpt lat="46.179856" lon="11.519013">
        <ele>1904.438511</ele>
        <time>2026-05-24T11:23:58.000Z</time>
      </trkpt>
      <trkpt lat="46.179843" lon="11.519001">
        <ele>1904.365790</ele>
        <time>2026-05-24T11:23:59.000Z</time>
      </trkpt>
      <trkpt lat="46.179763" lon="11.519031">
        <ele>1903.976214</ele>
        <time>2026-05-24T11:24:04.000Z</time>
      </trkpt>
      <trkpt lat="46.179709" lon="11.519133">
        <ele>1903.557175</ele>
        <time>2026-05-24T11:24:08.000Z</time>
      </trkpt>
      <trkpt lat="46.179696" lon="11.519152">
        <ele>1903.393641</ele>
        <time>2026-05-24T11:24:09.000Z</time>
      </trkpt>
      <trkpt lat="46.179679" lon="11.519169">
        <ele>1903.169884</ele>
        <time>2026-05-24T11:24:10.000Z</time>
      </trkpt>
      <trkpt lat="46.179652" lon="11.519202">
        <ele>1902.787124</ele>
        <time>2026-05-24T11:24:12.000Z</time>
      </trkpt>
      <trkpt lat="46.179610" lon="11.519275">
        <ele>1902.075967</ele>
        <time>2026-05-24T11:24:15.000Z</time>
      </trkpt>
      <trkpt lat="46.179534" lon="11.519340">
        <ele>1901.120154</ele>
        <time>2026-05-24T11:24:19.000Z</time>
      </trkpt>
      <trkpt lat="46.179518" lon="11.519364">
        <ele>1900.870523</ele>
        <time>2026-05-24T11:24:20.000Z</time>
      </trkpt>
      <trkpt lat="46.179504" lon="11.519390">
        <ele>1900.623737</ele>
        <time>2026-05-24T11:24:21.000Z</time>
      </trkpt>
      <trkpt lat="46.179417" lon="11.519465">
        <ele>1899.527314</ele>
        <time>2026-05-24T11:24:26.000Z</time>
      </trkpt>
      <trkpt lat="46.179325" lon="11.519466">
        <ele>1898.531719</ele>
        <time>2026-05-24T11:24:30.000Z</time>
      </trkpt>
      <trkpt lat="46.179307" lon="11.519465">
        <ele>1898.336790</ele>
        <time>2026-05-24T11:24:31.000Z</time>
      </trkpt>
      <trkpt lat="46.179261" lon="11.519465">
        <ele>1897.839006</ele>
        <time>2026-05-24T11:24:35.000Z</time>
      </trkpt>
      <trkpt lat="46.179247" lon="11.519470">
        <ele>1897.682943</ele>
        <time>2026-05-24T11:24:36.000Z</time>
      </trkpt>
      <trkpt lat="46.179166" lon="11.519582">
        <ele>1896.469456</ele>
        <time>2026-05-24T11:24:41.000Z</time>
      </trkpt>
      <trkpt lat="46.179065" lon="11.519656">
        <ele>1895.243897</ele>
        <time>2026-05-24T11:24:46.000Z</time>
      </trkpt>
      <trkpt lat="46.178979" lon="11.519679">
        <ele>1894.297436</ele>
        <time>2026-05-24T11:24:50.000Z</time>
      </trkpt>
      <trkpt lat="46.178927" lon="11.519674">
        <ele>1893.733478</ele>
        <time>2026-05-24T11:24:52.000Z</time>
      </trkpt>
      <trkpt lat="46.178887" lon="11.519636">
        <ele>1893.215373</ele>
        <time>2026-05-24T11:24:54.000Z</time>
      </trkpt>
      <trkpt lat="46.178855" lon="11.519590">
        <ele>1892.726793</ele>
        <time>2026-05-24T11:24:56.000Z</time>
      </trkpt>
      <trkpt lat="46.178808" lon="11.519522">
        <ele>1892.006875</ele>
        <time>2026-05-24T11:24:59.000Z</time>
      </trkpt>
      <trkpt lat="46.178792" lon="11.519511">
        <ele>1891.815116</ele>
        <time>2026-05-24T11:25:00.000Z</time>
      </trkpt>
      <trkpt lat="46.178743" lon="11.519468">
        <ele>1891.194656</ele>
        <time>2026-05-24T11:25:03.000Z</time>
      </trkpt>
      <trkpt lat="46.178654" lon="11.519442">
        <ele>1890.212047</ele>
        <time>2026-05-24T11:25:07.000Z</time>
      </trkpt>
      <trkpt lat="46.178604" lon="11.519420">
        <ele>1889.646424</ele>
        <time>2026-05-24T11:25:09.000Z</time>
      </trkpt>
      <trkpt lat="46.178587" lon="11.519398">
        <ele>1889.399410</ele>
        <time>2026-05-24T11:25:10.000Z</time>
      </trkpt>
      <trkpt lat="46.178536" lon="11.519352">
        <ele>1888.748732</ele>
        <time>2026-05-24T11:25:13.000Z</time>
      </trkpt>
      <trkpt lat="46.178486" lon="11.519311">
        <ele>1888.126532</ele>
        <time>2026-05-24T11:25:16.000Z</time>
      </trkpt>
      <trkpt lat="46.178472" lon="11.519295">
        <ele>1887.933336</ele>
        <time>2026-05-24T11:25:17.000Z</time>
      </trkpt>
      <trkpt lat="46.178393" lon="11.519279">
        <ele>1887.070081</ele>
        <time>2026-05-24T11:25:21.000Z</time>
      </trkpt>
      <trkpt lat="46.178257" lon="11.519339">
        <ele>1885.531237</ele>
        <time>2026-05-24T11:25:27.000Z</time>
      </trkpt>
      <trkpt lat="46.178126" lon="11.519378">
        <ele>1884.083829</ele>
        <time>2026-05-24T11:25:33.000Z</time>
      </trkpt>
      <trkpt lat="46.178077" lon="11.519384">
        <ele>1883.358486</ele>
        <time>2026-05-24T11:25:35.000Z</time>
      </trkpt>
      <trkpt lat="46.178011" lon="11.519389">
        <ele>1882.374184</ele>
        <time>2026-05-24T11:25:38.000Z</time>
      </trkpt>
      <trkpt lat="46.177929" lon="11.519383">
        <ele>1881.151375</ele>
        <time>2026-05-24T11:25:43.000Z</time>
      </trkpt>
      <trkpt lat="46.177896" lon="11.519376">
        <ele>1880.654626</ele>
        <time>2026-05-24T11:25:45.000Z</time>
      </trkpt>
      <trkpt lat="46.177818" lon="11.519353">
        <ele>1879.468990</ele>
        <time>2026-05-24T11:25:49.000Z</time>
      </trkpt>
      <trkpt lat="46.177747" lon="11.519336">
        <ele>1878.397139</ele>
        <time>2026-05-24T11:25:52.000Z</time>
      </trkpt>
      <trkpt lat="46.177678" lon="11.519334">
        <ele>1877.369301</ele>
        <time>2026-05-24T11:25:55.000Z</time>
      </trkpt>
      <trkpt lat="46.177635" lon="11.519332">
        <ele>1876.728561</ele>
        <time>2026-05-24T11:25:57.000Z</time>
      </trkpt>
      <trkpt lat="46.177612" lon="11.519335">
        <ele>1876.384623</ele>
        <time>2026-05-24T11:25:58.000Z</time>
      </trkpt>
      <trkpt lat="46.177587" lon="11.519338">
        <ele>1876.011010</ele>
        <time>2026-05-24T11:25:59.000Z</time>
      </trkpt>
      <trkpt lat="46.177547" lon="11.519344">
        <ele>1875.412077</ele>
        <time>2026-05-24T11:26:01.000Z</time>
      </trkpt>
      <trkpt lat="46.177502" lon="11.519333">
        <ele>1874.732351</ele>
        <time>2026-05-24T11:26:03.000Z</time>
      </trkpt>
      <trkpt lat="46.177483" lon="11.519328">
        <ele>1874.444721</ele>
        <time>2026-05-24T11:26:04.000Z</time>
      </trkpt>
      <trkpt lat="46.177423" lon="11.519294">
        <ele>1873.484802</ele>
        <time>2026-05-24T11:26:07.000Z</time>
      </trkpt>
      <trkpt lat="46.177378" lon="11.519296">
        <ele>1872.814291</ele>
        <time>2026-05-24T11:26:10.000Z</time>
      </trkpt>
      <trkpt lat="46.177273" lon="11.519260">
        <ele>1871.207041</ele>
        <time>2026-05-24T11:26:16.000Z</time>
      </trkpt>
      <trkpt lat="46.177256" lon="11.519252">
        <ele>1870.940754</ele>
        <time>2026-05-24T11:26:17.000Z</time>
      </trkpt>
      <trkpt lat="46.177200" lon="11.519249">
        <ele>1870.106161</ele>
        <time>2026-05-24T11:26:21.000Z</time>
      </trkpt>
      <trkpt lat="46.177188" lon="11.519250">
        <ele>1869.927145</ele>
        <time>2026-05-24T11:26:22.000Z</time>
      </trkpt>
      <trkpt lat="46.177078" lon="11.519253">
        <ele>1868.288601</ele>
        <time>2026-05-24T11:26:27.000Z</time>
      </trkpt>
      <trkpt lat="46.176967" lon="11.519292">
        <ele>1866.587235</ele>
        <time>2026-05-24T11:26:33.000Z</time>
      </trkpt>
      <trkpt lat="46.176865" lon="11.519287">
        <ele>1865.067254</ele>
        <time>2026-05-24T11:26:38.000Z</time>
      </trkpt>
      <trkpt lat="46.176812" lon="11.519271">
        <ele>1864.260853</ele>
        <time>2026-05-24T11:26:40.000Z</time>
      </trkpt>
      <trkpt lat="46.176760" lon="11.519259">
        <ele>1863.476581</ele>
        <time>2026-05-24T11:26:42.000Z</time>
      </trkpt>
      <trkpt lat="46.176713" lon="11.519245">
        <ele>1862.761867</ele>
        <time>2026-05-24T11:26:44.000Z</time>
      </trkpt>
      <trkpt lat="46.176667" lon="11.519229">
        <ele>1862.057189</ele>
        <time>2026-05-24T11:26:46.000Z</time>
      </trkpt>
      <trkpt lat="46.176522" lon="11.519179">
        <ele>1859.836969</ele>
        <time>2026-05-24T11:26:52.000Z</time>
      </trkpt>
      <trkpt lat="46.176459" lon="11.519137">
        <ele>1858.803550</ele>
        <time>2026-05-24T11:26:55.000Z</time>
      </trkpt>
      <trkpt lat="46.176418" lon="11.519114">
        <ele>1858.148479</ele>
        <time>2026-05-24T11:26:57.000Z</time>
      </trkpt>
      <trkpt lat="46.176369" lon="11.519086">
        <ele>1857.363661</ele>
        <time>2026-05-24T11:27:00.000Z</time>
      </trkpt>
      <trkpt lat="46.176332" lon="11.519074">
        <ele>1856.597396</ele>
        <time>2026-05-24T11:27:02.000Z</time>
      </trkpt>
      <trkpt lat="46.176286" lon="11.519053">
        <ele>1855.576448</ele>
        <time>2026-05-24T11:27:04.000Z</time>
      </trkpt>
      <trkpt lat="46.176222" lon="11.518999">
        <ele>1854.007841</ele>
        <time>2026-05-24T11:27:07.000Z</time>
      </trkpt>
      <trkpt lat="46.176185" lon="11.518963">
        <ele>1853.063705</ele>
        <time>2026-05-24T11:27:09.000Z</time>
      </trkpt>
      <trkpt lat="46.176144" lon="11.518931">
        <ele>1852.077443</ele>
        <time>2026-05-24T11:27:11.000Z</time>
      </trkpt>
      <trkpt lat="46.176110" lon="11.518924">
        <ele>1851.350649</ele>
        <time>2026-05-24T11:27:13.000Z</time>
      </trkpt>
      <trkpt lat="46.176077" lon="11.518946">
        <ele>1850.581471</ele>
        <time>2026-05-24T11:27:15.000Z</time>
      </trkpt>
      <trkpt lat="46.176051" lon="11.518972">
        <ele>1849.912216</ele>
        <time>2026-05-24T11:27:17.000Z</time>
      </trkpt>
      <trkpt lat="46.176022" lon="11.519008">
        <ele>1849.102938</ele>
        <time>2026-05-24T11:27:19.000Z</time>
      </trkpt>
      <trkpt lat="46.175998" lon="11.519039">
        <ele>1848.421530</ele>
        <time>2026-05-24T11:27:21.000Z</time>
      </trkpt>
      <trkpt lat="46.175991" lon="11.519072">
        <ele>1847.915775</ele>
        <time>2026-05-24T11:27:23.000Z</time>
      </trkpt>
      <trkpt lat="46.175984" lon="11.519099">
        <ele>1847.493300</ele>
        <time>2026-05-24T11:27:24.000Z</time>
      </trkpt>
      <trkpt lat="46.175940" lon="11.519141">
        <ele>1846.377138</ele>
        <time>2026-05-24T11:27:27.000Z</time>
      </trkpt>
      <trkpt lat="46.175908" lon="11.519154">
        <ele>1845.673659</ele>
        <time>2026-05-24T11:27:29.000Z</time>
      </trkpt>
      <trkpt lat="46.175875" lon="11.519167">
        <ele>1844.949785</ele>
        <time>2026-05-24T11:27:31.000Z</time>
      </trkpt>
      <trkpt lat="46.175841" lon="11.519178">
        <ele>1844.212431</ele>
        <time>2026-05-24T11:27:33.000Z</time>
      </trkpt>
      <trkpt lat="46.175799" lon="11.519181">
        <ele>1843.322525</ele>
        <time>2026-05-24T11:27:35.000Z</time>
      </trkpt>
      <trkpt lat="46.175763" lon="11.519152">
        <ele>1842.450173</ele>
        <time>2026-05-24T11:27:37.000Z</time>
      </trkpt>
      <trkpt lat="46.175731" lon="11.519123">
        <ele>1841.650682</ele>
        <time>2026-05-24T11:27:39.000Z</time>
      </trkpt>
      <trkpt lat="46.175714" lon="11.519107">
        <ele>1841.221265</ele>
        <time>2026-05-24T11:27:40.000Z</time>
      </trkpt>
      <trkpt lat="46.175665" lon="11.519063">
        <ele>1840.000198</ele>
        <time>2026-05-24T11:27:43.000Z</time>
      </trkpt>
      <trkpt lat="46.175641" lon="11.519046">
        <ele>1839.434498</ele>
        <time>2026-05-24T11:27:45.000Z</time>
      </trkpt>
      <trkpt lat="46.175625" lon="11.519038">
        <ele>1839.076180</ele>
        <time>2026-05-24T11:27:46.000Z</time>
      </trkpt>
      <trkpt lat="46.175560" lon="11.518997">
        <ele>1837.575142</ele>
        <time>2026-05-24T11:27:50.000Z</time>
      </trkpt>
      <trkpt lat="46.175532" lon="11.518988">
        <ele>1836.968096</ele>
        <time>2026-05-24T11:27:52.000Z</time>
      </trkpt>
      <trkpt lat="46.175516" lon="11.518982">
        <ele>1836.618269</ele>
        <time>2026-05-24T11:27:53.000Z</time>
      </trkpt>
      <trkpt lat="46.175491" lon="11.518973">
        <ele>1836.073020</ele>
        <time>2026-05-24T11:27:55.000Z</time>
      </trkpt>
      <trkpt lat="46.175458" lon="11.518968">
        <ele>1835.370830</ele>
        <time>2026-05-24T11:27:57.000Z</time>
      </trkpt>
      <trkpt lat="46.175438" lon="11.518967">
        <ele>1834.947329</ele>
        <time>2026-05-24T11:27:58.000Z</time>
      </trkpt>
      <trkpt lat="46.175411" lon="11.518964">
        <ele>1834.374257</ele>
        <time>2026-05-24T11:28:00.000Z</time>
      </trkpt>
      <trkpt lat="46.175376" lon="11.518956">
        <ele>1833.624355</ele>
        <time>2026-05-24T11:28:02.000Z</time>
      </trkpt>
      <trkpt lat="46.175311" lon="11.518950">
        <ele>1832.245995</ele>
        <time>2026-05-24T11:28:05.000Z</time>
      </trkpt>
      <trkpt lat="46.175287" lon="11.518951">
        <ele>1831.737887</ele>
        <time>2026-05-24T11:28:06.000Z</time>
      </trkpt>
      <trkpt lat="46.175256" lon="11.518956">
        <ele>1831.077776</ele>
        <time>2026-05-24T11:28:07.000Z</time>
      </trkpt>
      <trkpt lat="46.175186" lon="11.518971">
        <ele>1829.580192</ele>
        <time>2026-05-24T11:28:10.000Z</time>
      </trkpt>
      <trkpt lat="46.175165" lon="11.518972">
        <ele>1829.135541</ele>
        <time>2026-05-24T11:28:11.000Z</time>
      </trkpt>
      <trkpt lat="46.175054" lon="11.518992">
        <ele>1826.768308</ele>
        <time>2026-05-24T11:28:16.000Z</time>
      </trkpt>
      <trkpt lat="46.175034" lon="11.518991">
        <ele>1826.344808</ele>
        <time>2026-05-24T11:28:17.000Z</time>
      </trkpt>
      <trkpt lat="46.174962" lon="11.518987">
        <ele>1824.819992</ele>
        <time>2026-05-24T11:28:20.000Z</time>
      </trkpt>
      <trkpt lat="46.174888" lon="11.518972">
        <ele>1823.238626</ele>
        <time>2026-05-24T11:28:23.000Z</time>
      </trkpt>
      <trkpt lat="46.174800" lon="11.518928">
        <ele>1821.267877</ele>
        <time>2026-05-24T11:28:27.000Z</time>
      </trkpt>
      <trkpt lat="46.174731" lon="11.518897">
        <ele>1819.738643</ele>
        <time>2026-05-24T11:28:30.000Z</time>
      </trkpt>
      <trkpt lat="46.174655" lon="11.518857">
        <ele>1818.185153</ele>
        <time>2026-05-24T11:28:33.000Z</time>
      </trkpt>
      <trkpt lat="46.174572" lon="11.518875">
        <ele>1816.645859</ele>
        <time>2026-05-24T11:28:37.000Z</time>
      </trkpt>
      <trkpt lat="46.174547" lon="11.518887">
        <ele>1816.162694</ele>
        <time>2026-05-24T11:28:38.000Z</time>
      </trkpt>
      <trkpt lat="46.174447" lon="11.518900">
        <ele>1814.321273</ele>
        <time>2026-05-24T11:28:42.000Z</time>
      </trkpt>
      <trkpt lat="46.174392" lon="11.518902">
        <ele>1813.312250</ele>
        <time>2026-05-24T11:28:44.000Z</time>
      </trkpt>
      <trkpt lat="46.174313" lon="11.518890">
        <ele>1811.855393</ele>
        <time>2026-05-24T11:28:47.000Z</time>
      </trkpt>
      <trkpt lat="46.174238" lon="11.518874">
        <ele>1810.464962</ele>
        <time>2026-05-24T11:28:50.000Z</time>
      </trkpt>
      <trkpt lat="46.174209" lon="11.518871">
        <ele>1809.931737</ele>
        <time>2026-05-24T11:28:51.000Z</time>
      </trkpt>
      <trkpt lat="46.174130" lon="11.518853">
        <ele>1808.464950</ele>
        <time>2026-05-24T11:28:54.000Z</time>
      </trkpt>
      <trkpt lat="46.174055" lon="11.518833">
        <ele>1807.066191</ele>
        <time>2026-05-24T11:28:57.000Z</time>
      </trkpt>
      <trkpt lat="46.174007" lon="11.518815">
        <ele>1806.156672</ele>
        <time>2026-05-24T11:28:59.000Z</time>
      </trkpt>
      <trkpt lat="46.173983" lon="11.518803">
        <ele>1805.690875</ele>
        <time>2026-05-24T11:29:00.000Z</time>
      </trkpt>
      <trkpt lat="46.173858" lon="11.518799">
        <ele>1803.397805</ele>
        <time>2026-05-24T11:29:05.000Z</time>
      </trkpt>
      <trkpt lat="46.173831" lon="11.518799">
        <ele>1802.902624</ele>
        <time>2026-05-24T11:29:06.000Z</time>
      </trkpt>
      <trkpt lat="46.173777" lon="11.518799">
        <ele>1801.912261</ele>
        <time>2026-05-24T11:29:08.000Z</time>
      </trkpt>
      <trkpt lat="46.173722" lon="11.518808">
        <ele>1800.897103</ele>
        <time>2026-05-24T11:29:10.000Z</time>
      </trkpt>
      <trkpt lat="46.173669" lon="11.518798">
        <ele>1799.916819</ele>
        <time>2026-05-24T11:29:12.000Z</time>
      </trkpt>
      <trkpt lat="46.173614" lon="11.518787">
        <ele>1798.898488</ele>
        <time>2026-05-24T11:29:14.000Z</time>
      </trkpt>
      <trkpt lat="46.173566" lon="11.518777">
        <ele>1798.009052</ele>
        <time>2026-05-24T11:29:16.000Z</time>
      </trkpt>
      <trkpt lat="46.173513" lon="11.518773">
        <ele>1797.035702</ele>
        <time>2026-05-24T11:29:18.000Z</time>
      </trkpt>
      <trkpt lat="46.173463" lon="11.518764">
        <ele>1796.111604</ele>
        <time>2026-05-24T11:29:20.000Z</time>
      </trkpt>
      <trkpt lat="46.173396" lon="11.518751">
        <ele>1794.871778</ele>
        <time>2026-05-24T11:29:23.000Z</time>
      </trkpt>
      <trkpt lat="46.173374" lon="11.518744">
        <ele>1794.458619</ele>
        <time>2026-05-24T11:29:24.000Z</time>
      </trkpt>
      <trkpt lat="46.173337" lon="11.518742">
        <ele>1793.779562</ele>
        <time>2026-05-24T11:29:26.000Z</time>
      </trkpt>
      <trkpt lat="46.173301" lon="11.518746">
        <ele>1793.117369</ele>
        <time>2026-05-24T11:29:28.000Z</time>
      </trkpt>
      <trkpt lat="46.173234" lon="11.518731">
        <ele>1791.873906</ele>
        <time>2026-05-24T11:29:32.000Z</time>
      </trkpt>
      <trkpt lat="46.173186" lon="11.518711">
        <ele>1790.957672</ele>
        <time>2026-05-24T11:29:35.000Z</time>
      </trkpt>
      <trkpt lat="46.173135" lon="11.518684">
        <ele>1789.961455</ele>
        <time>2026-05-24T11:29:40.000Z</time>
      </trkpt>
      <trkpt lat="46.173118" lon="11.518676">
        <ele>1789.633537</ele>
        <time>2026-05-24T11:29:41.000Z</time>
      </trkpt>
      <trkpt lat="46.173083" lon="11.518665">
        <ele>1788.976609</ele>
        <time>2026-05-24T11:29:43.000Z</time>
      </trkpt>
      <trkpt lat="46.173017" lon="11.518641">
        <ele>1787.728378</ele>
        <time>2026-05-24T11:29:47.000Z</time>
      </trkpt>
      <trkpt lat="46.173000" lon="11.518640">
        <ele>1787.416339</ele>
        <time>2026-05-24T11:29:48.000Z</time>
      </trkpt>
      <trkpt lat="46.172976" lon="11.518646">
        <ele>1786.969630</ele>
        <time>2026-05-24T11:29:49.000Z</time>
      </trkpt>
      <trkpt lat="46.172937" lon="11.518642">
        <ele>1786.252567</ele>
        <time>2026-05-24T11:29:51.000Z</time>
      </trkpt>
      <trkpt lat="46.172896" lon="11.518643">
        <ele>1785.486767</ele>
        <time>2026-05-24T11:29:53.000Z</time>
      </trkpt>
      <trkpt lat="46.172857" lon="11.518655">
        <ele>1784.741603</ele>
        <time>2026-05-24T11:29:55.000Z</time>
      </trkpt>
      <trkpt lat="46.172799" lon="11.518664">
        <ele>1783.651503</ele>
        <time>2026-05-24T11:29:58.000Z</time>
      </trkpt>
      <trkpt lat="46.172758" lon="11.518658">
        <ele>1782.881401</ele>
        <time>2026-05-24T11:30:00.000Z</time>
      </trkpt>
      <trkpt lat="46.172735" lon="11.518660">
        <ele>1782.450815</ele>
        <time>2026-05-24T11:30:01.000Z</time>
      </trkpt>
      <trkpt lat="46.172664" lon="11.518648">
        <ele>1781.114963</ele>
        <time>2026-05-24T11:30:04.000Z</time>
      </trkpt>
      <trkpt lat="46.172625" lon="11.518636">
        <ele>1780.369800</ele>
        <time>2026-05-24T11:30:06.000Z</time>
      </trkpt>
      <trkpt lat="46.172588" lon="11.518624">
        <ele>1779.661148</ele>
        <time>2026-05-24T11:30:08.000Z</time>
      </trkpt>
      <trkpt lat="46.172577" lon="11.518633">
        <ele>1779.424886</ele>
        <time>2026-05-24T11:30:09.000Z</time>
      </trkpt>
      <trkpt lat="46.172578" lon="11.518650">
        <ele>1779.204102</ele>
        <time>2026-05-24T11:30:10.000Z</time>
      </trkpt>
      <trkpt lat="46.172587" lon="11.518672">
        <ele>1778.873439</ele>
        <time>2026-05-24T11:30:11.000Z</time>
      </trkpt>
      <trkpt lat="46.172604" lon="11.518689">
        <ele>1778.487021</ele>
        <time>2026-05-24T11:30:12.000Z</time>
      </trkpt>
      <trkpt lat="46.172623" lon="11.518709">
        <ele>1778.047645</ele>
        <time>2026-05-24T11:30:13.000Z</time>
      </trkpt>
      <trkpt lat="46.172690" lon="11.518755">
        <ele>1776.661294</ele>
        <time>2026-05-24T11:30:16.000Z</time>
      </trkpt>
      <trkpt lat="46.172732" lon="11.518789">
        <ele>1775.761517</ele>
        <time>2026-05-24T11:30:18.000Z</time>
      </trkpt>
      <trkpt lat="46.172753" lon="11.518802">
        <ele>1775.334546</ele>
        <time>2026-05-24T11:30:19.000Z</time>
      </trkpt>
      <trkpt lat="46.172817" lon="11.518850">
        <ele>1773.986878</ele>
        <time>2026-05-24T11:30:22.000Z</time>
      </trkpt>
      <trkpt lat="46.172859" lon="11.518895">
        <ele>1773.009575</ele>
        <time>2026-05-24T11:30:24.000Z</time>
      </trkpt>
      <trkpt lat="46.172905" lon="11.518939">
        <ele>1771.978489</ele>
        <time>2026-05-24T11:30:26.000Z</time>
      </trkpt>
      <trkpt lat="46.172945" lon="11.518966">
        <ele>1771.153371</ele>
        <time>2026-05-24T11:30:28.000Z</time>
      </trkpt>
      <trkpt lat="46.172964" lon="11.518988">
        <ele>1770.698270</ele>
        <time>2026-05-24T11:30:29.000Z</time>
      </trkpt>
      <trkpt lat="46.173045" lon="11.519094">
        <ele>1768.655535</ele>
        <time>2026-05-24T11:30:33.000Z</time>
      </trkpt>
      <trkpt lat="46.173079" lon="11.519144">
        <ele>1767.748706</ele>
        <time>2026-05-24T11:30:35.000Z</time>
      </trkpt>
      <trkpt lat="46.173096" lon="11.519159">
        <ele>1767.376414</ele>
        <time>2026-05-24T11:30:36.000Z</time>
      </trkpt>
      <trkpt lat="46.173134" lon="11.519204">
        <ele>1766.458063</ele>
        <time>2026-05-24T11:30:40.000Z</time>
      </trkpt>
      <trkpt lat="46.173141" lon="11.519212">
        <ele>1766.291243</ele>
        <time>2026-05-24T11:30:41.000Z</time>
      </trkpt>
      <trkpt lat="46.173161" lon="11.519224">
        <ele>1765.886522</ele>
        <time>2026-05-24T11:30:45.000Z</time>
      </trkpt>
      <trkpt lat="46.173179" lon="11.519240">
        <ele>1765.491535</ele>
        <time>2026-05-24T11:30:48.000Z</time>
      </trkpt>
      <trkpt lat="46.173211" lon="11.519270">
        <ele>1764.778578</ele>
        <time>2026-05-24T11:30:52.000Z</time>
      </trkpt>
      <trkpt lat="46.173244" lon="11.519290">
        <ele>1764.109790</ele>
        <time>2026-05-24T11:30:55.000Z</time>
      </trkpt>
      <trkpt lat="46.173255" lon="11.519293">
        <ele>1763.900597</ele>
        <time>2026-05-24T11:30:56.000Z</time>
      </trkpt>
      <trkpt lat="46.173310" lon="11.519362">
        <ele>1762.539113</ele>
        <time>2026-05-24T11:31:02.000Z</time>
      </trkpt>
      <trkpt lat="46.173333" lon="11.519404">
        <ele>1761.846199</ele>
        <time>2026-05-24T11:31:05.000Z</time>
      </trkpt>
      <trkpt lat="46.173376" lon="11.519483">
        <ele>1760.545893</ele>
        <time>2026-05-24T11:31:09.000Z</time>
      </trkpt>
      <trkpt lat="46.173400" lon="11.519532">
        <ele>1759.769226</ele>
        <time>2026-05-24T11:31:11.000Z</time>
      </trkpt>
      <trkpt lat="46.173411" lon="11.519562">
        <ele>1759.329946</ele>
        <time>2026-05-24T11:31:13.000Z</time>
      </trkpt>
      <trkpt lat="46.173432" lon="11.519602">
        <ele>1758.680382</ele>
        <time>2026-05-24T11:31:15.000Z</time>
      </trkpt>
      <trkpt lat="46.173445" lon="11.519624">
        <ele>1758.306127</ele>
        <time>2026-05-24T11:31:16.000Z</time>
      </trkpt>
      <trkpt lat="46.173472" lon="11.519672">
        <ele>1757.505879</ele>
        <time>2026-05-24T11:31:18.000Z</time>
      </trkpt>
      <trkpt lat="46.173516" lon="11.519756">
        <ele>1756.142923</ele>
        <time>2026-05-24T11:31:22.000Z</time>
      </trkpt>
      <trkpt lat="46.173525" lon="11.519774">
        <ele>1755.855621</ele>
        <time>2026-05-24T11:31:23.000Z</time>
      </trkpt>
      <trkpt lat="46.173539" lon="11.519799">
        <ele>1755.439561</ele>
        <time>2026-05-24T11:31:24.000Z</time>
      </trkpt>
      <trkpt lat="46.173564" lon="11.519844">
        <ele>1754.692997</ele>
        <time>2026-05-24T11:31:26.000Z</time>
      </trkpt>
      <trkpt lat="46.173596" lon="11.519898">
        <ele>1753.773271</ele>
        <time>2026-05-24T11:31:29.000Z</time>
      </trkpt>
      <trkpt lat="46.173607" lon="11.519916">
        <ele>1753.462609</ele>
        <time>2026-05-24T11:31:30.000Z</time>
      </trkpt>
      <trkpt lat="46.173622" lon="11.519940">
        <ele>1753.044246</ele>
        <time>2026-05-24T11:31:31.000Z</time>
      </trkpt>
      <trkpt lat="46.173658" lon="11.519991">
        <ele>1752.042867</ele>
        <time>2026-05-24T11:31:33.000Z</time>
      </trkpt>
      <trkpt lat="46.173712" lon="11.520075">
        <ele>1750.389265</ele>
        <time>2026-05-24T11:31:36.000Z</time>
      </trkpt>
      <trkpt lat="46.173730" lon="11.520104">
        <ele>1749.827406</ele>
        <time>2026-05-24T11:31:37.000Z</time>
      </trkpt>
      <trkpt lat="46.173759" lon="11.520145">
        <ele>1748.981866</ele>
        <time>2026-05-24T11:31:39.000Z</time>
      </trkpt>
      <trkpt lat="46.173807" lon="11.520167">
        <ele>1747.932662</ele>
        <time>2026-05-24T11:31:42.000Z</time>
      </trkpt>
      <trkpt lat="46.173842" lon="11.520185">
        <ele>1747.158602</ele>
        <time>2026-05-24T11:31:44.000Z</time>
      </trkpt>
      <trkpt lat="46.173895" lon="11.520204">
        <ele>1746.020872</ele>
        <time>2026-05-24T11:31:46.000Z</time>
      </trkpt>
      <trkpt lat="46.173968" lon="11.520224">
        <ele>1744.472843</ele>
        <time>2026-05-24T11:31:49.000Z</time>
      </trkpt>
      <trkpt lat="46.174008" lon="11.520237">
        <ele>1743.618629</ele>
        <time>2026-05-24T11:31:51.000Z</time>
      </trkpt>
      <trkpt lat="46.174061" lon="11.520293">
        <ele>1742.250410</ele>
        <time>2026-05-24T11:31:54.000Z</time>
      </trkpt>
      <trkpt lat="46.174077" lon="11.520310">
        <ele>1741.836558</ele>
        <time>2026-05-24T11:31:55.000Z</time>
      </trkpt>
      <trkpt lat="46.174103" lon="11.520384">
        <ele>1740.639392</ele>
        <time>2026-05-24T11:31:58.000Z</time>
      </trkpt>
      <trkpt lat="46.174093" lon="11.520436">
        <ele>1739.860792</ele>
        <time>2026-05-24T11:32:00.000Z</time>
      </trkpt>
      <trkpt lat="46.174028" lon="11.520487">
        <ele>1738.319590</ele>
        <time>2026-05-24T11:32:04.000Z</time>
      </trkpt>
      <trkpt lat="46.174018" lon="11.520499">
        <ele>1738.048705</ele>
        <time>2026-05-24T11:32:05.000Z</time>
      </trkpt>
      <trkpt lat="46.174015" lon="11.520533">
        <ele>1737.554217</ele>
        <time>2026-05-24T11:32:08.000Z</time>
      </trkpt>
      <trkpt lat="46.174022" lon="11.520552">
        <ele>1737.243720</ele>
        <time>2026-05-24T11:32:09.000Z</time>
      </trkpt>
      <trkpt lat="46.174034" lon="11.520571">
        <ele>1736.872716</ele>
        <time>2026-05-24T11:32:10.000Z</time>
      </trkpt>
      <trkpt lat="46.174045" lon="11.520606">
        <ele>1736.318194</ele>
        <time>2026-05-24T11:32:12.000Z</time>
      </trkpt>
      <trkpt lat="46.174048" lon="11.520661">
        <ele>1735.522246</ele>
        <time>2026-05-24T11:32:15.000Z</time>
      </trkpt>
      <trkpt lat="46.174034" lon="11.520700">
        <ele>1734.888480</ele>
        <time>2026-05-24T11:32:17.000Z</time>
      </trkpt>
      <trkpt lat="46.174019" lon="11.520702">
        <ele>1734.574637</ele>
        <time>2026-05-24T11:32:18.000Z</time>
      </trkpt>
      <trkpt lat="46.174002" lon="11.520708">
        <ele>1734.210030</ele>
        <time>2026-05-24T11:32:19.000Z</time>
      </trkpt>
      <trkpt lat="46.173990" lon="11.520706">
        <ele>1733.958360</ele>
        <time>2026-05-24T11:32:20.000Z</time>
      </trkpt>
      <trkpt lat="46.173958" lon="11.520706">
        <ele>1733.291664</ele>
        <time>2026-05-24T11:32:22.000Z</time>
      </trkpt>
      <trkpt lat="46.173945" lon="11.520705">
        <ele>1733.020434</ele>
        <time>2026-05-24T11:32:25.000Z</time>
      </trkpt>
      <trkpt lat="46.173926" lon="11.520704">
        <ele>1732.624321</ele>
        <time>2026-05-24T11:32:27.000Z</time>
      </trkpt>
      <trkpt lat="46.173906" lon="11.520708">
        <ele>1732.203659</ele>
        <time>2026-05-24T11:32:29.000Z</time>
      </trkpt>
      <trkpt lat="46.173844" lon="11.520728">
        <ele>1730.880101</ele>
        <time>2026-05-24T11:32:33.000Z</time>
      </trkpt>
      <trkpt lat="46.173821" lon="11.520739">
        <ele>1730.375318</ele>
        <time>2026-05-24T11:32:35.000Z</time>
      </trkpt>
      <trkpt lat="46.173814" lon="11.520756">
        <ele>1730.089971</ele>
        <time>2026-05-24T11:32:37.000Z</time>
      </trkpt>
      <trkpt lat="46.173815" lon="11.520761">
        <ele>1730.014887</ele>
        <time>2026-05-24T11:32:38.000Z</time>
      </trkpt>
      <trkpt lat="46.173823" lon="11.520769">
        <ele>1729.812152</ele>
        <time>2026-05-24T11:32:39.000Z</time>
      </trkpt>
      <trkpt lat="46.173836" lon="11.520782">
        <ele>1729.482709</ele>
        <time>2026-05-24T11:32:40.000Z</time>
      </trkpt>
      <trkpt lat="46.173830" lon="11.520833">
        <ele>1728.736381</ele>
        <time>2026-05-24T11:32:42.000Z</time>
      </trkpt>
      <trkpt lat="46.173788" lon="11.520854">
        <ele>1727.810377</ele>
        <time>2026-05-24T11:32:45.000Z</time>
      </trkpt>
      <trkpt lat="46.173682" lon="11.520793">
        <ele>1725.433054</ele>
        <time>2026-05-24T11:32:49.000Z</time>
      </trkpt>
      <trkpt lat="46.173561" lon="11.520773">
        <ele>1722.895650</ele>
        <time>2026-05-24T11:32:54.000Z</time>
      </trkpt>
      <trkpt lat="46.173538" lon="11.520758">
        <ele>1722.369862</ele>
        <time>2026-05-24T11:32:55.000Z</time>
      </trkpt>
      <trkpt lat="46.173503" lon="11.520726">
        <ele>1721.506803</ele>
        <time>2026-05-24T11:32:57.000Z</time>
      </trkpt>
      <trkpt lat="46.173408" lon="11.520666">
        <ele>1719.346533</ele>
        <time>2026-05-24T11:33:01.000Z</time>
      </trkpt>
      <trkpt lat="46.173368" lon="11.520639">
        <ele>1718.426617</ele>
        <time>2026-05-24T11:33:03.000Z</time>
      </trkpt>
      <trkpt lat="46.173324" lon="11.520614">
        <ele>1717.441507</ele>
        <time>2026-05-24T11:33:05.000Z</time>
      </trkpt>
      <trkpt lat="46.173282" lon="11.520594">
        <ele>1716.520122</ele>
        <time>2026-05-24T11:33:07.000Z</time>
      </trkpt>
      <trkpt lat="46.173260" lon="11.520585">
        <ele>1716.043731</ele>
        <time>2026-05-24T11:33:08.000Z</time>
      </trkpt>
      <trkpt lat="46.173208" lon="11.520556">
        <ele>1714.903832</ele>
        <time>2026-05-24T11:33:10.000Z</time>
      </trkpt>
      <trkpt lat="46.173125" lon="11.520536">
        <ele>1713.295761</ele>
        <time>2026-05-24T11:33:13.000Z</time>
      </trkpt>
      <trkpt lat="46.173054" lon="11.520530">
        <ele>1711.936620</ele>
        <time>2026-05-24T11:33:16.000Z</time>
      </trkpt>
      <trkpt lat="46.173014" lon="11.520515">
        <ele>1711.146862</ele>
        <time>2026-05-24T11:33:18.000Z</time>
      </trkpt>
      <trkpt lat="46.172944" lon="11.520485">
        <ele>1709.751484</ele>
        <time>2026-05-24T11:33:21.000Z</time>
      </trkpt>
      <trkpt lat="46.172869" lon="11.520452">
        <ele>1708.253170</ele>
        <time>2026-05-24T11:33:24.000Z</time>
      </trkpt>
      <trkpt lat="46.172848" lon="11.520438">
        <ele>1707.811156</ele>
        <time>2026-05-24T11:33:25.000Z</time>
      </trkpt>
      <trkpt lat="46.172782" lon="11.520416">
        <ele>1706.516722</ele>
        <time>2026-05-24T11:33:28.000Z</time>
      </trkpt>
      <trkpt lat="46.172726" lon="11.520403">
        <ele>1705.432815</ele>
        <time>2026-05-24T11:33:31.000Z</time>
      </trkpt>
      <trkpt lat="46.172708" lon="11.520398">
        <ele>1705.082527</ele>
        <time>2026-05-24T11:33:32.000Z</time>
      </trkpt>
      <trkpt lat="46.172671" lon="11.520387">
        <ele>1704.360623</ele>
        <time>2026-05-24T11:33:34.000Z</time>
      </trkpt>
      <trkpt lat="46.172633" lon="11.520373">
        <ele>1703.611177</ele>
        <time>2026-05-24T11:33:36.000Z</time>
      </trkpt>
      <trkpt lat="46.172587" lon="11.520359">
        <ele>1702.712799</ele>
        <time>2026-05-24T11:33:39.000Z</time>
      </trkpt>
      <trkpt lat="46.172529" lon="11.520347">
        <ele>1701.593093</ele>
        <time>2026-05-24T11:33:42.000Z</time>
      </trkpt>
      <trkpt lat="46.172477" lon="11.520343">
        <ele>1700.597957</ele>
        <time>2026-05-24T11:33:44.000Z</time>
      </trkpt>
      <trkpt lat="46.172451" lon="11.520341">
        <ele>1700.100390</ele>
        <time>2026-05-24T11:33:45.000Z</time>
      </trkpt>
      <trkpt lat="46.172342" lon="11.520339">
        <ele>1698.017217</ele>
        <time>2026-05-24T11:33:49.000Z</time>
      </trkpt>
      <trkpt lat="46.172266" lon="11.520344">
        <ele>1696.563340</ele>
        <time>2026-05-24T11:33:52.000Z</time>
      </trkpt>
      <trkpt lat="46.172247" lon="11.520340">
        <ele>1696.196410</ele>
        <time>2026-05-24T11:33:53.000Z</time>
      </trkpt>
      <trkpt lat="46.172224" lon="11.520332">
        <ele>1695.744306</ele>
        <time>2026-05-24T11:33:54.000Z</time>
      </trkpt>
      <trkpt lat="46.172177" lon="11.520304">
        <ele>1694.772698</ele>
        <time>2026-05-24T11:33:56.000Z</time>
      </trkpt>
      <trkpt lat="46.172131" lon="11.520280">
        <ele>1693.838015</ele>
        <time>2026-05-24T11:33:58.000Z</time>
      </trkpt>
      <trkpt lat="46.172101" lon="11.520287">
        <ele>1693.257276</ele>
        <time>2026-05-24T11:34:00.000Z</time>
      </trkpt>
      <trkpt lat="46.172111" lon="11.520310">
        <ele>1692.897883</ele>
        <time>2026-05-24T11:34:01.000Z</time>
      </trkpt>
      <trkpt lat="46.172159" lon="11.520370">
        <ele>1691.684672</ele>
        <time>2026-05-24T11:34:04.000Z</time>
      </trkpt>
      <trkpt lat="46.172204" lon="11.520422">
        <ele>1690.583275</ele>
        <time>2026-05-24T11:34:07.000Z</time>
      </trkpt>
      <trkpt lat="46.172292" lon="11.520487">
        <ele>1688.694358</ele>
        <time>2026-05-24T11:34:11.000Z</time>
      </trkpt>
      <trkpt lat="46.172318" lon="11.520504">
        <ele>1688.148936</ele>
        <time>2026-05-24T11:34:12.000Z</time>
      </trkpt>
      <trkpt lat="46.172354" lon="11.520530">
        <ele>1687.379727</ele>
        <time>2026-05-24T11:34:14.000Z</time>
      </trkpt>
      <trkpt lat="46.172390" lon="11.520564">
        <ele>1686.557691</ele>
        <time>2026-05-24T11:34:16.000Z</time>
      </trkpt>
      <trkpt lat="46.172421" lon="11.520611">
        <ele>1685.698731</ele>
        <time>2026-05-24T11:34:18.000Z</time>
      </trkpt>
      <trkpt lat="46.172420" lon="11.520631">
        <ele>1685.433371</ele>
        <time>2026-05-24T11:34:20.000Z</time>
      </trkpt>
      <trkpt lat="46.172398" lon="11.520625">
        <ele>1685.005515</ele>
        <time>2026-05-24T11:34:21.000Z</time>
      </trkpt>
      <trkpt lat="46.172344" lon="11.520621">
        <ele>1683.972212</ele>
        <time>2026-05-24T11:34:23.000Z</time>
      </trkpt>
      <trkpt lat="46.172292" lon="11.520628">
        <ele>1682.974176</ele>
        <time>2026-05-24T11:34:25.000Z</time>
      </trkpt>
      <trkpt lat="46.172266" lon="11.520630">
        <ele>1682.476608</ele>
        <time>2026-05-24T11:34:26.000Z</time>
      </trkpt>
      <trkpt lat="46.172243" lon="11.520631">
        <ele>1682.036876</ele>
        <time>2026-05-24T11:34:27.000Z</time>
      </trkpt>
      <trkpt lat="46.172218" lon="11.520659">
        <ele>1681.432269</ele>
        <time>2026-05-24T11:34:30.000Z</time>
      </trkpt>
      <trkpt lat="46.172229" lon="11.520680">
        <ele>1681.083814</ele>
        <time>2026-05-24T11:34:31.000Z</time>
      </trkpt>
      <trkpt lat="46.172231" lon="11.520701">
        <ele>1680.803292</ele>
        <time>2026-05-24T11:34:32.000Z</time>
      </trkpt>
      <trkpt lat="46.172210" lon="11.520713">
        <ele>1680.477388</ele>
        <time>2026-05-24T11:34:33.000Z</time>
      </trkpt>
      <trkpt lat="46.172188" lon="11.520729">
        <ele>1680.131741</ele>
        <time>2026-05-24T11:34:34.000Z</time>
      </trkpt>
      <trkpt lat="46.172163" lon="11.520741">
        <ele>1679.762066</ele>
        <time>2026-05-24T11:34:35.000Z</time>
      </trkpt>
      <trkpt lat="46.172149" lon="11.520767">
        <ele>1679.442031</ele>
        <time>2026-05-24T11:34:37.000Z</time>
      </trkpt>
      <trkpt lat="46.172158" lon="11.520783">
        <ele>1679.241728</ele>
        <time>2026-05-24T11:34:38.000Z</time>
      </trkpt>
      <trkpt lat="46.172171" lon="11.520796">
        <ele>1679.019842</ele>
        <time>2026-05-24T11:34:39.000Z</time>
      </trkpt>
      <trkpt lat="46.172174" lon="11.520810">
        <ele>1678.877437</ele>
        <time>2026-05-24T11:34:40.000Z</time>
      </trkpt>
      <trkpt lat="46.172167" lon="11.520868">
        <ele>1678.305347</ele>
        <time>2026-05-24T11:34:43.000Z</time>
      </trkpt>
      <trkpt lat="46.172150" lon="11.520914">
        <ele>1677.798688</ele>
        <time>2026-05-24T11:34:47.000Z</time>
      </trkpt>
      <trkpt lat="46.172102" lon="11.520903">
        <ele>1677.116718</ele>
        <time>2026-05-24T11:34:50.000Z</time>
      </trkpt>
      <trkpt lat="46.172055" lon="11.520868">
        <ele>1676.374679</ele>
        <time>2026-05-24T11:34:53.000Z</time>
      </trkpt>
      <trkpt lat="46.171994" lon="11.520872">
        <ele>1675.517838</ele>
        <time>2026-05-24T11:34:56.000Z</time>
      </trkpt>
      <trkpt lat="46.171940" lon="11.520899">
        <ele>1674.715968</ele>
        <time>2026-05-24T11:34:59.000Z</time>
      </trkpt>
      <trkpt lat="46.171863" lon="11.520908">
        <ele>1673.631961</ele>
        <time>2026-05-24T11:35:04.000Z</time>
      </trkpt>
      <trkpt lat="46.171839" lon="11.520906">
        <ele>1673.294630</ele>
        <time>2026-05-24T11:35:05.000Z</time>
      </trkpt>
      <trkpt lat="46.171762" lon="11.520895">
        <ele>1672.208883</ele>
        <time>2026-05-24T11:35:09.000Z</time>
      </trkpt>
      <trkpt lat="46.171741" lon="11.520888">
        <ele>1671.906459</ele>
        <time>2026-05-24T11:35:11.000Z</time>
      </trkpt>
      <trkpt lat="46.171629" lon="11.520862">
        <ele>1670.314684</ele>
        <time>2026-05-24T11:35:16.000Z</time>
      </trkpt>
      <trkpt lat="46.171610" lon="11.520859">
        <ele>1670.046485</ele>
        <time>2026-05-24T11:35:17.000Z</time>
      </trkpt>
      <trkpt lat="46.171564" lon="11.520846">
        <ele>1669.388763</ele>
        <time>2026-05-24T11:35:19.000Z</time>
      </trkpt>
      <trkpt lat="46.171466" lon="11.520823">
        <ele>1667.995572</ele>
        <time>2026-05-24T11:35:23.000Z</time>
      </trkpt>
      <trkpt lat="46.171327" lon="11.520802">
        <ele>1666.034462</ele>
        <time>2026-05-24T11:35:29.000Z</time>
      </trkpt>
      <trkpt lat="46.171283" lon="11.520824">
        <ele>1665.381085</ele>
        <time>2026-05-24T11:35:32.000Z</time>
      </trkpt>
      <trkpt lat="46.171196" lon="11.520864">
        <ele>1664.099906</ele>
        <time>2026-05-24T11:35:37.000Z</time>
      </trkpt>
      <trkpt lat="46.171116" lon="11.520922">
        <ele>1662.843796</ele>
        <time>2026-05-24T11:35:42.000Z</time>
      </trkpt>
      <trkpt lat="46.171098" lon="11.520926">
        <ele>1662.588244</ele>
        <time>2026-05-24T11:35:43.000Z</time>
      </trkpt>
      <trkpt lat="46.171029" lon="11.520946">
        <ele>1661.600716</ele>
        <time>2026-05-24T11:35:46.000Z</time>
      </trkpt>
      <trkpt lat="46.170987" lon="11.520957">
        <ele>1661.001752</ele>
        <time>2026-05-24T11:35:48.000Z</time>
      </trkpt>
      <trkpt lat="46.170969" lon="11.520964">
        <ele>1660.740175</ele>
        <time>2026-05-24T11:35:49.000Z</time>
      </trkpt>
      <trkpt lat="46.170950" lon="11.520977">
        <ele>1660.445150</ele>
        <time>2026-05-24T11:35:50.000Z</time>
      </trkpt>
      <trkpt lat="46.170877" lon="11.521021">
        <ele>1659.335154</ele>
        <time>2026-05-24T11:35:54.000Z</time>
      </trkpt>
      <trkpt lat="46.170844" lon="11.521044">
        <ele>1658.820978</ele>
        <time>2026-05-24T11:35:56.000Z</time>
      </trkpt>
      <trkpt lat="46.170822" lon="11.521060">
        <ele>1658.475329</ele>
        <time>2026-05-24T11:35:57.000Z</time>
      </trkpt>
      <trkpt lat="46.170725" lon="11.521123">
        <ele>1656.982875</ele>
        <time>2026-05-24T11:36:01.000Z</time>
      </trkpt>
      <trkpt lat="46.170633" lon="11.521207">
        <ele>1655.466772</ele>
        <time>2026-05-24T11:36:05.000Z</time>
      </trkpt>
      <trkpt lat="46.170477" lon="11.521272">
        <ele>1653.529923</ele>
        <time>2026-05-24T11:36:11.000Z</time>
      </trkpt>
      <trkpt lat="46.170453" lon="11.521279">
        <ele>1653.237845</ele>
        <time>2026-05-24T11:36:12.000Z</time>
      </trkpt>
      <trkpt lat="46.170408" lon="11.521300">
        <ele>1652.673702</ele>
        <time>2026-05-24T11:36:14.000Z</time>
      </trkpt>
      <trkpt lat="46.170371" lon="11.521316">
        <ele>1652.212962</ele>
        <time>2026-05-24T11:36:16.000Z</time>
      </trkpt>
      <trkpt lat="46.170337" lon="11.521345">
        <ele>1651.741905</ele>
        <time>2026-05-24T11:36:19.000Z</time>
      </trkpt>
      <trkpt lat="46.170272" lon="11.521360">
        <ele>1650.956679</ele>
        <time>2026-05-24T11:36:22.000Z</time>
      </trkpt>
      <trkpt lat="46.170224" lon="11.521347">
        <ele>1650.374102</ele>
        <time>2026-05-24T11:36:24.000Z</time>
      </trkpt>
      <trkpt lat="46.170206" lon="11.521338">
        <ele>1650.146871</ele>
        <time>2026-05-24T11:36:25.000Z</time>
      </trkpt>
      <trkpt lat="46.170163" lon="11.521339">
        <ele>1649.633857</ele>
        <time>2026-05-24T11:36:28.000Z</time>
      </trkpt>
      <trkpt lat="46.170135" lon="11.521346">
        <ele>1649.294875</ele>
        <time>2026-05-24T11:36:30.000Z</time>
      </trkpt>
      <trkpt lat="46.170072" lon="11.521409">
        <ele>1648.380730</ele>
        <time>2026-05-24T11:36:34.000Z</time>
      </trkpt>
      <trkpt lat="46.170032" lon="11.521445">
        <ele>1647.818476</ele>
        <time>2026-05-24T11:36:36.000Z</time>
      </trkpt>
      <trkpt lat="46.169962" lon="11.521534">
        <ele>1646.705888</ele>
        <time>2026-05-24T11:36:40.000Z</time>
      </trkpt>
      <trkpt lat="46.169937" lon="11.521555">
        <ele>1646.360873</ele>
        <time>2026-05-24T11:36:41.000Z</time>
      </trkpt>
      <trkpt lat="46.169878" lon="11.521568">
        <ele>1645.648914</ele>
        <time>2026-05-24T11:36:43.000Z</time>
      </trkpt>
      <trkpt lat="46.169800" lon="11.521552">
        <ele>1644.709109</ele>
        <time>2026-05-24T11:36:46.000Z</time>
      </trkpt>
      <trkpt lat="46.169720" lon="11.521535">
        <ele>1643.744509</ele>
        <time>2026-05-24T11:36:49.000Z</time>
      </trkpt>
      <trkpt lat="46.169669" lon="11.521531">
        <ele>1643.135231</ele>
        <time>2026-05-24T11:36:51.000Z</time>
      </trkpt>
      <trkpt lat="46.169601" lon="11.521548">
        <ele>1642.311990</ele>
        <time>2026-05-24T11:36:54.000Z</time>
      </trkpt>
      <trkpt lat="46.169531" lon="11.521589">
        <ele>1641.410879</ele>
        <time>2026-05-24T11:36:57.000Z</time>
      </trkpt>
      <trkpt lat="46.169458" lon="11.521670">
        <ele>1640.312656</ele>
        <time>2026-05-24T11:37:01.000Z</time>
      </trkpt>
      <trkpt lat="46.169413" lon="11.521707">
        <ele>1639.694925</ele>
        <time>2026-05-24T11:37:04.000Z</time>
      </trkpt>
      <trkpt lat="46.169321" lon="11.521759">
        <ele>1638.516374</ele>
        <time>2026-05-24T11:37:08.000Z</time>
      </trkpt>
      <trkpt lat="46.169283" lon="11.521772">
        <ele>1638.050523</ele>
        <time>2026-05-24T11:37:10.000Z</time>
      </trkpt>
      <trkpt lat="46.169236" lon="11.521789">
        <ele>1637.472537</ele>
        <time>2026-05-24T11:37:12.000Z</time>
      </trkpt>
      <trkpt lat="46.169187" lon="11.521804">
        <ele>1636.875024</ele>
        <time>2026-05-24T11:37:14.000Z</time>
      </trkpt>
      <trkpt lat="46.169071" lon="11.521817">
        <ele>1635.487096</ele>
        <time>2026-05-24T11:37:18.000Z</time>
      </trkpt>
      <trkpt lat="46.169042" lon="11.521818">
        <ele>1635.141055</ele>
        <time>2026-05-24T11:37:19.000Z</time>
      </trkpt>
      <trkpt lat="46.168880" lon="11.521830">
        <ele>1633.043851</ele>
        <time>2026-05-24T11:37:25.000Z</time>
      </trkpt>
      <trkpt lat="46.168822" lon="11.521847">
        <ele>1632.206053</ele>
        <time>2026-05-24T11:37:28.000Z</time>
      </trkpt>
      <trkpt lat="46.168785" lon="11.521858">
        <ele>1631.671291</ele>
        <time>2026-05-24T11:37:30.000Z</time>
      </trkpt>
      <trkpt lat="46.168693" lon="11.521849">
        <ele>1630.365944</ele>
        <time>2026-05-24T11:37:35.000Z</time>
      </trkpt>
      <trkpt lat="46.168628" lon="11.521816">
        <ele>1629.390579</ele>
        <time>2026-05-24T11:37:39.000Z</time>
      </trkpt>
      <trkpt lat="46.168608" lon="11.521804">
        <ele>1629.083988</ele>
        <time>2026-05-24T11:37:40.000Z</time>
      </trkpt>
      <trkpt lat="46.168588" lon="11.521794">
        <ele>1628.784373</ele>
        <time>2026-05-24T11:37:41.000Z</time>
      </trkpt>
      <trkpt lat="46.168574" lon="11.521791">
        <ele>1628.584017</ele>
        <time>2026-05-24T11:37:42.000Z</time>
      </trkpt>
      <trkpt lat="46.168560" lon="11.521787">
        <ele>1628.381989</ele>
        <time>2026-05-24T11:37:43.000Z</time>
      </trkpt>
      <trkpt lat="46.168514" lon="11.521775">
        <ele>1627.720267</ele>
        <time>2026-05-24T11:37:46.000Z</time>
      </trkpt>
      <trkpt lat="46.168453" lon="11.521777">
        <ele>1626.856522</ele>
        <time>2026-05-24T11:37:51.000Z</time>
      </trkpt>
      <trkpt lat="46.168421" lon="11.521781">
        <ele>1626.401832</ele>
        <time>2026-05-24T11:37:53.000Z</time>
      </trkpt>
      <trkpt lat="46.168330" lon="11.521794">
        <ele>1625.107337</ele>
        <time>2026-05-24T11:37:59.000Z</time>
      </trkpt>
      <trkpt lat="46.168254" lon="11.521523">
        <ele>1622.240965</ele>
        <time>2026-05-24T11:51:17.000Z</time>
      </trkpt>
      <trkpt lat="46.168255" lon="11.521523">
        <ele>1622.226809</ele>
        <time>2026-05-24T11:51:18.000Z</time>
      </trkpt>
      <trkpt lat="46.168278" lon="11.521556">
        <ele>1621.767815</ele>
        <time>2026-05-24T11:51:25.000Z</time>
      </trkpt>
      <trkpt lat="46.168313" lon="11.521631">
        <ele>1620.881182</ele>
        <time>2026-05-24T11:51:31.000Z</time>
      </trkpt>
      <trkpt lat="46.168292" lon="11.521694">
        <ele>1620.195729</ele>
        <time>2026-05-24T11:51:36.000Z</time>
      </trkpt>
      <trkpt lat="46.168289" lon="11.521706">
        <ele>1620.070654</ele>
        <time>2026-05-24T11:51:37.000Z</time>
      </trkpt>
      <trkpt lat="46.168269" lon="11.521771">
        <ele>1619.373349</ele>
        <time>2026-05-24T11:51:42.000Z</time>
      </trkpt>
      <trkpt lat="46.168246" lon="11.521823">
        <ele>1618.768454</ele>
        <time>2026-05-24T11:51:47.000Z</time>
      </trkpt>
      <trkpt lat="46.168214" lon="11.521837">
        <ele>1618.295122</ele>
        <time>2026-05-24T11:51:50.000Z</time>
      </trkpt>
      <trkpt lat="46.168153" lon="11.521858">
        <ele>1617.407397</ele>
        <time>2026-05-24T11:51:54.000Z</time>
      </trkpt>
      <trkpt lat="46.168090" lon="11.521878">
        <ele>1616.494262</ele>
        <time>2026-05-24T11:51:58.000Z</time>
      </trkpt>
      <trkpt lat="46.168059" lon="11.521881">
        <ele>1616.054439</ele>
        <time>2026-05-24T11:52:00.000Z</time>
      </trkpt>
      <trkpt lat="46.167979" lon="11.521887">
        <ele>1614.920424</ele>
        <time>2026-05-24T11:52:05.000Z</time>
      </trkpt>
      <trkpt lat="46.167959" lon="11.521894">
        <ele>1614.629103</ele>
        <time>2026-05-24T11:52:07.000Z</time>
      </trkpt>
      <trkpt lat="46.167942" lon="11.521915">
        <ele>1614.312401</ele>
        <time>2026-05-24T11:52:12.000Z</time>
      </trkpt>
      <trkpt lat="46.167940" lon="11.521921">
        <ele>1614.247119</ele>
        <time>2026-05-24T11:52:15.000Z</time>
      </trkpt>
      <trkpt lat="46.167947" lon="11.521920">
        <ele>1614.147543</ele>
        <time>2026-05-24T11:52:16.000Z</time>
      </trkpt>
      <trkpt lat="46.167949" lon="11.521907">
        <ele>1614.016987</ele>
        <time>2026-05-24T11:52:19.000Z</time>
      </trkpt>
      <trkpt lat="46.167942" lon="11.521900">
        <ele>1613.896451</ele>
        <time>2026-05-24T11:52:21.000Z</time>
      </trkpt>
      <trkpt lat="46.167942" lon="11.521899">
        <ele>1613.886647</ele>
        <time>2026-05-24T11:52:22.000Z</time>
      </trkpt>
      <trkpt lat="46.167944" lon="11.521902">
        <ele>1613.845823</ele>
        <time>2026-05-24T11:52:23.000Z</time>
      </trkpt>
      <trkpt lat="46.167941" lon="11.521897">
        <ele>1613.780966</ele>
        <time>2026-05-24T11:52:25.000Z</time>
      </trkpt>
      <trkpt lat="46.167918" lon="11.521896">
        <ele>1613.455228</ele>
        <time>2026-05-24T11:52:29.000Z</time>
      </trkpt>
      <trkpt lat="46.167905" lon="11.521898">
        <ele>1613.270157</ele>
        <time>2026-05-24T11:52:30.000Z</time>
      </trkpt>
      <trkpt lat="46.167863" lon="11.521915">
        <ele>1612.652683</ele>
        <time>2026-05-24T11:52:34.000Z</time>
      </trkpt>
      <trkpt lat="46.167824" lon="11.521929">
        <ele>1612.083789</ele>
        <time>2026-05-24T11:52:37.000Z</time>
      </trkpt>
      <trkpt lat="46.167809" lon="11.521938">
        <ele>1611.853846</ele>
        <time>2026-05-24T11:52:38.000Z</time>
      </trkpt>
      <trkpt lat="46.167748" lon="11.521979">
        <ele>1610.901354</ele>
        <time>2026-05-24T11:52:43.000Z</time>
      </trkpt>
      <trkpt lat="46.167677" lon="11.522072">
        <ele>1609.544340</ele>
        <time>2026-05-24T11:52:49.000Z</time>
      </trkpt>
      <trkpt lat="46.167622" lon="11.522133">
        <ele>1608.577621</ele>
        <time>2026-05-24T11:52:54.000Z</time>
      </trkpt>
      <trkpt lat="46.167610" lon="11.522150">
        <ele>1608.410869</ele>
        <time>2026-05-24T11:52:55.000Z</time>
      </trkpt>
      <trkpt lat="46.167557" lon="11.522169">
        <ele>1607.869190</ele>
        <time>2026-05-24T11:52:59.000Z</time>
      </trkpt>
      <trkpt lat="46.167536" lon="11.522162">
        <ele>1607.655409</ele>
        <time>2026-05-24T11:53:01.000Z</time>
      </trkpt>
      <trkpt lat="46.167437" lon="11.522157">
        <ele>1606.672807</ele>
        <time>2026-05-24T11:53:06.000Z</time>
      </trkpt>
      <trkpt lat="46.167421" lon="11.522164">
        <ele>1606.506974</ele>
        <time>2026-05-24T11:53:07.000Z</time>
      </trkpt>
      <trkpt lat="46.167369" lon="11.522219">
        <ele>1605.867598</ele>
        <time>2026-05-24T11:53:11.000Z</time>
      </trkpt>
      <trkpt lat="46.167315" lon="11.522257">
        <ele>1605.271736</ele>
        <time>2026-05-24T11:53:14.000Z</time>
      </trkpt>
      <trkpt lat="46.167243" lon="11.522295">
        <ele>1604.511341</ele>
        <time>2026-05-24T11:53:19.000Z</time>
      </trkpt>
      <trkpt lat="46.167233" lon="11.522298">
        <ele>1604.410030</ele>
        <time>2026-05-24T11:53:20.000Z</time>
      </trkpt>
      <trkpt lat="46.167227" lon="11.522303">
        <ele>1604.341315</ele>
        <time>2026-05-24T11:53:21.000Z</time>
      </trkpt>
      <trkpt lat="46.167172" lon="11.522303">
        <ele>1603.795758</ele>
        <time>2026-05-24T11:53:25.000Z</time>
      </trkpt>
      <trkpt lat="46.167069" lon="11.522265">
        <ele>1602.741258</ele>
        <time>2026-05-24T11:53:30.000Z</time>
      </trkpt>
      <trkpt lat="46.166945" lon="11.522288">
        <ele>1601.501170</ele>
        <time>2026-05-24T11:53:36.000Z</time>
      </trkpt>
      <trkpt lat="46.166926" lon="11.522295">
        <ele>1601.306666</ele>
        <time>2026-05-24T11:53:37.000Z</time>
      </trkpt>
      <trkpt lat="46.166888" lon="11.522305">
        <ele>1600.923528</ele>
        <time>2026-05-24T11:53:39.000Z</time>
      </trkpt>
      <trkpt lat="46.166820" lon="11.522316">
        <ele>1600.244802</ele>
        <time>2026-05-24T11:53:42.000Z</time>
      </trkpt>
      <trkpt lat="46.166764" lon="11.522327">
        <ele>1599.684210</ele>
        <time>2026-05-24T11:53:45.000Z</time>
      </trkpt>
      <trkpt lat="46.166723" lon="11.522351">
        <ele>1599.245373</ele>
        <time>2026-05-24T11:53:47.000Z</time>
      </trkpt>
      <trkpt lat="46.166663" lon="11.522449">
        <ele>1598.346796</ele>
        <time>2026-05-24T11:53:54.000Z</time>
      </trkpt>
      <trkpt lat="46.166631" lon="11.522507">
        <ele>1597.837377</ele>
        <time>2026-05-24T11:53:58.000Z</time>
      </trkpt>
      <trkpt lat="46.166575" lon="11.522550">
        <ele>1597.208241</ele>
        <time>2026-05-24T11:54:02.000Z</time>
      </trkpt>
      <trkpt lat="46.166564" lon="11.522558">
        <ele>1597.086071</ele>
        <time>2026-05-24T11:54:03.000Z</time>
      </trkpt>
      <trkpt lat="46.166512" lon="11.522603">
        <ele>1596.484727</ele>
        <time>2026-05-24T11:54:08.000Z</time>
      </trkpt>
      <trkpt lat="46.166500" lon="11.522609">
        <ele>1596.358762</ele>
        <time>2026-05-24T11:54:09.000Z</time>
      </trkpt>
      <trkpt lat="46.166463" lon="11.522622">
        <ele>1595.981042</ele>
        <time>2026-05-24T11:54:11.000Z</time>
      </trkpt>
      <trkpt lat="46.166420" lon="11.522626">
        <ele>1595.553632</ele>
        <time>2026-05-24T11:54:13.000Z</time>
      </trkpt>
      <trkpt lat="46.166338" lon="11.522638">
        <ele>1594.736091</ele>
        <time>2026-05-24T11:54:16.000Z</time>
      </trkpt>
      <trkpt lat="46.166273" lon="11.522658">
        <ele>1594.076865</ele>
        <time>2026-05-24T11:54:19.000Z</time>
      </trkpt>
      <trkpt lat="46.166265" lon="11.522672">
        <ele>1593.952178</ele>
        <time>2026-05-24T11:54:20.000Z</time>
      </trkpt>
      <trkpt lat="46.166224" lon="11.522716">
        <ele>1593.445463</ele>
        <time>2026-05-24T11:54:24.000Z</time>
      </trkpt>
      <trkpt lat="46.166158" lon="11.522775">
        <ele>1592.675483</ele>
        <time>2026-05-24T11:54:28.000Z</time>
      </trkpt>
      <trkpt lat="46.166142" lon="11.522810">
        <ele>1592.387386</ele>
        <time>2026-05-24T11:54:30.000Z</time>
      </trkpt>
      <trkpt lat="46.166108" lon="11.522846">
        <ele>1591.969173</ele>
        <time>2026-05-24T11:54:32.000Z</time>
      </trkpt>
      <trkpt lat="46.166057" lon="11.522882">
        <ele>1591.406077</ele>
        <time>2026-05-24T11:54:35.000Z</time>
      </trkpt>
      <trkpt lat="46.165985" lon="11.522925">
        <ele>1590.681771</ele>
        <time>2026-05-24T11:54:39.000Z</time>
      </trkpt>
      <trkpt lat="46.165914" lon="11.522958">
        <ele>1590.201323</ele>
        <time>2026-05-24T11:54:44.000Z</time>
      </trkpt>
      <trkpt lat="46.165868" lon="11.522975">
        <ele>1589.895469</ele>
        <time>2026-05-24T11:54:47.000Z</time>
      </trkpt>
      <trkpt lat="46.165852" lon="11.522985">
        <ele>1589.783166</ele>
        <time>2026-05-24T11:54:48.000Z</time>
      </trkpt>
      <trkpt lat="46.165807" lon="11.523033">
        <ele>1589.422787</ele>
        <time>2026-05-24T11:54:52.000Z</time>
      </trkpt>
      <trkpt lat="46.165737" lon="11.523098">
        <ele>1588.886698</ele>
        <time>2026-05-24T11:54:57.000Z</time>
      </trkpt>
      <trkpt lat="46.165730" lon="11.523096">
        <ele>1588.840734</ele>
        <time>2026-05-24T11:54:58.000Z</time>
      </trkpt>
      <trkpt lat="46.165699" lon="11.523110">
        <ele>1588.631512</ele>
        <time>2026-05-24T11:55:01.000Z</time>
      </trkpt>
      <trkpt lat="46.165680" lon="11.523115">
        <ele>1588.507110</ele>
        <time>2026-05-24T11:55:02.000Z</time>
      </trkpt>
      <trkpt lat="46.165659" lon="11.523120">
        <ele>1588.370015</ele>
        <time>2026-05-24T11:55:03.000Z</time>
      </trkpt>
      <trkpt lat="46.165620" lon="11.523130">
        <ele>1588.114871</ele>
        <time>2026-05-24T11:55:05.000Z</time>
      </trkpt>
      <trkpt lat="46.165580" lon="11.523147">
        <ele>1587.846287</ele>
        <time>2026-05-24T11:55:07.000Z</time>
      </trkpt>
      <trkpt lat="46.165536" lon="11.523174">
        <ele>1587.538333</ele>
        <time>2026-05-24T11:55:09.000Z</time>
      </trkpt>
      <trkpt lat="46.165456" lon="11.523227">
        <ele>1586.971369</ele>
        <time>2026-05-24T11:55:14.000Z</time>
      </trkpt>
      <trkpt lat="46.165431" lon="11.523239">
        <ele>1586.801670</ele>
        <time>2026-05-24T11:55:16.000Z</time>
      </trkpt>
      <trkpt lat="46.165367" lon="11.523228">
        <ele>1586.386512</ele>
        <time>2026-05-24T11:55:20.000Z</time>
      </trkpt>
      <trkpt lat="46.165345" lon="11.523240">
        <ele>1586.235027</ele>
        <time>2026-05-24T11:55:22.000Z</time>
      </trkpt>
      <trkpt lat="46.165337" lon="11.523237">
        <ele>1586.181786</ele>
        <time>2026-05-24T11:55:23.000Z</time>
      </trkpt>
      <trkpt lat="46.165277" lon="11.523222">
        <ele>1585.789554</ele>
        <time>2026-05-24T11:55:28.000Z</time>
      </trkpt>
      <trkpt lat="46.165176" lon="11.523171">
        <ele>1585.100339</ele>
        <time>2026-05-24T11:55:35.000Z</time>
      </trkpt>
      <trkpt lat="46.165120" lon="11.523157">
        <ele>1584.734255</ele>
        <time>2026-05-24T11:55:39.000Z</time>
      </trkpt>
      <trkpt lat="46.165005" lon="11.523152">
        <ele>1583.993162</ele>
        <time>2026-05-24T11:55:45.000Z</time>
      </trkpt>
      <trkpt lat="46.164924" lon="11.523227">
        <ele>1583.373344</ele>
        <time>2026-05-24T11:55:51.000Z</time>
      </trkpt>
      <trkpt lat="46.164808" lon="11.523317">
        <ele>1582.525102</ele>
        <time>2026-05-24T11:55:58.000Z</time>
      </trkpt>
      <trkpt lat="46.164680" lon="11.523398">
        <ele>1581.624896</ele>
        <time>2026-05-24T11:56:03.000Z</time>
      </trkpt>
      <trkpt lat="46.164508" lon="11.523527">
        <ele>1580.376427</ele>
        <time>2026-05-24T11:56:10.000Z</time>
      </trkpt>
      <trkpt lat="46.164465" lon="11.523562">
        <ele>1580.058468</ele>
        <time>2026-05-24T11:56:12.000Z</time>
      </trkpt>
      <trkpt lat="46.164398" lon="11.523633">
        <ele>1579.523134</ele>
        <time>2026-05-24T11:56:16.000Z</time>
      </trkpt>
      <trkpt lat="46.164372" lon="11.523662">
        <ele>1579.311506</ele>
        <time>2026-05-24T11:56:18.000Z</time>
      </trkpt>
      <trkpt lat="46.164365" lon="11.523678">
        <ele>1579.227078</ele>
        <time>2026-05-24T11:56:19.000Z</time>
      </trkpt>
      <trkpt lat="46.164337" lon="11.523723">
        <ele>1578.889459</ele>
        <time>2026-05-24T11:56:22.000Z</time>
      </trkpt>
      <trkpt lat="46.164314" lon="11.523760">
        <ele>1578.601980</ele>
        <time>2026-05-24T11:56:24.000Z</time>
      </trkpt>
      <trkpt lat="46.164277" lon="11.523804">
        <ele>1578.201791</ele>
        <time>2026-05-24T11:56:27.000Z</time>
      </trkpt>
      <trkpt lat="46.164268" lon="11.523817">
        <ele>1578.095507</ele>
        <time>2026-05-24T11:56:28.000Z</time>
      </trkpt>
      <trkpt lat="46.164241" lon="11.523841">
        <ele>1577.830797</ele>
        <time>2026-05-24T11:56:30.000Z</time>
      </trkpt>
      <trkpt lat="46.164179" lon="11.523882">
        <ele>1577.261467</ele>
        <time>2026-05-24T11:56:34.000Z</time>
      </trkpt>
      <trkpt lat="46.164133" lon="11.523916">
        <ele>1576.830028</ele>
        <time>2026-05-24T11:56:38.000Z</time>
      </trkpt>
      <trkpt lat="46.164120" lon="11.523927">
        <ele>1576.704230</ele>
        <time>2026-05-24T11:56:39.000Z</time>
      </trkpt>
      <trkpt lat="46.164086" lon="11.523970">
        <ele>1576.326875</ele>
        <time>2026-05-24T11:56:42.000Z</time>
      </trkpt>
      <trkpt lat="46.164036" lon="11.524042">
        <ele>1575.737315</ele>
        <time>2026-05-24T11:56:46.000Z</time>
      </trkpt>
      <trkpt lat="46.164019" lon="11.524062">
        <ele>1575.554236</ele>
        <time>2026-05-24T11:56:47.000Z</time>
      </trkpt>
      <trkpt lat="46.163937" lon="11.524147">
        <ele>1574.711477</ele>
        <time>2026-05-24T11:56:54.000Z</time>
      </trkpt>
      <trkpt lat="46.163920" lon="11.524162">
        <ele>1574.545144</ele>
        <time>2026-05-24T11:56:55.000Z</time>
      </trkpt>
      <trkpt lat="46.163874" lon="11.524208">
        <ele>1574.077985</ele>
        <time>2026-05-24T11:56:58.000Z</time>
      </trkpt>
      <trkpt lat="46.163859" lon="11.524219">
        <ele>1573.937526</ele>
        <time>2026-05-24T11:56:59.000Z</time>
      </trkpt>
      <trkpt lat="46.163815" lon="11.524258">
        <ele>1573.506484</ele>
        <time>2026-05-24T11:57:02.000Z</time>
      </trkpt>
      <trkpt lat="46.163751" lon="11.524312">
        <ele>1572.887618</ele>
        <time>2026-05-24T11:57:06.000Z</time>
      </trkpt>
      <trkpt lat="46.163730" lon="11.524327">
        <ele>1572.692013</ele>
        <time>2026-05-24T11:57:07.000Z</time>
      </trkpt>
      <trkpt lat="46.163662" lon="11.524427">
        <ele>1571.881670</ele>
        <time>2026-05-24T11:57:13.000Z</time>
      </trkpt>
      <trkpt lat="46.163649" lon="11.524443">
        <ele>1571.739055</ele>
        <time>2026-05-24T11:57:14.000Z</time>
      </trkpt>
      <trkpt lat="46.163593" lon="11.524528">
        <ele>1571.060706</ele>
        <time>2026-05-24T11:57:19.000Z</time>
      </trkpt>
      <trkpt lat="46.163537" lon="11.524598">
        <ele>1570.442306</ele>
        <time>2026-05-24T11:57:24.000Z</time>
      </trkpt>
      <trkpt lat="46.163526" lon="11.524610">
        <ele>1570.327203</ele>
        <time>2026-05-24T11:57:25.000Z</time>
      </trkpt>
      <trkpt lat="46.163491" lon="11.524657">
        <ele>1569.928149</ele>
        <time>2026-05-24T11:57:28.000Z</time>
      </trkpt>
      <trkpt lat="46.163447" lon="11.524737">
        <ele>1569.337445</ele>
        <time>2026-05-24T11:57:32.000Z</time>
      </trkpt>
      <trkpt lat="46.163420" lon="11.524777">
        <ele>1569.014474</ele>
        <time>2026-05-24T11:57:35.000Z</time>
      </trkpt>
      <trkpt lat="46.163384" lon="11.524857">
        <ele>1568.462819</ele>
        <time>2026-05-24T11:57:40.000Z</time>
      </trkpt>
      <trkpt lat="46.163348" lon="11.524915">
        <ele>1568.012473</ele>
        <time>2026-05-24T11:57:43.000Z</time>
      </trkpt>
      <trkpt lat="46.163272" lon="11.525084">
        <ele>1566.847328</ele>
        <time>2026-05-24T11:57:51.000Z</time>
      </trkpt>
      <trkpt lat="46.163231" lon="11.525145">
        <ele>1566.355816</ele>
        <time>2026-05-24T11:57:55.000Z</time>
      </trkpt>
      <trkpt lat="46.163203" lon="11.525168">
        <ele>1566.086867</ele>
        <time>2026-05-24T11:57:57.000Z</time>
      </trkpt>
      <trkpt lat="46.163173" lon="11.525183">
        <ele>1565.821811</ele>
        <time>2026-05-24T11:58:00.000Z</time>
      </trkpt>
      <trkpt lat="46.163130" lon="11.525203">
        <ele>1565.444647</ele>
        <time>2026-05-24T11:58:04.000Z</time>
      </trkpt>
      <trkpt lat="46.163040" lon="11.525302">
        <ele>1564.500035</ele>
        <time>2026-05-24T11:58:13.000Z</time>
      </trkpt>
      <trkpt lat="46.162943" lon="11.525367">
        <ele>1563.384061</ele>
        <time>2026-05-24T11:58:19.000Z</time>
      </trkpt>
      <trkpt lat="46.162911" lon="11.525421">
        <ele>1562.810022</ele>
        <time>2026-05-24T11:58:22.000Z</time>
      </trkpt>
      <trkpt lat="46.162897" lon="11.525469">
        <ele>1562.389334</ele>
        <time>2026-05-24T11:58:24.000Z</time>
      </trkpt>
      <trkpt lat="46.162892" lon="11.525493">
        <ele>1562.186898</ele>
        <time>2026-05-24T11:58:25.000Z</time>
      </trkpt>
      <trkpt lat="46.162884" lon="11.525568">
        <ele>1561.573954</ele>
        <time>2026-05-24T11:58:28.000Z</time>
      </trkpt>
      <trkpt lat="46.162876" lon="11.525631">
        <ele>1561.056599</ele>
        <time>2026-05-24T11:58:31.000Z</time>
      </trkpt>
      <trkpt lat="46.162872" lon="11.525650">
        <ele>1560.896196</ele>
        <time>2026-05-24T11:58:32.000Z</time>
      </trkpt>
      <trkpt lat="46.162850" lon="11.525770">
        <ele>1559.893532</ele>
        <time>2026-05-24T11:58:39.000Z</time>
      </trkpt>
      <trkpt lat="46.162837" lon="11.525819">
        <ele>1559.469698</ele>
        <time>2026-05-24T11:58:41.000Z</time>
      </trkpt>
      <trkpt lat="46.162813" lon="11.525924">
        <ele>1558.576585</ele>
        <time>2026-05-24T11:58:45.000Z</time>
      </trkpt>
      <trkpt lat="46.162767" lon="11.526024">
        <ele>1557.606931</ele>
        <time>2026-05-24T11:58:50.000Z</time>
      </trkpt>
      <trkpt lat="46.162752" lon="11.526058">
        <ele>1557.281319</ele>
        <time>2026-05-24T11:58:52.000Z</time>
      </trkpt>
      <trkpt lat="46.162742" lon="11.526135">
        <ele>1556.648522</ele>
        <time>2026-05-24T11:58:56.000Z</time>
      </trkpt>
      <trkpt lat="46.162735" lon="11.526183">
        <ele>1556.252307</ele>
        <time>2026-05-24T11:58:58.000Z</time>
      </trkpt>
      <trkpt lat="46.162713" lon="11.526300">
        <ele>1555.273046</ele>
        <time>2026-05-24T11:59:03.000Z</time>
      </trkpt>
      <trkpt lat="46.162709" lon="11.526321">
        <ele>1555.097124</ele>
        <time>2026-05-24T11:59:04.000Z</time>
      </trkpt>
      <trkpt lat="46.162701" lon="11.526370">
        <ele>1554.690485</ele>
        <time>2026-05-24T11:59:06.000Z</time>
      </trkpt>
      <trkpt lat="46.162688" lon="11.526532">
        <ele>1553.373196</ele>
        <time>2026-05-24T11:59:13.000Z</time>
      </trkpt>
      <trkpt lat="46.162685" lon="11.526608">
        <ele>1552.758319</ele>
        <time>2026-05-24T11:59:16.000Z</time>
      </trkpt>
      <trkpt lat="46.162688" lon="11.526690">
        <ele>1552.095050</ele>
        <time>2026-05-24T11:59:20.000Z</time>
      </trkpt>
      <trkpt lat="46.162690" lon="11.526712">
        <ele>1551.915824</ele>
        <time>2026-05-24T11:59:21.000Z</time>
      </trkpt>
      <trkpt lat="46.162697" lon="11.526830">
        <ele>1550.959203</ele>
        <time>2026-05-24T11:59:26.000Z</time>
      </trkpt>
      <trkpt lat="46.162702" lon="11.526861">
        <ele>1550.702105</ele>
        <time>2026-05-24T11:59:28.000Z</time>
      </trkpt>
      <trkpt lat="46.162707" lon="11.526886">
        <ele>1550.491920</ele>
        <time>2026-05-24T11:59:29.000Z</time>
      </trkpt>
      <trkpt lat="46.162727" lon="11.526991">
        <ele>1549.612308</ele>
        <time>2026-05-24T11:59:35.000Z</time>
      </trkpt>
      <trkpt lat="46.162732" lon="11.527003">
        <ele>1549.499191</ele>
        <time>2026-05-24T11:59:36.000Z</time>
      </trkpt>
      <trkpt lat="46.162746" lon="11.527045">
        <ele>1549.122698</ele>
        <time>2026-05-24T11:59:38.000Z</time>
      </trkpt>
      <trkpt lat="46.162772" lon="11.527111">
        <ele>1548.509393</ele>
        <time>2026-05-24T11:59:41.000Z</time>
      </trkpt>
      <trkpt lat="46.162782" lon="11.527135">
        <ele>1548.283160</ele>
        <time>2026-05-24T11:59:42.000Z</time>
      </trkpt>
      <trkpt lat="46.162810" lon="11.527189">
        <ele>1547.738294</ele>
        <time>2026-05-24T11:59:45.000Z</time>
      </trkpt>
      <trkpt lat="46.162833" lon="11.527307">
        <ele>1546.748141</ele>
        <time>2026-05-24T11:59:50.000Z</time>
      </trkpt>
      <trkpt lat="46.162833" lon="11.527341">
        <ele>1546.473511</ele>
        <time>2026-05-24T11:59:51.000Z</time>
      </trkpt>
      <trkpt lat="46.162856" lon="11.527423">
        <ele>1545.758916</ele>
        <time>2026-05-24T11:59:56.000Z</time>
      </trkpt>
      <trkpt lat="46.162862" lon="11.527445">
        <ele>1545.567934</ele>
        <time>2026-05-24T11:59:57.000Z</time>
      </trkpt>
      <trkpt lat="46.162926" lon="11.527613">
        <ele>1544.019219</ele>
        <time>2026-05-24T12:00:06.000Z</time>
      </trkpt>
      <trkpt lat="46.162935" lon="11.527642">
        <ele>1543.762536</ele>
        <time>2026-05-24T12:00:07.000Z</time>
      </trkpt>
      <trkpt lat="46.163002" lon="11.527840">
        <ele>1541.826626</ele>
        <time>2026-05-24T12:00:17.000Z</time>
      </trkpt>
      <trkpt lat="46.163018" lon="11.527894">
        <ele>1541.291124</ele>
        <time>2026-05-24T12:00:19.000Z</time>
      </trkpt>
      <trkpt lat="46.163051" lon="11.527962">
        <ele>1540.534094</ele>
        <time>2026-05-24T12:00:24.000Z</time>
      </trkpt>
      <trkpt lat="46.163083" lon="11.528058">
        <ele>1539.562727</ele>
        <time>2026-05-24T12:00:29.000Z</time>
      </trkpt>
      <trkpt lat="46.163090" lon="11.528075">
        <ele>1539.382408</ele>
        <time>2026-05-24T12:00:30.000Z</time>
      </trkpt>
      <trkpt lat="46.163124" lon="11.528157">
        <ele>1538.511045</ele>
        <time>2026-05-24T12:00:35.000Z</time>
      </trkpt>
      <trkpt lat="46.163149" lon="11.528197">
        <ele>1538.019813</ele>
        <time>2026-05-24T12:00:38.000Z</time>
      </trkpt>
      <trkpt lat="46.163167" lon="11.528227">
        <ele>1537.657928</ele>
        <time>2026-05-24T12:00:40.000Z</time>
      </trkpt>
      <trkpt lat="46.163204" lon="11.528376">
        <ele>1536.214757</ele>
        <time>2026-05-24T12:00:46.000Z</time>
      </trkpt>
      <trkpt lat="46.163212" lon="11.528498">
        <ele>1535.097458</ele>
        <time>2026-05-24T12:00:51.000Z</time>
      </trkpt>
      <trkpt lat="46.163216" lon="11.528571">
        <ele>1534.429806</ele>
        <time>2026-05-24T12:00:55.000Z</time>
      </trkpt>
      <trkpt lat="46.163224" lon="11.528632">
        <ele>1533.863761</ele>
        <time>2026-05-24T12:00:58.000Z</time>
      </trkpt>
      <trkpt lat="46.163227" lon="11.528659">
        <ele>1533.614444</ele>
        <time>2026-05-24T12:00:59.000Z</time>
      </trkpt>
      <trkpt lat="46.163239" lon="11.528732">
        <ele>1532.930383</ele>
        <time>2026-05-24T12:01:03.000Z</time>
      </trkpt>
      <trkpt lat="46.163254" lon="11.528807">
        <ele>1532.218638</ele>
        <time>2026-05-24T12:01:07.000Z</time>
      </trkpt>
      <trkpt lat="46.163260" lon="11.528844">
        <ele>1531.872171</ele>
        <time>2026-05-24T12:01:09.000Z</time>
      </trkpt>
      <trkpt lat="46.163266" lon="11.528921">
        <ele>1531.165702</ele>
        <time>2026-05-24T12:01:13.000Z</time>
      </trkpt>
      <trkpt lat="46.163273" lon="11.529017">
        <ele>1530.285593</ele>
        <time>2026-05-24T12:01:17.000Z</time>
      </trkpt>
      <trkpt lat="46.163274" lon="11.529034">
        <ele>1530.130039</ele>
        <time>2026-05-24T12:01:18.000Z</time>
      </trkpt>
      <trkpt lat="46.163277" lon="11.529123">
        <ele>1529.317629</ele>
        <time>2026-05-24T12:01:22.000Z</time>
      </trkpt>
      <trkpt lat="46.163279" lon="11.529218">
        <ele>1528.451076</ele>
        <time>2026-05-24T12:01:26.000Z</time>
      </trkpt>
      <trkpt lat="46.163283" lon="11.529273">
        <ele>1527.946861</ele>
        <time>2026-05-24T12:01:29.000Z</time>
      </trkpt>
      <trkpt lat="46.163291" lon="11.529335">
        <ele>1527.371856</ele>
        <time>2026-05-24T12:01:32.000Z</time>
      </trkpt>
      <trkpt lat="46.163289" lon="11.529422">
        <ele>1526.578205</ele>
        <time>2026-05-24T12:01:36.000Z</time>
      </trkpt>
      <trkpt lat="46.163298" lon="11.529502">
        <ele>1525.839253</ele>
        <time>2026-05-24T12:01:40.000Z</time>
      </trkpt>
      <trkpt lat="46.163323" lon="11.529601">
        <ele>1524.878507</ele>
        <time>2026-05-24T12:01:45.000Z</time>
      </trkpt>
      <trkpt lat="46.163334" lon="11.529660">
        <ele>1524.321432</ele>
        <time>2026-05-24T12:01:48.000Z</time>
      </trkpt>
      <trkpt lat="46.163315" lon="11.529794">
        <ele>1523.074361</ele>
        <time>2026-05-24T12:01:54.000Z</time>
      </trkpt>
      <trkpt lat="46.163289" lon="11.529842">
        <ele>1522.518782</ele>
        <time>2026-05-24T12:01:58.000Z</time>
      </trkpt>
      <trkpt lat="46.163279" lon="11.529837">
        <ele>1522.379473</ele>
        <time>2026-05-24T12:01:59.000Z</time>
      </trkpt>
      <trkpt lat="46.163214" lon="11.529831">
        <ele>1521.522071</ele>
        <time>2026-05-24T12:02:03.000Z</time>
      </trkpt>
      <trkpt lat="46.163157" lon="11.529790">
        <ele>1520.683768</ele>
        <time>2026-05-24T12:02:06.000Z</time>
      </trkpt>
      <trkpt lat="46.163116" lon="11.529737">
        <ele>1519.959334</ele>
        <time>2026-05-24T12:02:08.000Z</time>
      </trkpt>
      <trkpt lat="46.163066" lon="11.529697">
        <ele>1519.516256</ele>
        <time>2026-05-24T12:02:10.000Z</time>
      </trkpt>
      <trkpt lat="46.163011" lon="11.529659">
        <ele>1519.516256</ele>
        <time>2026-05-24T12:02:12.000Z</time>
      </trkpt>
      <trkpt lat="46.162987" lon="11.529641">
        <ele>1519.516256</ele>
        <time>2026-05-24T12:02:13.000Z</time>
      </trkpt>
      <trkpt lat="46.162960" lon="11.529627">
        <ele>1519.516256</ele>
        <time>2026-05-24T12:02:14.000Z</time>
      </trkpt>
      <trkpt lat="46.162921" lon="11.529586">
        <ele>1519.516256</ele>
        <time>2026-05-24T12:02:16.000Z</time>
      </trkpt>
      <trkpt lat="46.162880" lon="11.529551">
        <ele>1519.516256</ele>
        <time>2026-05-24T12:02:18.000Z</time>
      </trkpt>
      <trkpt lat="46.162833" lon="11.529504">
        <ele>1519.516256</ele>
        <time>2026-05-24T12:02:20.000Z</time>
      </trkpt>
      <trkpt lat="46.162811" lon="11.529483">
        <ele>1519.516256</ele>
        <time>2026-05-24T12:02:21.000Z</time>
      </trkpt>
      <trkpt lat="46.162786" lon="11.529465">
        <ele>1519.516256</ele>
        <time>2026-05-24T12:02:22.000Z</time>
      </trkpt>
      <trkpt lat="46.162761" lon="11.529458">
        <ele>1519.516256</ele>
        <time>2026-05-24T12:02:23.000Z</time>
      </trkpt>
      <trkpt lat="46.162735" lon="11.529447">
        <ele>1519.516256</ele>
        <time>2026-05-24T12:02:24.000Z</time>
      </trkpt>
      <trkpt lat="46.162684" lon="11.529415">
        <ele>1519.516256</ele>
        <time>2026-05-24T12:02:26.000Z</time>
      </trkpt>
      <trkpt lat="46.162634" lon="11.529387">
        <ele>1519.516256</ele>
        <time>2026-05-24T12:02:28.000Z</time>
      </trkpt>
      <trkpt lat="46.162585" lon="11.529378">
        <ele>1519.516256</ele>
        <time>2026-05-24T12:02:30.000Z</time>
      </trkpt>
      <trkpt lat="46.162539" lon="11.529349">
        <ele>1519.516256</ele>
        <time>2026-05-24T12:02:32.000Z</time>
      </trkpt>
      <trkpt lat="46.162514" lon="11.529333">
        <ele>1519.516256</ele>
        <time>2026-05-24T12:02:33.000Z</time>
      </trkpt>
      <trkpt lat="46.162474" lon="11.529280">
        <ele>1519.516256</ele>
        <time>2026-05-24T12:02:35.000Z</time>
      </trkpt>
      <trkpt lat="46.162452" lon="11.529260">
        <ele>1519.516256</ele>
        <time>2026-05-24T12:02:36.000Z</time>
      </trkpt>
      <trkpt lat="46.162425" lon="11.529236">
        <ele>1519.516256</ele>
        <time>2026-05-24T12:02:37.000Z</time>
      </trkpt>
      <trkpt lat="46.162349" lon="11.529151">
        <ele>1519.516256</ele>
        <time>2026-05-24T12:02:41.000Z</time>
      </trkpt>
      <trkpt lat="46.162340" lon="11.529136">
        <ele>1519.516256</ele>
        <time>2026-05-24T12:02:42.000Z</time>
      </trkpt>
      <trkpt lat="46.162323" lon="11.529099">
        <ele>1519.516256</ele>
        <time>2026-05-24T12:02:44.000Z</time>
      </trkpt>
      <trkpt lat="46.162279" lon="11.529024">
        <ele>1519.516256</ele>
        <time>2026-05-24T12:02:48.000Z</time>
      </trkpt>
      <trkpt lat="46.162266" lon="11.529004">
        <ele>1519.516256</ele>
        <time>2026-05-24T12:02:49.000Z</time>
      </trkpt>
      <trkpt lat="46.162228" lon="11.528907">
        <ele>1519.516256</ele>
        <time>2026-05-24T12:02:54.000Z</time>
      </trkpt>
      <trkpt lat="46.162205" lon="11.528874">
        <ele>1519.516256</ele>
        <time>2026-05-24T12:02:56.000Z</time>
      </trkpt>
      <trkpt lat="46.162191" lon="11.528857">
        <ele>1519.516256</ele>
        <time>2026-05-24T12:02:57.000Z</time>
      </trkpt>
      <trkpt lat="46.162175" lon="11.528835">
        <ele>1519.516256</ele>
        <time>2026-05-24T12:02:58.000Z</time>
      </trkpt>
      <trkpt lat="46.162136" lon="11.528833">
        <ele>1519.516256</ele>
        <time>2026-05-24T12:03:01.000Z</time>
      </trkpt>
      <trkpt lat="46.162125" lon="11.528844">
        <ele>1519.516256</ele>
        <time>2026-05-24T12:03:02.000Z</time>
      </trkpt>
      <trkpt lat="46.162124" lon="11.528868">
        <ele>1519.516256</ele>
        <time>2026-05-24T12:03:03.000Z</time>
      </trkpt>
      <trkpt lat="46.162111" lon="11.528904">
        <ele>1519.516256</ele>
        <time>2026-05-24T12:03:05.000Z</time>
      </trkpt>
      <trkpt lat="46.162110" lon="11.528917">
        <ele>1519.516256</ele>
        <time>2026-05-24T12:03:06.000Z</time>
      </trkpt>
      <trkpt lat="46.162107" lon="11.528938">
        <ele>1519.516256</ele>
        <time>2026-05-24T12:03:07.000Z</time>
      </trkpt>
      <trkpt lat="46.162098" lon="11.528957">
        <ele>1519.516256</ele>
        <time>2026-05-24T12:03:09.000Z</time>
      </trkpt>
      <trkpt lat="46.162093" lon="11.528976">
        <ele>1519.516256</ele>
        <time>2026-05-24T12:03:11.000Z</time>
      </trkpt>
      <trkpt lat="46.162087" lon="11.528993">
        <ele>1519.516256</ele>
        <time>2026-05-24T12:03:12.000Z</time>
      </trkpt>
      <trkpt lat="46.162081" lon="11.529012">
        <ele>1519.516256</ele>
        <time>2026-05-24T12:03:13.000Z</time>
      </trkpt>
      <trkpt lat="46.162056" lon="11.529073">
        <ele>1519.516256</ele>
        <time>2026-05-24T12:03:15.000Z</time>
      </trkpt>
      <trkpt lat="46.162005" lon="11.529136">
        <ele>1519.516256</ele>
        <time>2026-05-24T12:03:17.000Z</time>
      </trkpt>
      <trkpt lat="46.161924" lon="11.529232">
        <ele>1519.516256</ele>
        <time>2026-05-24T12:03:21.000Z</time>
      </trkpt>
      <trkpt lat="46.161866" lon="11.529326">
        <ele>1519.516256</ele>
        <time>2026-05-24T12:03:27.000Z</time>
      </trkpt>
      <trkpt lat="46.161840" lon="11.529359">
        <ele>1519.516256</ele>
        <time>2026-05-24T12:03:29.000Z</time>
      </trkpt>
      <trkpt lat="46.161772" lon="11.529423">
        <ele>1519.516256</ele>
        <time>2026-05-24T12:03:34.000Z</time>
      </trkpt>
      <trkpt lat="46.161756" lon="11.529442">
        <ele>1519.516256</ele>
        <time>2026-05-24T12:03:36.000Z</time>
      </trkpt>
      <trkpt lat="46.161744" lon="11.529453">
        <ele>1519.516256</ele>
        <time>2026-05-24T12:03:37.000Z</time>
      </trkpt>
      <trkpt lat="46.161716" lon="11.529476">
        <ele>1519.516256</ele>
        <time>2026-05-24T12:03:40.000Z</time>
      </trkpt>
    </trkseg>
  </trk>
</gpx>