<?xml version="1.0" encoding="UTF-8"?>
<gpx creator="Garmin Connect" version="1.1"
  xsi:schemaLocation="http://www.topografix.com/GPX/1/1 http://www.topografix.com/GPX/11.xsd"
  xmlns:ns3="http://www.garmin.com/xmlschemas/TrackPointExtension/v1"
  xmlns="http://www.topografix.com/GPX/1/1"
  xmlns:xsi="http://www.w3.org/2001/XMLSchema-instance" xmlns:ns2="http://www.garmin.com/xmlschemas/GpxExtensions/v3">
  <metadata>
    <link href="connect.garmin.com">
      <text>Garmin Connect</text>
    </link>
    <time>2026-02-28T07:38:52.000Z</time>
  </metadata>
  <trk>
    <name>Trento Hiking</name>
    <type>hiking</type>
    <trkseg>
      <trkpt lat="46.0808940231800079345703125" lon="11.1584825254976749420166015625">
        <ele>452</ele>
        <time>2026-02-28T07:38:52.000Z</time>
        <extensions>
          <ns3:TrackPointExtension>
            <ns3:hr>76</ns3:hr>
            <ns3:cad>0</ns3:cad>
          </ns3:TrackPointExtension>
        </extensions>
      </trkpt>
      <trkpt lat="46.08088723383843898773193359375" lon="11.15848847664892673492431640625">
        <ele>452</ele>
        <time>2026-02-28T07:38:53.000Z</time>
        <extensions>
          <ns3:TrackPointExtension>
            <ns3:hr>76</ns3:hr>
            <ns3:cad>0</ns3:cad>
          </ns3:TrackPointExtension>
        </extensions>
      </trkpt>
      <trkpt lat="46.08087080530822277069091796875" lon="11.1584575474262237548828125">
        <ele>451.600006103515625</ele>
        <time>2026-02-28T07:38:59.000Z</time>
        <extensions>
          <ns3:TrackPointExtension>
            <ns3:hr>76</ns3:hr>
            <ns3:cad>0</ns3:cad>
          </ns3:TrackPointExtension>
        </extensions>
      </trkpt>
      <trkpt lat="46.08085219748318195343017578125" lon="11.1583698727190494537353515625">
        <ele>452</ele>
        <time>2026-02-28T07:39:06.000Z</time>
        <extensions>
          <ns3:TrackPointExtension>
            <ns3:hr>76</ns3:hr>
            <ns3:cad>0</ns3:cad>
          </ns3:TrackPointExtension>
        </extensions>
      </trkpt>
      <trkpt lat="46.08082897961139678955078125" lon="11.15827842615544795989990234375">
        <ele>452.600006103515625</ele>
        <time>2026-02-28T07:39:13.000Z</time>
        <extensions>
          <ns3:TrackPointExtension>
            <ns3:hr>75</ns3:hr>
            <ns3:cad>0</ns3:cad>
          </ns3:TrackPointExtension>
        </extensions>
      </trkpt>
      <trkpt lat="46.08082093298435211181640625" lon="11.1581948585808277130126953125">
        <ele>453</ele>
        <time>2026-02-28T07:39:19.000Z</time>
        <extensions>
          <ns3:TrackPointExtension>
            <ns3:hr>75</ns3:hr>
            <ns3:cad>46</ns3:cad>
          </ns3:TrackPointExtension>
        </extensions>
      </trkpt>
      <trkpt lat="46.08082084916532039642333984375" lon="11.1581785976886749267578125">
        <ele>453.20001220703125</ele>
        <time>2026-02-28T07:39:20.000Z</time>
        <extensions>
          <ns3:TrackPointExtension>
            <ns3:hr>75</ns3:hr>
            <ns3:cad>0</ns3:cad>
          </ns3:TrackPointExtension>
        </extensions>
      </trkpt>
      <trkpt lat="46.08081816695630550384521484375" lon="11.158072315156459808349609375">
        <ele>453.79998779296875</ele>
        <time>2026-02-28T07:39:27.000Z</time>
        <extensions>
          <ns3:TrackPointExtension>
            <ns3:hr>78</ns3:hr>
            <ns3:cad>0</ns3:cad>
          </ns3:TrackPointExtension>
        </extensions>
      </trkpt>
      <trkpt lat="46.0808127187192440032958984375" lon="11.15802772343158721923828125">
        <ele>454.20001220703125</ele>
        <time>2026-02-28T07:39:30.000Z</time>
        <extensions>
          <ns3:TrackPointExtension>
            <ns3:hr>80</ns3:hr>
            <ns3:cad>0</ns3:cad>
          </ns3:TrackPointExtension>
        </extensions>
      </trkpt>
      <trkpt lat="46.0808164067566394805908203125" lon="11.15798673592507839202880859375">
        <ele>454.79998779296875</ele>
        <time>2026-02-28T07:39:33.000Z</time>
        <extensions>
          <ns3:TrackPointExtension>
            <ns3:hr>83</ns3:hr>
            <ns3:cad>49</ns3:cad>
          </ns3:TrackPointExtension>
        </extensions>
      </trkpt>
      <trkpt lat="46.08081833459436893463134765625" lon="11.15796997211873531341552734375">
        <ele>454.79998779296875</ele>
        <time>2026-02-28T07:39:34.000Z</time>
        <extensions>
          <ns3:TrackPointExtension>
            <ns3:hr>84</ns3:hr>
            <ns3:cad>0</ns3:cad>
          </ns3:TrackPointExtension>
        </extensions>
      </trkpt>
      <trkpt lat="46.08082495629787445068359375" lon="11.15789319388568401336669921875">
        <ele>455.20001220703125</ele>
        <time>2026-02-28T07:39:39.000Z</time>
        <extensions>
          <ns3:TrackPointExtension>
            <ns3:hr>87</ns3:hr>
            <ns3:cad>0</ns3:cad>
          </ns3:TrackPointExtension>
        </extensions>
      </trkpt>
      <trkpt lat="46.08082872815430164337158203125" lon="11.1578461714088916778564453125">
        <ele>455.600006103515625</ele>
        <time>2026-02-28T07:39:42.000Z</time>
        <extensions>
          <ns3:TrackPointExtension>
            <ns3:hr>88</ns3:hr>
            <ns3:cad>0</ns3:cad>
          </ns3:TrackPointExtension>
        </extensions>
      </trkpt>
      <trkpt lat="46.0808345116674900054931640625" lon="11.1577848158776760101318359375">
        <ele>456</ele>
        <time>2026-02-28T07:39:46.000Z</time>
        <extensions>
          <ns3:TrackPointExtension>
            <ns3:hr>91</ns3:hr>
            <ns3:cad>0</ns3:cad>
          </ns3:TrackPointExtension>
        </extensions>
      </trkpt>
      <trkpt lat="46.0808365233242511749267578125" lon="11.1577360332012176513671875">
        <ele>456.20001220703125</ele>
        <time>2026-02-28T07:39:49.000Z</time>
        <extensions>
          <ns3:TrackPointExtension>
            <ns3:hr>92</ns3:hr>
            <ns3:cad>0</ns3:cad>
          </ns3:TrackPointExtension>
        </extensions>
      </trkpt>
      <trkpt lat="46.0808375291526317596435546875" lon="11.15772119723260402679443359375">
        <ele>456.399993896484375</ele>
        <time>2026-02-28T07:39:50.000Z</time>
        <extensions>
          <ns3:TrackPointExtension>
            <ns3:hr>93</ns3:hr>
            <ns3:cad>0</ns3:cad>
          </ns3:TrackPointExtension>
        </extensions>
      </trkpt>
      <trkpt lat="46.080844402313232421875" lon="11.1576448380947113037109375">
        <ele>457</ele>
        <time>2026-02-28T07:39:55.000Z</time>
        <extensions>
          <ns3:TrackPointExtension>
            <ns3:hr>96</ns3:hr>
            <ns3:cad>51</ns3:cad>
          </ns3:TrackPointExtension>
        </extensions>
      </trkpt>
      <trkpt lat="46.0808452405035495758056640625" lon="11.15759781561791896820068359375">
        <ele>457.399993896484375</ele>
        <time>2026-02-28T07:39:58.000Z</time>
        <extensions>
          <ns3:TrackPointExtension>
            <ns3:hr>97</ns3:hr>
            <ns3:cad>51</ns3:cad>
          </ns3:TrackPointExtension>
        </extensions>
      </trkpt>
      <trkpt lat="46.08084649778902530670166015625" lon="11.15758038125932216644287109375">
        <ele>457.399993896484375</ele>
        <time>2026-02-28T07:39:59.000Z</time>
        <extensions>
          <ns3:TrackPointExtension>
            <ns3:hr>97</ns3:hr>
            <ns3:cad>53</ns3:cad>
          </ns3:TrackPointExtension>
        </extensions>
      </trkpt>
      <trkpt lat="46.0808542929589748382568359375" lon="11.15745599381625652313232421875">
        <ele>458.399993896484375</ele>
        <time>2026-02-28T07:40:07.000Z</time>
        <extensions>
          <ns3:TrackPointExtension>
            <ns3:hr>98</ns3:hr>
            <ns3:cad>51</ns3:cad>
          </ns3:TrackPointExtension>
        </extensions>
      </trkpt>
      <trkpt lat="46.08085370622575283050537109375" lon="11.15740285255014896392822265625">
        <ele>458.79998779296875</ele>
        <time>2026-02-28T07:40:10.000Z</time>
        <extensions>
          <ns3:TrackPointExtension>
            <ns3:hr>100</ns3:hr>
            <ns3:cad>0</ns3:cad>
          </ns3:TrackPointExtension>
        </extensions>
      </trkpt>
      <trkpt lat="46.08086359687149524688720703125" lon="11.15731132216751575469970703125">
        <ele>459.399993896484375</ele>
        <time>2026-02-28T07:40:16.000Z</time>
        <extensions>
          <ns3:TrackPointExtension>
            <ns3:hr>102</ns3:hr>
            <ns3:cad>0</ns3:cad>
          </ns3:TrackPointExtension>
        </extensions>
      </trkpt>
      <trkpt lat="46.08086225576698780059814453125" lon="11.15728382952511310577392578125">
        <ele>459.600006103515625</ele>
        <time>2026-02-28T07:40:18.000Z</time>
        <extensions>
          <ns3:TrackPointExtension>
            <ns3:hr>102</ns3:hr>
            <ns3:cad>0</ns3:cad>
          </ns3:TrackPointExtension>
        </extensions>
      </trkpt>
      <trkpt lat="46.08086627908051013946533203125" lon="11.15717302076518535614013671875">
        <ele>460.600006103515625</ele>
        <time>2026-02-28T07:40:25.000Z</time>
        <extensions>
          <ns3:TrackPointExtension>
            <ns3:hr>101</ns3:hr>
            <ns3:cad>50</ns3:cad>
          </ns3:TrackPointExtension>
        </extensions>
      </trkpt>
      <trkpt lat="46.08086627908051013946533203125" lon="11.1571441031992435455322265625">
        <ele>460.79998779296875</ele>
        <time>2026-02-28T07:40:27.000Z</time>
        <extensions>
          <ns3:TrackPointExtension>
            <ns3:hr>101</ns3:hr>
            <ns3:cad>50</ns3:cad>
          </ns3:TrackPointExtension>
        </extensions>
      </trkpt>
      <trkpt lat="46.0808774270117282867431640625" lon="11.15704025141894817352294921875">
        <ele>461.600006103515625</ele>
        <time>2026-02-28T07:40:34.000Z</time>
        <extensions>
          <ns3:TrackPointExtension>
            <ns3:hr>100</ns3:hr>
            <ns3:cad>48</ns3:cad>
          </ns3:TrackPointExtension>
        </extensions>
      </trkpt>
      <trkpt lat="46.080882959067821502685546875" lon="11.1570091545581817626953125">
        <ele>461.79998779296875</ele>
        <time>2026-02-28T07:40:36.000Z</time>
        <extensions>
          <ns3:TrackPointExtension>
            <ns3:hr>101</ns3:hr>
            <ns3:cad>48</ns3:cad>
          </ns3:TrackPointExtension>
        </extensions>
      </trkpt>
      <trkpt lat="46.08091606758534908294677734375" lon="11.156892143189907073974609375">
        <ele>462.79998779296875</ele>
        <time>2026-02-28T07:40:44.000Z</time>
        <extensions>
          <ns3:TrackPointExtension>
            <ns3:hr>100</ns3:hr>
            <ns3:cad>49</ns3:cad>
          </ns3:TrackPointExtension>
        </extensions>
      </trkpt>
      <trkpt lat="46.08092461712658405303955078125" lon="11.15686791948974132537841796875">
        <ele>463</ele>
        <time>2026-02-28T07:40:46.000Z</time>
        <extensions>
          <ns3:TrackPointExtension>
            <ns3:hr>100</ns3:hr>
            <ns3:cad>48</ns3:cad>
          </ns3:TrackPointExtension>
        </extensions>
      </trkpt>
      <trkpt lat="46.080981530249118804931640625" lon="11.15675895474851131439208984375">
        <ele>463.79998779296875</ele>
        <time>2026-02-28T07:40:54.000Z</time>
        <extensions>
          <ns3:TrackPointExtension>
            <ns3:hr>100</ns3:hr>
            <ns3:cad>50</ns3:cad>
          </ns3:TrackPointExtension>
        </extensions>
      </trkpt>
      <trkpt lat="46.08102704398334026336669921875" lon="11.15665443241596221923828125">
        <ele>464.600006103515625</ele>
        <time>2026-02-28T07:41:02.000Z</time>
        <extensions>
          <ns3:TrackPointExtension>
            <ns3:hr>100</ns3:hr>
            <ns3:cad>0</ns3:cad>
          </ns3:TrackPointExtension>
        </extensions>
      </trkpt>
      <trkpt lat="46.081051938235759735107421875" lon="11.1566068232059478759765625">
        <ele>464.79998779296875</ele>
        <time>2026-02-28T07:41:05.000Z</time>
        <extensions>
          <ns3:TrackPointExtension>
            <ns3:hr>100</ns3:hr>
            <ns3:cad>0</ns3:cad>
          </ns3:TrackPointExtension>
        </extensions>
      </trkpt>
      <trkpt lat="46.081082113087177276611328125" lon="11.15653985179960727691650390625">
        <ele>465.600006103515625</ele>
        <time>2026-02-28T07:41:10.000Z</time>
        <extensions>
          <ns3:TrackPointExtension>
            <ns3:hr>101</ns3:hr>
            <ns3:cad>52</ns3:cad>
          </ns3:TrackPointExtension>
        </extensions>
      </trkpt>
      <trkpt lat="46.08109275810420513153076171875" lon="11.1565131135284900665283203125">
        <ele>466</ele>
        <time>2026-02-28T07:41:12.000Z</time>
        <extensions>
          <ns3:TrackPointExtension>
            <ns3:hr>101</ns3:hr>
            <ns3:cad>0</ns3:cad>
          </ns3:TrackPointExtension>
        </extensions>
      </trkpt>
      <trkpt lat="46.08112226240336894989013671875" lon="11.15643926896154880523681640625">
        <ele>466.600006103515625</ele>
        <time>2026-02-28T07:41:17.000Z</time>
        <extensions>
          <ns3:TrackPointExtension>
            <ns3:hr>101</ns3:hr>
            <ns3:cad>51</ns3:cad>
          </ns3:TrackPointExtension>
        </extensions>
      </trkpt>
      <trkpt lat="46.08114950358867645263671875" lon="11.1564031429588794708251953125">
        <ele>467</ele>
        <time>2026-02-28T07:41:20.000Z</time>
        <extensions>
          <ns3:TrackPointExtension>
            <ns3:hr>101</ns3:hr>
            <ns3:cad>52</ns3:cad>
          </ns3:TrackPointExtension>
        </extensions>
      </trkpt>
      <trkpt lat="46.08116962015628814697265625" lon="11.15635511465370655059814453125">
        <ele>467.600006103515625</ele>
        <time>2026-02-28T07:41:24.000Z</time>
        <extensions>
          <ns3:TrackPointExtension>
            <ns3:hr>103</ns3:hr>
            <ns3:cad>51</ns3:cad>
          </ns3:TrackPointExtension>
        </extensions>
      </trkpt>
      <trkpt lat="46.081201136112213134765625" lon="11.15630063228309154510498046875">
        <ele>468</ele>
        <time>2026-02-28T07:41:28.000Z</time>
        <extensions>
          <ns3:TrackPointExtension>
            <ns3:hr>105</ns3:hr>
            <ns3:cad>53</ns3:cad>
          </ns3:TrackPointExtension>
        </extensions>
      </trkpt>
      <trkpt lat="46.0812133736908435821533203125" lon="11.15627381019294261932373046875">
        <ele>468.20001220703125</ele>
        <time>2026-02-28T07:41:30.000Z</time>
        <extensions>
          <ns3:TrackPointExtension>
            <ns3:hr>106</ns3:hr>
            <ns3:cad>53</ns3:cad>
          </ns3:TrackPointExtension>
        </extensions>
      </trkpt>
      <trkpt lat="46.0812623240053653717041015625" lon="11.15619954653084278106689453125">
        <ele>469</ele>
        <time>2026-02-28T07:41:35.000Z</time>
        <extensions>
          <ns3:TrackPointExtension>
            <ns3:hr>107</ns3:hr>
            <ns3:cad>53</ns3:cad>
          </ns3:TrackPointExtension>
        </extensions>
      </trkpt>
      <trkpt lat="46.08126894570887088775634765625" lon="11.15618638694286346435546875">
        <ele>469.20001220703125</ele>
        <time>2026-02-28T07:41:36.000Z</time>
        <extensions>
          <ns3:TrackPointExtension>
            <ns3:hr>108</ns3:hr>
            <ns3:cad>53</ns3:cad>
          </ns3:TrackPointExtension>
        </extensions>
      </trkpt>
      <trkpt lat="46.08129040338099002838134765625" lon="11.15610592067241668701171875">
        <ele>470</ele>
        <time>2026-02-28T07:41:41.000Z</time>
        <extensions>
          <ns3:TrackPointExtension>
            <ns3:hr>110</ns3:hr>
            <ns3:cad>52</ns3:cad>
          </ns3:TrackPointExtension>
        </extensions>
      </trkpt>
      <trkpt lat="46.0812924988567829132080078125" lon="11.15606711246073246002197265625">
        <ele>470.20001220703125</ele>
        <time>2026-02-28T07:41:43.000Z</time>
        <extensions>
          <ns3:TrackPointExtension>
            <ns3:hr>111</ns3:hr>
            <ns3:cad>0</ns3:cad>
          </ns3:TrackPointExtension>
        </extensions>
      </trkpt>
      <trkpt lat="46.08131253160536289215087890625" lon="11.15600609220564365386962890625">
        <ele>470.79998779296875</ele>
        <time>2026-02-28T07:41:47.000Z</time>
        <extensions>
          <ns3:TrackPointExtension>
            <ns3:hr>111</ns3:hr>
            <ns3:cad>0</ns3:cad>
          </ns3:TrackPointExtension>
        </extensions>
      </trkpt>
      <trkpt lat="46.08132175169885158538818359375" lon="11.15597222931683063507080078125">
        <ele>471.20001220703125</ele>
        <time>2026-02-28T07:41:50.000Z</time>
        <extensions>
          <ns3:TrackPointExtension>
            <ns3:hr>111</ns3:hr>
            <ns3:cad>41</ns3:cad>
          </ns3:TrackPointExtension>
        </extensions>
      </trkpt>
      <trkpt lat="46.0813337378203868865966796875" lon="11.1559448204934597015380859375">
        <ele>471.399993896484375</ele>
        <time>2026-02-28T07:41:52.000Z</time>
        <extensions>
          <ns3:TrackPointExtension>
            <ns3:hr>110</ns3:hr>
            <ns3:cad>41</ns3:cad>
          </ns3:TrackPointExtension>
        </extensions>
      </trkpt>
      <trkpt lat="46.0813679359853267669677734375" lon="11.15587550215423107147216796875">
        <ele>472.20001220703125</ele>
        <time>2026-02-28T07:41:58.000Z</time>
        <extensions>
          <ns3:TrackPointExtension>
            <ns3:hr>110</ns3:hr>
            <ns3:cad>41</ns3:cad>
          </ns3:TrackPointExtension>
        </extensions>
      </trkpt>
      <trkpt lat="46.08137824572622776031494140625" lon="11.15586158819496631622314453125">
        <ele>472.399993896484375</ele>
        <time>2026-02-28T07:42:00.000Z</time>
        <extensions>
          <ns3:TrackPointExtension>
            <ns3:hr>110</ns3:hr>
            <ns3:cad>41</ns3:cad>
          </ns3:TrackPointExtension>
        </extensions>
      </trkpt>
      <trkpt lat="46.08141328208148479461669921875" lon="11.15585018880665302276611328125">
        <ele>472.79998779296875</ele>
        <time>2026-02-28T07:42:04.000Z</time>
        <extensions>
          <ns3:TrackPointExtension>
            <ns3:hr>110</ns3:hr>
            <ns3:cad>0</ns3:cad>
          </ns3:TrackPointExtension>
        </extensions>
      </trkpt>
      <trkpt lat="46.08145485632121562957763671875" lon="11.155808866024017333984375">
        <ele>473.399993896484375</ele>
        <time>2026-02-28T07:42:08.000Z</time>
        <extensions>
          <ns3:TrackPointExtension>
            <ns3:hr>110</ns3:hr>
            <ns3:cad>0</ns3:cad>
          </ns3:TrackPointExtension>
        </extensions>
      </trkpt>
      <trkpt lat="46.081459634006023406982421875" lon="11.15580224432051181793212890625">
        <ele>473.600006103515625</ele>
        <time>2026-02-28T07:42:09.000Z</time>
        <extensions>
          <ns3:TrackPointExtension>
            <ns3:hr>109</ns3:hr>
            <ns3:cad>0</ns3:cad>
          </ns3:TrackPointExtension>
        </extensions>
      </trkpt>
      <trkpt lat="46.08147564344108104705810546875" lon="11.15570803172886371612548828125">
        <ele>474.399993896484375</ele>
        <time>2026-02-28T07:42:15.000Z</time>
        <extensions>
          <ns3:TrackPointExtension>
            <ns3:hr>107</ns3:hr>
            <ns3:cad>50</ns3:cad>
          </ns3:TrackPointExtension>
        </extensions>
      </trkpt>
      <trkpt lat="46.08148519881069660186767578125" lon="11.15560694597661495208740234375">
        <ele>475.399993896484375</ele>
        <time>2026-02-28T07:42:22.000Z</time>
        <extensions>
          <ns3:TrackPointExtension>
            <ns3:hr>107</ns3:hr>
            <ns3:cad>51</ns3:cad>
          </ns3:TrackPointExtension>
        </extensions>
      </trkpt>
      <trkpt lat="46.081487126648426055908203125" lon="11.15556989796459674835205078125">
        <ele>475.600006103515625</ele>
        <time>2026-02-28T07:42:24.000Z</time>
        <extensions>
          <ns3:TrackPointExtension>
            <ns3:hr>107</ns3:hr>
            <ns3:cad>51</ns3:cad>
          </ns3:TrackPointExtension>
        </extensions>
      </trkpt>
      <trkpt lat="46.081483773887157440185546875" lon="11.1555025912821292877197265625">
        <ele>476.20001220703125</ele>
        <time>2026-02-28T07:42:28.000Z</time>
        <extensions>
          <ns3:TrackPointExtension>
            <ns3:hr>110</ns3:hr>
            <ns3:cad>51</ns3:cad>
          </ns3:TrackPointExtension>
        </extensions>
      </trkpt>
      <trkpt lat="46.08146868646144866943359375" lon="11.155460178852081298828125">
        <ele>476.600006103515625</ele>
        <time>2026-02-28T07:42:31.000Z</time>
        <extensions>
          <ns3:TrackPointExtension>
            <ns3:hr>113</ns3:hr>
            <ns3:cad>52</ns3:cad>
          </ns3:TrackPointExtension>
        </extensions>
      </trkpt>
      <trkpt lat="46.08144429512321949005126953125" lon="11.15535783581435680389404296875">
        <ele>477.20001220703125</ele>
        <time>2026-02-28T07:42:37.000Z</time>
        <extensions>
          <ns3:TrackPointExtension>
            <ns3:hr>113</ns3:hr>
            <ns3:cad>52</ns3:cad>
          </ns3:TrackPointExtension>
        </extensions>
      </trkpt>
      <trkpt lat="46.0814356617629528045654296875" lon="11.15533185191452503204345703125">
        <ele>477.600006103515625</ele>
        <time>2026-02-28T07:42:39.000Z</time>
        <extensions>
          <ns3:TrackPointExtension>
            <ns3:hr>113</ns3:hr>
            <ns3:cad>52</ns3:cad>
          </ns3:TrackPointExtension>
        </extensions>
      </trkpt>
      <trkpt lat="46.08141261152923107147216796875" lon="11.15524535067379474639892578125">
        <ele>478.399993896484375</ele>
        <time>2026-02-28T07:42:45.000Z</time>
        <extensions>
          <ns3:TrackPointExtension>
            <ns3:hr>112</ns3:hr>
            <ns3:cad>55</ns3:cad>
          </ns3:TrackPointExtension>
        </extensions>
      </trkpt>
      <trkpt lat="46.08140674419701099395751953125" lon="11.1552212946116924285888671875">
        <ele>478.600006103515625</ele>
        <time>2026-02-28T07:42:47.000Z</time>
        <extensions>
          <ns3:TrackPointExtension>
            <ns3:hr>112</ns3:hr>
            <ns3:cad>54</ns3:cad>
          </ns3:TrackPointExtension>
        </extensions>
      </trkpt>
      <trkpt lat="46.08139651827514171600341796875" lon="11.155131943523883819580078125">
        <ele>479.20001220703125</ele>
        <time>2026-02-28T07:42:52.000Z</time>
        <extensions>
          <ns3:TrackPointExtension>
            <ns3:hr>112</ns3:hr>
            <ns3:cad>51</ns3:cad>
          </ns3:TrackPointExtension>
        </extensions>
      </trkpt>
      <trkpt lat="46.08137807808816432952880859375" lon="11.155065558850765228271484375">
        <ele>479.600006103515625</ele>
        <time>2026-02-28T07:42:56.000Z</time>
        <extensions>
          <ns3:TrackPointExtension>
            <ns3:hr>112</ns3:hr>
            <ns3:cad>53</ns3:cad>
          </ns3:TrackPointExtension>
        </extensions>
      </trkpt>
      <trkpt lat="46.0813607275485992431640625" lon="11.15500294603407382965087890625">
        <ele>480.20001220703125</ele>
        <time>2026-02-28T07:43:00.000Z</time>
        <extensions>
          <ns3:TrackPointExtension>
            <ns3:hr>112</ns3:hr>
            <ns3:cad>55</ns3:cad>
          </ns3:TrackPointExtension>
        </extensions>
      </trkpt>
      <trkpt lat="46.0813494957983493804931640625" lon="11.1549282632768154144287109375">
        <ele>480.600006103515625</ele>
        <time>2026-02-28T07:43:04.000Z</time>
        <extensions>
          <ns3:TrackPointExtension>
            <ns3:hr>112</ns3:hr>
            <ns3:cad>53</ns3:cad>
          </ns3:TrackPointExtension>
        </extensions>
      </trkpt>
      <trkpt lat="46.08134253881871700286865234375" lon="11.15485944785177707672119140625">
        <ele>481.20001220703125</ele>
        <time>2026-02-28T07:43:08.000Z</time>
        <extensions>
          <ns3:TrackPointExtension>
            <ns3:hr>113</ns3:hr>
            <ns3:cad>53</ns3:cad>
          </ns3:TrackPointExtension>
        </extensions>
      </trkpt>
      <trkpt lat="46.08134337700903415679931640625" lon="11.15478602237999439239501953125">
        <ele>481.79998779296875</ele>
        <time>2026-02-28T07:43:12.000Z</time>
        <extensions>
          <ns3:TrackPointExtension>
            <ns3:hr>113</ns3:hr>
            <ns3:cad>54</ns3:cad>
          </ns3:TrackPointExtension>
        </extensions>
      </trkpt>
      <trkpt lat="46.081352345645427703857421875" lon="11.15475551225244998931884765625">
        <ele>482.20001220703125</ele>
        <time>2026-02-28T07:43:14.000Z</time>
        <extensions>
          <ns3:TrackPointExtension>
            <ns3:hr>114</ns3:hr>
            <ns3:cad>52</ns3:cad>
          </ns3:TrackPointExtension>
        </extensions>
      </trkpt>
      <trkpt lat="46.081364415585994720458984375" lon="11.154692731797695159912109375">
        <ele>482.79998779296875</ele>
        <time>2026-02-28T07:43:18.000Z</time>
        <extensions>
          <ns3:TrackPointExtension>
            <ns3:hr>114</ns3:hr>
            <ns3:cad>0</ns3:cad>
          </ns3:TrackPointExtension>
        </extensions>
      </trkpt>
      <trkpt lat="46.08137573115527629852294921875" lon="11.15464369766414165496826171875">
        <ele>483.399993896484375</ele>
        <time>2026-02-28T07:43:21.000Z</time>
        <extensions>
          <ns3:TrackPointExtension>
            <ns3:hr>115</ns3:hr>
            <ns3:cad>0</ns3:cad>
          </ns3:TrackPointExtension>
        </extensions>
      </trkpt>
      <trkpt lat="46.0813964344561100006103515625" lon="11.1546245031058788299560546875">
        <ele>483.600006103515625</ele>
        <time>2026-02-28T07:43:23.000Z</time>
        <extensions>
          <ns3:TrackPointExtension>
            <ns3:hr>115</ns3:hr>
            <ns3:cad>0</ns3:cad>
          </ns3:TrackPointExtension>
        </extensions>
      </trkpt>
      <trkpt lat="46.0814131982624530792236328125" lon="11.15463548339903354644775390625">
        <ele>483.79998779296875</ele>
        <time>2026-02-28T07:43:25.000Z</time>
        <extensions>
          <ns3:TrackPointExtension>
            <ns3:hr>116</ns3:hr>
            <ns3:cad>0</ns3:cad>
          </ns3:TrackPointExtension>
        </extensions>
      </trkpt>
      <trkpt lat="46.08141914941370487213134765625" lon="11.15464587695896625518798828125">
        <ele>484.20001220703125</ele>
        <time>2026-02-28T07:43:26.000Z</time>
        <extensions>
          <ns3:TrackPointExtension>
            <ns3:hr>116</ns3:hr>
            <ns3:cad>0</ns3:cad>
          </ns3:TrackPointExtension>
        </extensions>
      </trkpt>
      <trkpt lat="46.0814251005649566650390625" lon="11.15465819835662841796875">
        <ele>484.399993896484375</ele>
        <time>2026-02-28T07:43:27.000Z</time>
        <extensions>
          <ns3:TrackPointExtension>
            <ns3:hr>116</ns3:hr>
            <ns3:cad>0</ns3:cad>
          </ns3:TrackPointExtension>
        </extensions>
      </trkpt>
      <trkpt lat="46.0814541019499301910400390625" lon="11.154721565544605255126953125">
        <ele>484.79998779296875</ele>
        <time>2026-02-28T07:43:32.000Z</time>
        <extensions>
          <ns3:TrackPointExtension>
            <ns3:hr>116</ns3:hr>
            <ns3:cad>0</ns3:cad>
          </ns3:TrackPointExtension>
        </extensions>
      </trkpt>
      <trkpt lat="46.0814701952040195465087890625" lon="11.1547265946865081787109375">
        <ele>485.20001220703125</ele>
        <time>2026-02-28T07:43:35.000Z</time>
        <extensions>
          <ns3:TrackPointExtension>
            <ns3:hr>116</ns3:hr>
            <ns3:cad>50</ns3:cad>
          </ns3:TrackPointExtension>
        </extensions>
      </trkpt>
      <trkpt lat="46.0814733803272247314453125" lon="11.15471896715462207794189453125">
        <ele>485.399993896484375</ele>
        <time>2026-02-28T07:43:36.000Z</time>
        <extensions>
          <ns3:TrackPointExtension>
            <ns3:hr>116</ns3:hr>
            <ns3:cad>50</ns3:cad>
          </ns3:TrackPointExtension>
        </extensions>
      </trkpt>
      <trkpt lat="46.08147229067981243133544921875" lon="11.15470471791923046112060546875">
        <ele>485.79998779296875</ele>
        <time>2026-02-28T07:43:38.000Z</time>
        <extensions>
          <ns3:TrackPointExtension>
            <ns3:hr>115</ns3:hr>
            <ns3:cad>50</ns3:cad>
          </ns3:TrackPointExtension>
        </extensions>
      </trkpt>
      <trkpt lat="46.0814772360026836395263671875" lon="11.1546939052641391754150390625">
        <ele>485.79998779296875</ele>
        <time>2026-02-28T07:43:39.000Z</time>
        <extensions>
          <ns3:TrackPointExtension>
            <ns3:hr>115</ns3:hr>
            <ns3:cad>50</ns3:cad>
          </ns3:TrackPointExtension>
        </extensions>
      </trkpt>
      <trkpt lat="46.08147405087947845458984375" lon="11.1545825935900211334228515625">
        <ele>486.20001220703125</ele>
        <time>2026-02-28T07:43:46.000Z</time>
        <extensions>
          <ns3:TrackPointExtension>
            <ns3:hr>114</ns3:hr>
            <ns3:cad>0</ns3:cad>
          </ns3:TrackPointExtension>
        </extensions>
      </trkpt>
      <trkpt lat="46.08147379942238330841064453125" lon="11.154479496181011199951171875">
        <ele>486.20001220703125</ele>
        <time>2026-02-28T07:43:52.000Z</time>
        <extensions>
          <ns3:TrackPointExtension>
            <ns3:hr>114</ns3:hr>
            <ns3:cad>52</ns3:cad>
          </ns3:TrackPointExtension>
        </extensions>
      </trkpt>
      <trkpt lat="46.08149391598999500274658203125" lon="11.1543395183980464935302734375">
        <ele>486</ele>
        <time>2026-02-28T07:44:00.000Z</time>
        <extensions>
          <ns3:TrackPointExtension>
            <ns3:hr>115</ns3:hr>
            <ns3:cad>55</ns3:cad>
          </ns3:TrackPointExtension>
        </extensions>
      </trkpt>
      <trkpt lat="46.08151294291019439697265625" lon="11.15424740128219127655029296875">
        <ele>486.20001220703125</ele>
        <time>2026-02-28T07:44:06.000Z</time>
        <extensions>
          <ns3:TrackPointExtension>
            <ns3:hr>115</ns3:hr>
            <ns3:cad>53</ns3:cad>
          </ns3:TrackPointExtension>
        </extensions>
      </trkpt>
      <trkpt lat="46.08151922933757305145263671875" lon="11.1542318947613239288330078125">
        <ele>486.399993896484375</ele>
        <time>2026-02-28T07:44:07.000Z</time>
        <extensions>
          <ns3:TrackPointExtension>
            <ns3:hr>115</ns3:hr>
            <ns3:cad>53</ns3:cad>
          </ns3:TrackPointExtension>
        </extensions>
      </trkpt>
      <trkpt lat="46.0815848596394062042236328125" lon="11.15415419451892375946044921875">
        <ele>487.20001220703125</ele>
        <time>2026-02-28T07:44:14.000Z</time>
        <extensions>
          <ns3:TrackPointExtension>
            <ns3:hr>114</ns3:hr>
            <ns3:cad>55</ns3:cad>
          </ns3:TrackPointExtension>
        </extensions>
      </trkpt>
      <trkpt lat="46.08166540972888469696044921875" lon="11.15406132303178310394287109375">
        <ele>487.79998779296875</ele>
        <time>2026-02-28T07:44:20.000Z</time>
        <extensions>
          <ns3:TrackPointExtension>
            <ns3:hr>113</ns3:hr>
            <ns3:cad>0</ns3:cad>
          </ns3:TrackPointExtension>
        </extensions>
      </trkpt>
      <trkpt lat="46.0816998593509197235107421875" lon="11.1540159769356250762939453125">
        <ele>488.399993896484375</ele>
        <time>2026-02-28T07:44:25.000Z</time>
        <extensions>
          <ns3:TrackPointExtension>
            <ns3:hr>113</ns3:hr>
            <ns3:cad>53</ns3:cad>
          </ns3:TrackPointExtension>
        </extensions>
      </trkpt>
      <trkpt lat="46.08170832507312297821044921875" lon="11.15400382317602634429931640625">
        <ele>488.399993896484375</ele>
        <time>2026-02-28T07:44:26.000Z</time>
        <extensions>
          <ns3:TrackPointExtension>
            <ns3:hr>113</ns3:hr>
            <ns3:cad>53</ns3:cad>
          </ns3:TrackPointExtension>
        </extensions>
      </trkpt>
      <trkpt lat="46.0817659087479114532470703125" lon="11.15392838604748249053955078125">
        <ele>489</ele>
        <time>2026-02-28T07:44:33.000Z</time>
        <extensions>
          <ns3:TrackPointExtension>
            <ns3:hr>111</ns3:hr>
            <ns3:cad>52</ns3:cad>
          </ns3:TrackPointExtension>
        </extensions>
      </trkpt>
      <trkpt lat="46.08181603252887725830078125" lon="11.1538604088127613067626953125">
        <ele>489.399993896484375</ele>
        <time>2026-02-28T07:44:38.000Z</time>
        <extensions>
          <ns3:TrackPointExtension>
            <ns3:hr>112</ns3:hr>
            <ns3:cad>55</ns3:cad>
          </ns3:TrackPointExtension>
        </extensions>
      </trkpt>
      <trkpt lat="46.0818229056894779205322265625" lon="11.15384674631059169769287109375">
        <ele>489.399993896484375</ele>
        <time>2026-02-28T07:44:39.000Z</time>
        <extensions>
          <ns3:TrackPointExtension>
            <ns3:hr>112</ns3:hr>
            <ns3:cad>55</ns3:cad>
          </ns3:TrackPointExtension>
        </extensions>
      </trkpt>
      <trkpt lat="46.08188367448747158050537109375" lon="11.15381288342177867889404296875">
        <ele>490.20001220703125</ele>
        <time>2026-02-28T07:44:46.000Z</time>
        <extensions>
          <ns3:TrackPointExtension>
            <ns3:hr>111</ns3:hr>
            <ns3:cad>0</ns3:cad>
          </ns3:TrackPointExtension>
        </extensions>
      </trkpt>
      <trkpt lat="46.08189339749515056610107421875" lon="11.15383434109389781951904296875">
        <ele>490.399993896484375</ele>
        <time>2026-02-28T07:44:48.000Z</time>
        <extensions>
          <ns3:TrackPointExtension>
            <ns3:hr>112</ns3:hr>
            <ns3:cad>0</ns3:cad>
          </ns3:TrackPointExtension>
        </extensions>
      </trkpt>
      <trkpt lat="46.08189859427511692047119140625" lon="11.1538897454738616943359375">
        <ele>491.20001220703125</ele>
        <time>2026-02-28T07:44:52.000Z</time>
        <extensions>
          <ns3:TrackPointExtension>
            <ns3:hr>110</ns3:hr>
            <ns3:cad>50</ns3:cad>
          </ns3:TrackPointExtension>
        </extensions>
      </trkpt>
      <trkpt lat="46.08190144412219524383544921875" lon="11.15390575490891933441162109375">
        <ele>491.600006103515625</ele>
        <time>2026-02-28T07:44:53.000Z</time>
        <extensions>
          <ns3:TrackPointExtension>
            <ns3:hr>110</ns3:hr>
            <ns3:cad>50</ns3:cad>
          </ns3:TrackPointExtension>
        </extensions>
      </trkpt>
      <trkpt lat="46.08191653154790401458740234375" lon="11.15395587868988513946533203125">
        <ele>492.600006103515625</ele>
        <time>2026-02-28T07:44:58.000Z</time>
        <extensions>
          <ns3:TrackPointExtension>
            <ns3:hr>110</ns3:hr>
            <ns3:cad>46</ns3:cad>
          </ns3:TrackPointExtension>
        </extensions>
      </trkpt>
      <trkpt lat="46.08191669918596744537353515625" lon="11.15397498942911624908447265625">
        <ele>493</ele>
        <time>2026-02-28T07:45:00.000Z</time>
        <extensions>
          <ns3:TrackPointExtension>
            <ns3:hr>110</ns3:hr>
            <ns3:cad>46</ns3:cad>
          </ns3:TrackPointExtension>
        </extensions>
      </trkpt>
      <trkpt lat="46.0819258354604244232177734375" lon="11.15401237271726131439208984375">
        <ele>493.79998779296875</ele>
        <time>2026-02-28T07:45:03.000Z</time>
        <extensions>
          <ns3:TrackPointExtension>
            <ns3:hr>110</ns3:hr>
            <ns3:cad>46</ns3:cad>
          </ns3:TrackPointExtension>
        </extensions>
      </trkpt>
      <trkpt lat="46.0819402523338794708251953125" lon="11.15404196083545684814453125">
        <ele>494.79998779296875</ele>
        <time>2026-02-28T07:45:06.000Z</time>
        <extensions>
          <ns3:TrackPointExtension>
            <ns3:hr>110</ns3:hr>
            <ns3:cad>0</ns3:cad>
          </ns3:TrackPointExtension>
        </extensions>
      </trkpt>
      <trkpt lat="46.08194368891417980194091796875" lon="11.15405134856700897216796875">
        <ele>495</ele>
        <time>2026-02-28T07:45:07.000Z</time>
        <extensions>
          <ns3:TrackPointExtension>
            <ns3:hr>110</ns3:hr>
            <ns3:cad>0</ns3:cad>
          </ns3:TrackPointExtension>
        </extensions>
      </trkpt>
      <trkpt lat="46.0819546692073345184326171875" lon="11.15412167273461818695068359375">
        <ele>495.79998779296875</ele>
        <time>2026-02-28T07:45:12.000Z</time>
        <extensions>
          <ns3:TrackPointExtension>
            <ns3:hr>109</ns3:hr>
            <ns3:cad>49</ns3:cad>
          </ns3:TrackPointExtension>
        </extensions>
      </trkpt>
      <trkpt lat="46.08195810578763484954833984375" lon="11.15413961000740528106689453125">
        <ele>496</ele>
        <time>2026-02-28T07:45:13.000Z</time>
        <extensions>
          <ns3:TrackPointExtension>
            <ns3:hr>109</ns3:hr>
            <ns3:cad>50</ns3:cad>
          </ns3:TrackPointExtension>
        </extensions>
      </trkpt>
      <trkpt lat="46.08196648769080638885498046875" lon="11.154199540615081787109375">
        <ele>497.20001220703125</ele>
        <time>2026-02-28T07:45:18.000Z</time>
        <extensions>
          <ns3:TrackPointExtension>
            <ns3:hr>108</ns3:hr>
            <ns3:cad>49</ns3:cad>
          </ns3:TrackPointExtension>
        </extensions>
      </trkpt>
      <trkpt lat="46.08196011744439601898193359375" lon="11.1542516760528087615966796875">
        <ele>498.20001220703125</ele>
        <time>2026-02-28T07:45:23.000Z</time>
        <extensions>
          <ns3:TrackPointExtension>
            <ns3:hr>110</ns3:hr>
            <ns3:cad>48</ns3:cad>
          </ns3:TrackPointExtension>
        </extensions>
      </trkpt>
      <trkpt lat="46.08195140026509761810302734375" lon="11.15431177429854869842529296875">
        <ele>499</ele>
        <time>2026-02-28T07:45:26.000Z</time>
        <extensions>
          <ns3:TrackPointExtension>
            <ns3:hr>110</ns3:hr>
            <ns3:cad>48</ns3:cad>
          </ns3:TrackPointExtension>
        </extensions>
      </trkpt>
      <trkpt lat="46.08195425011217594146728515625" lon="11.1543375067412853240966796875">
        <ele>499.399993896484375</ele>
        <time>2026-02-28T07:45:28.000Z</time>
        <extensions>
          <ns3:TrackPointExtension>
            <ns3:hr>111</ns3:hr>
            <ns3:cad>48</ns3:cad>
          </ns3:TrackPointExtension>
        </extensions>
      </trkpt>
      <trkpt lat="46.08196489512920379638671875" lon="11.15441587753593921661376953125">
        <ele>500.399993896484375</ele>
        <time>2026-02-28T07:45:33.000Z</time>
        <extensions>
          <ns3:TrackPointExtension>
            <ns3:hr>111</ns3:hr>
            <ns3:cad>46</ns3:cad>
          </ns3:TrackPointExtension>
        </extensions>
      </trkpt>
      <trkpt lat="46.08198660425841808319091796875" lon="11.1544826813042163848876953125">
        <ele>501.600006103515625</ele>
        <time>2026-02-28T07:45:38.000Z</time>
        <extensions>
          <ns3:TrackPointExtension>
            <ns3:hr>112</ns3:hr>
            <ns3:cad>46</ns3:cad>
          </ns3:TrackPointExtension>
        </extensions>
      </trkpt>
      <trkpt lat="46.0819923877716064453125" lon="11.15451394580304622650146484375">
        <ele>502</ele>
        <time>2026-02-28T07:45:40.000Z</time>
        <extensions>
          <ns3:TrackPointExtension>
            <ns3:hr>113</ns3:hr>
            <ns3:cad>46</ns3:cad>
          </ns3:TrackPointExtension>
        </extensions>
      </trkpt>
      <trkpt lat="46.08200286515057086944580078125" lon="11.15455535240471363067626953125">
        <ele>502.79998779296875</ele>
        <time>2026-02-28T07:45:43.000Z</time>
        <extensions>
          <ns3:TrackPointExtension>
            <ns3:hr>113</ns3:hr>
            <ns3:cad>45</ns3:cad>
          </ns3:TrackPointExtension>
        </extensions>
      </trkpt>
      <trkpt lat="46.08202801086008548736572265625" lon="11.154620982706546783447265625">
        <ele>504</ele>
        <time>2026-02-28T07:45:48.000Z</time>
        <extensions>
          <ns3:TrackPointExtension>
            <ns3:hr>113</ns3:hr>
            <ns3:cad>45</ns3:cad>
          </ns3:TrackPointExtension>
        </extensions>
      </trkpt>
      <trkpt lat="46.082041673362255096435546875" lon="11.15466414950788021087646484375">
        <ele>505</ele>
        <time>2026-02-28T07:45:52.000Z</time>
        <extensions>
          <ns3:TrackPointExtension>
            <ns3:hr>113</ns3:hr>
            <ns3:cad>45</ns3:cad>
          </ns3:TrackPointExtension>
        </extensions>
      </trkpt>
      <trkpt lat="46.08204494230449199676513671875" lon="11.15467521362006664276123046875">
        <ele>505.20001220703125</ele>
        <time>2026-02-28T07:45:53.000Z</time>
        <extensions>
          <ns3:TrackPointExtension>
            <ns3:hr>113</ns3:hr>
            <ns3:cad>45</ns3:cad>
          </ns3:TrackPointExtension>
        </extensions>
      </trkpt>
      <trkpt lat="46.08205567114055156707763671875" lon="11.15471410565078258514404296875">
        <ele>506</ele>
        <time>2026-02-28T07:45:56.000Z</time>
        <extensions>
          <ns3:TrackPointExtension>
            <ns3:hr>113</ns3:hr>
            <ns3:cad>0</ns3:cad>
          </ns3:TrackPointExtension>
        </extensions>
      </trkpt>
      <trkpt lat="46.082056425511837005615234375" lon="11.1547505669295787811279296875">
        <ele>506.79998779296875</ele>
        <time>2026-02-28T07:45:59.000Z</time>
        <extensions>
          <ns3:TrackPointExtension>
            <ns3:hr>114</ns3:hr>
            <ns3:cad>0</ns3:cad>
          </ns3:TrackPointExtension>
        </extensions>
      </trkpt>
      <trkpt lat="46.08206019736826419830322265625" lon="11.154774539172649383544921875">
        <ele>507.20001220703125</ele>
        <time>2026-02-28T07:46:01.000Z</time>
        <extensions>
          <ns3:TrackPointExtension>
            <ns3:hr>113</ns3:hr>
            <ns3:cad>0</ns3:cad>
          </ns3:TrackPointExtension>
        </extensions>
      </trkpt>
      <trkpt lat="46.08207863755524158477783203125" lon="11.15483614616096019744873046875">
        <ele>508.20001220703125</ele>
        <time>2026-02-28T07:46:05.000Z</time>
        <extensions>
          <ns3:TrackPointExtension>
            <ns3:hr>113</ns3:hr>
            <ns3:cad>46</ns3:cad>
          </ns3:TrackPointExtension>
        </extensions>
      </trkpt>
      <trkpt lat="46.08208366669714450836181640625" lon="11.1548457853496074676513671875">
        <ele>508.600006103515625</ele>
        <time>2026-02-28T07:46:06.000Z</time>
        <extensions>
          <ns3:TrackPointExtension>
            <ns3:hr>114</ns3:hr>
            <ns3:cad>46</ns3:cad>
          </ns3:TrackPointExtension>
        </extensions>
      </trkpt>
      <trkpt lat="46.08209992758929729461669921875" lon="11.154890544712543487548828125">
        <ele>509.399993896484375</ele>
        <time>2026-02-28T07:46:09.000Z</time>
        <extensions>
          <ns3:TrackPointExtension>
            <ns3:hr>114</ns3:hr>
            <ns3:cad>44</ns3:cad>
          </ns3:TrackPointExtension>
        </extensions>
      </trkpt>
      <trkpt lat="46.0821186192333698272705078125" lon="11.1549218930304050445556640625">
        <ele>510</ele>
        <time>2026-02-28T07:46:13.000Z</time>
        <extensions>
          <ns3:TrackPointExtension>
            <ns3:hr>115</ns3:hr>
            <ns3:cad>46</ns3:cad>
          </ns3:TrackPointExtension>
        </extensions>
      </trkpt>
      <trkpt lat="46.08213060535490512847900390625" lon="11.15494343452155590057373046875">
        <ele>510.399993896484375</ele>
        <time>2026-02-28T07:46:15.000Z</time>
        <extensions>
          <ns3:TrackPointExtension>
            <ns3:hr>116</ns3:hr>
            <ns3:cad>46</ns3:cad>
          </ns3:TrackPointExtension>
        </extensions>
      </trkpt>
      <trkpt lat="46.082144267857074737548828125" lon="11.15495701320469379425048828125">
        <ele>510.79998779296875</ele>
        <time>2026-02-28T07:46:19.000Z</time>
        <extensions>
          <ns3:TrackPointExtension>
            <ns3:hr>116</ns3:hr>
            <ns3:cad>0</ns3:cad>
          </ns3:TrackPointExtension>
        </extensions>
      </trkpt>
      <trkpt lat="46.08217536471784114837646484375" lon="11.1549929715692996978759765625">
        <ele>511.399993896484375</ele>
        <time>2026-02-28T07:46:22.000Z</time>
        <extensions>
          <ns3:TrackPointExtension>
            <ns3:hr>116</ns3:hr>
            <ns3:cad>0</ns3:cad>
          </ns3:TrackPointExtension>
        </extensions>
      </trkpt>
      <trkpt lat="46.0822195373475551605224609375" lon="11.1550523154437541961669921875">
        <ele>512.4000244140625</ele>
        <time>2026-02-28T07:46:28.000Z</time>
        <extensions>
          <ns3:TrackPointExtension>
            <ns3:hr>114</ns3:hr>
            <ns3:cad>50</ns3:cad>
          </ns3:TrackPointExtension>
        </extensions>
      </trkpt>
      <trkpt lat="46.08225591480731964111328125" lon="11.155095733702182769775390625">
        <ele>513.4000244140625</ele>
        <time>2026-02-28T07:46:33.000Z</time>
        <extensions>
          <ns3:TrackPointExtension>
            <ns3:hr>115</ns3:hr>
            <ns3:cad>50</ns3:cad>
          </ns3:TrackPointExtension>
        </extensions>
      </trkpt>
      <trkpt lat="46.082277707755565643310546875" lon="11.1551341228187084197998046875">
        <ele>514</ele>
        <time>2026-02-28T07:46:36.000Z</time>
        <extensions>
          <ns3:TrackPointExtension>
            <ns3:hr>116</ns3:hr>
            <ns3:cad>48</ns3:cad>
          </ns3:TrackPointExtension>
        </extensions>
      </trkpt>
      <trkpt lat="46.08230645768344402313232421875" lon="11.15517594851553440093994140625">
        <ele>514.5999755859375</ele>
        <time>2026-02-28T07:46:40.000Z</time>
        <extensions>
          <ns3:TrackPointExtension>
            <ns3:hr>116</ns3:hr>
            <ns3:cad>50</ns3:cad>
          </ns3:TrackPointExtension>
        </extensions>
      </trkpt>
      <trkpt lat="46.08234819956123828887939453125" lon="11.1552281677722930908203125">
        <ele>515.79998779296875</ele>
        <time>2026-02-28T07:46:46.000Z</time>
        <extensions>
          <ns3:TrackPointExtension>
            <ns3:hr>117</ns3:hr>
            <ns3:cad>48</ns3:cad>
          </ns3:TrackPointExtension>
        </extensions>
      </trkpt>
      <trkpt lat="46.08235591091215610504150390625" lon="11.15523755550384521484375">
        <ele>516</ele>
        <time>2026-02-28T07:46:47.000Z</time>
        <extensions>
          <ns3:TrackPointExtension>
            <ns3:hr>117</ns3:hr>
            <ns3:cad>48</ns3:cad>
          </ns3:TrackPointExtension>
        </extensions>
      </trkpt>
      <trkpt lat="46.082380972802639007568359375" lon="11.15527284331619739532470703125">
        <ele>517</ele>
        <time>2026-02-28T07:46:51.000Z</time>
        <extensions>
          <ns3:TrackPointExtension>
            <ns3:hr>116</ns3:hr>
            <ns3:cad>47</ns3:cad>
          </ns3:TrackPointExtension>
        </extensions>
      </trkpt>
      <trkpt lat="46.0824119858443737030029296875" lon="11.15529991686344146728515625">
        <ele>517.5999755859375</ele>
        <time>2026-02-28T07:46:55.000Z</time>
        <extensions>
          <ns3:TrackPointExtension>
            <ns3:hr>115</ns3:hr>
            <ns3:cad>0</ns3:cad>
          </ns3:TrackPointExtension>
        </extensions>
      </trkpt>
      <trkpt lat="46.082435958087444305419921875" lon="11.15532363764941692352294921875">
        <ele>518</ele>
        <time>2026-02-28T07:46:58.000Z</time>
        <extensions>
          <ns3:TrackPointExtension>
            <ns3:hr>115</ns3:hr>
            <ns3:cad>0</ns3:cad>
          </ns3:TrackPointExtension>
        </extensions>
      </trkpt>
      <trkpt lat="46.08245599083602428436279296875" lon="11.15534291602671146392822265625">
        <ele>519</ele>
        <time>2026-02-28T07:47:02.000Z</time>
        <extensions>
          <ns3:TrackPointExtension>
            <ns3:hr>115</ns3:hr>
            <ns3:cad>47</ns3:cad>
          </ns3:TrackPointExtension>
        </extensions>
      </trkpt>
      <trkpt lat="46.0824776999652385711669921875" lon="11.1553527228534221649169921875">
        <ele>519.79998779296875</ele>
        <time>2026-02-28T07:47:06.000Z</time>
        <extensions>
          <ns3:TrackPointExtension>
            <ns3:hr>117</ns3:hr>
            <ns3:cad>48</ns3:cad>
          </ns3:TrackPointExtension>
        </extensions>
      </trkpt>
      <trkpt lat="46.08249706216156482696533203125" lon="11.15536722354590892791748046875">
        <ele>520.20001220703125</ele>
        <time>2026-02-28T07:47:08.000Z</time>
        <extensions>
          <ns3:TrackPointExtension>
            <ns3:hr>117</ns3:hr>
            <ns3:cad>44</ns3:cad>
          </ns3:TrackPointExtension>
        </extensions>
      </trkpt>
      <trkpt lat="46.08253612183034420013427734375" lon="11.1553979851305484771728515625">
        <ele>521.4000244140625</ele>
        <time>2026-02-28T07:47:13.000Z</time>
        <extensions>
          <ns3:TrackPointExtension>
            <ns3:hr>118</ns3:hr>
            <ns3:cad>44</ns3:cad>
          </ns3:TrackPointExtension>
        </extensions>
      </trkpt>
      <trkpt lat="46.08254383318126201629638671875" lon="11.15540812723338603973388671875">
        <ele>521.5999755859375</ele>
        <time>2026-02-28T07:47:14.000Z</time>
        <extensions>
          <ns3:TrackPointExtension>
            <ns3:hr>118</ns3:hr>
            <ns3:cad>46</ns3:cad>
          </ns3:TrackPointExtension>
        </extensions>
      </trkpt>
      <trkpt lat="46.08257082290947437286376953125" lon="11.1554373800754547119140625">
        <ele>522.5999755859375</ele>
        <time>2026-02-28T07:47:18.000Z</time>
        <extensions>
          <ns3:TrackPointExtension>
            <ns3:hr>119</ns3:hr>
            <ns3:cad>47</ns3:cad>
          </ns3:TrackPointExtension>
        </extensions>
      </trkpt>
      <trkpt lat="46.08260652981698513031005859375" lon="11.1554623581469058990478515625">
        <ele>523.5999755859375</ele>
        <time>2026-02-28T07:47:22.000Z</time>
        <extensions>
          <ns3:TrackPointExtension>
            <ns3:hr>119</ns3:hr>
            <ns3:cad>45</ns3:cad>
          </ns3:TrackPointExtension>
        </extensions>
      </trkpt>
      <trkpt lat="46.08262597583234310150146484375" lon="11.1554781161248683929443359375">
        <ele>524.20001220703125</ele>
        <time>2026-02-28T07:47:24.000Z</time>
        <extensions>
          <ns3:TrackPointExtension>
            <ns3:hr>119</ns3:hr>
            <ns3:cad>43</ns3:cad>
          </ns3:TrackPointExtension>
        </extensions>
      </trkpt>
      <trkpt lat="46.08264642767608165740966796875" lon="11.1555022560060024261474609375">
        <ele>525</ele>
        <time>2026-02-28T07:47:27.000Z</time>
        <extensions>
          <ns3:TrackPointExtension>
            <ns3:hr>119</ns3:hr>
            <ns3:cad>44</ns3:cad>
          </ns3:TrackPointExtension>
        </extensions>
      </trkpt>
      <trkpt lat="46.0826768539845943450927734375" lon="11.15551491267979145050048828125">
        <ele>526</ele>
        <time>2026-02-28T07:47:32.000Z</time>
        <extensions>
          <ns3:TrackPointExtension>
            <ns3:hr>119</ns3:hr>
            <ns3:cad>46</ns3:cad>
          </ns3:TrackPointExtension>
        </extensions>
      </trkpt>
      <trkpt lat="46.08269621618092060089111328125" lon="11.15552161820232868194580078125">
        <ele>526.5999755859375</ele>
        <time>2026-02-28T07:47:34.000Z</time>
        <extensions>
          <ns3:TrackPointExtension>
            <ns3:hr>119</ns3:hr>
            <ns3:cad>47</ns3:cad>
          </ns3:TrackPointExtension>
        </extensions>
      </trkpt>
      <trkpt lat="46.0827284865081310272216796875" lon="11.1555270664393901824951171875">
        <ele>527.20001220703125</ele>
        <time>2026-02-28T07:47:37.000Z</time>
        <extensions>
          <ns3:TrackPointExtension>
            <ns3:hr>119</ns3:hr>
            <ns3:cad>46</ns3:cad>
          </ns3:TrackPointExtension>
        </extensions>
      </trkpt>
      <trkpt lat="46.082775592803955078125" lon="11.15553737618029117584228515625">
        <ele>528</ele>
        <time>2026-02-28T07:47:40.000Z</time>
        <extensions>
          <ns3:TrackPointExtension>
            <ns3:hr>120</ns3:hr>
            <ns3:cad>47</ns3:cad>
          </ns3:TrackPointExtension>
        </extensions>
      </trkpt>
      <trkpt lat="46.0827885009348392486572265625" lon="11.15553955547511577606201171875">
        <ele>528.4000244140625</ele>
        <time>2026-02-28T07:47:41.000Z</time>
        <extensions>
          <ns3:TrackPointExtension>
            <ns3:hr>120</ns3:hr>
            <ns3:cad>47</ns3:cad>
          </ns3:TrackPointExtension>
        </extensions>
      </trkpt>
      <trkpt lat="46.0828260518610477447509765625" lon="11.15553771145641803741455078125">
        <ele>529.4000244140625</ele>
        <time>2026-02-28T07:47:45.000Z</time>
        <extensions>
          <ns3:TrackPointExtension>
            <ns3:hr>120</ns3:hr>
            <ns3:cad>47</ns3:cad>
          </ns3:TrackPointExtension>
        </extensions>
      </trkpt>
      <trkpt lat="46.0828555561602115631103515625" lon="11.155540309846401214599609375">
        <ele>530.20001220703125</ele>
        <time>2026-02-28T07:47:49.000Z</time>
        <extensions>
          <ns3:TrackPointExtension>
            <ns3:hr>120</ns3:hr>
            <ns3:cad>43</ns3:cad>
          </ns3:TrackPointExtension>
        </extensions>
      </trkpt>
      <trkpt lat="46.0828605853021144866943359375" lon="11.1555418185889720916748046875">
        <ele>530.4000244140625</ele>
        <time>2026-02-28T07:47:50.000Z</time>
        <extensions>
          <ns3:TrackPointExtension>
            <ns3:hr>121</ns3:hr>
            <ns3:cad>43</ns3:cad>
          </ns3:TrackPointExtension>
        </extensions>
      </trkpt>
      <trkpt lat="46.08289520256221294403076171875" lon="11.155543662607669830322265625">
        <ele>531.20001220703125</ele>
        <time>2026-02-28T07:47:56.000Z</time>
        <extensions>
          <ns3:TrackPointExtension>
            <ns3:hr>124</ns3:hr>
            <ns3:cad>0</ns3:cad>
          </ns3:TrackPointExtension>
        </extensions>
      </trkpt>
      <trkpt lat="46.08289537020027637481689453125" lon="11.15554307587444782257080078125">
        <ele>531.20001220703125</ele>
        <time>2026-02-28T07:47:57.000Z</time>
        <extensions>
          <ns3:TrackPointExtension>
            <ns3:hr>124</ns3:hr>
            <ns3:cad>0</ns3:cad>
          </ns3:TrackPointExtension>
        </extensions>
      </trkpt>
      <trkpt lat="46.08292780816555023193359375" lon="11.15553234703838825225830078125">
        <ele>531.5999755859375</ele>
        <time>2026-02-28T07:48:05.000Z</time>
        <extensions>
          <ns3:TrackPointExtension>
            <ns3:hr>125</ns3:hr>
            <ns3:cad>41</ns3:cad>
          </ns3:TrackPointExtension>
        </extensions>
      </trkpt>
      <trkpt lat="46.08293929137289524078369140625" lon="11.15553553216159343719482421875">
        <ele>531.79998779296875</ele>
        <time>2026-02-28T07:48:06.000Z</time>
        <extensions>
          <ns3:TrackPointExtension>
            <ns3:hr>125</ns3:hr>
            <ns3:cad>41</ns3:cad>
          </ns3:TrackPointExtension>
        </extensions>
      </trkpt>
      <trkpt lat="46.0829601623117923736572265625" lon="11.1555374599993228912353515625">
        <ele>532</ele>
        <time>2026-02-28T07:48:09.000Z</time>
        <extensions>
          <ns3:TrackPointExtension>
            <ns3:hr>122</ns3:hr>
            <ns3:cad>42</ns3:cad>
          </ns3:TrackPointExtension>
        </extensions>
      </trkpt>
      <trkpt lat="46.08300299383699893951416015625" lon="11.15554324351251125335693359375">
        <ele>532.5999755859375</ele>
        <time>2026-02-28T07:48:13.000Z</time>
        <extensions>
          <ns3:TrackPointExtension>
            <ns3:hr>120</ns3:hr>
            <ns3:cad>46</ns3:cad>
          </ns3:TrackPointExtension>
        </extensions>
      </trkpt>
      <trkpt lat="46.0830278880894184112548828125" lon="11.1555508710443973541259765625">
        <ele>533.20001220703125</ele>
        <time>2026-02-28T07:48:15.000Z</time>
        <extensions>
          <ns3:TrackPointExtension>
            <ns3:hr>117</ns3:hr>
            <ns3:cad>46</ns3:cad>
          </ns3:TrackPointExtension>
        </extensions>
      </trkpt>
      <trkpt lat="46.083046831190586090087890625" lon="11.155556403100490570068359375">
        <ele>533.79998779296875</ele>
        <time>2026-02-28T07:48:17.000Z</time>
        <extensions>
          <ns3:TrackPointExtension>
            <ns3:hr>117</ns3:hr>
            <ns3:cad>47</ns3:cad>
          </ns3:TrackPointExtension>
        </extensions>
      </trkpt>
      <trkpt lat="46.0830627568066120147705078125" lon="11.1555615998804569244384765625">
        <ele>534.20001220703125</ele>
        <time>2026-02-28T07:48:21.000Z</time>
        <extensions>
          <ns3:TrackPointExtension>
            <ns3:hr>116</ns3:hr>
            <ns3:cad>45</ns3:cad>
          </ns3:TrackPointExtension>
        </extensions>
      </trkpt>
      <trkpt lat="46.08312226831912994384765625" lon="11.155580542981624603271484375">
        <ele>535</ele>
        <time>2026-02-28T07:48:27.000Z</time>
        <extensions>
          <ns3:TrackPointExtension>
            <ns3:hr>115</ns3:hr>
            <ns3:cad>45</ns3:cad>
          </ns3:TrackPointExtension>
        </extensions>
      </trkpt>
      <trkpt lat="46.0831522755324840545654296875" lon="11.15559085272252559661865234375">
        <ele>535.5999755859375</ele>
        <time>2026-02-28T07:48:30.000Z</time>
        <extensions>
          <ns3:TrackPointExtension>
            <ns3:hr>115</ns3:hr>
            <ns3:cad>43</ns3:cad>
          </ns3:TrackPointExtension>
        </extensions>
      </trkpt>
      <trkpt lat="46.083162836730480194091796875" lon="11.1555984802544116973876953125">
        <ele>536</ele>
        <time>2026-02-28T07:48:32.000Z</time>
        <extensions>
          <ns3:TrackPointExtension>
            <ns3:hr>114</ns3:hr>
            <ns3:cad>43</ns3:cad>
          </ns3:TrackPointExtension>
        </extensions>
      </trkpt>
      <trkpt lat="46.08319443650543689727783203125" lon="11.15562714636325836181640625">
        <ele>536.4000244140625</ele>
        <time>2026-02-28T07:48:36.000Z</time>
        <extensions>
          <ns3:TrackPointExtension>
            <ns3:hr>116</ns3:hr>
            <ns3:cad>0</ns3:cad>
          </ns3:TrackPointExtension>
        </extensions>
      </trkpt>
      <trkpt lat="46.08321572653949260711669921875" lon="11.15564323961734771728515625">
        <ele>537</ele>
        <time>2026-02-28T07:48:39.000Z</time>
        <extensions>
          <ns3:TrackPointExtension>
            <ns3:hr>115</ns3:hr>
            <ns3:cad>44</ns3:cad>
          </ns3:TrackPointExtension>
        </extensions>
      </trkpt>
      <trkpt lat="46.0832552053034305572509765625" lon="11.15567852742969989776611328125">
        <ele>537.79998779296875</ele>
        <time>2026-02-28T07:48:44.000Z</time>
        <extensions>
          <ns3:TrackPointExtension>
            <ns3:hr>115</ns3:hr>
            <ns3:cad>44</ns3:cad>
          </ns3:TrackPointExtension>
        </extensions>
      </trkpt>
      <trkpt lat="46.08327607624232769012451171875" lon="11.15569160319864749908447265625">
        <ele>538.20001220703125</ele>
        <time>2026-02-28T07:48:46.000Z</time>
        <extensions>
          <ns3:TrackPointExtension>
            <ns3:hr>115</ns3:hr>
            <ns3:cad>44</ns3:cad>
          </ns3:TrackPointExtension>
        </extensions>
      </trkpt>
      <trkpt lat="46.0833108611404895782470703125" lon="11.15571373142302036285400390625">
        <ele>538.5999755859375</ele>
        <time>2026-02-28T07:48:51.000Z</time>
        <extensions>
          <ns3:TrackPointExtension>
            <ns3:hr>115</ns3:hr>
            <ns3:cad>47</ns3:cad>
          </ns3:TrackPointExtension>
        </extensions>
      </trkpt>
      <trkpt lat="46.083336509764194488525390625" lon="11.15573653019964694976806640625">
        <ele>539.20001220703125</ele>
        <time>2026-02-28T07:48:55.000Z</time>
        <extensions>
          <ns3:TrackPointExtension>
            <ns3:hr>114</ns3:hr>
            <ns3:cad>47</ns3:cad>
          </ns3:TrackPointExtension>
        </extensions>
      </trkpt>
      <trkpt lat="46.08336073346436023712158203125" lon="11.1557511985301971435546875">
        <ele>539.5999755859375</ele>
        <time>2026-02-28T07:48:58.000Z</time>
        <extensions>
          <ns3:TrackPointExtension>
            <ns3:hr>114</ns3:hr>
            <ns3:cad>44</ns3:cad>
          </ns3:TrackPointExtension>
        </extensions>
      </trkpt>
      <trkpt lat="46.083404235541820526123046875" lon="11.15577240474522113800048828125">
        <ele>540.20001220703125</ele>
        <time>2026-02-28T07:49:03.000Z</time>
        <extensions>
          <ns3:TrackPointExtension>
            <ns3:hr>115</ns3:hr>
            <ns3:cad>45</ns3:cad>
          </ns3:TrackPointExtension>
        </extensions>
      </trkpt>
      <trkpt lat="46.083435751497745513916015625" lon="11.1557785235345363616943359375">
        <ele>540.79998779296875</ele>
        <time>2026-02-28T07:49:07.000Z</time>
        <extensions>
          <ns3:TrackPointExtension>
            <ns3:hr>114</ns3:hr>
            <ns3:cad>44</ns3:cad>
          </ns3:TrackPointExtension>
        </extensions>
      </trkpt>
      <trkpt lat="46.08347590081393718719482421875" lon="11.1557807028293609619140625">
        <ele>541.4000244140625</ele>
        <time>2026-02-28T07:49:11.000Z</time>
        <extensions>
          <ns3:TrackPointExtension>
            <ns3:hr>113</ns3:hr>
            <ns3:cad>48</ns3:cad>
          </ns3:TrackPointExtension>
        </extensions>
      </trkpt>
      <trkpt lat="46.08353801071643829345703125" lon="11.15579319186508655548095703125">
        <ele>541.79998779296875</ele>
        <time>2026-02-28T07:49:16.000Z</time>
        <extensions>
          <ns3:TrackPointExtension>
            <ns3:hr>116</ns3:hr>
            <ns3:cad>48</ns3:cad>
          </ns3:TrackPointExtension>
        </extensions>
      </trkpt>
      <trkpt lat="46.0835582949221134185791015625" lon="11.15579838864505290985107421875">
        <ele>542.20001220703125</ele>
        <time>2026-02-28T07:49:18.000Z</time>
        <extensions>
          <ns3:TrackPointExtension>
            <ns3:hr>116</ns3:hr>
            <ns3:cad>48</ns3:cad>
          </ns3:TrackPointExtension>
        </extensions>
      </trkpt>
      <trkpt lat="46.0835680179297924041748046875" lon="11.15580274723470211029052734375">
        <ele>542.4000244140625</ele>
        <time>2026-02-28T07:49:19.000Z</time>
        <extensions>
          <ns3:TrackPointExtension>
            <ns3:hr>116</ns3:hr>
            <ns3:cad>48</ns3:cad>
          </ns3:TrackPointExtension>
        </extensions>
      </trkpt>
      <trkpt lat="46.08363188803195953369140625" lon="11.1558388732373714447021484375">
        <ele>543</ele>
        <time>2026-02-28T07:49:25.000Z</time>
        <extensions>
          <ns3:TrackPointExtension>
            <ns3:hr>115</ns3:hr>
            <ns3:cad>50</ns3:cad>
          </ns3:TrackPointExtension>
        </extensions>
      </trkpt>
      <trkpt lat="46.0836709477007389068603515625" lon="11.15586795844137668609619140625">
        <ele>543.4000244140625</ele>
        <time>2026-02-28T07:49:29.000Z</time>
        <extensions>
          <ns3:TrackPointExtension>
            <ns3:hr>114</ns3:hr>
            <ns3:cad>47</ns3:cad>
          </ns3:TrackPointExtension>
        </extensions>
      </trkpt>
      <trkpt lat="46.083691231906414031982421875" lon="11.15588857792317867279052734375">
        <ele>543.5999755859375</ele>
        <time>2026-02-28T07:49:31.000Z</time>
        <extensions>
          <ns3:TrackPointExtension>
            <ns3:hr>113</ns3:hr>
            <ns3:cad>47</ns3:cad>
          </ns3:TrackPointExtension>
        </extensions>
      </trkpt>
      <trkpt lat="46.08373657800257205963134765625" lon="11.15593031980097293853759765625">
        <ele>544.4000244140625</ele>
        <time>2026-02-28T07:49:37.000Z</time>
        <extensions>
          <ns3:TrackPointExtension>
            <ns3:hr>112</ns3:hr>
            <ns3:cad>49</ns3:cad>
          </ns3:TrackPointExtension>
        </extensions>
      </trkpt>
      <trkpt lat="46.08374454081058502197265625" lon="11.155933924019336700439453125">
        <ele>544.4000244140625</ele>
        <time>2026-02-28T07:49:38.000Z</time>
        <extensions>
          <ns3:TrackPointExtension>
            <ns3:hr>113</ns3:hr>
            <ns3:cad>49</ns3:cad>
          </ns3:TrackPointExtension>
        </extensions>
      </trkpt>
      <trkpt lat="46.08379013836383819580078125" lon="11.15595714189112186431884765625">
        <ele>545.20001220703125</ele>
        <time>2026-02-28T07:49:43.000Z</time>
        <extensions>
          <ns3:TrackPointExtension>
            <ns3:hr>113</ns3:hr>
            <ns3:cad>48</ns3:cad>
          </ns3:TrackPointExtension>
        </extensions>
      </trkpt>
      <trkpt lat="46.0838042199611663818359375" lon="11.15596820600330829620361328125">
        <ele>545.4000244140625</ele>
        <time>2026-02-28T07:49:45.000Z</time>
        <extensions>
          <ns3:TrackPointExtension>
            <ns3:hr>112</ns3:hr>
            <ns3:cad>48</ns3:cad>
          </ns3:TrackPointExtension>
        </extensions>
      </trkpt>
      <trkpt lat="46.08384185470640659332275390625" lon="11.1559832096099853515625">
        <ele>546.20001220703125</ele>
        <time>2026-02-28T07:49:50.000Z</time>
        <extensions>
          <ns3:TrackPointExtension>
            <ns3:hr>112</ns3:hr>
            <ns3:cad>46</ns3:cad>
          </ns3:TrackPointExtension>
        </extensions>
      </trkpt>
      <trkpt lat="46.08385853469371795654296875" lon="11.15598564036190509796142578125">
        <ele>546.5999755859375</ele>
        <time>2026-02-28T07:49:52.000Z</time>
        <extensions>
          <ns3:TrackPointExtension>
            <ns3:hr>112</ns3:hr>
            <ns3:cad>46</ns3:cad>
          </ns3:TrackPointExtension>
        </extensions>
      </trkpt>
      <trkpt lat="46.08386599458754062652587890625" lon="11.155988238751888275146484375">
        <ele>546.79998779296875</ele>
        <time>2026-02-28T07:49:53.000Z</time>
        <extensions>
          <ns3:TrackPointExtension>
            <ns3:hr>112</ns3:hr>
            <ns3:cad>46</ns3:cad>
          </ns3:TrackPointExtension>
        </extensions>
      </trkpt>
      <trkpt lat="46.08389742672443389892578125" lon="11.15600324235856533050537109375">
        <ele>547.20001220703125</ele>
        <time>2026-02-28T07:49:57.000Z</time>
        <extensions>
          <ns3:TrackPointExtension>
            <ns3:hr>111</ns3:hr>
            <ns3:cad>46</ns3:cad>
          </ns3:TrackPointExtension>
        </extensions>
      </trkpt>
      <trkpt lat="46.08393858186900615692138671875" lon="11.156021766364574432373046875">
        <ele>547.79998779296875</ele>
        <time>2026-02-28T07:50:01.000Z</time>
        <extensions>
          <ns3:TrackPointExtension>
            <ns3:hr>110</ns3:hr>
            <ns3:cad>44</ns3:cad>
          </ns3:TrackPointExtension>
        </extensions>
      </trkpt>
      <trkpt lat="46.08396238647401332855224609375" lon="11.15602637641131877899169921875">
        <ele>548</ele>
        <time>2026-02-28T07:50:03.000Z</time>
        <extensions>
          <ns3:TrackPointExtension>
            <ns3:hr>110</ns3:hr>
            <ns3:cad>44</ns3:cad>
          </ns3:TrackPointExtension>
        </extensions>
      </trkpt>
      <trkpt lat="46.0840186290442943572998046875" lon="11.1560313217341899871826171875">
        <ele>548.79998779296875</ele>
        <time>2026-02-28T07:50:08.000Z</time>
        <extensions>
          <ns3:TrackPointExtension>
            <ns3:hr>110</ns3:hr>
            <ns3:cad>45</ns3:cad>
          </ns3:TrackPointExtension>
        </extensions>
      </trkpt>
      <trkpt lat="46.0840474627912044525146484375" lon="11.1560373567044734954833984375">
        <ele>549.20001220703125</ele>
        <time>2026-02-28T07:50:11.000Z</time>
        <extensions>
          <ns3:TrackPointExtension>
            <ns3:hr>112</ns3:hr>
            <ns3:cad>47</ns3:cad>
          </ns3:TrackPointExtension>
        </extensions>
      </trkpt>
      <trkpt lat="46.084086187183856964111328125" lon="11.15604548715054988861083984375">
        <ele>550</ele>
        <time>2026-02-28T07:50:16.000Z</time>
        <extensions>
          <ns3:TrackPointExtension>
            <ns3:hr>112</ns3:hr>
            <ns3:cad>47</ns3:cad>
          </ns3:TrackPointExtension>
        </extensions>
      </trkpt>
      <trkpt lat="46.0841198824346065521240234375" lon="11.15604422986507415771484375">
        <ele>550.4000244140625</ele>
        <time>2026-02-28T07:50:20.000Z</time>
        <extensions>
          <ns3:TrackPointExtension>
            <ns3:hr>112</ns3:hr>
            <ns3:cad>47</ns3:cad>
          </ns3:TrackPointExtension>
        </extensions>
      </trkpt>
      <trkpt lat="46.0841416753828525543212890625" lon="11.1560682021081447601318359375">
        <ele>551</ele>
        <time>2026-02-28T07:50:23.000Z</time>
        <extensions>
          <ns3:TrackPointExtension>
            <ns3:hr>112</ns3:hr>
            <ns3:cad>44</ns3:cad>
          </ns3:TrackPointExtension>
        </extensions>
      </trkpt>
      <trkpt lat="46.08417679555714130401611328125" lon="11.1561164818704128265380859375">
        <ele>551.4000244140625</ele>
        <time>2026-02-28T07:50:27.000Z</time>
        <extensions>
          <ns3:TrackPointExtension>
            <ns3:hr>111</ns3:hr>
            <ns3:cad>0</ns3:cad>
          </ns3:TrackPointExtension>
        </extensions>
      </trkpt>
      <trkpt lat="46.08421116136014461517333984375" lon="11.156168282032012939453125">
        <ele>552</ele>
        <time>2026-02-28T07:50:31.000Z</time>
        <extensions>
          <ns3:TrackPointExtension>
            <ns3:hr>111</ns3:hr>
            <ns3:cad>0</ns3:cad>
          </ns3:TrackPointExtension>
        </extensions>
      </trkpt>
      <trkpt lat="46.084244437515735626220703125" lon="11.156211197376251220703125">
        <ele>552.4000244140625</ele>
        <time>2026-02-28T07:50:34.000Z</time>
        <extensions>
          <ns3:TrackPointExtension>
            <ns3:hr>111</ns3:hr>
            <ns3:cad>0</ns3:cad>
          </ns3:TrackPointExtension>
        </extensions>
      </trkpt>
      <trkpt lat="46.0842902027070522308349609375" lon="11.1562635004520416259765625">
        <ele>553</ele>
        <time>2026-02-28T07:50:39.000Z</time>
        <extensions>
          <ns3:TrackPointExtension>
            <ns3:hr>110</ns3:hr>
            <ns3:cad>50</ns3:cad>
          </ns3:TrackPointExtension>
        </extensions>
      </trkpt>
      <trkpt lat="46.08429615385830402374267578125" lon="11.15626861341297626495361328125">
        <ele>553.20001220703125</ele>
        <time>2026-02-28T07:50:40.000Z</time>
        <extensions>
          <ns3:TrackPointExtension>
            <ns3:hr>110</ns3:hr>
            <ns3:cad>50</ns3:cad>
          </ns3:TrackPointExtension>
        </extensions>
      </trkpt>
      <trkpt lat="46.084382571280002593994140625" lon="11.15629023872315883636474609375">
        <ele>554</ele>
        <time>2026-02-28T07:50:48.000Z</time>
        <extensions>
          <ns3:TrackPointExtension>
            <ns3:hr>110</ns3:hr>
            <ns3:cad>50</ns3:cad>
          </ns3:TrackPointExtension>
        </extensions>
      </trkpt>
      <trkpt lat="46.08439355157315731048583984375" lon="11.1562975309789180755615234375">
        <ele>554</ele>
        <time>2026-02-28T07:50:49.000Z</time>
        <extensions>
          <ns3:TrackPointExtension>
            <ns3:hr>110</ns3:hr>
            <ns3:cad>50</ns3:cad>
          </ns3:TrackPointExtension>
        </extensions>
      </trkpt>
      <trkpt lat="46.084434203803539276123046875" lon="11.156308092176914215087890625">
        <ele>554.4000244140625</ele>
        <time>2026-02-28T07:50:53.000Z</time>
        <extensions>
          <ns3:TrackPointExtension>
            <ns3:hr>110</ns3:hr>
            <ns3:cad>47</ns3:cad>
          </ns3:TrackPointExtension>
        </extensions>
      </trkpt>
      <trkpt lat="46.08451156876981258392333984375" lon="11.1563749797642230987548828125">
        <ele>555</ele>
        <time>2026-02-28T07:51:02.000Z</time>
        <extensions>
          <ns3:TrackPointExtension>
            <ns3:hr>109</ns3:hr>
            <ns3:cad>48</ns3:cad>
          </ns3:TrackPointExtension>
        </extensions>
      </trkpt>
      <trkpt lat="46.084519363939762115478515625" lon="11.156381182372570037841796875">
        <ele>555.20001220703125</ele>
        <time>2026-02-28T07:51:03.000Z</time>
        <extensions>
          <ns3:TrackPointExtension>
            <ns3:hr>109</ns3:hr>
            <ns3:cad>48</ns3:cad>
          </ns3:TrackPointExtension>
        </extensions>
      </trkpt>
      <trkpt lat="46.08456990681588649749755859375" lon="11.15644094534218311309814453125">
        <ele>555.79998779296875</ele>
        <time>2026-02-28T07:51:09.000Z</time>
        <extensions>
          <ns3:TrackPointExtension>
            <ns3:hr>108</ns3:hr>
            <ns3:cad>51</ns3:cad>
          </ns3:TrackPointExtension>
        </extensions>
      </trkpt>
      <trkpt lat="46.084591113030910491943359375" lon="11.156473048031330108642578125">
        <ele>556.20001220703125</ele>
        <time>2026-02-28T07:51:12.000Z</time>
        <extensions>
          <ns3:TrackPointExtension>
            <ns3:hr>108</ns3:hr>
            <ns3:cad>50</ns3:cad>
          </ns3:TrackPointExtension>
        </extensions>
      </trkpt>
      <trkpt lat="46.08463679440319538116455078125" lon="11.15652962587773799896240234375">
        <ele>557.20001220703125</ele>
        <time>2026-02-28T07:51:18.000Z</time>
        <extensions>
          <ns3:TrackPointExtension>
            <ns3:hr>109</ns3:hr>
            <ns3:cad>48</ns3:cad>
          </ns3:TrackPointExtension>
        </extensions>
      </trkpt>
      <trkpt lat="46.084645427763462066650390625" lon="11.156538091599941253662109375">
        <ele>557.20001220703125</ele>
        <time>2026-02-28T07:51:19.000Z</time>
        <extensions>
          <ns3:TrackPointExtension>
            <ns3:hr>109</ns3:hr>
            <ns3:cad>49</ns3:cad>
          </ns3:TrackPointExtension>
        </extensions>
      </trkpt>
      <trkpt lat="46.0847082920372486114501953125" lon="11.15660615265369415283203125">
        <ele>558.20001220703125</ele>
        <time>2026-02-28T07:51:26.000Z</time>
        <extensions>
          <ns3:TrackPointExtension>
            <ns3:hr>109</ns3:hr>
            <ns3:cad>48</ns3:cad>
          </ns3:TrackPointExtension>
        </extensions>
      </trkpt>
      <trkpt lat="46.08471659012138843536376953125" lon="11.15661344490945339202880859375">
        <ele>558.4000244140625</ele>
        <time>2026-02-28T07:51:27.000Z</time>
        <extensions>
          <ns3:TrackPointExtension>
            <ns3:hr>109</ns3:hr>
            <ns3:cad>47</ns3:cad>
          </ns3:TrackPointExtension>
        </extensions>
      </trkpt>
      <trkpt lat="46.084768809378147125244140625" lon="11.15665971301496028900146484375">
        <ele>559.5999755859375</ele>
        <time>2026-02-28T07:51:34.000Z</time>
        <extensions>
          <ns3:TrackPointExtension>
            <ns3:hr>109</ns3:hr>
            <ns3:cad>49</ns3:cad>
          </ns3:TrackPointExtension>
        </extensions>
      </trkpt>
      <trkpt lat="46.0847803764045238494873046875" lon="11.15667211823165416717529296875">
        <ele>559.79998779296875</ele>
        <time>2026-02-28T07:51:36.000Z</time>
        <extensions>
          <ns3:TrackPointExtension>
            <ns3:hr>110</ns3:hr>
            <ns3:cad>49</ns3:cad>
          </ns3:TrackPointExtension>
        </extensions>
      </trkpt>
      <trkpt lat="46.08482773415744304656982421875" lon="11.15671771578490734100341796875">
        <ele>560.5999755859375</ele>
        <time>2026-02-28T07:51:41.000Z</time>
        <extensions>
          <ns3:TrackPointExtension>
            <ns3:hr>112</ns3:hr>
            <ns3:cad>49</ns3:cad>
          </ns3:TrackPointExtension>
        </extensions>
      </trkpt>
      <trkpt lat="46.08484852127730846405029296875" lon="11.15673548541963100433349609375">
        <ele>561</ele>
        <time>2026-02-28T07:51:43.000Z</time>
        <extensions>
          <ns3:TrackPointExtension>
            <ns3:hr>112</ns3:hr>
            <ns3:cad>49</ns3:cad>
          </ns3:TrackPointExtension>
        </extensions>
      </trkpt>
      <trkpt lat="46.0848735831677913665771484375" lon="11.1567731201648712158203125">
        <ele>561.5999755859375</ele>
        <time>2026-02-28T07:51:48.000Z</time>
        <extensions>
          <ns3:TrackPointExtension>
            <ns3:hr>113</ns3:hr>
            <ns3:cad>50</ns3:cad>
          </ns3:TrackPointExtension>
        </extensions>
      </trkpt>
      <trkpt lat="46.08489328064024448394775390625" lon="11.156802959740161895751953125">
        <ele>562</ele>
        <time>2026-02-28T07:51:50.000Z</time>
        <extensions>
          <ns3:TrackPointExtension>
            <ns3:hr>114</ns3:hr>
            <ns3:cad>51</ns3:cad>
          </ns3:TrackPointExtension>
        </extensions>
      </trkpt>
      <trkpt lat="46.08493133448064327239990234375" lon="11.15686238743364810943603515625">
        <ele>562.79998779296875</ele>
        <time>2026-02-28T07:51:55.000Z</time>
        <extensions>
          <ns3:TrackPointExtension>
            <ns3:hr>115</ns3:hr>
            <ns3:cad>49</ns3:cad>
          </ns3:TrackPointExtension>
        </extensions>
      </trkpt>
      <trkpt lat="46.08493854291737079620361328125" lon="11.15687127225100994110107421875">
        <ele>562.79998779296875</ele>
        <time>2026-02-28T07:51:56.000Z</time>
        <extensions>
          <ns3:TrackPointExtension>
            <ns3:hr>115</ns3:hr>
            <ns3:cad>50</ns3:cad>
          </ns3:TrackPointExtension>
        </extensions>
      </trkpt>
      <trkpt lat="46.0849999822676181793212890625" lon="11.1569553427398204803466796875">
        <ele>563.79998779296875</ele>
        <time>2026-02-28T07:52:04.000Z</time>
        <extensions>
          <ns3:TrackPointExtension>
            <ns3:hr>115</ns3:hr>
            <ns3:cad>52</ns3:cad>
          </ns3:TrackPointExtension>
        </extensions>
      </trkpt>
      <trkpt lat="46.08500760979950428009033203125" lon="11.15696665830910205841064453125">
        <ele>563.79998779296875</ele>
        <time>2026-02-28T07:52:05.000Z</time>
        <extensions>
          <ns3:TrackPointExtension>
            <ns3:hr>115</ns3:hr>
            <ns3:cad>52</ns3:cad>
          </ns3:TrackPointExtension>
        </extensions>
      </trkpt>
      <trkpt lat="46.08503862284123897552490234375" lon="11.15706439130008220672607421875">
        <ele>564.20001220703125</ele>
        <time>2026-02-28T07:52:11.000Z</time>
        <extensions>
          <ns3:TrackPointExtension>
            <ns3:hr>115</ns3:hr>
            <ns3:cad>50</ns3:cad>
          </ns3:TrackPointExtension>
        </extensions>
      </trkpt>
      <trkpt lat="46.08506225980818271636962890625" lon="11.15712272934615612030029296875">
        <ele>564.79998779296875</ele>
        <time>2026-02-28T07:52:16.000Z</time>
        <extensions>
          <ns3:TrackPointExtension>
            <ns3:hr>113</ns3:hr>
            <ns3:cad>52</ns3:cad>
          </ns3:TrackPointExtension>
        </extensions>
      </trkpt>
      <trkpt lat="46.085065864026546478271484375" lon="11.1571628786623477935791015625">
        <ele>565</ele>
        <time>2026-02-28T07:52:18.000Z</time>
        <extensions>
          <ns3:TrackPointExtension>
            <ns3:hr>113</ns3:hr>
            <ns3:cad>52</ns3:cad>
          </ns3:TrackPointExtension>
        </extensions>
      </trkpt>
      <trkpt lat="46.08506728895008563995361328125" lon="11.15723839960992336273193359375">
        <ele>565.20001220703125</ele>
        <time>2026-02-28T07:52:22.000Z</time>
        <extensions>
          <ns3:TrackPointExtension>
            <ns3:hr>112</ns3:hr>
            <ns3:cad>53</ns3:cad>
          </ns3:TrackPointExtension>
        </extensions>
      </trkpt>
      <trkpt lat="46.0850596614181995391845703125" lon="11.1573435924947261810302734375">
        <ele>565.79998779296875</ele>
        <time>2026-02-28T07:52:28.000Z</time>
        <extensions>
          <ns3:TrackPointExtension>
            <ns3:hr>113</ns3:hr>
            <ns3:cad>53</ns3:cad>
          </ns3:TrackPointExtension>
        </extensions>
      </trkpt>
      <trkpt lat="46.0850556381046772003173828125" lon="11.157359518110752105712890625">
        <ele>566</ele>
        <time>2026-02-28T07:52:29.000Z</time>
        <extensions>
          <ns3:TrackPointExtension>
            <ns3:hr>114</ns3:hr>
            <ns3:cad>52</ns3:cad>
          </ns3:TrackPointExtension>
        </extensions>
      </trkpt>
      <trkpt lat="46.08504834584891796112060546875" lon="11.15744702517986297607421875">
        <ele>566.4000244140625</ele>
        <time>2026-02-28T07:52:35.000Z</time>
        <extensions>
          <ns3:TrackPointExtension>
            <ns3:hr>114</ns3:hr>
            <ns3:cad>52</ns3:cad>
          </ns3:TrackPointExtension>
        </extensions>
      </trkpt>
      <trkpt lat="46.0850549675524234771728515625" lon="11.1575608514249324798583984375">
        <ele>566.79998779296875</ele>
        <time>2026-02-28T07:52:42.000Z</time>
        <extensions>
          <ns3:TrackPointExtension>
            <ns3:hr>115</ns3:hr>
            <ns3:cad>50</ns3:cad>
          </ns3:TrackPointExtension>
        </extensions>
      </trkpt>
      <trkpt lat="46.08505479991436004638671875" lon="11.15760619752109050750732421875">
        <ele>567.20001220703125</ele>
        <time>2026-02-28T07:52:45.000Z</time>
        <extensions>
          <ns3:TrackPointExtension>
            <ns3:hr>115</ns3:hr>
            <ns3:cad>52</ns3:cad>
          </ns3:TrackPointExtension>
        </extensions>
      </trkpt>
      <trkpt lat="46.08504599891602993011474609375" lon="11.15767409093677997589111328125">
        <ele>567.5999755859375</ele>
        <time>2026-02-28T07:52:49.000Z</time>
        <extensions>
          <ns3:TrackPointExtension>
            <ns3:hr>115</ns3:hr>
            <ns3:cad>51</ns3:cad>
          </ns3:TrackPointExtension>
        </extensions>
      </trkpt>
      <trkpt lat="46.08503409661352634429931640625" lon="11.1577486060559749603271484375">
        <ele>568.20001220703125</ele>
        <time>2026-02-28T07:52:54.000Z</time>
        <extensions>
          <ns3:TrackPointExtension>
            <ns3:hr>116</ns3:hr>
            <ns3:cad>51</ns3:cad>
          </ns3:TrackPointExtension>
        </extensions>
      </trkpt>
      <trkpt lat="46.08502454124391078948974609375" lon="11.157795377075672149658203125">
        <ele>568.4000244140625</ele>
        <time>2026-02-28T07:52:57.000Z</time>
        <extensions>
          <ns3:TrackPointExtension>
            <ns3:hr>115</ns3:hr>
            <ns3:cad>49</ns3:cad>
          </ns3:TrackPointExtension>
        </extensions>
      </trkpt>
      <trkpt lat="46.08500492759048938751220703125" lon="11.15790207870304584503173828125">
        <ele>569.20001220703125</ele>
        <time>2026-02-28T07:53:04.000Z</time>
        <extensions>
          <ns3:TrackPointExtension>
            <ns3:hr>116</ns3:hr>
            <ns3:cad>50</ns3:cad>
          </ns3:TrackPointExtension>
        </extensions>
      </trkpt>
      <trkpt lat="46.0850031673908233642578125" lon="11.1579118855297565460205078125">
        <ele>569.4000244140625</ele>
        <time>2026-02-28T07:53:05.000Z</time>
        <extensions>
          <ns3:TrackPointExtension>
            <ns3:hr>115</ns3:hr>
            <ns3:cad>49</ns3:cad>
          </ns3:TrackPointExtension>
        </extensions>
      </trkpt>
      <trkpt lat="46.0849939472973346710205078125" lon="11.157990507781505584716796875">
        <ele>570</ele>
        <time>2026-02-28T07:53:11.000Z</time>
        <extensions>
          <ns3:TrackPointExtension>
            <ns3:hr>115</ns3:hr>
            <ns3:cad>49</ns3:cad>
          </ns3:TrackPointExtension>
        </extensions>
      </trkpt>
      <trkpt lat="46.0849795304238796234130859375" lon="11.1580647714436054229736328125">
        <ele>570.4000244140625</ele>
        <time>2026-02-28T07:53:15.000Z</time>
        <extensions>
          <ns3:TrackPointExtension>
            <ns3:hr>115</ns3:hr>
            <ns3:cad>50</ns3:cad>
          </ns3:TrackPointExtension>
        </extensions>
      </trkpt>
      <trkpt lat="46.08497424982488155364990234375" lon="11.1581214331090450286865234375">
        <ele>570.79998779296875</ele>
        <time>2026-02-28T07:53:19.000Z</time>
        <extensions>
          <ns3:TrackPointExtension>
            <ns3:hr>112</ns3:hr>
            <ns3:cad>50</ns3:cad>
          </ns3:TrackPointExtension>
        </extensions>
      </trkpt>
      <trkpt lat="46.084972321987152099609375" lon="11.15814012475311756134033203125">
        <ele>570.79998779296875</ele>
        <time>2026-02-28T07:53:20.000Z</time>
        <extensions>
          <ns3:TrackPointExtension>
            <ns3:hr>112</ns3:hr>
            <ns3:cad>50</ns3:cad>
          </ns3:TrackPointExtension>
        </extensions>
      </trkpt>
      <trkpt lat="46.0849682986736297607421875" lon="11.15822712890803813934326171875">
        <ele>571.4000244140625</ele>
        <time>2026-02-28T07:53:24.000Z</time>
        <extensions>
          <ns3:TrackPointExtension>
            <ns3:hr>111</ns3:hr>
            <ns3:cad>52</ns3:cad>
          </ns3:TrackPointExtension>
        </extensions>
      </trkpt>
      <trkpt lat="46.08498095534741878509521484375" lon="11.1582578904926776885986328125">
        <ele>571.79998779296875</ele>
        <time>2026-02-28T07:53:27.000Z</time>
        <extensions>
          <ns3:TrackPointExtension>
            <ns3:hr>111</ns3:hr>
            <ns3:cad>51</ns3:cad>
          </ns3:TrackPointExtension>
        </extensions>
      </trkpt>
      <trkpt lat="46.0850167460739612579345703125" lon="11.15829527378082275390625">
        <ele>572.5999755859375</ele>
        <time>2026-02-28T07:53:31.000Z</time>
        <extensions>
          <ns3:TrackPointExtension>
            <ns3:hr>111</ns3:hr>
            <ns3:cad>53</ns3:cad>
          </ns3:TrackPointExtension>
        </extensions>
      </trkpt>
      <trkpt lat="46.0850378684699535369873046875" lon="11.15831178613007068634033203125">
        <ele>573</ele>
        <time>2026-02-28T07:53:33.000Z</time>
        <extensions>
          <ns3:TrackPointExtension>
            <ns3:hr>111</ns3:hr>
            <ns3:cad>50</ns3:cad>
          </ns3:TrackPointExtension>
        </extensions>
      </trkpt>
      <trkpt lat="46.08508564531803131103515625" lon="11.15835453383624553680419921875">
        <ele>573.5999755859375</ele>
        <time>2026-02-28T07:53:37.000Z</time>
        <extensions>
          <ns3:TrackPointExtension>
            <ns3:hr>113</ns3:hr>
            <ns3:cad>49</ns3:cad>
          </ns3:TrackPointExtension>
        </extensions>
      </trkpt>
      <trkpt lat="46.08509310521185398101806640625" lon="11.15836107172071933746337890625">
        <ele>573.5999755859375</ele>
        <time>2026-02-28T07:53:38.000Z</time>
        <extensions>
          <ns3:TrackPointExtension>
            <ns3:hr>113</ns3:hr>
            <ns3:cad>49</ns3:cad>
          </ns3:TrackPointExtension>
        </extensions>
      </trkpt>
      <trkpt lat="46.08512143604457378387451171875" lon="11.1583785898983478546142578125">
        <ele>574</ele>
        <time>2026-02-28T07:53:41.000Z</time>
        <extensions>
          <ns3:TrackPointExtension>
            <ns3:hr>116</ns3:hr>
            <ns3:cad>47</ns3:cad>
          </ns3:TrackPointExtension>
        </extensions>
      </trkpt>
      <trkpt lat="46.08514423482120037078857421875" lon="11.1583851277828216552734375">
        <ele>574.5999755859375</ele>
        <time>2026-02-28T07:53:44.000Z</time>
        <extensions>
          <ns3:TrackPointExtension>
            <ns3:hr>117</ns3:hr>
            <ns3:cad>48</ns3:cad>
          </ns3:TrackPointExtension>
        </extensions>
      </trkpt>
      <trkpt lat="46.08522486872971057891845703125" lon="11.15836660377681255340576171875">
        <ele>575.4000244140625</ele>
        <time>2026-02-28T07:53:51.000Z</time>
        <extensions>
          <ns3:TrackPointExtension>
            <ns3:hr>116</ns3:hr>
            <ns3:cad>47</ns3:cad>
          </ns3:TrackPointExtension>
        </extensions>
      </trkpt>
      <trkpt lat="46.08526862226426601409912109375" lon="11.158353276550769805908203125">
        <ele>575.5999755859375</ele>
        <time>2026-02-28T07:53:54.000Z</time>
        <extensions>
          <ns3:TrackPointExtension>
            <ns3:hr>116</ns3:hr>
            <ns3:cad>48</ns3:cad>
          </ns3:TrackPointExtension>
        </extensions>
      </trkpt>
      <trkpt lat="46.08529091812670230865478515625" lon="11.15834958851337432861328125">
        <ele>575.79998779296875</ele>
        <time>2026-02-28T07:53:56.000Z</time>
        <extensions>
          <ns3:TrackPointExtension>
            <ns3:hr>113</ns3:hr>
            <ns3:cad>47</ns3:cad>
          </ns3:TrackPointExtension>
        </extensions>
      </trkpt>
      <trkpt lat="46.0853195004165172576904296875" lon="11.158335506916046142578125">
        <ele>576.20001220703125</ele>
        <time>2026-02-28T07:53:59.000Z</time>
        <extensions>
          <ns3:TrackPointExtension>
            <ns3:hr>112</ns3:hr>
            <ns3:cad>48</ns3:cad>
          </ns3:TrackPointExtension>
        </extensions>
      </trkpt>
      <trkpt lat="46.0853553749620914459228515625" lon="11.1583650112152099609375">
        <ele>576.5999755859375</ele>
        <time>2026-02-28T07:54:03.000Z</time>
        <extensions>
          <ns3:TrackPointExtension>
            <ns3:hr>112</ns3:hr>
            <ns3:cad>48</ns3:cad>
          </ns3:TrackPointExtension>
        </extensions>
      </trkpt>
      <trkpt lat="46.0853706300258636474609375" lon="11.158387474715709686279296875">
        <ele>577</ele>
        <time>2026-02-28T07:54:05.000Z</time>
        <extensions>
          <ns3:TrackPointExtension>
            <ns3:hr>113</ns3:hr>
            <ns3:cad>0</ns3:cad>
          </ns3:TrackPointExtension>
        </extensions>
      </trkpt>
      <trkpt lat="46.08538513071835041046142578125" lon="11.15846081636846065521240234375">
        <ele>577.79998779296875</ele>
        <time>2026-02-28T07:54:10.000Z</time>
        <extensions>
          <ns3:TrackPointExtension>
            <ns3:hr>113</ns3:hr>
            <ns3:cad>46</ns3:cad>
          </ns3:TrackPointExtension>
        </extensions>
      </trkpt>
      <trkpt lat="46.08541547320783138275146484375" lon="11.15857833065092563629150390625">
        <ele>578.79998779296875</ele>
        <time>2026-02-28T07:54:17.000Z</time>
        <extensions>
          <ns3:TrackPointExtension>
            <ns3:hr>114</ns3:hr>
            <ns3:cad>41</ns3:cad>
          </ns3:TrackPointExtension>
        </extensions>
      </trkpt>
      <trkpt lat="46.0854492522776126861572265625" lon="11.15866080857813358306884765625">
        <ele>579.20001220703125</ele>
        <time>2026-02-28T07:54:23.000Z</time>
        <extensions>
          <ns3:TrackPointExtension>
            <ns3:hr>116</ns3:hr>
            <ns3:cad>49</ns3:cad>
          </ns3:TrackPointExtension>
        </extensions>
      </trkpt>
      <trkpt lat="46.0854686982929706573486328125" lon="11.1587242595851421356201171875">
        <ele>579.79998779296875</ele>
        <time>2026-02-28T07:54:27.000Z</time>
        <extensions>
          <ns3:TrackPointExtension>
            <ns3:hr>118</ns3:hr>
            <ns3:cad>51</ns3:cad>
          </ns3:TrackPointExtension>
        </extensions>
      </trkpt>
      <trkpt lat="46.0854750685393810272216796875" lon="11.158757619559764862060546875">
        <ele>580</ele>
        <time>2026-02-28T07:54:29.000Z</time>
        <extensions>
          <ns3:TrackPointExtension>
            <ns3:hr>118</ns3:hr>
            <ns3:cad>51</ns3:cad>
          </ns3:TrackPointExtension>
        </extensions>
      </trkpt>
      <trkpt lat="46.08550063334405422210693359375" lon="11.1588362418115139007568359375">
        <ele>580</ele>
        <time>2026-02-28T07:54:35.000Z</time>
        <extensions>
          <ns3:TrackPointExtension>
            <ns3:hr>118</ns3:hr>
            <ns3:cad>0</ns3:cad>
          </ns3:TrackPointExtension>
        </extensions>
      </trkpt>
      <trkpt lat="46.08555763028562068939208984375" lon="11.1589344777166843414306640625">
        <ele>580.4000244140625</ele>
        <time>2026-02-28T07:54:43.000Z</time>
        <extensions>
          <ns3:TrackPointExtension>
            <ns3:hr>118</ns3:hr>
            <ns3:cad>50</ns3:cad>
          </ns3:TrackPointExtension>
        </extensions>
      </trkpt>
      <trkpt lat="46.08557255007326602935791015625" lon="11.15893808193504810333251953125">
        <ele>580.4000244140625</ele>
        <time>2026-02-28T07:54:44.000Z</time>
        <extensions>
          <ns3:TrackPointExtension>
            <ns3:hr>119</ns3:hr>
            <ns3:cad>50</ns3:cad>
          </ns3:TrackPointExtension>
        </extensions>
      </trkpt>
      <trkpt lat="46.0856051556766033172607421875" lon="11.1590065620839595794677734375">
        <ele>580.79998779296875</ele>
        <time>2026-02-28T07:54:49.000Z</time>
        <extensions>
          <ns3:TrackPointExtension>
            <ns3:hr>118</ns3:hr>
            <ns3:cad>53</ns3:cad>
          </ns3:TrackPointExtension>
        </extensions>
      </trkpt>
      <trkpt lat="46.08561680652201175689697265625" lon="11.1590531654655933380126953125">
        <ele>581</ele>
        <time>2026-02-28T07:54:53.000Z</time>
        <extensions>
          <ns3:TrackPointExtension>
            <ns3:hr>118</ns3:hr>
            <ns3:cad>53</ns3:cad>
          </ns3:TrackPointExtension>
        </extensions>
      </trkpt>
      <trkpt lat="46.085630469024181365966796875" lon="11.159086525440216064453125">
        <ele>581</ele>
        <time>2026-02-28T07:54:55.000Z</time>
        <extensions>
          <ns3:TrackPointExtension>
            <ns3:hr>117</ns3:hr>
            <ns3:cad>53</ns3:cad>
          </ns3:TrackPointExtension>
        </extensions>
      </trkpt>
      <trkpt lat="46.085682772099971771240234375" lon="11.15921066142618656158447265625">
        <ele>581.5999755859375</ele>
        <time>2026-02-28T07:55:03.000Z</time>
        <extensions>
          <ns3:TrackPointExtension>
            <ns3:hr>117</ns3:hr>
            <ns3:cad>55</ns3:cad>
          </ns3:TrackPointExtension>
        </extensions>
      </trkpt>
      <trkpt lat="46.0857342369854450225830078125" lon="11.1593260802328586578369140625">
        <ele>581.79998779296875</ele>
        <time>2026-02-28T07:55:10.000Z</time>
        <extensions>
          <ns3:TrackPointExtension>
            <ns3:hr>117</ns3:hr>
            <ns3:cad>56</ns3:cad>
          </ns3:TrackPointExtension>
        </extensions>
      </trkpt>
      <trkpt lat="46.08573968522250652313232421875" lon="11.15933798253536224365234375">
        <ele>582</ele>
        <time>2026-02-28T07:55:11.000Z</time>
        <extensions>
          <ns3:TrackPointExtension>
            <ns3:hr>117</ns3:hr>
            <ns3:cad>56</ns3:cad>
          </ns3:TrackPointExtension>
        </extensions>
      </trkpt>
      <trkpt lat="46.085809506475925445556640625" lon="11.1594357155263423919677734375">
        <ele>582.4000244140625</ele>
        <time>2026-02-28T07:55:19.000Z</time>
        <extensions>
          <ns3:TrackPointExtension>
            <ns3:hr>117</ns3:hr>
            <ns3:cad>0</ns3:cad>
          </ns3:TrackPointExtension>
        </extensions>
      </trkpt>
      <trkpt lat="46.08585275709629058837890625" lon="11.15951375104486942291259765625">
        <ele>583</ele>
        <time>2026-02-28T07:55:26.000Z</time>
        <extensions>
          <ns3:TrackPointExtension>
            <ns3:hr>115</ns3:hr>
            <ns3:cad>0</ns3:cad>
          </ns3:TrackPointExtension>
        </extensions>
      </trkpt>
      <trkpt lat="46.085859127342700958251953125" lon="11.1595218814909458160400390625">
        <ele>583</ele>
        <time>2026-02-28T07:55:27.000Z</time>
        <extensions>
          <ns3:TrackPointExtension>
            <ns3:hr>115</ns3:hr>
            <ns3:cad>0</ns3:cad>
          </ns3:TrackPointExtension>
        </extensions>
      </trkpt>
      <trkpt lat="46.0859028808772563934326171875" lon="11.15956731140613555908203125">
        <ele>583.79998779296875</ele>
        <time>2026-02-28T07:55:33.000Z</time>
        <extensions>
          <ns3:TrackPointExtension>
            <ns3:hr>112</ns3:hr>
            <ns3:cad>0</ns3:cad>
          </ns3:TrackPointExtension>
        </extensions>
      </trkpt>
      <trkpt lat="46.08592249453067779541015625" lon="11.15958902053534984588623046875">
        <ele>584</ele>
        <time>2026-02-28T07:55:35.000Z</time>
        <extensions>
          <ns3:TrackPointExtension>
            <ns3:hr>112</ns3:hr>
            <ns3:cad>0</ns3:cad>
          </ns3:TrackPointExtension>
        </extensions>
      </trkpt>
      <trkpt lat="46.085956357419490814208984375" lon="11.15962363779544830322265625">
        <ele>584.4000244140625</ele>
        <time>2026-02-28T07:55:40.000Z</time>
        <extensions>
          <ns3:TrackPointExtension>
            <ns3:hr>112</ns3:hr>
            <ns3:cad>51</ns3:cad>
          </ns3:TrackPointExtension>
        </extensions>
      </trkpt>
      <trkpt lat="46.08603221364319324493408203125" lon="11.1596724204719066619873046875">
        <ele>584.5999755859375</ele>
        <time>2026-02-28T07:55:47.000Z</time>
        <extensions>
          <ns3:TrackPointExtension>
            <ns3:hr>115</ns3:hr>
            <ns3:cad>55</ns3:cad>
          </ns3:TrackPointExtension>
        </extensions>
      </trkpt>
      <trkpt lat="46.08609407208859920501708984375" lon="11.15971625782549381256103515625">
        <ele>585</ele>
        <time>2026-02-28T07:55:53.000Z</time>
        <extensions>
          <ns3:TrackPointExtension>
            <ns3:hr>115</ns3:hr>
            <ns3:cad>54</ns3:cad>
          </ns3:TrackPointExtension>
        </extensions>
      </trkpt>
      <trkpt lat="46.08610630966722965240478515625" lon="11.15972556173801422119140625">
        <ele>585</ele>
        <time>2026-02-28T07:55:54.000Z</time>
        <extensions>
          <ns3:TrackPointExtension>
            <ns3:hr>115</ns3:hr>
            <ns3:cad>53</ns3:cad>
          </ns3:TrackPointExtension>
        </extensions>
      </trkpt>
      <trkpt lat="46.08614285476505756378173828125" lon="11.15972380153834819793701171875">
        <ele>585.4000244140625</ele>
        <time>2026-02-28T07:55:58.000Z</time>
        <extensions>
          <ns3:TrackPointExtension>
            <ns3:hr>113</ns3:hr>
            <ns3:cad>53</ns3:cad>
          </ns3:TrackPointExtension>
        </extensions>
      </trkpt>
      <trkpt lat="46.08619700185954570770263671875" lon="11.159728579223155975341796875">
        <ele>586</ele>
        <time>2026-02-28T07:56:04.000Z</time>
        <extensions>
          <ns3:TrackPointExtension>
            <ns3:hr>115</ns3:hr>
            <ns3:cad>48</ns3:cad>
          </ns3:TrackPointExtension>
        </extensions>
      </trkpt>
      <trkpt lat="46.08621326275169849395751953125" lon="11.159731261432170867919921875">
        <ele>586</ele>
        <time>2026-02-28T07:56:05.000Z</time>
        <extensions>
          <ns3:TrackPointExtension>
            <ns3:hr>115</ns3:hr>
            <ns3:cad>48</ns3:cad>
          </ns3:TrackPointExtension>
        </extensions>
      </trkpt>
      <trkpt lat="46.08631300739943981170654296875" lon="11.15975867025554180145263671875">
        <ele>586.79998779296875</ele>
        <time>2026-02-28T07:56:12.000Z</time>
        <extensions>
          <ns3:TrackPointExtension>
            <ns3:hr>114</ns3:hr>
            <ns3:cad>50</ns3:cad>
          </ns3:TrackPointExtension>
        </extensions>
      </trkpt>
      <trkpt lat="46.08633211813867092132568359375" lon="11.15976369939744472503662109375">
        <ele>587.20001220703125</ele>
        <time>2026-02-28T07:56:14.000Z</time>
        <extensions>
          <ns3:TrackPointExtension>
            <ns3:hr>113</ns3:hr>
            <ns3:cad>50</ns3:cad>
          </ns3:TrackPointExtension>
        </extensions>
      </trkpt>
      <trkpt lat="46.086358018219470977783203125" lon="11.15977426059544086456298828125">
        <ele>587.4000244140625</ele>
        <time>2026-02-28T07:56:18.000Z</time>
        <extensions>
          <ns3:TrackPointExtension>
            <ns3:hr>111</ns3:hr>
            <ns3:cad>51</ns3:cad>
          </ns3:TrackPointExtension>
        </extensions>
      </trkpt>
      <trkpt lat="46.08639112673699855804443359375" lon="11.15974676795303821563720703125">
        <ele>588</ele>
        <time>2026-02-28T07:56:23.000Z</time>
        <extensions>
          <ns3:TrackPointExtension>
            <ns3:hr>111</ns3:hr>
            <ns3:cad>47</ns3:cad>
          </ns3:TrackPointExtension>
        </extensions>
      </trkpt>
      <trkpt lat="46.08641124330461025238037109375" lon="11.15973503328859806060791015625">
        <ele>588.20001220703125</ele>
        <time>2026-02-28T07:56:25.000Z</time>
        <extensions>
          <ns3:TrackPointExtension>
            <ns3:hr>112</ns3:hr>
            <ns3:cad>47</ns3:cad>
          </ns3:TrackPointExtension>
        </extensions>
      </trkpt>
      <trkpt lat="46.08646430075168609619140625" lon="11.15972799248993396759033203125">
        <ele>588.79998779296875</ele>
        <time>2026-02-28T07:56:31.000Z</time>
        <extensions>
          <ns3:TrackPointExtension>
            <ns3:hr>112</ns3:hr>
            <ns3:cad>47</ns3:cad>
          </ns3:TrackPointExtension>
        </extensions>
      </trkpt>
      <trkpt lat="46.08652196824550628662109375" lon="11.15974341519176959991455078125">
        <ele>589.20001220703125</ele>
        <time>2026-02-28T07:56:35.000Z</time>
        <extensions>
          <ns3:TrackPointExtension>
            <ns3:hr>109</ns3:hr>
            <ns3:cad>47</ns3:cad>
          </ns3:TrackPointExtension>
        </extensions>
      </trkpt>
      <trkpt lat="46.0865362174808979034423828125" lon="11.15976470522582530975341796875">
        <ele>589.4000244140625</ele>
        <time>2026-02-28T07:56:37.000Z</time>
        <extensions>
          <ns3:TrackPointExtension>
            <ns3:hr>108</ns3:hr>
            <ns3:cad>47</ns3:cad>
          </ns3:TrackPointExtension>
        </extensions>
      </trkpt>
      <trkpt lat="46.08656764961779117584228515625" lon="11.15983494557440280914306640625">
        <ele>589.4000244140625</ele>
        <time>2026-02-28T07:56:42.000Z</time>
        <extensions>
          <ns3:TrackPointExtension>
            <ns3:hr>109</ns3:hr>
            <ns3:cad>59</ns3:cad>
          </ns3:TrackPointExtension>
        </extensions>
      </trkpt>
      <trkpt lat="46.08656211756169795989990234375" lon="11.1598415672779083251953125">
        <ele>589</ele>
        <time>2026-02-28T07:56:50.000Z</time>
        <extensions>
          <ns3:TrackPointExtension>
            <ns3:hr>111</ns3:hr>
            <ns3:cad>0</ns3:cad>
          </ns3:TrackPointExtension>
        </extensions>
      </trkpt>
      <trkpt lat="46.0865466110408306121826171875" lon="11.15984315983951091766357421875">
        <ele>589.20001220703125</ele>
        <time>2026-02-28T07:56:56.000Z</time>
        <extensions>
          <ns3:TrackPointExtension>
            <ns3:hr>110</ns3:hr>
            <ns3:cad>0</ns3:cad>
          </ns3:TrackPointExtension>
        </extensions>
      </trkpt>
      <trkpt lat="46.0865372233092784881591796875" lon="11.159831173717975616455078125">
        <ele>589</ele>
        <time>2026-02-28T07:57:02.000Z</time>
        <extensions>
          <ns3:TrackPointExtension>
            <ns3:hr>107</ns3:hr>
            <ns3:cad>0</ns3:cad>
          </ns3:TrackPointExtension>
        </extensions>
      </trkpt>
      <trkpt lat="46.08653177507221698760986328125" lon="11.15983226336538791656494140625">
        <ele>589</ele>
        <time>2026-02-28T07:57:05.000Z</time>
        <extensions>
          <ns3:TrackPointExtension>
            <ns3:hr>103</ns3:hr>
            <ns3:cad>0</ns3:cad>
          </ns3:TrackPointExtension>
        </extensions>
      </trkpt>
      <trkpt lat="46.08652942813932895660400390625" lon="11.1598303355276584625244140625">
        <ele>589</ele>
        <time>2026-02-28T07:57:06.000Z</time>
        <extensions>
          <ns3:TrackPointExtension>
            <ns3:hr>102</ns3:hr>
            <ns3:cad>0</ns3:cad>
          </ns3:TrackPointExtension>
        </extensions>
      </trkpt>
      <trkpt lat="46.08652456663548946380615234375" lon="11.1597964726388454437255859375">
        <ele>588.5999755859375</ele>
        <time>2026-02-28T07:57:12.000Z</time>
        <extensions>
          <ns3:TrackPointExtension>
            <ns3:hr>99</ns3:hr>
            <ns3:cad>0</ns3:cad>
          </ns3:TrackPointExtension>
        </extensions>
      </trkpt>
      <trkpt lat="46.086529679596424102783203125" lon="11.1597860790789127349853515625">
        <ele>588.5999755859375</ele>
        <time>2026-02-28T07:57:13.000Z</time>
        <extensions>
          <ns3:TrackPointExtension>
            <ns3:hr>100</ns3:hr>
            <ns3:cad>0</ns3:cad>
          </ns3:TrackPointExtension>
        </extensions>
      </trkpt>
      <trkpt lat="46.0865402407944202423095703125" lon="11.1597867496311664581298828125">
        <ele>588.4000244140625</ele>
        <time>2026-02-28T07:57:20.000Z</time>
        <extensions>
          <ns3:TrackPointExtension>
            <ns3:hr>98</ns3:hr>
            <ns3:cad>0</ns3:cad>
          </ns3:TrackPointExtension>
        </extensions>
      </trkpt>
      <trkpt lat="46.08655013144016265869140625" lon="11.15978029556572437286376953125">
        <ele>588.20001220703125</ele>
        <time>2026-02-28T07:57:24.000Z</time>
        <extensions>
          <ns3:TrackPointExtension>
            <ns3:hr>97</ns3:hr>
            <ns3:cad>0</ns3:cad>
          </ns3:TrackPointExtension>
        </extensions>
      </trkpt>
      <trkpt lat="46.086561866104602813720703125" lon="11.1597756855189800262451171875">
        <ele>588</ele>
        <time>2026-02-28T07:57:30.000Z</time>
        <extensions>
          <ns3:TrackPointExtension>
            <ns3:hr>97</ns3:hr>
            <ns3:cad>0</ns3:cad>
          </ns3:TrackPointExtension>
        </extensions>
      </trkpt>
      <trkpt lat="46.08653663657605648040771484375" lon="11.159756071865558624267578125">
        <ele>587.4000244140625</ele>
        <time>2026-02-28T07:57:40.000Z</time>
        <extensions>
          <ns3:TrackPointExtension>
            <ns3:hr>96</ns3:hr>
            <ns3:cad>0</ns3:cad>
          </ns3:TrackPointExtension>
        </extensions>
      </trkpt>
      <trkpt lat="46.08657117001712322235107421875" lon="11.15976822562515735626220703125">
        <ele>587.20001220703125</ele>
        <time>2026-02-28T07:57:47.000Z</time>
        <extensions>
          <ns3:TrackPointExtension>
            <ns3:hr>96</ns3:hr>
            <ns3:cad>0</ns3:cad>
          </ns3:TrackPointExtension>
        </extensions>
      </trkpt>
      <trkpt lat="46.08657561242580413818359375" lon="11.159772835671901702880859375">
        <ele>587</ele>
        <time>2026-02-28T07:57:49.000Z</time>
        <extensions>
          <ns3:TrackPointExtension>
            <ns3:hr>95</ns3:hr>
            <ns3:cad>0</ns3:cad>
          </ns3:TrackPointExtension>
        </extensions>
      </trkpt>
      <trkpt lat="46.08656278811395168304443359375" lon="11.1597803793847560882568359375">
        <ele>586.79998779296875</ele>
        <time>2026-02-28T07:57:56.000Z</time>
        <extensions>
          <ns3:TrackPointExtension>
            <ns3:hr>92</ns3:hr>
            <ns3:cad>0</ns3:cad>
          </ns3:TrackPointExtension>
        </extensions>
      </trkpt>
      <trkpt lat="46.0865593515336513519287109375" lon="11.15977727808058261871337890625">
        <ele>586.79998779296875</ele>
        <time>2026-02-28T07:57:57.000Z</time>
        <extensions>
          <ns3:TrackPointExtension>
            <ns3:hr>89</ns3:hr>
            <ns3:cad>0</ns3:cad>
          </ns3:TrackPointExtension>
        </extensions>
      </trkpt>
      <trkpt lat="46.0865509696304798126220703125" lon="11.1597760207951068878173828125">
        <ele>586.79998779296875</ele>
        <time>2026-02-28T07:57:59.000Z</time>
        <extensions>
          <ns3:TrackPointExtension>
            <ns3:hr>85</ns3:hr>
            <ns3:cad>0</ns3:cad>
          </ns3:TrackPointExtension>
        </extensions>
      </trkpt>
      <trkpt lat="46.08654568903148174285888671875" lon="11.15977006964385509490966796875">
        <ele>586.5999755859375</ele>
        <time>2026-02-28T07:58:03.000Z</time>
        <extensions>
          <ns3:TrackPointExtension>
            <ns3:hr>85</ns3:hr>
            <ns3:cad>0</ns3:cad>
          </ns3:TrackPointExtension>
        </extensions>
      </trkpt>
      <trkpt lat="46.08655993826687335968017578125" lon="11.159770153462886810302734375">
        <ele>586.4000244140625</ele>
        <time>2026-02-28T07:58:13.000Z</time>
        <extensions>
          <ns3:TrackPointExtension>
            <ns3:hr>88</ns3:hr>
            <ns3:cad>0</ns3:cad>
          </ns3:TrackPointExtension>
        </extensions>
      </trkpt>
      <trkpt lat="46.086550466716289520263671875" lon="11.1597706563770771026611328125">
        <ele>586.4000244140625</ele>
        <time>2026-02-28T07:58:15.000Z</time>
        <extensions>
          <ns3:TrackPointExtension>
            <ns3:hr>89</ns3:hr>
            <ns3:cad>0</ns3:cad>
          </ns3:TrackPointExtension>
        </extensions>
      </trkpt>
      <trkpt lat="46.0865342058241367340087890625" lon="11.15977308712899684906005859375">
        <ele>586</ele>
        <time>2026-02-28T07:58:19.000Z</time>
        <extensions>
          <ns3:TrackPointExtension>
            <ns3:hr>88</ns3:hr>
            <ns3:cad>0</ns3:cad>
          </ns3:TrackPointExtension>
        </extensions>
      </trkpt>
      <trkpt lat="46.08653881587088108062744140625" lon="11.15974023006856441497802734375">
        <ele>586</ele>
        <time>2026-02-28T07:58:22.000Z</time>
        <extensions>
          <ns3:TrackPointExtension>
            <ns3:hr>88</ns3:hr>
            <ns3:cad>0</ns3:cad>
          </ns3:TrackPointExtension>
        </extensions>
      </trkpt>
      <trkpt lat="46.08659916557371616363525390625" lon="11.15969815291464328765869140625">
        <ele>586.79998779296875</ele>
        <time>2026-02-28T07:58:29.000Z</time>
        <extensions>
          <ns3:TrackPointExtension>
            <ns3:hr>88</ns3:hr>
            <ns3:cad>44</ns3:cad>
          </ns3:TrackPointExtension>
        </extensions>
      </trkpt>
      <trkpt lat="46.0866207070648670196533203125" lon="11.15968666970729827880859375">
        <ele>587.20001220703125</ele>
        <time>2026-02-28T07:58:31.000Z</time>
        <extensions>
          <ns3:TrackPointExtension>
            <ns3:hr>90</ns3:hr>
            <ns3:cad>44</ns3:cad>
          </ns3:TrackPointExtension>
        </extensions>
      </trkpt>
      <trkpt lat="46.086637973785400390625" lon="11.15967166610062122344970703125">
        <ele>587.20001220703125</ele>
        <time>2026-02-28T07:58:33.000Z</time>
        <extensions>
          <ns3:TrackPointExtension>
            <ns3:hr>93</ns3:hr>
            <ns3:cad>0</ns3:cad>
          </ns3:TrackPointExtension>
        </extensions>
      </trkpt>
      <trkpt lat="46.08666286803781986236572265625" lon="11.15965356118977069854736328125">
        <ele>587.20001220703125</ele>
        <time>2026-02-28T07:58:36.000Z</time>
        <extensions>
          <ns3:TrackPointExtension>
            <ns3:hr>93</ns3:hr>
            <ns3:cad>50</ns3:cad>
          </ns3:TrackPointExtension>
        </extensions>
      </trkpt>
      <trkpt lat="46.08669438399374485015869140625" lon="11.15956756286323070526123046875">
        <ele>588</ele>
        <time>2026-02-28T07:58:43.000Z</time>
        <extensions>
          <ns3:TrackPointExtension>
            <ns3:hr>94</ns3:hr>
            <ns3:cad>47</ns3:cad>
          </ns3:TrackPointExtension>
        </extensions>
      </trkpt>
      <trkpt lat="46.08670477755367755889892578125" lon="11.1595389805734157562255859375">
        <ele>588.20001220703125</ele>
        <time>2026-02-28T07:58:45.000Z</time>
        <extensions>
          <ns3:TrackPointExtension>
            <ns3:hr>94</ns3:hr>
            <ns3:cad>0</ns3:cad>
          </ns3:TrackPointExtension>
        </extensions>
      </trkpt>
      <trkpt lat="46.08672849833965301513671875" lon="11.15948324091732501983642578125">
        <ele>589</ele>
        <time>2026-02-28T07:58:49.000Z</time>
        <extensions>
          <ns3:TrackPointExtension>
            <ns3:hr>96</ns3:hr>
            <ns3:cad>0</ns3:cad>
          </ns3:TrackPointExtension>
        </extensions>
      </trkpt>
      <trkpt lat="46.08674165792763233184814453125" lon="11.15946379490196704864501953125">
        <ele>589.4000244140625</ele>
        <time>2026-02-28T07:58:51.000Z</time>
        <extensions>
          <ns3:TrackPointExtension>
            <ns3:hr>96</ns3:hr>
            <ns3:cad>0</ns3:cad>
          </ns3:TrackPointExtension>
        </extensions>
      </trkpt>
      <trkpt lat="46.0867688991129398345947265625" lon="11.1594370566308498382568359375">
        <ele>590.20001220703125</ele>
        <time>2026-02-28T07:58:55.000Z</time>
        <extensions>
          <ns3:TrackPointExtension>
            <ns3:hr>98</ns3:hr>
            <ns3:cad>48</ns3:cad>
          </ns3:TrackPointExtension>
        </extensions>
      </trkpt>
      <trkpt lat="46.08677384443581104278564453125" lon="11.15943529643118381500244140625">
        <ele>590.4000244140625</ele>
        <time>2026-02-28T07:58:56.000Z</time>
        <extensions>
          <ns3:TrackPointExtension>
            <ns3:hr>99</ns3:hr>
            <ns3:cad>48</ns3:cad>
          </ns3:TrackPointExtension>
        </extensions>
      </trkpt>
      <trkpt lat="46.08680494129657745361328125" lon="11.1594258248805999755859375">
        <ele>591.20001220703125</ele>
        <time>2026-02-28T07:59:00.000Z</time>
        <extensions>
          <ns3:TrackPointExtension>
            <ns3:hr>102</ns3:hr>
            <ns3:cad>46</ns3:cad>
          </ns3:TrackPointExtension>
        </extensions>
      </trkpt>
      <trkpt lat="46.08681625686585903167724609375" lon="11.15942104719579219818115234375">
        <ele>591.4000244140625</ele>
        <time>2026-02-28T07:59:02.000Z</time>
        <extensions>
          <ns3:TrackPointExtension>
            <ns3:hr>102</ns3:hr>
            <ns3:cad>48</ns3:cad>
          </ns3:TrackPointExtension>
        </extensions>
      </trkpt>
      <trkpt lat="46.08686788938939571380615234375" lon="11.1593837477266788482666015625">
        <ele>592.5999755859375</ele>
        <time>2026-02-28T07:59:08.000Z</time>
        <extensions>
          <ns3:TrackPointExtension>
            <ns3:hr>104</ns3:hr>
            <ns3:cad>48</ns3:cad>
          </ns3:TrackPointExtension>
        </extensions>
      </trkpt>
      <trkpt lat="46.08693410642445087432861328125" lon="11.15935885347425937652587890625">
        <ele>593.79998779296875</ele>
        <time>2026-02-28T07:59:14.000Z</time>
        <extensions>
          <ns3:TrackPointExtension>
            <ns3:hr>106</ns3:hr>
            <ns3:cad>47</ns3:cad>
          </ns3:TrackPointExtension>
        </extensions>
      </trkpt>
      <trkpt lat="46.08697350136935710906982421875" lon="11.15934443660080432891845703125">
        <ele>595</ele>
        <time>2026-02-28T07:59:20.000Z</time>
        <extensions>
          <ns3:TrackPointExtension>
            <ns3:hr>108</ns3:hr>
            <ns3:cad>46</ns3:cad>
          </ns3:TrackPointExtension>
        </extensions>
      </trkpt>
      <trkpt lat="46.086994372308254241943359375" lon="11.1593371443450450897216796875">
        <ele>595.4000244140625</ele>
        <time>2026-02-28T07:59:22.000Z</time>
        <extensions>
          <ns3:TrackPointExtension>
            <ns3:hr>109</ns3:hr>
            <ns3:cad>46</ns3:cad>
          </ns3:TrackPointExtension>
        </extensions>
      </trkpt>
      <trkpt lat="46.0870287381112575531005859375" lon="11.15933186374604701995849609375">
        <ele>596</ele>
        <time>2026-02-28T07:59:26.000Z</time>
        <extensions>
          <ns3:TrackPointExtension>
            <ns3:hr>108</ns3:hr>
            <ns3:cad>46</ns3:cad>
          </ns3:TrackPointExtension>
        </extensions>
      </trkpt>
      <trkpt lat="46.08705279417335987091064453125" lon="11.15933052264153957366943359375">
        <ele>596.4000244140625</ele>
        <time>2026-02-28T07:59:28.000Z</time>
        <extensions>
          <ns3:TrackPointExtension>
            <ns3:hr>108</ns3:hr>
            <ns3:cad>46</ns3:cad>
          </ns3:TrackPointExtension>
        </extensions>
      </trkpt>
      <trkpt lat="46.08709889464080333709716796875" lon="11.15930839441716670989990234375">
        <ele>597.20001220703125</ele>
        <time>2026-02-28T07:59:32.000Z</time>
        <extensions>
          <ns3:TrackPointExtension>
            <ns3:hr>109</ns3:hr>
            <ns3:cad>44</ns3:cad>
          </ns3:TrackPointExtension>
        </extensions>
      </trkpt>
      <trkpt lat="46.087129153311252593994140625" lon="11.15928567945957183837890625">
        <ele>597.79998779296875</ele>
        <time>2026-02-28T07:59:36.000Z</time>
        <extensions>
          <ns3:TrackPointExtension>
            <ns3:hr>108</ns3:hr>
            <ns3:cad>44</ns3:cad>
          </ns3:TrackPointExtension>
        </extensions>
      </trkpt>
      <trkpt lat="46.08713527210056781768798828125" lon="11.1592721007764339447021484375">
        <ele>598.20001220703125</ele>
        <time>2026-02-28T07:59:38.000Z</time>
        <extensions>
          <ns3:TrackPointExtension>
            <ns3:hr>108</ns3:hr>
            <ns3:cad>44</ns3:cad>
          </ns3:TrackPointExtension>
        </extensions>
      </trkpt>
      <trkpt lat="46.0871658660471439361572265625" lon="11.15921921096742153167724609375">
        <ele>599.20001220703125</ele>
        <time>2026-02-28T07:59:43.000Z</time>
        <extensions>
          <ns3:TrackPointExtension>
            <ns3:hr>108</ns3:hr>
            <ns3:cad>44</ns3:cad>
          </ns3:TrackPointExtension>
        </extensions>
      </trkpt>
      <trkpt lat="46.08718045055866241455078125" lon="11.15919088013470172882080078125">
        <ele>599.5999755859375</ele>
        <time>2026-02-28T07:59:45.000Z</time>
        <extensions>
          <ns3:TrackPointExtension>
            <ns3:hr>108</ns3:hr>
            <ns3:cad>44</ns3:cad>
          </ns3:TrackPointExtension>
        </extensions>
      </trkpt>
      <trkpt lat="46.0872066020965576171875" lon="11.15915701724588871002197265625">
        <ele>600.20001220703125</ele>
        <time>2026-02-28T07:59:48.000Z</time>
        <extensions>
          <ns3:TrackPointExtension>
            <ns3:hr>108</ns3:hr>
            <ns3:cad>45</ns3:cad>
          </ns3:TrackPointExtension>
        </extensions>
      </trkpt>
      <trkpt lat="46.08724415302276611328125" lon="11.15909649990499019622802734375">
        <ele>601.4000244140625</ele>
        <time>2026-02-28T07:59:54.000Z</time>
        <extensions>
          <ns3:TrackPointExtension>
            <ns3:hr>109</ns3:hr>
            <ns3:cad>46</ns3:cad>
          </ns3:TrackPointExtension>
        </extensions>
      </trkpt>
      <trkpt lat="46.08728229068219661712646484375" lon="11.1590581946074962615966796875">
        <ele>602.4000244140625</ele>
        <time>2026-02-28T07:59:59.000Z</time>
        <extensions>
          <ns3:TrackPointExtension>
            <ns3:hr>109</ns3:hr>
            <ns3:cad>42</ns3:cad>
          </ns3:TrackPointExtension>
        </extensions>
      </trkpt>
      <trkpt lat="46.08730576001107692718505859375" lon="11.159043274819850921630859375">
        <ele>603</ele>
        <time>2026-02-28T08:00:01.000Z</time>
        <extensions>
          <ns3:TrackPointExtension>
            <ns3:hr>110</ns3:hr>
            <ns3:cad>41</ns3:cad>
          </ns3:TrackPointExtension>
        </extensions>
      </trkpt>
      <trkpt lat="46.0873232781887054443359375" lon="11.1590181291103363037109375">
        <ele>603.5999755859375</ele>
        <time>2026-02-28T08:00:04.000Z</time>
        <extensions>
          <ns3:TrackPointExtension>
            <ns3:hr>110</ns3:hr>
            <ns3:cad>44</ns3:cad>
          </ns3:TrackPointExtension>
        </extensions>
      </trkpt>
      <trkpt lat="46.0873542912304401397705078125" lon="11.1589805781841278076171875">
        <ele>604.4000244140625</ele>
        <time>2026-02-28T08:00:08.000Z</time>
        <extensions>
          <ns3:TrackPointExtension>
            <ns3:hr>110</ns3:hr>
            <ns3:cad>44</ns3:cad>
          </ns3:TrackPointExtension>
        </extensions>
      </trkpt>
      <trkpt lat="46.0873854719102382659912109375" lon="11.1589619703590869903564453125">
        <ele>604.79998779296875</ele>
        <time>2026-02-28T08:00:11.000Z</time>
        <extensions>
          <ns3:TrackPointExtension>
            <ns3:hr>112</ns3:hr>
            <ns3:cad>49</ns3:cad>
          </ns3:TrackPointExtension>
        </extensions>
      </trkpt>
      <trkpt lat="46.08742193318903446197509765625" lon="11.15896004252135753631591796875">
        <ele>605</ele>
        <time>2026-02-28T08:00:14.000Z</time>
        <extensions>
          <ns3:TrackPointExtension>
            <ns3:hr>113</ns3:hr>
            <ns3:cad>51</ns3:cad>
          </ns3:TrackPointExtension>
        </extensions>
      </trkpt>
      <trkpt lat="46.08747205697000026702880859375" lon="11.15897781215608119964599609375">
        <ele>605.79998779296875</ele>
        <time>2026-02-28T08:00:18.000Z</time>
        <extensions>
          <ns3:TrackPointExtension>
            <ns3:hr>113</ns3:hr>
            <ns3:cad>53</ns3:cad>
          </ns3:TrackPointExtension>
        </extensions>
      </trkpt>
      <trkpt lat="46.08750776387751102447509765625" lon="11.15901477634906768798828125">
        <ele>606.4000244140625</ele>
        <time>2026-02-28T08:00:22.000Z</time>
        <extensions>
          <ns3:TrackPointExtension>
            <ns3:hr>114</ns3:hr>
            <ns3:cad>49</ns3:cad>
          </ns3:TrackPointExtension>
        </extensions>
      </trkpt>
      <trkpt lat="46.08752955682575702667236328125" lon="11.159057356417179107666015625">
        <ele>606.79998779296875</ele>
        <time>2026-02-28T08:00:26.000Z</time>
        <extensions>
          <ns3:TrackPointExtension>
            <ns3:hr>114</ns3:hr>
            <ns3:cad>50</ns3:cad>
          </ns3:TrackPointExtension>
        </extensions>
      </trkpt>
      <trkpt lat="46.08753777109086513519287109375" lon="11.15908459760248661041259765625">
        <ele>607</ele>
        <time>2026-02-28T08:00:28.000Z</time>
        <extensions>
          <ns3:TrackPointExtension>
            <ns3:hr>114</ns3:hr>
            <ns3:cad>52</ns3:cad>
          </ns3:TrackPointExtension>
        </extensions>
      </trkpt>
      <trkpt lat="46.08755084685981273651123046875" lon="11.15915433503687381744384765625">
        <ele>607.79998779296875</ele>
        <time>2026-02-28T08:00:33.000Z</time>
        <extensions>
          <ns3:TrackPointExtension>
            <ns3:hr>116</ns3:hr>
            <ns3:cad>50</ns3:cad>
          </ns3:TrackPointExtension>
        </extensions>
      </trkpt>
      <trkpt lat="46.08755654655396938323974609375" lon="11.1591678299009799957275390625">
        <ele>608</ele>
        <time>2026-02-28T08:00:34.000Z</time>
        <extensions>
          <ns3:TrackPointExtension>
            <ns3:hr>118</ns3:hr>
            <ns3:cad>50</ns3:cad>
          </ns3:TrackPointExtension>
        </extensions>
      </trkpt>
      <trkpt lat="46.08756601810455322265625" lon="11.1592139303684234619140625">
        <ele>608.5999755859375</ele>
        <time>2026-02-28T08:00:37.000Z</time>
        <extensions>
          <ns3:TrackPointExtension>
            <ns3:hr>121</ns3:hr>
            <ns3:cad>45</ns3:cad>
          </ns3:TrackPointExtension>
        </extensions>
      </trkpt>
      <trkpt lat="46.08756911940872669219970703125" lon="11.159227676689624786376953125">
        <ele>608.79998779296875</ele>
        <time>2026-02-28T08:00:38.000Z</time>
        <extensions>
          <ns3:TrackPointExtension>
            <ns3:hr>121</ns3:hr>
            <ns3:cad>45</ns3:cad>
          </ns3:TrackPointExtension>
        </extensions>
      </trkpt>
      <trkpt lat="46.0875785909593105316162109375" lon="11.159259192645549774169921875">
        <ele>609.5999755859375</ele>
        <time>2026-02-28T08:00:41.000Z</time>
        <extensions>
          <ns3:TrackPointExtension>
            <ns3:hr>122</ns3:hr>
            <ns3:cad>42</ns3:cad>
          </ns3:TrackPointExtension>
        </extensions>
      </trkpt>
      <trkpt lat="46.0875859670341014862060546875" lon="11.15928232669830322265625">
        <ele>610</ele>
        <time>2026-02-28T08:00:43.000Z</time>
        <extensions>
          <ns3:TrackPointExtension>
            <ns3:hr>122</ns3:hr>
            <ns3:cad>42</ns3:cad>
          </ns3:TrackPointExtension>
        </extensions>
      </trkpt>
      <trkpt lat="46.08760415576398372650146484375" lon="11.15933219902217388153076171875">
        <ele>611</ele>
        <time>2026-02-28T08:00:48.000Z</time>
        <extensions>
          <ns3:TrackPointExtension>
            <ns3:hr>122</ns3:hr>
            <ns3:cad>43</ns3:cad>
          </ns3:TrackPointExtension>
        </extensions>
      </trkpt>
      <trkpt lat="46.08760968782007694244384765625" lon="11.1593394912779331207275390625">
        <ele>611.20001220703125</ele>
        <time>2026-02-28T08:00:49.000Z</time>
        <extensions>
          <ns3:TrackPointExtension>
            <ns3:hr>122</ns3:hr>
            <ns3:cad>44</ns3:cad>
          </ns3:TrackPointExtension>
        </extensions>
      </trkpt>
      <trkpt lat="46.08764807693660259246826171875" lon="11.1594005115330219268798828125">
        <ele>612.20001220703125</ele>
        <time>2026-02-28T08:00:55.000Z</time>
        <extensions>
          <ns3:TrackPointExtension>
            <ns3:hr>122</ns3:hr>
            <ns3:cad>44</ns3:cad>
          </ns3:TrackPointExtension>
        </extensions>
      </trkpt>
      <trkpt lat="46.087705828249454498291015625" lon="11.1594749428331851959228515625">
        <ele>613.20001220703125</ele>
        <time>2026-02-28T08:01:03.000Z</time>
        <extensions>
          <ns3:TrackPointExtension>
            <ns3:hr>121</ns3:hr>
            <ns3:cad>43</ns3:cad>
          </ns3:TrackPointExtension>
        </extensions>
      </trkpt>
      <trkpt lat="46.08771295286715030670166015625" lon="11.15948424674570560455322265625">
        <ele>613.4000244140625</ele>
        <time>2026-02-28T08:01:04.000Z</time>
        <extensions>
          <ns3:TrackPointExtension>
            <ns3:hr>120</ns3:hr>
            <ns3:cad>45</ns3:cad>
          </ns3:TrackPointExtension>
        </extensions>
      </trkpt>
      <trkpt lat="46.08772200532257556915283203125" lon="11.1595500446856021881103515625">
        <ele>614</ele>
        <time>2026-02-28T08:01:10.000Z</time>
        <extensions>
          <ns3:TrackPointExtension>
            <ns3:hr>117</ns3:hr>
            <ns3:cad>45</ns3:cad>
          </ns3:TrackPointExtension>
        </extensions>
      </trkpt>
      <trkpt lat="46.08772401697933673858642578125" lon="11.15956085734069347381591796875">
        <ele>614.20001220703125</ele>
        <time>2026-02-28T08:01:11.000Z</time>
        <extensions>
          <ns3:TrackPointExtension>
            <ns3:hr>116</ns3:hr>
            <ns3:cad>45</ns3:cad>
          </ns3:TrackPointExtension>
        </extensions>
      </trkpt>
      <trkpt lat="46.0877355001866817474365234375" lon="11.1595765314996242523193359375">
        <ele>614.4000244140625</ele>
        <time>2026-02-28T08:01:13.000Z</time>
        <extensions>
          <ns3:TrackPointExtension>
            <ns3:hr>116</ns3:hr>
            <ns3:cad>43</ns3:cad>
          </ns3:TrackPointExtension>
        </extensions>
      </trkpt>
      <trkpt lat="46.08777187764644622802734375" lon="11.1596103943884372711181640625">
        <ele>615</ele>
        <time>2026-02-28T08:01:18.000Z</time>
        <extensions>
          <ns3:TrackPointExtension>
            <ns3:hr>115</ns3:hr>
            <ns3:cad>44</ns3:cad>
          </ns3:TrackPointExtension>
        </extensions>
      </trkpt>
      <trkpt lat="46.0878142900764942169189453125" lon="11.1596378870308399200439453125">
        <ele>615.4000244140625</ele>
        <time>2026-02-28T08:01:23.000Z</time>
        <extensions>
          <ns3:TrackPointExtension>
            <ns3:hr>115</ns3:hr>
            <ns3:cad>46</ns3:cad>
          </ns3:TrackPointExtension>
        </extensions>
      </trkpt>
      <trkpt lat="46.08783901669085025787353515625" lon="11.15966110490262508392333984375">
        <ele>616</ele>
        <time>2026-02-28T08:01:26.000Z</time>
        <extensions>
          <ns3:TrackPointExtension>
            <ns3:hr>115</ns3:hr>
            <ns3:cad>45</ns3:cad>
          </ns3:TrackPointExtension>
        </extensions>
      </trkpt>
      <trkpt lat="46.0878736339509487152099609375" lon="11.15970133803784847259521484375">
        <ele>616.5999755859375</ele>
        <time>2026-02-28T08:01:31.000Z</time>
        <extensions>
          <ns3:TrackPointExtension>
            <ns3:hr>115</ns3:hr>
            <ns3:cad>44</ns3:cad>
          </ns3:TrackPointExtension>
        </extensions>
      </trkpt>
      <trkpt lat="46.087900288403034210205078125" lon="11.159723885357379913330078125">
        <ele>617</ele>
        <time>2026-02-28T08:01:34.000Z</time>
        <extensions>
          <ns3:TrackPointExtension>
            <ns3:hr>116</ns3:hr>
            <ns3:cad>44</ns3:cad>
          </ns3:TrackPointExtension>
        </extensions>
      </trkpt>
      <trkpt lat="46.08793775551021099090576171875" lon="11.1597518809139728546142578125">
        <ele>617.5999755859375</ele>
        <time>2026-02-28T08:01:39.000Z</time>
        <extensions>
          <ns3:TrackPointExtension>
            <ns3:hr>115</ns3:hr>
            <ns3:cad>46</ns3:cad>
          </ns3:TrackPointExtension>
        </extensions>
      </trkpt>
      <trkpt lat="46.087973378598690032958984375" lon="11.159777529537677764892578125">
        <ele>618</ele>
        <time>2026-02-28T08:01:43.000Z</time>
        <extensions>
          <ns3:TrackPointExtension>
            <ns3:hr>115</ns3:hr>
            <ns3:cad>44</ns3:cad>
          </ns3:TrackPointExtension>
        </extensions>
      </trkpt>
      <trkpt lat="46.08802425675094127655029296875" lon="11.15982807241380214691162109375">
        <ele>618.79998779296875</ele>
        <time>2026-02-28T08:01:49.000Z</time>
        <extensions>
          <ns3:TrackPointExtension>
            <ns3:hr>113</ns3:hr>
            <ns3:cad>48</ns3:cad>
          </ns3:TrackPointExtension>
        </extensions>
      </trkpt>
      <trkpt lat="46.0880466364324092864990234375" lon="11.1598494462668895721435546875">
        <ele>619</ele>
        <time>2026-02-28T08:01:52.000Z</time>
        <extensions>
          <ns3:TrackPointExtension>
            <ns3:hr>110</ns3:hr>
            <ns3:cad>49</ns3:cad>
          </ns3:TrackPointExtension>
        </extensions>
      </trkpt>
      <trkpt lat="46.08805619180202484130859375" lon="11.15985774435102939605712890625">
        <ele>619.20001220703125</ele>
        <time>2026-02-28T08:01:54.000Z</time>
        <extensions>
          <ns3:TrackPointExtension>
            <ns3:hr>110</ns3:hr>
            <ns3:cad>0</ns3:cad>
          </ns3:TrackPointExtension>
        </extensions>
      </trkpt>
      <trkpt lat="46.0880644060671329498291015625" lon="11.15983896888792514801025390625">
        <ele>619.20001220703125</ele>
        <time>2026-02-28T08:01:58.000Z</time>
        <extensions>
          <ns3:TrackPointExtension>
            <ns3:hr>110</ns3:hr>
            <ns3:cad>0</ns3:cad>
          </ns3:TrackPointExtension>
        </extensions>
      </trkpt>
      <trkpt lat="46.0880742967128753662109375" lon="11.1598212830722332000732421875">
        <ele>619.20001220703125</ele>
        <time>2026-02-28T08:02:00.000Z</time>
        <extensions>
          <ns3:TrackPointExtension>
            <ns3:hr>110</ns3:hr>
            <ns3:cad>0</ns3:cad>
          </ns3:TrackPointExtension>
        </extensions>
      </trkpt>
      <trkpt lat="46.088098101317882537841796875" lon="11.1597763560712337493896484375">
        <ele>619.4000244140625</ele>
        <time>2026-02-28T08:02:06.000Z</time>
        <extensions>
          <ns3:TrackPointExtension>
            <ns3:hr>107</ns3:hr>
            <ns3:cad>0</ns3:cad>
          </ns3:TrackPointExtension>
        </extensions>
      </trkpt>
      <trkpt lat="46.0880949161946773529052734375" lon="11.159779541194438934326171875">
        <ele>619.5999755859375</ele>
        <time>2026-02-28T08:02:08.000Z</time>
        <extensions>
          <ns3:TrackPointExtension>
            <ns3:hr>106</ns3:hr>
            <ns3:cad>0</ns3:cad>
          </ns3:TrackPointExtension>
        </extensions>
      </trkpt>
      <trkpt lat="46.08809986151754856109619140625" lon="11.1597512103617191314697265625">
        <ele>619.20001220703125</ele>
        <time>2026-02-28T08:02:15.000Z</time>
        <extensions>
          <ns3:TrackPointExtension>
            <ns3:hr>106</ns3:hr>
            <ns3:cad>45</ns3:cad>
          </ns3:TrackPointExtension>
        </extensions>
      </trkpt>
      <trkpt lat="46.0881100036203861236572265625" lon="11.15972556173801422119140625">
        <ele>620</ele>
        <time>2026-02-28T08:02:18.000Z</time>
        <extensions>
          <ns3:TrackPointExtension>
            <ns3:hr>106</ns3:hr>
            <ns3:cad>0</ns3:cad>
          </ns3:TrackPointExtension>
        </extensions>
      </trkpt>
      <trkpt lat="46.08812886290252208709716796875" lon="11.15966076962649822235107421875">
        <ele>620.5999755859375</ele>
        <time>2026-02-28T08:02:25.000Z</time>
        <extensions>
          <ns3:TrackPointExtension>
            <ns3:hr>104</ns3:hr>
            <ns3:cad>42</ns3:cad>
          </ns3:TrackPointExtension>
        </extensions>
      </trkpt>
      <trkpt lat="46.0881371609866619110107421875" lon="11.15962070412933826446533203125">
        <ele>621</ele>
        <time>2026-02-28T08:02:29.000Z</time>
        <extensions>
          <ns3:TrackPointExtension>
            <ns3:hr>103</ns3:hr>
            <ns3:cad>0</ns3:cad>
          </ns3:TrackPointExtension>
        </extensions>
      </trkpt>
      <trkpt lat="46.08813808299601078033447265625" lon="11.1595979891717433929443359375">
        <ele>621.20001220703125</ele>
        <time>2026-02-28T08:02:31.000Z</time>
        <extensions>
          <ns3:TrackPointExtension>
            <ns3:hr>103</ns3:hr>
            <ns3:cad>47</ns3:cad>
          </ns3:TrackPointExtension>
        </extensions>
      </trkpt>
      <trkpt lat="46.08814202249050140380859375" lon="11.1595197021961212158203125">
        <ele>622.20001220703125</ele>
        <time>2026-02-28T08:02:36.000Z</time>
        <extensions>
          <ns3:TrackPointExtension>
            <ns3:hr>103</ns3:hr>
            <ns3:cad>46</ns3:cad>
          </ns3:TrackPointExtension>
        </extensions>
      </trkpt>
      <trkpt lat="46.0881374962627887725830078125" lon="11.15948273800313472747802734375">
        <ele>622.4000244140625</ele>
        <time>2026-02-28T08:02:39.000Z</time>
        <extensions>
          <ns3:TrackPointExtension>
            <ns3:hr>102</ns3:hr>
            <ns3:cad>45</ns3:cad>
          </ns3:TrackPointExtension>
        </extensions>
      </trkpt>
      <trkpt lat="46.08813690952956676483154296875" lon="11.15941802971065044403076171875">
        <ele>623</ele>
        <time>2026-02-28T08:02:43.000Z</time>
        <extensions>
          <ns3:TrackPointExtension>
            <ns3:hr>105</ns3:hr>
            <ns3:cad>0</ns3:cad>
          </ns3:TrackPointExtension>
        </extensions>
      </trkpt>
      <trkpt lat="46.08813506551086902618408203125" lon="11.15939036943018436431884765625">
        <ele>623.20001220703125</ele>
        <time>2026-02-28T08:02:45.000Z</time>
        <extensions>
          <ns3:TrackPointExtension>
            <ns3:hr>105</ns3:hr>
            <ns3:cad>0</ns3:cad>
          </ns3:TrackPointExtension>
        </extensions>
      </trkpt>
      <trkpt lat="46.088148392736911773681640625" lon="11.15932725369930267333984375">
        <ele>624.20001220703125</ele>
        <time>2026-02-28T08:02:50.000Z</time>
        <extensions>
          <ns3:TrackPointExtension>
            <ns3:hr>105</ns3:hr>
            <ns3:cad>0</ns3:cad>
          </ns3:TrackPointExtension>
        </extensions>
      </trkpt>
      <trkpt lat="46.08815006911754608154296875" lon="11.1593146808445453643798828125">
        <ele>624.4000244140625</ele>
        <time>2026-02-28T08:02:51.000Z</time>
        <extensions>
          <ns3:TrackPointExtension>
            <ns3:hr>105</ns3:hr>
            <ns3:cad>49</ns3:cad>
          </ns3:TrackPointExtension>
        </extensions>
      </trkpt>
      <trkpt lat="46.08816490508615970611572265625" lon="11.15925223566591739654541015625">
        <ele>625</ele>
        <time>2026-02-28T08:02:55.000Z</time>
        <extensions>
          <ns3:TrackPointExtension>
            <ns3:hr>108</ns3:hr>
            <ns3:cad>50</ns3:cad>
          </ns3:TrackPointExtension>
        </extensions>
      </trkpt>
      <trkpt lat="46.0881663300096988677978515625" lon="11.15924016572535037994384765625">
        <ele>625.20001220703125</ele>
        <time>2026-02-28T08:02:56.000Z</time>
        <extensions>
          <ns3:TrackPointExtension>
            <ns3:hr>109</ns3:hr>
            <ns3:cad>50</ns3:cad>
          </ns3:TrackPointExtension>
        </extensions>
      </trkpt>
      <trkpt lat="46.0881683416664600372314453125" lon="11.159224323928356170654296875">
        <ele>625.4000244140625</ele>
        <time>2026-02-28T08:02:57.000Z</time>
        <extensions>
          <ns3:TrackPointExtension>
            <ns3:hr>110</ns3:hr>
            <ns3:cad>50</ns3:cad>
          </ns3:TrackPointExtension>
        </extensions>
      </trkpt>
      <trkpt lat="46.0881760530173778533935546875" lon="11.1591597832739353179931640625">
        <ele>626.20001220703125</ele>
        <time>2026-02-28T08:03:02.000Z</time>
        <extensions>
          <ns3:TrackPointExtension>
            <ns3:hr>113</ns3:hr>
            <ns3:cad>47</ns3:cad>
          </ns3:TrackPointExtension>
        </extensions>
      </trkpt>
      <trkpt lat="46.0881787352263927459716796875" lon="11.15914427675306797027587890625">
        <ele>626.4000244140625</ele>
        <time>2026-02-28T08:03:03.000Z</time>
        <extensions>
          <ns3:TrackPointExtension>
            <ns3:hr>114</ns3:hr>
            <ns3:cad>48</ns3:cad>
          </ns3:TrackPointExtension>
        </extensions>
      </trkpt>
      <trkpt lat="46.08819290064275264739990234375" lon="11.1590556800365447998046875">
        <ele>627.4000244140625</ele>
        <time>2026-02-28T08:03:09.000Z</time>
        <extensions>
          <ns3:TrackPointExtension>
            <ns3:hr>116</ns3:hr>
            <ns3:cad>47</ns3:cad>
          </ns3:TrackPointExtension>
        </extensions>
      </trkpt>
      <trkpt lat="46.0881951637566089630126953125" lon="11.15904285572469234466552734375">
        <ele>627.4000244140625</ele>
        <time>2026-02-28T08:03:10.000Z</time>
        <extensions>
          <ns3:TrackPointExtension>
            <ns3:hr>116</ns3:hr>
            <ns3:cad>47</ns3:cad>
          </ns3:TrackPointExtension>
        </extensions>
      </trkpt>
      <trkpt lat="46.08821905218064785003662109375" lon="11.15895115770399570465087890625">
        <ele>628.5999755859375</ele>
        <time>2026-02-28T08:03:17.000Z</time>
        <extensions>
          <ns3:TrackPointExtension>
            <ns3:hr>114</ns3:hr>
            <ns3:cad>49</ns3:cad>
          </ns3:TrackPointExtension>
        </extensions>
      </trkpt>
      <trkpt lat="46.08822173438966274261474609375" lon="11.15893087349832057952880859375">
        <ele>629</ele>
        <time>2026-02-28T08:03:19.000Z</time>
        <extensions>
          <ns3:TrackPointExtension>
            <ns3:hr>113</ns3:hr>
            <ns3:cad>48</ns3:cad>
          </ns3:TrackPointExtension>
        </extensions>
      </trkpt>
      <trkpt lat="46.0882243327796459197998046875" lon="11.15885510109364986419677734375">
        <ele>629.5999755859375</ele>
        <time>2026-02-28T08:03:25.000Z</time>
        <extensions>
          <ns3:TrackPointExtension>
            <ns3:hr>114</ns3:hr>
            <ns3:cad>44</ns3:cad>
          </ns3:TrackPointExtension>
        </extensions>
      </trkpt>
      <trkpt lat="46.088228188455104827880859375" lon="11.1588375829160213470458984375">
        <ele>629.79998779296875</ele>
        <time>2026-02-28T08:03:26.000Z</time>
        <extensions>
          <ns3:TrackPointExtension>
            <ns3:hr>113</ns3:hr>
            <ns3:cad>44</ns3:cad>
          </ns3:TrackPointExtension>
        </extensions>
      </trkpt>
      <trkpt lat="46.0882434435188770294189453125" lon="11.15877497009932994842529296875">
        <ele>630.5999755859375</ele>
        <time>2026-02-28T08:03:31.000Z</time>
        <extensions>
          <ns3:TrackPointExtension>
            <ns3:hr>113</ns3:hr>
            <ns3:cad>48</ns3:cad>
          </ns3:TrackPointExtension>
        </extensions>
      </trkpt>
      <trkpt lat="46.0882524959743022918701171875" lon="11.158742196857929229736328125">
        <ele>631</ele>
        <time>2026-02-28T08:03:34.000Z</time>
        <extensions>
          <ns3:TrackPointExtension>
            <ns3:hr>113</ns3:hr>
            <ns3:cad>47</ns3:cad>
          </ns3:TrackPointExtension>
        </extensions>
      </trkpt>
      <trkpt lat="46.088257692754268646240234375" lon="11.158710010349750518798828125">
        <ele>631.4000244140625</ele>
        <time>2026-02-28T08:03:37.000Z</time>
        <extensions>
          <ns3:TrackPointExtension>
            <ns3:hr>110</ns3:hr>
            <ns3:cad>44</ns3:cad>
          </ns3:TrackPointExtension>
        </extensions>
      </trkpt>
      <trkpt lat="46.0882578603923320770263671875" lon="11.158671118319034576416015625">
        <ele>632</ele>
        <time>2026-02-28T08:03:40.000Z</time>
        <extensions>
          <ns3:TrackPointExtension>
            <ns3:hr>109</ns3:hr>
            <ns3:cad>0</ns3:cad>
          </ns3:TrackPointExtension>
        </extensions>
      </trkpt>
      <trkpt lat="46.088267080485820770263671875" lon="11.15859593264758586883544921875">
        <ele>632.79998779296875</ele>
        <time>2026-02-28T08:03:46.000Z</time>
        <extensions>
          <ns3:TrackPointExtension>
            <ns3:hr>109</ns3:hr>
            <ns3:cad>47</ns3:cad>
          </ns3:TrackPointExtension>
        </extensions>
      </trkpt>
      <trkpt lat="46.0882675834000110626220703125" lon="11.158587634563446044921875">
        <ele>633</ele>
        <time>2026-02-28T08:03:47.000Z</time>
        <extensions>
          <ns3:TrackPointExtension>
            <ns3:hr>109</ns3:hr>
            <ns3:cad>47</ns3:cad>
          </ns3:TrackPointExtension>
        </extensions>
      </trkpt>
      <trkpt lat="46.088268756866455078125" lon="11.1584962718188762664794921875">
        <ele>634.20001220703125</ele>
        <time>2026-02-28T08:03:55.000Z</time>
        <extensions>
          <ns3:TrackPointExtension>
            <ns3:hr>109</ns3:hr>
            <ns3:cad>43</ns3:cad>
          </ns3:TrackPointExtension>
        </extensions>
      </trkpt>
      <trkpt lat="46.0882581956684589385986328125" lon="11.1583866365253925323486328125">
        <ele>635.20001220703125</ele>
        <time>2026-02-28T08:04:02.000Z</time>
        <extensions>
          <ns3:TrackPointExtension>
            <ns3:hr>109</ns3:hr>
            <ns3:cad>48</ns3:cad>
          </ns3:TrackPointExtension>
        </extensions>
      </trkpt>
      <trkpt lat="46.0882595367729663848876953125" lon="11.1583765782415866851806640625">
        <ele>635.20001220703125</ele>
        <time>2026-02-28T08:04:03.000Z</time>
        <extensions>
          <ns3:TrackPointExtension>
            <ns3:hr>109</ns3:hr>
            <ns3:cad>49</ns3:cad>
          </ns3:TrackPointExtension>
        </extensions>
      </trkpt>
      <trkpt lat="46.08826515264809131622314453125" lon="11.1582780070602893829345703125">
        <ele>636.20001220703125</ele>
        <time>2026-02-28T08:04:11.000Z</time>
        <extensions>
          <ns3:TrackPointExtension>
            <ns3:hr>109</ns3:hr>
            <ns3:cad>46</ns3:cad>
          </ns3:TrackPointExtension>
        </extensions>
      </trkpt>
      <trkpt lat="46.08827537856996059417724609375" lon="11.15813945420086383819580078125">
        <ele>637.20001220703125</ele>
        <time>2026-02-28T08:04:21.000Z</time>
        <extensions>
          <ns3:TrackPointExtension>
            <ns3:hr>110</ns3:hr>
            <ns3:cad>47</ns3:cad>
          </ns3:TrackPointExtension>
        </extensions>
      </trkpt>
      <trkpt lat="46.08829918317496776580810546875" lon="11.15805731154978275299072265625">
        <ele>638</ele>
        <time>2026-02-28T08:04:29.000Z</time>
        <extensions>
          <ns3:TrackPointExtension>
            <ns3:hr>111</ns3:hr>
            <ns3:cad>45</ns3:cad>
          </ns3:TrackPointExtension>
        </extensions>
      </trkpt>
      <trkpt lat="46.08830773271620273590087890625" lon="11.15802495740354061126708984375">
        <ele>638.4000244140625</ele>
        <time>2026-02-28T08:04:32.000Z</time>
        <extensions>
          <ns3:TrackPointExtension>
            <ns3:hr>111</ns3:hr>
            <ns3:cad>45</ns3:cad>
          </ns3:TrackPointExtension>
        </extensions>
      </trkpt>
      <trkpt lat="46.08831158839166164398193359375" lon="11.15797935985028743743896484375">
        <ele>639</ele>
        <time>2026-02-28T08:04:36.000Z</time>
        <extensions>
          <ns3:TrackPointExtension>
            <ns3:hr>112</ns3:hr>
            <ns3:cad>43</ns3:cad>
          </ns3:TrackPointExtension>
        </extensions>
      </trkpt>
      <trkpt lat="46.08831829391419887542724609375" lon="11.1579192616045475006103515625">
        <ele>639.4000244140625</ele>
        <time>2026-02-28T08:04:41.000Z</time>
        <extensions>
          <ns3:TrackPointExtension>
            <ns3:hr>112</ns3:hr>
            <ns3:cad>40</ns3:cad>
          </ns3:TrackPointExtension>
        </extensions>
      </trkpt>
      <trkpt lat="46.08832248486578464508056640625" lon="11.15789906121790409088134765625">
        <ele>639.5999755859375</ele>
        <time>2026-02-28T08:04:43.000Z</time>
        <extensions>
          <ns3:TrackPointExtension>
            <ns3:hr>110</ns3:hr>
            <ns3:cad>41</ns3:cad>
          </ns3:TrackPointExtension>
        </extensions>
      </trkpt>
      <trkpt lat="46.088334806263446807861328125" lon="11.15782161243259906768798828125">
        <ele>640.5999755859375</ele>
        <time>2026-02-28T08:04:50.000Z</time>
        <extensions>
          <ns3:TrackPointExtension>
            <ns3:hr>109</ns3:hr>
            <ns3:cad>43</ns3:cad>
          </ns3:TrackPointExtension>
        </extensions>
      </trkpt>
      <trkpt lat="46.08832164667546749114990234375" lon="11.15774340927600860595703125">
        <ele>641.4000244140625</ele>
        <time>2026-02-28T08:04:56.000Z</time>
        <extensions>
          <ns3:TrackPointExtension>
            <ns3:hr>108</ns3:hr>
            <ns3:cad>0</ns3:cad>
          </ns3:TrackPointExtension>
        </extensions>
      </trkpt>
      <trkpt lat="46.08832013793289661407470703125" lon="11.1577201075851917266845703125">
        <ele>641.5999755859375</ele>
        <time>2026-02-28T08:04:58.000Z</time>
        <extensions>
          <ns3:TrackPointExtension>
            <ns3:hr>109</ns3:hr>
            <ns3:cad>42</ns3:cad>
          </ns3:TrackPointExtension>
        </extensions>
      </trkpt>
      <trkpt lat="46.08831946738064289093017578125" lon="11.1576959677040576934814453125">
        <ele>642.20001220703125</ele>
        <time>2026-02-28T08:05:02.000Z</time>
        <extensions>
          <ns3:TrackPointExtension>
            <ns3:hr>108</ns3:hr>
            <ns3:cad>42</ns3:cad>
          </ns3:TrackPointExtension>
        </extensions>
      </trkpt>
      <trkpt lat="46.088310666382312774658203125" lon="11.15766135044395923614501953125">
        <ele>642.5999755859375</ele>
        <time>2026-02-28T08:05:05.000Z</time>
        <extensions>
          <ns3:TrackPointExtension>
            <ns3:hr>107</ns3:hr>
            <ns3:cad>41</ns3:cad>
          </ns3:TrackPointExtension>
        </extensions>
      </trkpt>
      <trkpt lat="46.0882997699081897735595703125" lon="11.15762145258486270904541015625">
        <ele>643.20001220703125</ele>
        <time>2026-02-28T08:05:09.000Z</time>
        <extensions>
          <ns3:TrackPointExtension>
            <ns3:hr>107</ns3:hr>
            <ns3:cad>41</ns3:cad>
          </ns3:TrackPointExtension>
        </extensions>
      </trkpt>
      <trkpt lat="46.08828795142471790313720703125" lon="11.1575745977461338043212890625">
        <ele>643.5999755859375</ele>
        <time>2026-02-28T08:05:13.000Z</time>
        <extensions>
          <ns3:TrackPointExtension>
            <ns3:hr>107</ns3:hr>
            <ns3:cad>40</ns3:cad>
          </ns3:TrackPointExtension>
        </extensions>
      </trkpt>
      <trkpt lat="46.0882809944450855255126953125" lon="11.15752908401191234588623046875">
        <ele>644.20001220703125</ele>
        <time>2026-02-28T08:05:17.000Z</time>
        <extensions>
          <ns3:TrackPointExtension>
            <ns3:hr>107</ns3:hr>
            <ns3:cad>41</ns3:cad>
          </ns3:TrackPointExtension>
        </extensions>
      </trkpt>
      <trkpt lat="46.0882682539522647857666015625" lon="11.157489605247974395751953125">
        <ele>644.79998779296875</ele>
        <time>2026-02-28T08:05:21.000Z</time>
        <extensions>
          <ns3:TrackPointExtension>
            <ns3:hr>107</ns3:hr>
            <ns3:cad>43</ns3:cad>
          </ns3:TrackPointExtension>
        </extensions>
      </trkpt>
      <trkpt lat="46.08825811184942722320556640625" lon="11.1574559099972248077392578125">
        <ele>645.20001220703125</ele>
        <time>2026-02-28T08:05:24.000Z</time>
        <extensions>
          <ns3:TrackPointExtension>
            <ns3:hr>107</ns3:hr>
            <ns3:cad>42</ns3:cad>
          </ns3:TrackPointExtension>
        </extensions>
      </trkpt>
      <trkpt lat="46.08824260532855987548828125" lon="11.15741022862493991851806640625">
        <ele>645.79998779296875</ele>
        <time>2026-02-28T08:05:29.000Z</time>
        <extensions>
          <ns3:TrackPointExtension>
            <ns3:hr>108</ns3:hr>
            <ns3:cad>41</ns3:cad>
          </ns3:TrackPointExtension>
        </extensions>
      </trkpt>
      <trkpt lat="46.0882283560931682586669921875" lon="11.1573757790029048919677734375">
        <ele>646.20001220703125</ele>
        <time>2026-02-28T08:05:32.000Z</time>
        <extensions>
          <ns3:TrackPointExtension>
            <ns3:hr>108</ns3:hr>
            <ns3:cad>41</ns3:cad>
          </ns3:TrackPointExtension>
        </extensions>
      </trkpt>
      <trkpt lat="46.08819491229951381683349609375" lon="11.157342083752155303955078125">
        <ele>646.79998779296875</ele>
        <time>2026-02-28T08:05:37.000Z</time>
        <extensions>
          <ns3:TrackPointExtension>
            <ns3:hr>109</ns3:hr>
            <ns3:cad>42</ns3:cad>
          </ns3:TrackPointExtension>
        </extensions>
      </trkpt>
      <trkpt lat="46.0881820879876613616943359375" lon="11.1573281697928905487060546875">
        <ele>647.20001220703125</ele>
        <time>2026-02-28T08:05:39.000Z</time>
        <extensions>
          <ns3:TrackPointExtension>
            <ns3:hr>109</ns3:hr>
            <ns3:cad>46</ns3:cad>
          </ns3:TrackPointExtension>
        </extensions>
      </trkpt>
      <trkpt lat="46.08814327977597713470458984375" lon="11.15727377124130725860595703125">
        <ele>647.79998779296875</ele>
        <time>2026-02-28T08:05:45.000Z</time>
        <extensions>
          <ns3:TrackPointExtension>
            <ns3:hr>110</ns3:hr>
            <ns3:cad>43</ns3:cad>
          </ns3:TrackPointExtension>
        </extensions>
      </trkpt>
      <trkpt lat="46.08813690952956676483154296875" lon="11.15726421587169170379638671875">
        <ele>648</ele>
        <time>2026-02-28T08:05:46.000Z</time>
        <extensions>
          <ns3:TrackPointExtension>
            <ns3:hr>110</ns3:hr>
            <ns3:cad>43</ns3:cad>
          </ns3:TrackPointExtension>
        </extensions>
      </trkpt>
      <trkpt lat="46.08810673467814922332763671875" lon="11.15722649730741977691650390625">
        <ele>649</ele>
        <time>2026-02-28T08:05:51.000Z</time>
        <extensions>
          <ns3:TrackPointExtension>
            <ns3:hr>111</ns3:hr>
            <ns3:cad>43</ns3:cad>
          </ns3:TrackPointExtension>
        </extensions>
      </trkpt>
      <trkpt lat="46.088089048862457275390625" lon="11.15720587782561779022216796875">
        <ele>649.4000244140625</ele>
        <time>2026-02-28T08:05:54.000Z</time>
        <extensions>
          <ns3:TrackPointExtension>
            <ns3:hr>108</ns3:hr>
            <ns3:cad>43</ns3:cad>
          </ns3:TrackPointExtension>
        </extensions>
      </trkpt>
      <trkpt lat="46.0880635678768157958984375" lon="11.15717855282127857208251953125">
        <ele>650</ele>
        <time>2026-02-28T08:05:58.000Z</time>
        <extensions>
          <ns3:TrackPointExtension>
            <ns3:hr>107</ns3:hr>
            <ns3:cad>80</ns3:cad>
          </ns3:TrackPointExtension>
        </extensions>
      </trkpt>
      <trkpt lat="46.08806432224810123443603515625" lon="11.1571705900132656097412109375">
        <ele>650.20001220703125</ele>
        <time>2026-02-28T08:06:00.000Z</time>
        <extensions>
          <ns3:TrackPointExtension>
            <ns3:hr>107</ns3:hr>
            <ns3:cad>41</ns3:cad>
          </ns3:TrackPointExtension>
        </extensions>
      </trkpt>
      <trkpt lat="46.08806180767714977264404296875" lon="11.1571739427745342254638671875">
        <ele>650</ele>
        <time>2026-02-28T08:06:08.000Z</time>
        <extensions>
          <ns3:TrackPointExtension>
            <ns3:hr>108</ns3:hr>
            <ns3:cad>0</ns3:cad>
          </ns3:TrackPointExtension>
        </extensions>
      </trkpt>
      <trkpt lat="46.0880466364324092864990234375" lon="11.15716497413814067840576171875">
        <ele>649.5999755859375</ele>
        <time>2026-02-28T08:06:14.000Z</time>
        <extensions>
          <ns3:TrackPointExtension>
            <ns3:hr>107</ns3:hr>
            <ns3:cad>0</ns3:cad>
          </ns3:TrackPointExtension>
        </extensions>
      </trkpt>
      <trkpt lat="46.08804940246045589447021484375" lon="11.15717117674648761749267578125">
        <ele>649.20001220703125</ele>
        <time>2026-02-28T08:06:22.000Z</time>
        <extensions>
          <ns3:TrackPointExtension>
            <ns3:hr>106</ns3:hr>
            <ns3:cad>0</ns3:cad>
          </ns3:TrackPointExtension>
        </extensions>
      </trkpt>
      <trkpt lat="46.08805208466947078704833984375" lon="11.15716162137687206268310546875">
        <ele>649</ele>
        <time>2026-02-28T08:06:26.000Z</time>
        <extensions>
          <ns3:TrackPointExtension>
            <ns3:hr>105</ns3:hr>
            <ns3:cad>0</ns3:cad>
          </ns3:TrackPointExtension>
        </extensions>
      </trkpt>
      <trkpt lat="46.0880647413432598114013671875" lon="11.15713723003864288330078125">
        <ele>648.5999755859375</ele>
        <time>2026-02-28T08:06:30.000Z</time>
        <extensions>
          <ns3:TrackPointExtension>
            <ns3:hr>108</ns3:hr>
            <ns3:cad>0</ns3:cad>
          </ns3:TrackPointExtension>
        </extensions>
      </trkpt>
      <trkpt lat="46.0880697704851627349853515625" lon="11.15712339989840984344482421875">
        <ele>648.5999755859375</ele>
        <time>2026-02-28T08:06:31.000Z</time>
        <extensions>
          <ns3:TrackPointExtension>
            <ns3:hr>108</ns3:hr>
            <ns3:cad>0</ns3:cad>
          </ns3:TrackPointExtension>
        </extensions>
      </trkpt>
      <trkpt lat="46.08808762393891811370849609375" lon="11.1570545844733715057373046875">
        <ele>649</ele>
        <time>2026-02-28T08:06:37.000Z</time>
        <extensions>
          <ns3:TrackPointExtension>
            <ns3:hr>110</ns3:hr>
            <ns3:cad>80</ns3:cad>
          </ns3:TrackPointExtension>
        </extensions>
      </trkpt>
      <trkpt lat="46.0880979336798191070556640625" lon="11.15698576904833316802978515625">
        <ele>650</ele>
        <time>2026-02-28T08:06:44.000Z</time>
        <extensions>
          <ns3:TrackPointExtension>
            <ns3:hr>109</ns3:hr>
            <ns3:cad>41</ns3:cad>
          </ns3:TrackPointExtension>
        </extensions>
      </trkpt>
      <trkpt lat="46.08810505829751491546630859375" lon="11.15692843683063983917236328125">
        <ele>650.79998779296875</ele>
        <time>2026-02-28T08:06:49.000Z</time>
        <extensions>
          <ns3:TrackPointExtension>
            <ns3:hr>110</ns3:hr>
            <ns3:cad>44</ns3:cad>
          </ns3:TrackPointExtension>
        </extensions>
      </trkpt>
      <trkpt lat="46.08810857869684696197509765625" lon="11.1569087393581867218017578125">
        <ele>651.20001220703125</ele>
        <time>2026-02-28T08:06:51.000Z</time>
        <extensions>
          <ns3:TrackPointExtension>
            <ns3:hr>111</ns3:hr>
            <ns3:cad>44</ns3:cad>
          </ns3:TrackPointExtension>
        </extensions>
      </trkpt>
      <trkpt lat="46.08810891397297382354736328125" lon="11.1568517424166202545166015625">
        <ele>652</ele>
        <time>2026-02-28T08:06:56.000Z</time>
        <extensions>
          <ns3:TrackPointExtension>
            <ns3:hr>109</ns3:hr>
            <ns3:cad>43</ns3:cad>
          </ns3:TrackPointExtension>
        </extensions>
      </trkpt>
      <trkpt lat="46.08810991980135440826416015625" lon="11.15682399831712245941162109375">
        <ele>652.20001220703125</ele>
        <time>2026-02-28T08:06:58.000Z</time>
        <extensions>
          <ns3:TrackPointExtension>
            <ns3:hr>109</ns3:hr>
            <ns3:cad>42</ns3:cad>
          </ns3:TrackPointExtension>
        </extensions>
      </trkpt>
      <trkpt lat="46.08811930753290653228759765625" lon="11.1567528359591960906982421875">
        <ele>653.20001220703125</ele>
        <time>2026-02-28T08:07:05.000Z</time>
        <extensions>
          <ns3:TrackPointExtension>
            <ns3:hr>108</ns3:hr>
            <ns3:cad>41</ns3:cad>
          </ns3:TrackPointExtension>
        </extensions>
      </trkpt>
      <trkpt lat="46.0881193913519382476806640625" lon="11.156745292246341705322265625">
        <ele>653.4000244140625</ele>
        <time>2026-02-28T08:07:06.000Z</time>
        <extensions>
          <ns3:TrackPointExtension>
            <ns3:hr>108</ns3:hr>
            <ns3:cad>41</ns3:cad>
          </ns3:TrackPointExtension>
        </extensions>
      </trkpt>
      <trkpt lat="46.08812601305544376373291015625" lon="11.15668066777288913726806640625">
        <ele>654.4000244140625</ele>
        <time>2026-02-28T08:07:12.000Z</time>
        <extensions>
          <ns3:TrackPointExtension>
            <ns3:hr>109</ns3:hr>
            <ns3:cad>78</ns3:cad>
          </ns3:TrackPointExtension>
        </extensions>
      </trkpt>
      <trkpt lat="46.0881274379789829254150390625" lon="11.15666843019425868988037109375">
        <ele>654.5999755859375</ele>
        <time>2026-02-28T08:07:13.000Z</time>
        <extensions>
          <ns3:TrackPointExtension>
            <ns3:hr>109</ns3:hr>
            <ns3:cad>78</ns3:cad>
          </ns3:TrackPointExtension>
        </extensions>
      </trkpt>
      <trkpt lat="46.08813338913023471832275390625" lon="11.156581342220306396484375">
        <ele>655.5999755859375</ele>
        <time>2026-02-28T08:07:20.000Z</time>
        <extensions>
          <ns3:TrackPointExtension>
            <ns3:hr>109</ns3:hr>
            <ns3:cad>80</ns3:cad>
          </ns3:TrackPointExtension>
        </extensions>
      </trkpt>
      <trkpt lat="46.088142693042755126953125" lon="11.15652359090745449066162109375">
        <ele>656.79998779296875</ele>
        <time>2026-02-28T08:07:26.000Z</time>
        <extensions>
          <ns3:TrackPointExtension>
            <ns3:hr>108</ns3:hr>
            <ns3:cad>42</ns3:cad>
          </ns3:TrackPointExtension>
        </extensions>
      </trkpt>
      <trkpt lat="46.08816213905811309814453125" lon="11.1564480699598789215087890625">
        <ele>657.79998779296875</ele>
        <time>2026-02-28T08:07:32.000Z</time>
        <extensions>
          <ns3:TrackPointExtension>
            <ns3:hr>108</ns3:hr>
            <ns3:cad>44</ns3:cad>
          </ns3:TrackPointExtension>
        </extensions>
      </trkpt>
      <trkpt lat="46.08816356398165225982666015625" lon="11.15643474273383617401123046875">
        <ele>657.79998779296875</ele>
        <time>2026-02-28T08:07:33.000Z</time>
        <extensions>
          <ns3:TrackPointExtension>
            <ns3:hr>108</ns3:hr>
            <ns3:cad>44</ns3:cad>
          </ns3:TrackPointExtension>
        </extensions>
      </trkpt>
      <trkpt lat="46.08816616237163543701171875" lon="11.1563840322196483612060546875">
        <ele>659</ele>
        <time>2026-02-28T08:07:38.000Z</time>
        <extensions>
          <ns3:TrackPointExtension>
            <ns3:hr>109</ns3:hr>
            <ns3:cad>41</ns3:cad>
          </ns3:TrackPointExtension>
        </extensions>
      </trkpt>
      <trkpt lat="46.08815945684909820556640625" lon="11.15636114962399005889892578125">
        <ele>659.20001220703125</ele>
        <time>2026-02-28T08:07:40.000Z</time>
        <extensions>
          <ns3:TrackPointExtension>
            <ns3:hr>109</ns3:hr>
            <ns3:cad>41</ns3:cad>
          </ns3:TrackPointExtension>
        </extensions>
      </trkpt>
      <trkpt lat="46.08816222287714481353759765625" lon="11.1563206650316715240478515625">
        <ele>660</ele>
        <time>2026-02-28T08:07:44.000Z</time>
        <extensions>
          <ns3:TrackPointExtension>
            <ns3:hr>109</ns3:hr>
            <ns3:cad>79</ns3:cad>
          </ns3:TrackPointExtension>
        </extensions>
      </trkpt>
      <trkpt lat="46.0881690122187137603759765625" lon="11.15627129562199115753173828125">
        <ele>661</ele>
        <time>2026-02-28T08:07:48.000Z</time>
        <extensions>
          <ns3:TrackPointExtension>
            <ns3:hr>111</ns3:hr>
            <ns3:cad>41</ns3:cad>
          </ns3:TrackPointExtension>
        </extensions>
      </trkpt>
      <trkpt lat="46.0881681740283966064453125" lon="11.15626358427107334136962890625">
        <ele>661.20001220703125</ele>
        <time>2026-02-28T08:07:49.000Z</time>
        <extensions>
          <ns3:TrackPointExtension>
            <ns3:hr>111</ns3:hr>
            <ns3:cad>40</ns3:cad>
          </ns3:TrackPointExtension>
        </extensions>
      </trkpt>
      <trkpt lat="46.08817286789417266845703125" lon="11.15622184239327907562255859375">
        <ele>662</ele>
        <time>2026-02-28T08:07:53.000Z</time>
        <extensions>
          <ns3:TrackPointExtension>
            <ns3:hr>114</ns3:hr>
            <ns3:cad>78</ns3:cad>
          </ns3:TrackPointExtension>
        </extensions>
      </trkpt>
      <trkpt lat="46.08817328698933124542236328125" lon="11.15621396340429782867431640625">
        <ele>662.20001220703125</ele>
        <time>2026-02-28T08:07:54.000Z</time>
        <extensions>
          <ns3:TrackPointExtension>
            <ns3:hr>114</ns3:hr>
            <ns3:cad>76</ns3:cad>
          </ns3:TrackPointExtension>
        </extensions>
      </trkpt>
      <trkpt lat="46.08817814849317073822021484375" lon="11.15619066171348094940185546875">
        <ele>662.79998779296875</ele>
        <time>2026-02-28T08:07:56.000Z</time>
        <extensions>
          <ns3:TrackPointExtension>
            <ns3:hr>115</ns3:hr>
            <ns3:cad>78</ns3:cad>
          </ns3:TrackPointExtension>
        </extensions>
      </trkpt>
      <trkpt lat="46.088183261454105377197265625" lon="11.1561604030430316925048828125">
        <ele>663.4000244140625</ele>
        <time>2026-02-28T08:07:59.000Z</time>
        <extensions>
          <ns3:TrackPointExtension>
            <ns3:hr>117</ns3:hr>
            <ns3:cad>80</ns3:cad>
          </ns3:TrackPointExtension>
        </extensions>
      </trkpt>
      <trkpt lat="46.08818585984408855438232421875" lon="11.15612092427909374237060546875">
        <ele>664.20001220703125</ele>
        <time>2026-02-28T08:08:03.000Z</time>
        <extensions>
          <ns3:TrackPointExtension>
            <ns3:hr>118</ns3:hr>
            <ns3:cad>41</ns3:cad>
          </ns3:TrackPointExtension>
        </extensions>
      </trkpt>
      <trkpt lat="46.088186614215373992919921875" lon="11.1561097763478755950927734375">
        <ele>664.5999755859375</ele>
        <time>2026-02-28T08:08:04.000Z</time>
        <extensions>
          <ns3:TrackPointExtension>
            <ns3:hr>118</ns3:hr>
            <ns3:cad>41</ns3:cad>
          </ns3:TrackPointExtension>
        </extensions>
      </trkpt>
      <trkpt lat="46.08820664696395397186279296875" lon="11.1560435593128204345703125">
        <ele>665.4000244140625</ele>
        <time>2026-02-28T08:08:09.000Z</time>
        <extensions>
          <ns3:TrackPointExtension>
            <ns3:hr>121</ns3:hr>
            <ns3:cad>0</ns3:cad>
          </ns3:TrackPointExtension>
        </extensions>
      </trkpt>
      <trkpt lat="46.08820916153490543365478515625" lon="11.15603492595255374908447265625">
        <ele>665.5999755859375</ele>
        <time>2026-02-28T08:08:10.000Z</time>
        <extensions>
          <ns3:TrackPointExtension>
            <ns3:hr>121</ns3:hr>
            <ns3:cad>0</ns3:cad>
          </ns3:TrackPointExtension>
        </extensions>
      </trkpt>
      <trkpt lat="46.0882219858467578887939453125" lon="11.1559739895164966583251953125">
        <ele>666.79998779296875</ele>
        <time>2026-02-28T08:08:15.000Z</time>
        <extensions>
          <ns3:TrackPointExtension>
            <ns3:hr>122</ns3:hr>
            <ns3:cad>42</ns3:cad>
          </ns3:TrackPointExtension>
        </extensions>
      </trkpt>
      <trkpt lat="46.0882213152945041656494140625" lon="11.155954711139202117919921875">
        <ele>667.20001220703125</ele>
        <time>2026-02-28T08:08:17.000Z</time>
        <extensions>
          <ns3:TrackPointExtension>
            <ns3:hr>123</ns3:hr>
            <ns3:cad>40</ns3:cad>
          </ns3:TrackPointExtension>
        </extensions>
      </trkpt>
      <trkpt lat="46.088225506246089935302734375" lon="11.155923195183277130126953125">
        <ele>667.79998779296875</ele>
        <time>2026-02-28T08:08:19.000Z</time>
        <extensions>
          <ns3:TrackPointExtension>
            <ns3:hr>123</ns3:hr>
            <ns3:cad>40</ns3:cad>
          </ns3:TrackPointExtension>
        </extensions>
      </trkpt>
      <trkpt lat="46.0882340557873249053955078125" lon="11.15588287822902202606201171875">
        <ele>668.79998779296875</ele>
        <time>2026-02-28T08:08:23.000Z</time>
        <extensions>
          <ns3:TrackPointExtension>
            <ns3:hr>124</ns3:hr>
            <ns3:cad>41</ns3:cad>
          </ns3:TrackPointExtension>
        </extensions>
      </trkpt>
      <trkpt lat="46.08823698945343494415283203125" lon="11.15585052408277988433837890625">
        <ele>669.20001220703125</ele>
        <time>2026-02-28T08:08:26.000Z</time>
        <extensions>
          <ns3:TrackPointExtension>
            <ns3:hr>124</ns3:hr>
            <ns3:cad>42</ns3:cad>
          </ns3:TrackPointExtension>
        </extensions>
      </trkpt>
      <trkpt lat="46.08825811184942722320556640625" lon="11.15579486824572086334228515625">
        <ele>670</ele>
        <time>2026-02-28T08:08:32.000Z</time>
        <extensions>
          <ns3:TrackPointExtension>
            <ns3:hr>124</ns3:hr>
            <ns3:cad>43</ns3:cad>
          </ns3:TrackPointExtension>
        </extensions>
      </trkpt>
      <trkpt lat="46.08826397918164730072021484375" lon="11.15572563372552394866943359375">
        <ele>671</ele>
        <time>2026-02-28T08:08:38.000Z</time>
        <extensions>
          <ns3:TrackPointExtension>
            <ns3:hr>126</ns3:hr>
            <ns3:cad>45</ns3:cad>
          </ns3:TrackPointExtension>
        </extensions>
      </trkpt>
      <trkpt lat="46.088266409933567047119140625" lon="11.15571356378495693206787109375">
        <ele>671.20001220703125</ele>
        <time>2026-02-28T08:08:39.000Z</time>
        <extensions>
          <ns3:TrackPointExtension>
            <ns3:hr>127</ns3:hr>
            <ns3:cad>46</ns3:cad>
          </ns3:TrackPointExtension>
        </extensions>
      </trkpt>
      <trkpt lat="46.0882675834000110626220703125" lon="11.155693531036376953125">
        <ele>671.5999755859375</ele>
        <time>2026-02-28T08:08:42.000Z</time>
        <extensions>
          <ns3:TrackPointExtension>
            <ns3:hr>132</ns3:hr>
            <ns3:cad>43</ns3:cad>
          </ns3:TrackPointExtension>
        </extensions>
      </trkpt>
      <trkpt lat="46.08827210962772369384765625" lon="11.1556856520473957061767578125">
        <ele>671.79998779296875</ele>
        <time>2026-02-28T08:08:44.000Z</time>
        <extensions>
          <ns3:TrackPointExtension>
            <ns3:hr>132</ns3:hr>
            <ns3:cad>0</ns3:cad>
          </ns3:TrackPointExtension>
        </extensions>
      </trkpt>
      <trkpt lat="46.088271103799343109130859375" lon="11.1556843109428882598876953125">
        <ele>671.79998779296875</ele>
        <time>2026-02-28T08:08:47.000Z</time>
        <extensions>
          <ns3:TrackPointExtension>
            <ns3:hr>135</ns3:hr>
            <ns3:cad>0</ns3:cad>
          </ns3:TrackPointExtension>
        </extensions>
      </trkpt>
      <trkpt lat="46.0882662422955036163330078125" lon="11.1556546390056610107421875">
        <ele>672</ele>
        <time>2026-02-28T08:08:52.000Z</time>
        <extensions>
          <ns3:TrackPointExtension>
            <ns3:hr>135</ns3:hr>
            <ns3:cad>0</ns3:cad>
          </ns3:TrackPointExtension>
        </extensions>
      </trkpt>
      <trkpt lat="46.088263727724552154541015625" lon="11.15564164705574512481689453125">
        <ele>672.20001220703125</ele>
        <time>2026-02-28T08:08:53.000Z</time>
        <extensions>
          <ns3:TrackPointExtension>
            <ns3:hr>134</ns3:hr>
            <ns3:cad>0</ns3:cad>
          </ns3:TrackPointExtension>
        </extensions>
      </trkpt>
      <trkpt lat="46.08825174160301685333251953125" lon="11.1555820517241954803466796875">
        <ele>673</ele>
        <time>2026-02-28T08:08:59.000Z</time>
        <extensions>
          <ns3:TrackPointExtension>
            <ns3:hr>132</ns3:hr>
            <ns3:cad>79</ns3:cad>
          </ns3:TrackPointExtension>
        </extensions>
      </trkpt>
      <trkpt lat="46.08824931085109710693359375" lon="11.1555639468133449554443359375">
        <ele>673.4000244140625</ele>
        <time>2026-02-28T08:09:01.000Z</time>
        <extensions>
          <ns3:TrackPointExtension>
            <ns3:hr>131</ns3:hr>
            <ns3:cad>75</ns3:cad>
          </ns3:TrackPointExtension>
        </extensions>
      </trkpt>
      <trkpt lat="46.0882410965859889984130859375" lon="11.15551340393722057342529296875">
        <ele>674</ele>
        <time>2026-02-28T08:09:06.000Z</time>
        <extensions>
          <ns3:TrackPointExtension>
            <ns3:hr>130</ns3:hr>
            <ns3:cad>0</ns3:cad>
          </ns3:TrackPointExtension>
        </extensions>
      </trkpt>
      <trkpt lat="46.08823581598699092864990234375" lon="11.15548943169414997100830078125">
        <ele>674.4000244140625</ele>
        <time>2026-02-28T08:09:08.000Z</time>
        <extensions>
          <ns3:TrackPointExtension>
            <ns3:hr>130</ns3:hr>
            <ns3:cad>77</ns3:cad>
          </ns3:TrackPointExtension>
        </extensions>
      </trkpt>
      <trkpt lat="46.0882343910634517669677734375" lon="11.1554479412734508514404296875">
        <ele>675.20001220703125</ele>
        <time>2026-02-28T08:09:13.000Z</time>
        <extensions>
          <ns3:TrackPointExtension>
            <ns3:hr>130</ns3:hr>
            <ns3:cad>74</ns3:cad>
          </ns3:TrackPointExtension>
        </extensions>
      </trkpt>
      <trkpt lat="46.088233888149261474609375" lon="11.15542539395391941070556640625">
        <ele>675.4000244140625</ele>
        <time>2026-02-28T08:09:15.000Z</time>
        <extensions>
          <ns3:TrackPointExtension>
            <ns3:hr>130</ns3:hr>
            <ns3:cad>73</ns3:cad>
          </ns3:TrackPointExtension>
        </extensions>
      </trkpt>
      <trkpt lat="46.08823120594024658203125" lon="11.1553782038390636444091796875">
        <ele>676</ele>
        <time>2026-02-28T08:09:19.000Z</time>
        <extensions>
          <ns3:TrackPointExtension>
            <ns3:hr>130</ns3:hr>
            <ns3:cad>77</ns3:cad>
          </ns3:TrackPointExtension>
        </extensions>
      </trkpt>
      <trkpt lat="46.0882256738841533660888671875" lon="11.1553440056741237640380859375">
        <ele>676.4000244140625</ele>
        <time>2026-02-28T08:09:22.000Z</time>
        <extensions>
          <ns3:TrackPointExtension>
            <ns3:hr>133</ns3:hr>
            <ns3:cad>77</ns3:cad>
          </ns3:TrackPointExtension>
        </extensions>
      </trkpt>
      <trkpt lat="46.08822709880769252777099609375" lon="11.1552876792848110198974609375">
        <ele>677</ele>
        <time>2026-02-28T08:09:26.000Z</time>
        <extensions>
          <ns3:TrackPointExtension>
            <ns3:hr>132</ns3:hr>
            <ns3:cad>41</ns3:cad>
          </ns3:TrackPointExtension>
        </extensions>
      </trkpt>
      <trkpt lat="46.08822517096996307373046875" lon="11.15524627268314361572265625">
        <ele>677.4000244140625</ele>
        <time>2026-02-28T08:09:29.000Z</time>
        <extensions>
          <ns3:TrackPointExtension>
            <ns3:hr>131</ns3:hr>
            <ns3:cad>42</ns3:cad>
          </ns3:TrackPointExtension>
        </extensions>
      </trkpt>
      <trkpt lat="46.088228188455104827880859375" lon="11.15519824437797069549560546875">
        <ele>678</ele>
        <time>2026-02-28T08:09:33.000Z</time>
        <extensions>
          <ns3:TrackPointExtension>
            <ns3:hr>129</ns3:hr>
            <ns3:cad>44</ns3:cad>
          </ns3:TrackPointExtension>
        </extensions>
      </trkpt>
      <trkpt lat="46.088233552873134613037109375" lon="11.15516739897429943084716796875">
        <ele>678.5999755859375</ele>
        <time>2026-02-28T08:09:36.000Z</time>
        <extensions>
          <ns3:TrackPointExtension>
            <ns3:hr>123</ns3:hr>
            <ns3:cad>43</ns3:cad>
          </ns3:TrackPointExtension>
        </extensions>
      </trkpt>
      <trkpt lat="46.08823514543473720550537109375" lon="11.15515918470919132232666015625">
        <ele>678.79998779296875</ele>
        <time>2026-02-28T08:09:37.000Z</time>
        <extensions>
          <ns3:TrackPointExtension>
            <ns3:hr>119</ns3:hr>
            <ns3:cad>43</ns3:cad>
          </ns3:TrackPointExtension>
        </extensions>
      </trkpt>
      <trkpt lat="46.08824201859533786773681640625" lon="11.15509715862572193145751953125">
        <ele>679.79998779296875</ele>
        <time>2026-02-28T08:09:42.000Z</time>
        <extensions>
          <ns3:TrackPointExtension>
            <ns3:hr>118</ns3:hr>
            <ns3:cad>44</ns3:cad>
          </ns3:TrackPointExtension>
        </extensions>
      </trkpt>
      <trkpt lat="46.0882467962801456451416015625" lon="11.15503370761871337890625">
        <ele>680.4000244140625</ele>
        <time>2026-02-28T08:09:47.000Z</time>
        <extensions>
          <ns3:TrackPointExtension>
            <ns3:hr>117</ns3:hr>
            <ns3:cad>41</ns3:cad>
          </ns3:TrackPointExtension>
        </extensions>
      </trkpt>
      <trkpt lat="46.0882467962801456451416015625" lon="11.15501266904175281524658203125">
        <ele>680.79998779296875</ele>
        <time>2026-02-28T08:09:49.000Z</time>
        <extensions>
          <ns3:TrackPointExtension>
            <ns3:hr>117</ns3:hr>
            <ns3:cad>44</ns3:cad>
          </ns3:TrackPointExtension>
        </extensions>
      </trkpt>
      <trkpt lat="46.0882568545639514923095703125" lon="11.15493689663708209991455078125">
        <ele>682</ele>
        <time>2026-02-28T08:09:55.000Z</time>
        <extensions>
          <ns3:TrackPointExtension>
            <ns3:hr>114</ns3:hr>
            <ns3:cad>44</ns3:cad>
          </ns3:TrackPointExtension>
        </extensions>
      </trkpt>
      <trkpt lat="46.08826297335326671600341796875" lon="11.1549143493175506591796875">
        <ele>682.4000244140625</ele>
        <time>2026-02-28T08:09:57.000Z</time>
        <extensions>
          <ns3:TrackPointExtension>
            <ns3:hr>111</ns3:hr>
            <ns3:cad>44</ns3:cad>
          </ns3:TrackPointExtension>
        </extensions>
      </trkpt>
      <trkpt lat="46.0882808268070220947265625" lon="11.15486430935561656951904296875">
        <ele>683.20001220703125</ele>
        <time>2026-02-28T08:10:01.000Z</time>
        <extensions>
          <ns3:TrackPointExtension>
            <ns3:hr>109</ns3:hr>
            <ns3:cad>43</ns3:cad>
          </ns3:TrackPointExtension>
        </extensions>
      </trkpt>
      <trkpt lat="46.08828543685376644134521484375" lon="11.1548521555960178375244140625">
        <ele>683.4000244140625</ele>
        <time>2026-02-28T08:10:02.000Z</time>
        <extensions>
          <ns3:TrackPointExtension>
            <ns3:hr>109</ns3:hr>
            <ns3:cad>43</ns3:cad>
          </ns3:TrackPointExtension>
        </extensions>
      </trkpt>
      <trkpt lat="46.08830907382071018218994140625" lon="11.1547921411693096160888671875">
        <ele>684.20001220703125</ele>
        <time>2026-02-28T08:10:07.000Z</time>
        <extensions>
          <ns3:TrackPointExtension>
            <ns3:hr>111</ns3:hr>
            <ns3:cad>43</ns3:cad>
          </ns3:TrackPointExtension>
        </extensions>
      </trkpt>
      <trkpt lat="46.0883161984384059906005859375" lon="11.1547730304300785064697265625">
        <ele>684.5999755859375</ele>
        <time>2026-02-28T08:10:09.000Z</time>
        <extensions>
          <ns3:TrackPointExtension>
            <ns3:hr>111</ns3:hr>
            <ns3:cad>44</ns3:cad>
          </ns3:TrackPointExtension>
        </extensions>
      </trkpt>
      <trkpt lat="46.08833514153957366943359375" lon="11.1547301150858402252197265625">
        <ele>685.4000244140625</ele>
        <time>2026-02-28T08:10:13.000Z</time>
        <extensions>
          <ns3:TrackPointExtension>
            <ns3:hr>111</ns3:hr>
            <ns3:cad>44</ns3:cad>
          </ns3:TrackPointExtension>
        </extensions>
      </trkpt>
      <trkpt lat="46.08834712766110897064208984375" lon="11.15470672957599163055419921875">
        <ele>686</ele>
        <time>2026-02-28T08:10:16.000Z</time>
        <extensions>
          <ns3:TrackPointExtension>
            <ns3:hr>111</ns3:hr>
            <ns3:cad>44</ns3:cad>
          </ns3:TrackPointExtension>
        </extensions>
      </trkpt>
      <trkpt lat="46.08835685066878795623779296875" lon="11.1546717770397663116455078125">
        <ele>686.5999755859375</ele>
        <time>2026-02-28T08:10:19.000Z</time>
        <extensions>
          <ns3:TrackPointExtension>
            <ns3:hr>111</ns3:hr>
            <ns3:cad>44</ns3:cad>
          </ns3:TrackPointExtension>
        </extensions>
      </trkpt>
      <trkpt lat="46.08836841769516468048095703125" lon="11.154636405408382415771484375">
        <ele>687</ele>
        <time>2026-02-28T08:10:22.000Z</time>
        <extensions>
          <ns3:TrackPointExtension>
            <ns3:hr>112</ns3:hr>
            <ns3:cad>44</ns3:cad>
          </ns3:TrackPointExtension>
        </extensions>
      </trkpt>
      <trkpt lat="46.088390462100505828857421875" lon="11.1545963399112224578857421875">
        <ele>687.5999755859375</ele>
        <time>2026-02-28T08:10:26.000Z</time>
        <extensions>
          <ns3:TrackPointExtension>
            <ns3:hr>112</ns3:hr>
            <ns3:cad>43</ns3:cad>
          </ns3:TrackPointExtension>
        </extensions>
      </trkpt>
      <trkpt lat="46.08841552399098873138427734375" lon="11.15456222556531429290771484375">
        <ele>688.20001220703125</ele>
        <time>2026-02-28T08:10:30.000Z</time>
        <extensions>
          <ns3:TrackPointExtension>
            <ns3:hr>112</ns3:hr>
            <ns3:cad>45</ns3:cad>
          </ns3:TrackPointExtension>
        </extensions>
      </trkpt>
      <trkpt lat="46.08843664638698101043701171875" lon="11.15453858859837055206298828125">
        <ele>688.79998779296875</ele>
        <time>2026-02-28T08:10:33.000Z</time>
        <extensions>
          <ns3:TrackPointExtension>
            <ns3:hr>111</ns3:hr>
            <ns3:cad>46</ns3:cad>
          </ns3:TrackPointExtension>
        </extensions>
      </trkpt>
      <trkpt lat="46.08847319148480892181396484375" lon="11.15449416451156139373779296875">
        <ele>689.5999755859375</ele>
        <time>2026-02-28T08:10:38.000Z</time>
        <extensions>
          <ns3:TrackPointExtension>
            <ns3:hr>112</ns3:hr>
            <ns3:cad>43</ns3:cad>
          </ns3:TrackPointExtension>
        </extensions>
      </trkpt>
      <trkpt lat="46.0884808190166950225830078125" lon="11.15448662079870700836181640625">
        <ele>689.79998779296875</ele>
        <time>2026-02-28T08:10:39.000Z</time>
        <extensions>
          <ns3:TrackPointExtension>
            <ns3:hr>112</ns3:hr>
            <ns3:cad>43</ns3:cad>
          </ns3:TrackPointExtension>
        </extensions>
      </trkpt>
      <trkpt lat="46.0885093174874782562255859375" lon="11.15443649701774120330810546875">
        <ele>690.20001220703125</ele>
        <time>2026-02-28T08:10:44.000Z</time>
        <extensions>
          <ns3:TrackPointExtension>
            <ns3:hr>112</ns3:hr>
            <ns3:cad>0</ns3:cad>
          </ns3:TrackPointExtension>
        </extensions>
      </trkpt>
      <trkpt lat="46.08854142017662525177001953125" lon="11.154375560581684112548828125">
        <ele>690.79998779296875</ele>
        <time>2026-02-28T08:10:50.000Z</time>
        <extensions>
          <ns3:TrackPointExtension>
            <ns3:hr>112</ns3:hr>
            <ns3:cad>47</ns3:cad>
          </ns3:TrackPointExtension>
        </extensions>
      </trkpt>
      <trkpt lat="46.08858349733054637908935546875" lon="11.15429920144379138946533203125">
        <ele>691.79998779296875</ele>
        <time>2026-02-28T08:10:57.000Z</time>
        <extensions>
          <ns3:TrackPointExtension>
            <ns3:hr>113</ns3:hr>
            <ns3:cad>44</ns3:cad>
          </ns3:TrackPointExtension>
        </extensions>
      </trkpt>
      <trkpt lat="46.0885887779295444488525390625" lon="11.15428981371223926544189453125">
        <ele>691.79998779296875</ele>
        <time>2026-02-28T08:10:58.000Z</time>
        <extensions>
          <ns3:TrackPointExtension>
            <ns3:hr>113</ns3:hr>
            <ns3:cad>47</ns3:cad>
          </ns3:TrackPointExtension>
        </extensions>
      </trkpt>
      <trkpt lat="46.08860814012587070465087890625" lon="11.15426081232726573944091796875">
        <ele>692.20001220703125</ele>
        <time>2026-02-28T08:11:01.000Z</time>
        <extensions>
          <ns3:TrackPointExtension>
            <ns3:hr>116</ns3:hr>
            <ns3:cad>49</ns3:cad>
          </ns3:TrackPointExtension>
        </extensions>
      </trkpt>
      <trkpt lat="46.088641583919525146484375" lon="11.15421957336366176605224609375">
        <ele>692.79998779296875</ele>
        <time>2026-02-28T08:11:05.000Z</time>
        <extensions>
          <ns3:TrackPointExtension>
            <ns3:hr>118</ns3:hr>
            <ns3:cad>46</ns3:cad>
          </ns3:TrackPointExtension>
        </extensions>
      </trkpt>
      <trkpt lat="46.0886558331549167633056640625" lon="11.1542097665369510650634765625">
        <ele>693</ele>
        <time>2026-02-28T08:11:07.000Z</time>
        <extensions>
          <ns3:TrackPointExtension>
            <ns3:hr>118</ns3:hr>
            <ns3:cad>46</ns3:cad>
          </ns3:TrackPointExtension>
        </extensions>
      </trkpt>
      <trkpt lat="46.08869279734790325164794921875" lon="11.15418788976967334747314453125">
        <ele>693.5999755859375</ele>
        <time>2026-02-28T08:11:12.000Z</time>
        <extensions>
          <ns3:TrackPointExtension>
            <ns3:hr>119</ns3:hr>
            <ns3:cad>47</ns3:cad>
          </ns3:TrackPointExtension>
        </extensions>
      </trkpt>
      <trkpt lat="46.08872816897928714752197265625" lon="11.15417003631591796875">
        <ele>694.20001220703125</ele>
        <time>2026-02-28T08:11:16.000Z</time>
        <extensions>
          <ns3:TrackPointExtension>
            <ns3:hr>118</ns3:hr>
            <ns3:cad>48</ns3:cad>
          </ns3:TrackPointExtension>
        </extensions>
      </trkpt>
      <trkpt lat="46.088754571974277496337890625" lon="11.15415385924279689788818359375">
        <ele>694.5999755859375</ele>
        <time>2026-02-28T08:11:19.000Z</time>
        <extensions>
          <ns3:TrackPointExtension>
            <ns3:hr>118</ns3:hr>
            <ns3:cad>47</ns3:cad>
          </ns3:TrackPointExtension>
        </extensions>
      </trkpt>
      <trkpt lat="46.08880863524973392486572265625" lon="11.154119074344635009765625">
        <ele>695.20001220703125</ele>
        <time>2026-02-28T08:11:25.000Z</time>
        <extensions>
          <ns3:TrackPointExtension>
            <ns3:hr>117</ns3:hr>
            <ns3:cad>0</ns3:cad>
          </ns3:TrackPointExtension>
        </extensions>
      </trkpt>
      <trkpt lat="46.08881601132452487945556640625" lon="11.15411312319338321685791015625">
        <ele>695.4000244140625</ele>
        <time>2026-02-28T08:11:26.000Z</time>
        <extensions>
          <ns3:TrackPointExtension>
            <ns3:hr>116</ns3:hr>
            <ns3:cad>48</ns3:cad>
          </ns3:TrackPointExtension>
        </extensions>
      </trkpt>
      <trkpt lat="46.08887267298996448516845703125" lon="11.15406149066984653472900390625">
        <ele>696</ele>
        <time>2026-02-28T08:11:32.000Z</time>
        <extensions>
          <ns3:TrackPointExtension>
            <ns3:hr>114</ns3:hr>
            <ns3:cad>48</ns3:cad>
          </ns3:TrackPointExtension>
        </extensions>
      </trkpt>
      <trkpt lat="46.0888995788991451263427734375" lon="11.1540367640554904937744140625">
        <ele>696.4000244140625</ele>
        <time>2026-02-28T08:11:35.000Z</time>
        <extensions>
          <ns3:TrackPointExtension>
            <ns3:hr>114</ns3:hr>
            <ns3:cad>48</ns3:cad>
          </ns3:TrackPointExtension>
        </extensions>
      </trkpt>
      <trkpt lat="46.0889317654073238372802734375" lon="11.15400977432727813720703125">
        <ele>696.5999755859375</ele>
        <time>2026-02-28T08:11:39.000Z</time>
        <extensions>
          <ns3:TrackPointExtension>
            <ns3:hr>114</ns3:hr>
            <ns3:cad>50</ns3:cad>
          </ns3:TrackPointExtension>
        </extensions>
      </trkpt>
      <trkpt lat="46.08897057361900806427001953125" lon="11.15397146902978420257568359375">
        <ele>697.20001220703125</ele>
        <time>2026-02-28T08:11:43.000Z</time>
        <extensions>
          <ns3:TrackPointExtension>
            <ns3:hr>111</ns3:hr>
            <ns3:cad>48</ns3:cad>
          </ns3:TrackPointExtension>
        </extensions>
      </trkpt>
      <trkpt lat="46.08897744677960872650146484375" lon="11.15396342240273952484130859375">
        <ele>697.4000244140625</ele>
        <time>2026-02-28T08:11:44.000Z</time>
        <extensions>
          <ns3:TrackPointExtension>
            <ns3:hr>111</ns3:hr>
            <ns3:cad>48</ns3:cad>
          </ns3:TrackPointExtension>
        </extensions>
      </trkpt>
      <trkpt lat="46.08900435268878936767578125" lon="11.15394732914865016937255859375">
        <ele>697.79998779296875</ele>
        <time>2026-02-28T08:11:47.000Z</time>
        <extensions>
          <ns3:TrackPointExtension>
            <ns3:hr>110</ns3:hr>
            <ns3:cad>47</ns3:cad>
          </ns3:TrackPointExtension>
        </extensions>
      </trkpt>
      <trkpt lat="46.089052967727184295654296875" lon="11.15391229279339313507080078125">
        <ele>698.4000244140625</ele>
        <time>2026-02-28T08:11:53.000Z</time>
        <extensions>
          <ns3:TrackPointExtension>
            <ns3:hr>109</ns3:hr>
            <ns3:cad>48</ns3:cad>
          </ns3:TrackPointExtension>
        </extensions>
      </trkpt>
      <trkpt lat="46.08907165937125682830810546875" lon="11.15390374325215816497802734375">
        <ele>698.79998779296875</ele>
        <time>2026-02-28T08:11:55.000Z</time>
        <extensions>
          <ns3:TrackPointExtension>
            <ns3:hr>109</ns3:hr>
            <ns3:cad>48</ns3:cad>
          </ns3:TrackPointExtension>
        </extensions>
      </trkpt>
      <trkpt lat="46.08912580646574497222900390625" lon="11.15387591533362865447998046875">
        <ele>699.5999755859375</ele>
        <time>2026-02-28T08:12:01.000Z</time>
        <extensions>
          <ns3:TrackPointExtension>
            <ns3:hr>109</ns3:hr>
            <ns3:cad>46</ns3:cad>
          </ns3:TrackPointExtension>
        </extensions>
      </trkpt>
      <trkpt lat="46.08914357610046863555908203125" lon="11.15386736579239368438720703125">
        <ele>699.79998779296875</ele>
        <time>2026-02-28T08:12:03.000Z</time>
        <extensions>
          <ns3:TrackPointExtension>
            <ns3:hr>109</ns3:hr>
            <ns3:cad>47</ns3:cad>
          </ns3:TrackPointExtension>
        </extensions>
      </trkpt>
      <trkpt lat="46.0891795344650745391845703125" lon="11.15384213626384735107421875">
        <ele>700.5999755859375</ele>
        <time>2026-02-28T08:12:08.000Z</time>
        <extensions>
          <ns3:TrackPointExtension>
            <ns3:hr>109</ns3:hr>
            <ns3:cad>48</ns3:cad>
          </ns3:TrackPointExtension>
        </extensions>
      </trkpt>
      <trkpt lat="46.08919688500463962554931640625" lon="11.153830401599407196044921875">
        <ele>701</ele>
        <time>2026-02-28T08:12:10.000Z</time>
        <extensions>
          <ns3:TrackPointExtension>
            <ns3:hr>109</ns3:hr>
            <ns3:cad>46</ns3:cad>
          </ns3:TrackPointExtension>
        </extensions>
      </trkpt>
      <trkpt lat="46.08921331353485584259033203125" lon="11.1538225226104259490966796875">
        <ele>701.20001220703125</ele>
        <time>2026-02-28T08:12:12.000Z</time>
        <extensions>
          <ns3:TrackPointExtension>
            <ns3:hr>112</ns3:hr>
            <ns3:cad>49</ns3:cad>
          </ns3:TrackPointExtension>
        </extensions>
      </trkpt>
      <trkpt lat="46.0892236232757568359375" lon="11.1538154818117618560791015625">
        <ele>701.5999755859375</ele>
        <time>2026-02-28T08:12:14.000Z</time>
        <extensions>
          <ns3:TrackPointExtension>
            <ns3:hr>113</ns3:hr>
            <ns3:cad>48</ns3:cad>
          </ns3:TrackPointExtension>
        </extensions>
      </trkpt>
      <trkpt lat="46.08926578424870967864990234375" lon="11.1537953652441501617431640625">
        <ele>702.4000244140625</ele>
        <time>2026-02-28T08:12:18.000Z</time>
        <extensions>
          <ns3:TrackPointExtension>
            <ns3:hr>114</ns3:hr>
            <ns3:cad>47</ns3:cad>
          </ns3:TrackPointExtension>
        </extensions>
      </trkpt>
      <trkpt lat="46.0892948694527149200439453125" lon="11.15378656424582004547119140625">
        <ele>702.79998779296875</ele>
        <time>2026-02-28T08:12:20.000Z</time>
        <extensions>
          <ns3:TrackPointExtension>
            <ns3:hr>114</ns3:hr>
            <ns3:cad>47</ns3:cad>
          </ns3:TrackPointExtension>
        </extensions>
      </trkpt>
      <trkpt lat="46.08933066017925739288330078125" lon="11.15376778878271579742431640625">
        <ele>703.4000244140625</ele>
        <time>2026-02-28T08:12:24.000Z</time>
        <extensions>
          <ns3:TrackPointExtension>
            <ns3:hr>114</ns3:hr>
            <ns3:cad>44</ns3:cad>
          </ns3:TrackPointExtension>
        </extensions>
      </trkpt>
      <trkpt lat="46.08935060910880565643310546875" lon="11.1537516117095947265625">
        <ele>704</ele>
        <time>2026-02-28T08:12:27.000Z</time>
        <extensions>
          <ns3:TrackPointExtension>
            <ns3:hr>114</ns3:hr>
            <ns3:cad>44</ns3:cad>
          </ns3:TrackPointExtension>
        </extensions>
      </trkpt>
      <trkpt lat="46.08938011340796947479248046875" lon="11.15372948348522186279296875">
        <ele>704.5999755859375</ele>
        <time>2026-02-28T08:12:31.000Z</time>
        <extensions>
          <ns3:TrackPointExtension>
            <ns3:hr>114</ns3:hr>
            <ns3:cad>43</ns3:cad>
          </ns3:TrackPointExtension>
        </extensions>
      </trkpt>
      <trkpt lat="46.08939268626272678375244140625" lon="11.153719760477542877197265625">
        <ele>705</ele>
        <time>2026-02-28T08:12:33.000Z</time>
        <extensions>
          <ns3:TrackPointExtension>
            <ns3:hr>114</ns3:hr>
            <ns3:cad>44</ns3:cad>
          </ns3:TrackPointExtension>
        </extensions>
      </trkpt>
      <trkpt lat="46.08943752944469451904296875" lon="11.15369184873998165130615234375">
        <ele>706</ele>
        <time>2026-02-28T08:12:39.000Z</time>
        <extensions>
          <ns3:TrackPointExtension>
            <ns3:hr>115</ns3:hr>
            <ns3:cad>44</ns3:cad>
          </ns3:TrackPointExtension>
        </extensions>
      </trkpt>
      <trkpt lat="46.08944498933851718902587890625" lon="11.15368950180709362030029296875">
        <ele>706.20001220703125</ele>
        <time>2026-02-28T08:12:40.000Z</time>
        <extensions>
          <ns3:TrackPointExtension>
            <ns3:hr>115</ns3:hr>
            <ns3:cad>43</ns3:cad>
          </ns3:TrackPointExtension>
        </extensions>
      </trkpt>
      <trkpt lat="46.089494191110134124755859375" lon="11.15366351790726184844970703125">
        <ele>707</ele>
        <time>2026-02-28T08:12:46.000Z</time>
        <extensions>
          <ns3:TrackPointExtension>
            <ns3:hr>117</ns3:hr>
            <ns3:cad>44</ns3:cad>
          </ns3:TrackPointExtension>
        </extensions>
      </trkpt>
      <trkpt lat="46.08954456634819507598876953125" lon="11.15362764336168766021728515625">
        <ele>708.20001220703125</ele>
        <time>2026-02-28T08:12:53.000Z</time>
        <extensions>
          <ns3:TrackPointExtension>
            <ns3:hr>116</ns3:hr>
            <ns3:cad>42</ns3:cad>
          </ns3:TrackPointExtension>
        </extensions>
      </trkpt>
      <trkpt lat="46.08959376811981201171875" lon="11.153600402176380157470703125">
        <ele>709.20001220703125</ele>
        <time>2026-02-28T08:12:59.000Z</time>
        <extensions>
          <ns3:TrackPointExtension>
            <ns3:hr>116</ns3:hr>
            <ns3:cad>45</ns3:cad>
          </ns3:TrackPointExtension>
        </extensions>
      </trkpt>
      <trkpt lat="46.0896096937358379364013671875" lon="11.1535834707319736480712890625">
        <ele>709.4000244140625</ele>
        <time>2026-02-28T08:13:01.000Z</time>
        <extensions>
          <ns3:TrackPointExtension>
            <ns3:hr>116</ns3:hr>
            <ns3:cad>44</ns3:cad>
          </ns3:TrackPointExtension>
        </extensions>
      </trkpt>
      <trkpt lat="46.0896277986466884613037109375" lon="11.1535636894404888153076171875">
        <ele>710</ele>
        <time>2026-02-28T08:13:04.000Z</time>
        <extensions>
          <ns3:TrackPointExtension>
            <ns3:hr>119</ns3:hr>
            <ns3:cad>43</ns3:cad>
          </ns3:TrackPointExtension>
        </extensions>
      </trkpt>
      <trkpt lat="46.08963224105536937713623046875" lon="11.15356050431728363037109375">
        <ele>710.20001220703125</ele>
        <time>2026-02-28T08:13:05.000Z</time>
        <extensions>
          <ns3:TrackPointExtension>
            <ns3:hr>125</ns3:hr>
            <ns3:cad>43</ns3:cad>
          </ns3:TrackPointExtension>
        </extensions>
      </trkpt>
      <trkpt lat="46.0896380245685577392578125" lon="11.1535556428134441375732421875">
        <ele>710.20001220703125</ele>
        <time>2026-02-28T08:13:06.000Z</time>
        <extensions>
          <ns3:TrackPointExtension>
            <ns3:hr>128</ns3:hr>
            <ns3:cad>42</ns3:cad>
          </ns3:TrackPointExtension>
        </extensions>
      </trkpt>
      <trkpt lat="46.0896445624530315399169921875" lon="11.15354851819574832916259765625">
        <ele>710.4000244140625</ele>
        <time>2026-02-28T08:13:07.000Z</time>
        <extensions>
          <ns3:TrackPointExtension>
            <ns3:hr>128</ns3:hr>
            <ns3:cad>42</ns3:cad>
          </ns3:TrackPointExtension>
        </extensions>
      </trkpt>
      <trkpt lat="46.089649759232997894287109375" lon="11.15354097448289394378662109375">
        <ele>710.5999755859375</ele>
        <time>2026-02-28T08:13:08.000Z</time>
        <extensions>
          <ns3:TrackPointExtension>
            <ns3:hr>128</ns3:hr>
            <ns3:cad>42</ns3:cad>
          </ns3:TrackPointExtension>
        </extensions>
      </trkpt>
      <trkpt lat="46.08968026936054229736328125" lon="11.15350107662379741668701171875">
        <ele>711.20001220703125</ele>
        <time>2026-02-28T08:13:13.000Z</time>
        <extensions>
          <ns3:TrackPointExtension>
            <ns3:hr>129</ns3:hr>
            <ns3:cad>43</ns3:cad>
          </ns3:TrackPointExtension>
        </extensions>
      </trkpt>
      <trkpt lat="46.08968990854918956756591796875" lon="11.1534862406551837921142578125">
        <ele>711.5999755859375</ele>
        <time>2026-02-28T08:13:15.000Z</time>
        <extensions>
          <ns3:TrackPointExtension>
            <ns3:hr>129</ns3:hr>
            <ns3:cad>43</ns3:cad>
          </ns3:TrackPointExtension>
        </extensions>
      </trkpt>
      <trkpt lat="46.08971237204968929290771484375" lon="11.15344458259642124176025390625">
        <ele>712.4000244140625</ele>
        <time>2026-02-28T08:13:20.000Z</time>
        <extensions>
          <ns3:TrackPointExtension>
            <ns3:hr>128</ns3:hr>
            <ns3:cad>43</ns3:cad>
          </ns3:TrackPointExtension>
        </extensions>
      </trkpt>
      <trkpt lat="46.0897263698279857635498046875" lon="11.15343016572296619415283203125">
        <ele>712.5999755859375</ele>
        <time>2026-02-28T08:13:22.000Z</time>
        <extensions>
          <ns3:TrackPointExtension>
            <ns3:hr>129</ns3:hr>
            <ns3:cad>44</ns3:cad>
          </ns3:TrackPointExtension>
        </extensions>
      </trkpt>
      <trkpt lat="46.0897748172283172607421875" lon="11.1533906869590282440185546875">
        <ele>713.4000244140625</ele>
        <time>2026-02-28T08:13:27.000Z</time>
        <extensions>
          <ns3:TrackPointExtension>
            <ns3:hr>129</ns3:hr>
            <ns3:cad>44</ns3:cad>
          </ns3:TrackPointExtension>
        </extensions>
      </trkpt>
      <trkpt lat="46.0897909104824066162109375" lon="11.15337635390460491180419921875">
        <ele>713.79998779296875</ele>
        <time>2026-02-28T08:13:29.000Z</time>
        <extensions>
          <ns3:TrackPointExtension>
            <ns3:hr>128</ns3:hr>
            <ns3:cad>43</ns3:cad>
          </ns3:TrackPointExtension>
        </extensions>
      </trkpt>
      <trkpt lat="46.08982485719025135040283203125" lon="11.15335120819509029388427734375">
        <ele>714.5999755859375</ele>
        <time>2026-02-28T08:13:34.000Z</time>
        <extensions>
          <ns3:TrackPointExtension>
            <ns3:hr>128</ns3:hr>
            <ns3:cad>42</ns3:cad>
          </ns3:TrackPointExtension>
        </extensions>
      </trkpt>
      <trkpt lat="46.08984380029141902923583984375" lon="11.15334182046353816986083984375">
        <ele>715</ele>
        <time>2026-02-28T08:13:36.000Z</time>
        <extensions>
          <ns3:TrackPointExtension>
            <ns3:hr>128</ns3:hr>
            <ns3:cad>46</ns3:cad>
          </ns3:TrackPointExtension>
        </extensions>
      </trkpt>
      <trkpt lat="46.08986802399158477783203125" lon="11.15331734530627727508544921875">
        <ele>715.5999755859375</ele>
        <time>2026-02-28T08:13:41.000Z</time>
        <extensions>
          <ns3:TrackPointExtension>
            <ns3:hr>129</ns3:hr>
            <ns3:cad>42</ns3:cad>
          </ns3:TrackPointExtension>
        </extensions>
      </trkpt>
      <trkpt lat="46.08988344669342041015625" lon="11.15330301225185394287109375">
        <ele>716</ele>
        <time>2026-02-28T08:13:43.000Z</time>
        <extensions>
          <ns3:TrackPointExtension>
            <ns3:hr>128</ns3:hr>
            <ns3:cad>42</ns3:cad>
          </ns3:TrackPointExtension>
        </extensions>
      </trkpt>
      <trkpt lat="46.08991320244967937469482421875" lon="11.15327275358140468597412109375">
        <ele>716.5999755859375</ele>
        <time>2026-02-28T08:13:47.000Z</time>
        <extensions>
          <ns3:TrackPointExtension>
            <ns3:hr>128</ns3:hr>
            <ns3:cad>45</ns3:cad>
          </ns3:TrackPointExtension>
        </extensions>
      </trkpt>
      <trkpt lat="46.08992560766637325286865234375" lon="11.1532538942992687225341796875">
        <ele>717.20001220703125</ele>
        <time>2026-02-28T08:13:50.000Z</time>
        <extensions>
          <ns3:TrackPointExtension>
            <ns3:hr>129</ns3:hr>
            <ns3:cad>45</ns3:cad>
          </ns3:TrackPointExtension>
        </extensions>
      </trkpt>
      <trkpt lat="46.0899483226239681243896484375" lon="11.15323704667389392852783203125">
        <ele>717.79998779296875</ele>
        <time>2026-02-28T08:13:53.000Z</time>
        <extensions>
          <ns3:TrackPointExtension>
            <ns3:hr>128</ns3:hr>
            <ns3:cad>44</ns3:cad>
          </ns3:TrackPointExtension>
        </extensions>
      </trkpt>
      <trkpt lat="46.0899738036096096038818359375" lon="11.15320980548858642578125">
        <ele>718.20001220703125</ele>
        <time>2026-02-28T08:13:56.000Z</time>
        <extensions>
          <ns3:TrackPointExtension>
            <ns3:hr>129</ns3:hr>
            <ns3:cad>44</ns3:cad>
          </ns3:TrackPointExtension>
        </extensions>
      </trkpt>
      <trkpt lat="46.0900120250880718231201171875" lon="11.15317217074334621429443359375">
        <ele>718.79998779296875</ele>
        <time>2026-02-28T08:14:00.000Z</time>
        <extensions>
          <ns3:TrackPointExtension>
            <ns3:hr>127</ns3:hr>
            <ns3:cad>45</ns3:cad>
          </ns3:TrackPointExtension>
        </extensions>
      </trkpt>
      <trkpt lat="46.09004362486302852630615234375" lon="11.15314333699643611907958984375">
        <ele>719.4000244140625</ele>
        <time>2026-02-28T08:14:04.000Z</time>
        <extensions>
          <ns3:TrackPointExtension>
            <ns3:hr>126</ns3:hr>
            <ns3:cad>44</ns3:cad>
          </ns3:TrackPointExtension>
        </extensions>
      </trkpt>
      <trkpt lat="46.090049408376216888427734375" lon="11.15313327871263027191162109375">
        <ele>719.79998779296875</ele>
        <time>2026-02-28T08:14:06.000Z</time>
        <extensions>
          <ns3:TrackPointExtension>
            <ns3:hr>125</ns3:hr>
            <ns3:cad>45</ns3:cad>
          </ns3:TrackPointExtension>
        </extensions>
      </trkpt>
      <trkpt lat="46.09006005339324474334716796875" lon="11.1531119048595428466796875">
        <ele>720.20001220703125</ele>
        <time>2026-02-28T08:14:09.000Z</time>
        <extensions>
          <ns3:TrackPointExtension>
            <ns3:hr>125</ns3:hr>
            <ns3:cad>0</ns3:cad>
          </ns3:TrackPointExtension>
        </extensions>
      </trkpt>
      <trkpt lat="46.0900698602199554443359375" lon="11.15309455431997776031494140625">
        <ele>720.20001220703125</ele>
        <time>2026-02-28T08:14:15.000Z</time>
        <extensions>
          <ns3:TrackPointExtension>
            <ns3:hr>125</ns3:hr>
            <ns3:cad>0</ns3:cad>
          </ns3:TrackPointExtension>
        </extensions>
      </trkpt>
      <trkpt lat="46.09006726182997226715087890625" lon="11.15310980938374996185302734375">
        <ele>720.20001220703125</ele>
        <time>2026-02-28T08:14:24.000Z</time>
        <extensions>
          <ns3:TrackPointExtension>
            <ns3:hr>125</ns3:hr>
            <ns3:cad>0</ns3:cad>
          </ns3:TrackPointExtension>
        </extensions>
      </trkpt>
      <trkpt lat="46.0900596342980861663818359375" lon="11.15308499895036220550537109375">
        <ele>720</ele>
        <time>2026-02-28T08:14:34.000Z</time>
        <extensions>
          <ns3:TrackPointExtension>
            <ns3:hr>123</ns3:hr>
            <ns3:cad>53</ns3:cad>
          </ns3:TrackPointExtension>
        </extensions>
      </trkpt>
      <trkpt lat="46.090062148869037628173828125" lon="11.15303806029260158538818359375">
        <ele>720.4000244140625</ele>
        <time>2026-02-28T08:14:40.000Z</time>
        <extensions>
          <ns3:TrackPointExtension>
            <ns3:hr>121</ns3:hr>
            <ns3:cad>0</ns3:cad>
          </ns3:TrackPointExtension>
        </extensions>
      </trkpt>
      <trkpt lat="46.0900805890560150146484375" lon="11.1530359648168087005615234375">
        <ele>720.5999755859375</ele>
        <time>2026-02-28T08:14:45.000Z</time>
        <extensions>
          <ns3:TrackPointExtension>
            <ns3:hr>120</ns3:hr>
            <ns3:cad>65</ns3:cad>
          </ns3:TrackPointExtension>
        </extensions>
      </trkpt>
      <trkpt lat="46.0900938324630260467529296875" lon="11.1530393175780773162841796875">
        <ele>720.20001220703125</ele>
        <time>2026-02-28T08:14:55.000Z</time>
        <extensions>
          <ns3:TrackPointExtension>
            <ns3:hr>119</ns3:hr>
            <ns3:cad>0</ns3:cad>
          </ns3:TrackPointExtension>
        </extensions>
      </trkpt>
      <trkpt lat="46.09008662402629852294921875" lon="11.15302716381847858428955078125">
        <ele>720.20001220703125</ele>
        <time>2026-02-28T08:15:06.000Z</time>
        <extensions>
          <ns3:TrackPointExtension>
            <ns3:hr>116</ns3:hr>
            <ns3:cad>0</ns3:cad>
          </ns3:TrackPointExtension>
        </extensions>
      </trkpt>
      <trkpt lat="46.09008662402629852294921875" lon="11.1530279181897640228271484375">
        <ele>720.20001220703125</ele>
        <time>2026-02-28T08:15:09.000Z</time>
        <extensions>
          <ns3:TrackPointExtension>
            <ns3:hr>116</ns3:hr>
            <ns3:cad>0</ns3:cad>
          </ns3:TrackPointExtension>
        </extensions>
      </trkpt>
      <trkpt lat="46.09007832594215869903564453125" lon="11.15302548743784427642822265625">
        <ele>720</ele>
        <time>2026-02-28T08:15:18.000Z</time>
        <extensions>
          <ns3:TrackPointExtension>
            <ns3:hr>115</ns3:hr>
            <ns3:cad>0</ns3:cad>
          </ns3:TrackPointExtension>
        </extensions>
      </trkpt>
      <trkpt lat="46.09007480554282665252685546875" lon="11.15300838835537433624267578125">
        <ele>720</ele>
        <time>2026-02-28T08:15:24.000Z</time>
        <extensions>
          <ns3:TrackPointExtension>
            <ns3:hr>114</ns3:hr>
            <ns3:cad>0</ns3:cad>
          </ns3:TrackPointExtension>
        </extensions>
      </trkpt>
      <trkpt lat="46.09009039588272571563720703125" lon="11.152935214340686798095703125">
        <ele>720.79998779296875</ele>
        <time>2026-02-28T08:15:31.000Z</time>
        <extensions>
          <ns3:TrackPointExtension>
            <ns3:hr>113</ns3:hr>
            <ns3:cad>0</ns3:cad>
          </ns3:TrackPointExtension>
        </extensions>
      </trkpt>
      <trkpt lat="46.0900941677391529083251953125" lon="11.15290864370763301849365234375">
        <ele>721.20001220703125</ele>
        <time>2026-02-28T08:15:33.000Z</time>
        <extensions>
          <ns3:TrackPointExtension>
            <ns3:hr>112</ns3:hr>
            <ns3:cad>0</ns3:cad>
          </ns3:TrackPointExtension>
        </extensions>
      </trkpt>
      <trkpt lat="46.09010682441294193267822265625" lon="11.152872182428836822509765625">
        <ele>721.79998779296875</ele>
        <time>2026-02-28T08:15:37.000Z</time>
        <extensions>
          <ns3:TrackPointExtension>
            <ns3:hr>112</ns3:hr>
            <ns3:cad>0</ns3:cad>
          </ns3:TrackPointExtension>
        </extensions>
      </trkpt>
      <trkpt lat="46.0901166312396526336669921875" lon="11.15284259431064128875732421875">
        <ele>722.5999755859375</ele>
        <time>2026-02-28T08:15:40.000Z</time>
        <extensions>
          <ns3:TrackPointExtension>
            <ns3:hr>112</ns3:hr>
            <ns3:cad>41</ns3:cad>
          </ns3:TrackPointExtension>
        </extensions>
      </trkpt>
      <trkpt lat="46.09012660570442676544189453125" lon="11.15281811915338039398193359375">
        <ele>723</ele>
        <time>2026-02-28T08:15:42.000Z</time>
        <extensions>
          <ns3:TrackPointExtension>
            <ns3:hr>112</ns3:hr>
            <ns3:cad>42</ns3:cad>
          </ns3:TrackPointExtension>
        </extensions>
      </trkpt>
      <trkpt lat="46.09015661291778087615966796875" lon="11.152764894068241119384765625">
        <ele>723.79998779296875</ele>
        <time>2026-02-28T08:15:47.000Z</time>
        <extensions>
          <ns3:TrackPointExtension>
            <ns3:hr>115</ns3:hr>
            <ns3:cad>19</ns3:cad>
          </ns3:TrackPointExtension>
        </extensions>
      </trkpt>
      <trkpt lat="46.0901585407555103302001953125" lon="11.15275575779378414154052734375">
        <ele>724</ele>
        <time>2026-02-28T08:15:48.000Z</time>
        <extensions>
          <ns3:TrackPointExtension>
            <ns3:hr>115</ns3:hr>
            <ns3:cad>19</ns3:cad>
          </ns3:TrackPointExtension>
        </extensions>
      </trkpt>
      <trkpt lat="46.0901615582406520843505859375" lon="11.15274854935705661773681640625">
        <ele>724.20001220703125</ele>
        <time>2026-02-28T08:15:49.000Z</time>
        <extensions>
          <ns3:TrackPointExtension>
            <ns3:hr>116</ns3:hr>
            <ns3:cad>19</ns3:cad>
          </ns3:TrackPointExtension>
        </extensions>
      </trkpt>
      <trkpt lat="46.09018192626535892486572265625" lon="11.152711249887943267822265625">
        <ele>725.20001220703125</ele>
        <time>2026-02-28T08:15:54.000Z</time>
        <extensions>
          <ns3:TrackPointExtension>
            <ns3:hr>118</ns3:hr>
            <ns3:cad>0</ns3:cad>
          </ns3:TrackPointExtension>
        </extensions>
      </trkpt>
      <trkpt lat="46.09018980525434017181396484375" lon="11.15269440226256847381591796875">
        <ele>725.5999755859375</ele>
        <time>2026-02-28T08:15:56.000Z</time>
        <extensions>
          <ns3:TrackPointExtension>
            <ns3:hr>119</ns3:hr>
            <ns3:cad>0</ns3:cad>
          </ns3:TrackPointExtension>
        </extensions>
      </trkpt>
      <trkpt lat="46.0902084968984127044677734375" lon="11.1526641435921192169189453125">
        <ele>726.20001220703125</ele>
        <time>2026-02-28T08:15:59.000Z</time>
        <extensions>
          <ns3:TrackPointExtension>
            <ns3:hr>120</ns3:hr>
            <ns3:cad>44</ns3:cad>
          </ns3:TrackPointExtension>
        </extensions>
      </trkpt>
      <trkpt lat="46.09021645970642566680908203125" lon="11.15262709558010101318359375">
        <ele>726.79998779296875</ele>
        <time>2026-02-28T08:16:02.000Z</time>
        <extensions>
          <ns3:TrackPointExtension>
            <ns3:hr>123</ns3:hr>
            <ns3:cad>43</ns3:cad>
          </ns3:TrackPointExtension>
        </extensions>
      </trkpt>
      <trkpt lat="46.0902162082493305206298828125" lon="11.152620725333690643310546875">
        <ele>727</ele>
        <time>2026-02-28T08:16:03.000Z</time>
        <extensions>
          <ns3:TrackPointExtension>
            <ns3:hr>124</ns3:hr>
            <ns3:cad>43</ns3:cad>
          </ns3:TrackPointExtension>
        </extensions>
      </trkpt>
      <trkpt lat="46.090224422514438629150390625" lon="11.15258510224521160125732421875">
        <ele>727.4000244140625</ele>
        <time>2026-02-28T08:16:06.000Z</time>
        <extensions>
          <ns3:TrackPointExtension>
            <ns3:hr>121</ns3:hr>
            <ns3:cad>42</ns3:cad>
          </ns3:TrackPointExtension>
        </extensions>
      </trkpt>
      <trkpt lat="46.0902227461338043212890625" lon="11.1525742895901203155517578125">
        <ele>727.5999755859375</ele>
        <time>2026-02-28T08:16:07.000Z</time>
        <extensions>
          <ns3:TrackPointExtension>
            <ns3:hr>117</ns3:hr>
            <ns3:cad>42</ns3:cad>
          </ns3:TrackPointExtension>
        </extensions>
      </trkpt>
      <trkpt lat="46.0902168788015842437744140625" lon="11.1525343917310237884521484375">
        <ele>728</ele>
        <time>2026-02-28T08:16:10.000Z</time>
        <extensions>
          <ns3:TrackPointExtension>
            <ns3:hr>114</ns3:hr>
            <ns3:cad>44</ns3:cad>
          </ns3:TrackPointExtension>
        </extensions>
      </trkpt>
      <trkpt lat="46.09022148884832859039306640625" lon="11.15253053605556488037109375">
        <ele>728.20001220703125</ele>
        <time>2026-02-28T08:16:11.000Z</time>
        <extensions>
          <ns3:TrackPointExtension>
            <ns3:hr>114</ns3:hr>
            <ns3:cad>43</ns3:cad>
          </ns3:TrackPointExtension>
        </extensions>
      </trkpt>
      <trkpt lat="46.09022417105734348297119140625" lon="11.1525191366672515869140625">
        <ele>728.4000244140625</ele>
        <time>2026-02-28T08:16:12.000Z</time>
        <extensions>
          <ns3:TrackPointExtension>
            <ns3:hr>115</ns3:hr>
            <ns3:cad>43</ns3:cad>
          </ns3:TrackPointExtension>
        </extensions>
      </trkpt>
      <trkpt lat="46.09021880663931369781494140625" lon="11.1524874530732631683349609375">
        <ele>728.79998779296875</ele>
        <time>2026-02-28T08:16:15.000Z</time>
        <extensions>
          <ns3:TrackPointExtension>
            <ns3:hr>112</ns3:hr>
            <ns3:cad>43</ns3:cad>
          </ns3:TrackPointExtension>
        </extensions>
      </trkpt>
      <trkpt lat="46.090221069753170013427734375" lon="11.1524398438632488250732421875">
        <ele>729.20001220703125</ele>
        <time>2026-02-28T08:16:18.000Z</time>
        <extensions>
          <ns3:TrackPointExtension>
            <ns3:hr>112</ns3:hr>
            <ns3:cad>41</ns3:cad>
          </ns3:TrackPointExtension>
        </extensions>
      </trkpt>
      <trkpt lat="46.0902209021151065826416015625" lon="11.15242567844688892364501953125">
        <ele>729.5999755859375</ele>
        <time>2026-02-28T08:16:19.000Z</time>
        <extensions>
          <ns3:TrackPointExtension>
            <ns3:hr>112</ns3:hr>
            <ns3:cad>79</ns3:cad>
          </ns3:TrackPointExtension>
        </extensions>
      </trkpt>
      <trkpt lat="46.09022115357220172882080078125" lon="11.15237019024789333343505859375">
        <ele>730.20001220703125</ele>
        <time>2026-02-28T08:16:23.000Z</time>
        <extensions>
          <ns3:TrackPointExtension>
            <ns3:hr>114</ns3:hr>
            <ns3:cad>42</ns3:cad>
          </ns3:TrackPointExtension>
        </extensions>
      </trkpt>
      <trkpt lat="46.0902212373912334442138671875" lon="11.152342446148395538330078125">
        <ele>730.4000244140625</ele>
        <time>2026-02-28T08:16:25.000Z</time>
        <extensions>
          <ns3:TrackPointExtension>
            <ns3:hr>114</ns3:hr>
            <ns3:cad>43</ns3:cad>
          </ns3:TrackPointExtension>
        </extensions>
      </trkpt>
      <trkpt lat="46.090220399200916290283203125" lon="11.15233146585524082183837890625">
        <ele>730.79998779296875</ele>
        <time>2026-02-28T08:16:26.000Z</time>
        <extensions>
          <ns3:TrackPointExtension>
            <ns3:hr>115</ns3:hr>
            <ns3:cad>44</ns3:cad>
          </ns3:TrackPointExtension>
        </extensions>
      </trkpt>
      <trkpt lat="46.0902356542646884918212890625" lon="11.15227145142853260040283203125">
        <ele>731.5999755859375</ele>
        <time>2026-02-28T08:16:32.000Z</time>
        <extensions>
          <ns3:TrackPointExtension>
            <ns3:hr>118</ns3:hr>
            <ns3:cad>45</ns3:cad>
          </ns3:TrackPointExtension>
        </extensions>
      </trkpt>
      <trkpt lat="46.09023875556886196136474609375" lon="11.15225829184055328369140625">
        <ele>731.79998779296875</ele>
        <time>2026-02-28T08:16:33.000Z</time>
        <extensions>
          <ns3:TrackPointExtension>
            <ns3:hr>118</ns3:hr>
            <ns3:cad>45</ns3:cad>
          </ns3:TrackPointExtension>
        </extensions>
      </trkpt>
      <trkpt lat="46.0902594588696956634521484375" lon="11.15220674313604831695556640625">
        <ele>733</ele>
        <time>2026-02-28T08:16:39.000Z</time>
        <extensions>
          <ns3:TrackPointExtension>
            <ns3:hr>118</ns3:hr>
            <ns3:cad>41</ns3:cad>
          </ns3:TrackPointExtension>
        </extensions>
      </trkpt>
      <trkpt lat="46.090263985097408294677734375" lon="11.152197606861591339111328125">
        <ele>733.20001220703125</ele>
        <time>2026-02-28T08:16:40.000Z</time>
        <extensions>
          <ns3:TrackPointExtension>
            <ns3:hr>119</ns3:hr>
            <ns3:cad>41</ns3:cad>
          </ns3:TrackPointExtension>
        </extensions>
      </trkpt>
      <trkpt lat="46.09028552658855915069580078125" lon="11.15215762518346309661865234375">
        <ele>734</ele>
        <time>2026-02-28T08:16:45.000Z</time>
        <extensions>
          <ns3:TrackPointExtension>
            <ns3:hr>120</ns3:hr>
            <ns3:cad>78</ns3:cad>
          </ns3:TrackPointExtension>
        </extensions>
      </trkpt>
      <trkpt lat="46.09029659070074558258056640625" lon="11.15213901735842227935791015625">
        <ele>734.4000244140625</ele>
        <time>2026-02-28T08:16:47.000Z</time>
        <extensions>
          <ns3:TrackPointExtension>
            <ns3:hr>120</ns3:hr>
            <ns3:cad>78</ns3:cad>
          </ns3:TrackPointExtension>
        </extensions>
      </trkpt>
      <trkpt lat="46.09031184576451778411865234375" lon="11.1521112732589244842529296875">
        <ele>735.20001220703125</ele>
        <time>2026-02-28T08:16:51.000Z</time>
        <extensions>
          <ns3:TrackPointExtension>
            <ns3:hr>120</ns3:hr>
            <ns3:cad>41</ns3:cad>
          </ns3:TrackPointExtension>
        </extensions>
      </trkpt>
      <trkpt lat="46.0903285257518291473388671875" lon="11.15208168514072895050048828125">
        <ele>736</ele>
        <time>2026-02-28T08:16:56.000Z</time>
        <extensions>
          <ns3:TrackPointExtension>
            <ns3:hr>121</ns3:hr>
            <ns3:cad>40</ns3:cad>
          </ns3:TrackPointExtension>
        </extensions>
      </trkpt>
      <trkpt lat="46.09033430926501750946044921875" lon="11.1520696990191936492919921875">
        <ele>736.20001220703125</ele>
        <time>2026-02-28T08:16:57.000Z</time>
        <extensions>
          <ns3:TrackPointExtension>
            <ns3:hr>121</ns3:hr>
            <ns3:cad>40</ns3:cad>
          </ns3:TrackPointExtension>
        </extensions>
      </trkpt>
      <trkpt lat="46.0903533361852169036865234375" lon="11.1520086787641048431396484375">
        <ele>736.79998779296875</ele>
        <time>2026-02-28T08:17:04.000Z</time>
        <extensions>
          <ns3:TrackPointExtension>
            <ns3:hr>123</ns3:hr>
            <ns3:cad>0</ns3:cad>
          </ns3:TrackPointExtension>
        </extensions>
      </trkpt>
      <trkpt lat="46.090358532965183258056640625" lon="11.151994764804840087890625">
        <ele>737.20001220703125</ele>
        <time>2026-02-28T08:17:06.000Z</time>
        <extensions>
          <ns3:TrackPointExtension>
            <ns3:hr>122</ns3:hr>
            <ns3:cad>40</ns3:cad>
          </ns3:TrackPointExtension>
        </extensions>
      </trkpt>
      <trkpt lat="46.0903801582753658294677734375" lon="11.15195059217512607574462890625">
        <ele>738</ele>
        <time>2026-02-28T08:17:11.000Z</time>
        <extensions>
          <ns3:TrackPointExtension>
            <ns3:hr>123</ns3:hr>
            <ns3:cad>42</ns3:cad>
          </ns3:TrackPointExtension>
        </extensions>
      </trkpt>
      <trkpt lat="46.09038770198822021484375" lon="11.15193181671202182769775390625">
        <ele>738.4000244140625</ele>
        <time>2026-02-28T08:17:13.000Z</time>
        <extensions>
          <ns3:TrackPointExtension>
            <ns3:hr>124</ns3:hr>
            <ns3:cad>42</ns3:cad>
          </ns3:TrackPointExtension>
        </extensions>
      </trkpt>
      <trkpt lat="46.09041075222194194793701171875" lon="11.151880435645580291748046875">
        <ele>739</ele>
        <time>2026-02-28T08:17:18.000Z</time>
        <extensions>
          <ns3:TrackPointExtension>
            <ns3:hr>122</ns3:hr>
            <ns3:cad>77</ns3:cad>
          </ns3:TrackPointExtension>
        </extensions>
      </trkpt>
      <trkpt lat="46.09041611663997173309326171875" lon="11.15185788832604885101318359375">
        <ele>739.4000244140625</ele>
        <time>2026-02-28T08:17:20.000Z</time>
        <extensions>
          <ns3:TrackPointExtension>
            <ns3:hr>121</ns3:hr>
            <ns3:cad>76</ns3:cad>
          </ns3:TrackPointExtension>
        </extensions>
      </trkpt>
      <trkpt lat="46.09042131341993808746337890625" lon="11.1518333293497562408447265625">
        <ele>739.5999755859375</ele>
        <time>2026-02-28T08:17:22.000Z</time>
        <extensions>
          <ns3:TrackPointExtension>
            <ns3:hr>118</ns3:hr>
            <ns3:cad>41</ns3:cad>
          </ns3:TrackPointExtension>
        </extensions>
      </trkpt>
      <trkpt lat="46.090429611504077911376953125" lon="11.15180122666060924530029296875">
        <ele>740.20001220703125</ele>
        <time>2026-02-28T08:17:25.000Z</time>
        <extensions>
          <ns3:TrackPointExtension>
            <ns3:hr>118</ns3:hr>
            <ns3:cad>42</ns3:cad>
          </ns3:TrackPointExtension>
        </extensions>
      </trkpt>
      <trkpt lat="46.09043908305466175079345703125" lon="11.15177591331303119659423828125">
        <ele>740.4000244140625</ele>
        <time>2026-02-28T08:17:27.000Z</time>
        <extensions>
          <ns3:TrackPointExtension>
            <ns3:hr>117</ns3:hr>
            <ns3:cad>43</ns3:cad>
          </ns3:TrackPointExtension>
        </extensions>
      </trkpt>
      <trkpt lat="46.0904468782246112823486328125" lon="11.15174741484224796295166015625">
        <ele>740.79998779296875</ele>
        <time>2026-02-28T08:17:30.000Z</time>
        <extensions>
          <ns3:TrackPointExtension>
            <ns3:hr>116</ns3:hr>
            <ns3:cad>42</ns3:cad>
          </ns3:TrackPointExtension>
        </extensions>
      </trkpt>
      <trkpt lat="46.0904716886579990386962890625" lon="11.1517045833170413970947265625">
        <ele>741.4000244140625</ele>
        <time>2026-02-28T08:17:34.000Z</time>
        <extensions>
          <ns3:TrackPointExtension>
            <ns3:hr>113</ns3:hr>
            <ns3:cad>43</ns3:cad>
          </ns3:TrackPointExtension>
        </extensions>
      </trkpt>
      <trkpt lat="46.09047546051442623138427734375" lon="11.15169444121420383453369140625">
        <ele>741.5999755859375</ele>
        <time>2026-02-28T08:17:35.000Z</time>
        <extensions>
          <ns3:TrackPointExtension>
            <ns3:hr>113</ns3:hr>
            <ns3:cad>43</ns3:cad>
          </ns3:TrackPointExtension>
        </extensions>
      </trkpt>
      <trkpt lat="46.09048283658921718597412109375" lon="11.1516703851521015167236328125">
        <ele>741.79998779296875</ele>
        <time>2026-02-28T08:17:37.000Z</time>
        <extensions>
          <ns3:TrackPointExtension>
            <ns3:hr>113</ns3:hr>
            <ns3:cad>41</ns3:cad>
          </ns3:TrackPointExtension>
        </extensions>
      </trkpt>
      <trkpt lat="46.09049473889172077178955078125" lon="11.15162000991404056549072265625">
        <ele>742.5999755859375</ele>
        <time>2026-02-28T08:17:41.000Z</time>
        <extensions>
          <ns3:TrackPointExtension>
            <ns3:hr>114</ns3:hr>
            <ns3:cad>0</ns3:cad>
          </ns3:TrackPointExtension>
        </extensions>
      </trkpt>
      <trkpt lat="46.0904971696436405181884765625" lon="11.1515956185758113861083984375">
        <ele>743</ele>
        <time>2026-02-28T08:17:44.000Z</time>
        <extensions>
          <ns3:TrackPointExtension>
            <ns3:hr>114</ns3:hr>
            <ns3:cad>0</ns3:cad>
          </ns3:TrackPointExtension>
        </extensions>
      </trkpt>
      <trkpt lat="46.09051653183996677398681640625" lon="11.1515610851347446441650390625">
        <ele>743.5999755859375</ele>
        <time>2026-02-28T08:17:48.000Z</time>
        <extensions>
          <ns3:TrackPointExtension>
            <ns3:hr>113</ns3:hr>
            <ns3:cad>40</ns3:cad>
          </ns3:TrackPointExtension>
        </extensions>
      </trkpt>
      <trkpt lat="46.090542264282703399658203125" lon="11.15151464939117431640625">
        <ele>744.20001220703125</ele>
        <time>2026-02-28T08:17:52.000Z</time>
        <extensions>
          <ns3:TrackPointExtension>
            <ns3:hr>112</ns3:hr>
            <ns3:cad>40</ns3:cad>
          </ns3:TrackPointExtension>
        </extensions>
      </trkpt>
      <trkpt lat="46.09054821543395519256591796875" lon="11.1515007354319095611572265625">
        <ele>744.5999755859375</ele>
        <time>2026-02-28T08:17:54.000Z</time>
        <extensions>
          <ns3:TrackPointExtension>
            <ns3:hr>112</ns3:hr>
            <ns3:cad>40</ns3:cad>
          </ns3:TrackPointExtension>
        </extensions>
      </trkpt>
      <trkpt lat="46.090571098029613494873046875" lon="11.151442565023899078369140625">
        <ele>745.4000244140625</ele>
        <time>2026-02-28T08:18:00.000Z</time>
        <extensions>
          <ns3:TrackPointExtension>
            <ns3:hr>112</ns3:hr>
            <ns3:cad>42</ns3:cad>
          </ns3:TrackPointExtension>
        </extensions>
      </trkpt>
      <trkpt lat="46.09058140777051448822021484375" lon="11.15142353810369968414306640625">
        <ele>745.5999755859375</ele>
        <time>2026-02-28T08:18:02.000Z</time>
        <extensions>
          <ns3:TrackPointExtension>
            <ns3:hr>112</ns3:hr>
            <ns3:cad>42</ns3:cad>
          </ns3:TrackPointExtension>
        </extensions>
      </trkpt>
      <trkpt lat="46.09060571528971195220947265625" lon="11.15138095803558826446533203125">
        <ele>746.20001220703125</ele>
        <time>2026-02-28T08:18:06.000Z</time>
        <extensions>
          <ns3:TrackPointExtension>
            <ns3:hr>111</ns3:hr>
            <ns3:cad>43</ns3:cad>
          </ns3:TrackPointExtension>
        </extensions>
      </trkpt>
      <trkpt lat="46.0906239040195941925048828125" lon="11.1513421498239040374755859375">
        <ele>746.5999755859375</ele>
        <time>2026-02-28T08:18:10.000Z</time>
        <extensions>
          <ns3:TrackPointExtension>
            <ns3:hr>112</ns3:hr>
            <ns3:cad>80</ns3:cad>
          </ns3:TrackPointExtension>
        </extensions>
      </trkpt>
      <trkpt lat="46.090632788836956024169921875" lon="11.15132178179919719696044921875">
        <ele>747</ele>
        <time>2026-02-28T08:18:12.000Z</time>
        <extensions>
          <ns3:TrackPointExtension>
            <ns3:hr>112</ns3:hr>
            <ns3:cad>47</ns3:cad>
          </ns3:TrackPointExtension>
        </extensions>
      </trkpt>
      <trkpt lat="46.0906520672142505645751953125" lon="11.1513015814125537872314453125">
        <ele>747.20001220703125</ele>
        <time>2026-02-28T08:18:14.000Z</time>
        <extensions>
          <ns3:TrackPointExtension>
            <ns3:hr>116</ns3:hr>
            <ns3:cad>47</ns3:cad>
          </ns3:TrackPointExtension>
        </extensions>
      </trkpt>
      <trkpt lat="46.09065600670874118804931640625" lon="11.15128934383392333984375">
        <ele>747.4000244140625</ele>
        <time>2026-02-28T08:18:15.000Z</time>
        <extensions>
          <ns3:TrackPointExtension>
            <ns3:hr>119</ns3:hr>
            <ns3:cad>46</ns3:cad>
          </ns3:TrackPointExtension>
        </extensions>
      </trkpt>
      <trkpt lat="46.0906648077070713043212890625" lon="11.15126595832407474517822265625">
        <ele>747.5999755859375</ele>
        <time>2026-02-28T08:18:17.000Z</time>
        <extensions>
          <ns3:TrackPointExtension>
            <ns3:hr>121</ns3:hr>
            <ns3:cad>46</ns3:cad>
          </ns3:TrackPointExtension>
        </extensions>
      </trkpt>
      <trkpt lat="46.0906933061778545379638671875" lon="11.15120443515479564666748046875">
        <ele>748.5999755859375</ele>
        <time>2026-02-28T08:18:23.000Z</time>
        <extensions>
          <ns3:TrackPointExtension>
            <ns3:hr>124</ns3:hr>
            <ns3:cad>47</ns3:cad>
          </ns3:TrackPointExtension>
        </extensions>
      </trkpt>
      <trkpt lat="46.09069506637752056121826171875" lon="11.151197142899036407470703125">
        <ele>748.79998779296875</ele>
        <time>2026-02-28T08:18:24.000Z</time>
        <extensions>
          <ns3:TrackPointExtension>
            <ns3:hr>124</ns3:hr>
            <ns3:cad>46</ns3:cad>
          </ns3:TrackPointExtension>
        </extensions>
      </trkpt>
      <trkpt lat="46.09070747159421443939208984375" lon="11.15116721950471401214599609375">
        <ele>749.4000244140625</ele>
        <time>2026-02-28T08:18:27.000Z</time>
        <extensions>
          <ns3:TrackPointExtension>
            <ns3:hr>128</ns3:hr>
            <ns3:cad>46</ns3:cad>
          </ns3:TrackPointExtension>
        </extensions>
      </trkpt>
      <trkpt lat="46.0907162725925445556640625" lon="11.151142157614231109619140625">
        <ele>749.5999755859375</ele>
        <time>2026-02-28T08:18:29.000Z</time>
        <extensions>
          <ns3:TrackPointExtension>
            <ns3:hr>131</ns3:hr>
            <ns3:cad>46</ns3:cad>
          </ns3:TrackPointExtension>
        </extensions>
      </trkpt>
      <trkpt lat="46.0907298512756824493408203125" lon="11.15111324004828929901123046875">
        <ele>750</ele>
        <time>2026-02-28T08:18:31.000Z</time>
        <extensions>
          <ns3:TrackPointExtension>
            <ns3:hr>131</ns3:hr>
            <ns3:cad>44</ns3:cad>
          </ns3:TrackPointExtension>
        </extensions>
      </trkpt>
      <trkpt lat="46.09074619598686695098876953125" lon="11.15107300691306591033935546875">
        <ele>750.4000244140625</ele>
        <time>2026-02-28T08:18:35.000Z</time>
        <extensions>
          <ns3:TrackPointExtension>
            <ns3:hr>132</ns3:hr>
            <ns3:cad>0</ns3:cad>
          </ns3:TrackPointExtension>
        </extensions>
      </trkpt>
      <trkpt lat="46.090760193765163421630859375" lon="11.1510256491601467132568359375">
        <ele>751</ele>
        <time>2026-02-28T08:18:39.000Z</time>
        <extensions>
          <ns3:TrackPointExtension>
            <ns3:hr>133</ns3:hr>
            <ns3:cad>45</ns3:cad>
          </ns3:TrackPointExtension>
        </extensions>
      </trkpt>
      <trkpt lat="46.09076790511608123779296875" lon="11.15099891088902950286865234375">
        <ele>751.20001220703125</ele>
        <time>2026-02-28T08:18:41.000Z</time>
        <extensions>
          <ns3:TrackPointExtension>
            <ns3:hr>133</ns3:hr>
            <ns3:cad>45</ns3:cad>
          </ns3:TrackPointExtension>
        </extensions>
      </trkpt>
      <trkpt lat="46.09078777022659778594970703125" lon="11.15090352483093738555908203125">
        <ele>752</ele>
        <time>2026-02-28T08:18:48.000Z</time>
        <extensions>
          <ns3:TrackPointExtension>
            <ns3:hr>132</ns3:hr>
            <ns3:cad>47</ns3:cad>
          </ns3:TrackPointExtension>
        </extensions>
      </trkpt>
      <trkpt lat="46.0908119939267635345458984375" lon="11.15079271607100963592529296875">
        <ele>753</ele>
        <time>2026-02-28T08:18:56.000Z</time>
        <extensions>
          <ns3:TrackPointExtension>
            <ns3:hr>130</ns3:hr>
            <ns3:cad>0</ns3:cad>
          </ns3:TrackPointExtension>
        </extensions>
      </trkpt>
      <trkpt lat="46.09081442467868328094482421875" lon="11.15077712573111057281494140625">
        <ele>753</ele>
        <time>2026-02-28T08:18:57.000Z</time>
        <extensions>
          <ns3:TrackPointExtension>
            <ns3:hr>130</ns3:hr>
            <ns3:cad>0</ns3:cad>
          </ns3:TrackPointExtension>
        </extensions>
      </trkpt>
      <trkpt lat="46.0908233933150768280029296875" lon="11.15069079212844371795654296875">
        <ele>753.79998779296875</ele>
        <time>2026-02-28T08:19:03.000Z</time>
        <extensions>
          <ns3:TrackPointExtension>
            <ns3:hr>128</ns3:hr>
            <ns3:cad>0</ns3:cad>
          </ns3:TrackPointExtension>
        </extensions>
      </trkpt>
      <trkpt lat="46.09083102084696292877197265625" lon="11.15064050070941448211669921875">
        <ele>754.20001220703125</ele>
        <time>2026-02-28T08:19:06.000Z</time>
        <extensions>
          <ns3:TrackPointExtension>
            <ns3:hr>128</ns3:hr>
            <ns3:cad>0</ns3:cad>
          </ns3:TrackPointExtension>
        </extensions>
      </trkpt>
      <trkpt lat="46.0908347927033901214599609375" lon="11.15059708245098590850830078125">
        <ele>754.5999755859375</ele>
        <time>2026-02-28T08:19:10.000Z</time>
        <extensions>
          <ns3:TrackPointExtension>
            <ns3:hr>128</ns3:hr>
            <ns3:cad>49</ns3:cad>
          </ns3:TrackPointExtension>
        </extensions>
      </trkpt>
      <trkpt lat="46.09083487652242183685302734375" lon="11.15055911242961883544921875">
        <ele>755.20001220703125</ele>
        <time>2026-02-28T08:19:14.000Z</time>
        <extensions>
          <ns3:TrackPointExtension>
            <ns3:hr>127</ns3:hr>
            <ns3:cad>50</ns3:cad>
          </ns3:TrackPointExtension>
        </extensions>
      </trkpt>
      <trkpt lat="46.090839318931102752685546875" lon="11.15049817599356174468994140625">
        <ele>755.5999755859375</ele>
        <time>2026-02-28T08:19:17.000Z</time>
        <extensions>
          <ns3:TrackPointExtension>
            <ns3:hr>127</ns3:hr>
            <ns3:cad>48</ns3:cad>
          </ns3:TrackPointExtension>
        </extensions>
      </trkpt>
      <trkpt lat="46.0908428393304347991943359375" lon="11.15043380297720432281494140625">
        <ele>756.20001220703125</ele>
        <time>2026-02-28T08:19:21.000Z</time>
        <extensions>
          <ns3:TrackPointExtension>
            <ns3:hr>125</ns3:hr>
            <ns3:cad>48</ns3:cad>
          </ns3:TrackPointExtension>
        </extensions>
      </trkpt>
      <trkpt lat="46.090840660035610198974609375" lon="11.15038812160491943359375">
        <ele>756.5999755859375</ele>
        <time>2026-02-28T08:19:24.000Z</time>
        <extensions>
          <ns3:TrackPointExtension>
            <ns3:hr>122</ns3:hr>
            <ns3:cad>53</ns3:cad>
          </ns3:TrackPointExtension>
        </extensions>
      </trkpt>
      <trkpt lat="46.09084694646298885345458984375" lon="11.1503286100924015045166015625">
        <ele>757.20001220703125</ele>
        <time>2026-02-28T08:19:29.000Z</time>
        <extensions>
          <ns3:TrackPointExtension>
            <ns3:hr>122</ns3:hr>
            <ns3:cad>50</ns3:cad>
          </ns3:TrackPointExtension>
        </extensions>
      </trkpt>
      <trkpt lat="46.09085532836616039276123046875" lon="11.1502783186733722686767578125">
        <ele>758</ele>
        <time>2026-02-28T08:19:33.000Z</time>
        <extensions>
          <ns3:TrackPointExtension>
            <ns3:hr>122</ns3:hr>
            <ns3:cad>47</ns3:cad>
          </ns3:TrackPointExtension>
        </extensions>
      </trkpt>
      <trkpt lat="46.09086220152676105499267578125" lon="11.15022509358823299407958984375">
        <ele>758.4000244140625</ele>
        <time>2026-02-28T08:19:36.000Z</time>
        <extensions>
          <ns3:TrackPointExtension>
            <ns3:hr>122</ns3:hr>
            <ns3:cad>48</ns3:cad>
          </ns3:TrackPointExtension>
        </extensions>
      </trkpt>
      <trkpt lat="46.09086119569838047027587890625" lon="11.1502062343060970306396484375">
        <ele>758.79998779296875</ele>
        <time>2026-02-28T08:19:38.000Z</time>
        <extensions>
          <ns3:TrackPointExtension>
            <ns3:hr>125</ns3:hr>
            <ns3:cad>47</ns3:cad>
          </ns3:TrackPointExtension>
        </extensions>
      </trkpt>
      <trkpt lat="46.09086086042225360870361328125" lon="11.15019659511744976043701171875">
        <ele>759.20001220703125</ele>
        <time>2026-02-28T08:19:39.000Z</time>
        <extensions>
          <ns3:TrackPointExtension>
            <ns3:hr>129</ns3:hr>
            <ns3:cad>47</ns3:cad>
          </ns3:TrackPointExtension>
        </extensions>
      </trkpt>
      <trkpt lat="46.09085775911808013916015625" lon="11.15018351934850215911865234375">
        <ele>759.4000244140625</ele>
        <time>2026-02-28T08:19:40.000Z</time>
        <extensions>
          <ns3:TrackPointExtension>
            <ns3:hr>132</ns3:hr>
            <ns3:cad>47</ns3:cad>
          </ns3:TrackPointExtension>
        </extensions>
      </trkpt>
      <trkpt lat="46.09085683710873126983642578125" lon="11.15017161704599857330322265625">
        <ele>759.5999755859375</ele>
        <time>2026-02-28T08:19:41.000Z</time>
        <extensions>
          <ns3:TrackPointExtension>
            <ns3:hr>133</ns3:hr>
            <ns3:cad>47</ns3:cad>
          </ns3:TrackPointExtension>
        </extensions>
      </trkpt>
      <trkpt lat="46.09085834585130214691162109375" lon="11.150088720023632049560546875">
        <ele>760.5999755859375</ele>
        <time>2026-02-28T08:19:47.000Z</time>
        <extensions>
          <ns3:TrackPointExtension>
            <ns3:hr>133</ns3:hr>
            <ns3:cad>80</ns3:cad>
          </ns3:TrackPointExtension>
        </extensions>
      </trkpt>
      <trkpt lat="46.09085365198552608489990234375" lon="11.150073967874050140380859375">
        <ele>760.79998779296875</ele>
        <time>2026-02-28T08:19:48.000Z</time>
        <extensions>
          <ns3:TrackPointExtension>
            <ns3:hr>133</ns3:hr>
            <ns3:cad>80</ns3:cad>
          </ns3:TrackPointExtension>
        </extensions>
      </trkpt>
      <trkpt lat="46.09083521179854869842529296875" lon="11.14998101256787776947021484375">
        <ele>761.5999755859375</ele>
        <time>2026-02-28T08:19:54.000Z</time>
        <extensions>
          <ns3:TrackPointExtension>
            <ns3:hr>134</ns3:hr>
            <ns3:cad>45</ns3:cad>
          </ns3:TrackPointExtension>
        </extensions>
      </trkpt>
      <trkpt lat="46.0908294282853603363037109375" lon="11.149950586259365081787109375">
        <ele>761.79998779296875</ele>
        <time>2026-02-28T08:19:56.000Z</time>
        <extensions>
          <ns3:TrackPointExtension>
            <ns3:hr>133</ns3:hr>
            <ns3:cad>48</ns3:cad>
          </ns3:TrackPointExtension>
        </extensions>
      </trkpt>
      <trkpt lat="46.09082582406699657440185546875" lon="11.149859391152858734130859375">
        <ele>762.20001220703125</ele>
        <time>2026-02-28T08:20:02.000Z</time>
        <extensions>
          <ns3:TrackPointExtension>
            <ns3:hr>133</ns3:hr>
            <ns3:cad>51</ns3:cad>
          </ns3:TrackPointExtension>
        </extensions>
      </trkpt>
      <trkpt lat="46.090831272304058074951171875" lon="11.14977247081696987152099609375">
        <ele>762.5999755859375</ele>
        <time>2026-02-28T08:20:08.000Z</time>
        <extensions>
          <ns3:TrackPointExtension>
            <ns3:hr>133</ns3:hr>
            <ns3:cad>52</ns3:cad>
          </ns3:TrackPointExtension>
        </extensions>
      </trkpt>
      <trkpt lat="46.09083973802626132965087890625" lon="11.149654202163219451904296875">
        <ele>762.79998779296875</ele>
        <time>2026-02-28T08:20:15.000Z</time>
        <extensions>
          <ns3:TrackPointExtension>
            <ns3:hr>131</ns3:hr>
            <ns3:cad>53</ns3:cad>
          </ns3:TrackPointExtension>
        </extensions>
      </trkpt>
      <trkpt lat="46.09084778465330600738525390625" lon="11.14957398734986782073974609375">
        <ele>763</ele>
        <time>2026-02-28T08:20:21.000Z</time>
        <extensions>
          <ns3:TrackPointExtension>
            <ns3:hr>128</ns3:hr>
            <ns3:cad>53</ns3:cad>
          </ns3:TrackPointExtension>
        </extensions>
      </trkpt>
      <trkpt lat="46.09087175689637660980224609375" lon="11.1494521982967853546142578125">
        <ele>762.79998779296875</ele>
        <time>2026-02-28T08:20:29.000Z</time>
        <extensions>
          <ns3:TrackPointExtension>
            <ns3:hr>127</ns3:hr>
            <ns3:cad>52</ns3:cad>
          </ns3:TrackPointExtension>
        </extensions>
      </trkpt>
      <trkpt lat="46.090880222618579864501953125" lon="11.14933191798627376556396484375">
        <ele>762.5999755859375</ele>
        <time>2026-02-28T08:20:37.000Z</time>
        <extensions>
          <ns3:TrackPointExtension>
            <ns3:hr>126</ns3:hr>
            <ns3:cad>55</ns3:cad>
          </ns3:TrackPointExtension>
        </extensions>
      </trkpt>
      <trkpt lat="46.0908824019134044647216796875" lon="11.14921758882701396942138671875">
        <ele>762.79998779296875</ele>
        <time>2026-02-28T08:20:44.000Z</time>
        <extensions>
          <ns3:TrackPointExtension>
            <ns3:hr>124</ns3:hr>
            <ns3:cad>53</ns3:cad>
          </ns3:TrackPointExtension>
        </extensions>
      </trkpt>
      <trkpt lat="46.09089036472141742706298828125" lon="11.14913544617593288421630859375">
        <ele>762.79998779296875</ele>
        <time>2026-02-28T08:20:48.000Z</time>
        <extensions>
          <ns3:TrackPointExtension>
            <ns3:hr>121</ns3:hr>
            <ns3:cad>52</ns3:cad>
          </ns3:TrackPointExtension>
        </extensions>
      </trkpt>
      <trkpt lat="46.0908927954733371734619140625" lon="11.14910066127777099609375">
        <ele>763</ele>
        <time>2026-02-28T08:20:50.000Z</time>
        <extensions>
          <ns3:TrackPointExtension>
            <ns3:hr>121</ns3:hr>
            <ns3:cad>52</ns3:cad>
          </ns3:TrackPointExtension>
        </extensions>
      </trkpt>
      <trkpt lat="46.09091048128902912139892578125" lon="11.14898222498595714569091796875">
        <ele>763.20001220703125</ele>
        <time>2026-02-28T08:20:57.000Z</time>
        <extensions>
          <ns3:TrackPointExtension>
            <ns3:hr>119</ns3:hr>
            <ns3:cad>52</ns3:cad>
          </ns3:TrackPointExtension>
        </extensions>
      </trkpt>
      <trkpt lat="46.09091768972575664520263671875" lon="11.14891181699931621551513671875">
        <ele>763.20001220703125</ele>
        <time>2026-02-28T08:21:02.000Z</time>
        <extensions>
          <ns3:TrackPointExtension>
            <ns3:hr>118</ns3:hr>
            <ns3:cad>53</ns3:cad>
          </ns3:TrackPointExtension>
        </extensions>
      </trkpt>
      <trkpt lat="46.0909347049891948699951171875" lon="11.14884023554623126983642578125">
        <ele>763.5999755859375</ele>
        <time>2026-02-28T08:21:07.000Z</time>
        <extensions>
          <ns3:TrackPointExtension>
            <ns3:hr>117</ns3:hr>
            <ns3:cad>52</ns3:cad>
          </ns3:TrackPointExtension>
        </extensions>
      </trkpt>
      <trkpt lat="46.09093948267400264739990234375" lon="11.14879949949681758880615234375">
        <ele>763.5999755859375</ele>
        <time>2026-02-28T08:21:09.000Z</time>
        <extensions>
          <ns3:TrackPointExtension>
            <ns3:hr>117</ns3:hr>
            <ns3:cad>52</ns3:cad>
          </ns3:TrackPointExtension>
        </extensions>
      </trkpt>
      <trkpt lat="46.09095104970037937164306640625" lon="11.1487440951168537139892578125">
        <ele>763.79998779296875</ele>
        <time>2026-02-28T08:21:13.000Z</time>
        <extensions>
          <ns3:TrackPointExtension>
            <ns3:hr>118</ns3:hr>
            <ns3:cad>52</ns3:cad>
          </ns3:TrackPointExtension>
        </extensions>
      </trkpt>
      <trkpt lat="46.0909759439527988433837890625" lon="11.14861442707479000091552734375">
        <ele>764.20001220703125</ele>
        <time>2026-02-28T08:21:21.000Z</time>
        <extensions>
          <ns3:TrackPointExtension>
            <ns3:hr>117</ns3:hr>
            <ns3:cad>50</ns3:cad>
          </ns3:TrackPointExtension>
        </extensions>
      </trkpt>
      <trkpt lat="46.091001927852630615234375" lon="11.1484690010547637939453125">
        <ele>763.79998779296875</ele>
        <time>2026-02-28T08:21:32.000Z</time>
        <extensions>
          <ns3:TrackPointExtension>
            <ns3:hr>117</ns3:hr>
            <ns3:cad>51</ns3:cad>
          </ns3:TrackPointExtension>
        </extensions>
      </trkpt>
      <trkpt lat="46.0910299234092235565185546875" lon="11.14834226667881011962890625">
        <ele>763.4000244140625</ele>
        <time>2026-02-28T08:21:40.000Z</time>
        <extensions>
          <ns3:TrackPointExtension>
            <ns3:hr>117</ns3:hr>
            <ns3:cad>52</ns3:cad>
          </ns3:TrackPointExtension>
        </extensions>
      </trkpt>
      <trkpt lat="46.09107107855379581451416015625" lon="11.148186363279819488525390625">
        <ele>763</ele>
        <time>2026-02-28T08:21:51.000Z</time>
        <extensions>
          <ns3:TrackPointExtension>
            <ns3:hr>116</ns3:hr>
            <ns3:cad>52</ns3:cad>
          </ns3:TrackPointExtension>
        </extensions>
      </trkpt>
      <trkpt lat="46.09109337441623210906982421875" lon="11.14808334968984127044677734375">
        <ele>762.79998779296875</ele>
        <time>2026-02-28T08:21:58.000Z</time>
        <extensions>
          <ns3:TrackPointExtension>
            <ns3:hr>117</ns3:hr>
            <ns3:cad>51</ns3:cad>
          </ns3:TrackPointExtension>
        </extensions>
      </trkpt>
      <trkpt lat="46.09112774021923542022705078125" lon="11.14796432666480541229248046875">
        <ele>762.79998779296875</ele>
        <time>2026-02-28T08:22:06.000Z</time>
        <extensions>
          <ns3:TrackPointExtension>
            <ns3:hr>117</ns3:hr>
            <ns3:cad>51</ns3:cad>
          </ns3:TrackPointExtension>
        </extensions>
      </trkpt>
      <trkpt lat="46.0911400616168975830078125" lon="11.14786240272223949432373046875">
        <ele>763</ele>
        <time>2026-02-28T08:22:12.000Z</time>
        <extensions>
          <ns3:TrackPointExtension>
            <ns3:hr>116</ns3:hr>
            <ns3:cad>0</ns3:cad>
          </ns3:TrackPointExtension>
        </extensions>
      </trkpt>
      <trkpt lat="46.0911613516509532928466796875" lon="11.1477922461926937103271484375">
        <ele>763.20001220703125</ele>
        <time>2026-02-28T08:22:17.000Z</time>
        <extensions>
          <ns3:TrackPointExtension>
            <ns3:hr>116</ns3:hr>
            <ns3:cad>54</ns3:cad>
          </ns3:TrackPointExtension>
        </extensions>
      </trkpt>
      <trkpt lat="46.091174595057964324951171875" lon="11.1476903222501277923583984375">
        <ele>763.79998779296875</ele>
        <time>2026-02-28T08:22:23.000Z</time>
        <extensions>
          <ns3:TrackPointExtension>
            <ns3:hr>116</ns3:hr>
            <ns3:cad>50</ns3:cad>
          </ns3:TrackPointExtension>
        </extensions>
      </trkpt>
      <trkpt lat="46.091184653341770172119140625" lon="11.147607676684856414794921875">
        <ele>764.20001220703125</ele>
        <time>2026-02-28T08:22:29.000Z</time>
        <extensions>
          <ns3:TrackPointExtension>
            <ns3:hr>116</ns3:hr>
            <ns3:cad>56</ns3:cad>
          </ns3:TrackPointExtension>
        </extensions>
      </trkpt>
      <trkpt lat="46.0911838151514530181884765625" lon="11.14758747629821300506591796875">
        <ele>764.4000244140625</ele>
        <time>2026-02-28T08:22:34.000Z</time>
        <extensions>
          <ns3:TrackPointExtension>
            <ns3:hr>117</ns3:hr>
            <ns3:cad>0</ns3:cad>
          </ns3:TrackPointExtension>
        </extensions>
      </trkpt>
      <trkpt lat="46.09118289314210414886474609375" lon="11.1475919187068939208984375">
        <ele>764.4000244140625</ele>
        <time>2026-02-28T08:22:35.000Z</time>
        <extensions>
          <ns3:TrackPointExtension>
            <ns3:hr>117</ns3:hr>
            <ns3:cad>0</ns3:cad>
          </ns3:TrackPointExtension>
        </extensions>
      </trkpt>
      <trkpt lat="46.09118473716080188751220703125" lon="11.14759786985814571380615234375">
        <ele>764.4000244140625</ele>
        <time>2026-02-28T08:22:42.000Z</time>
        <extensions>
          <ns3:TrackPointExtension>
            <ns3:hr>117</ns3:hr>
            <ns3:cad>0</ns3:cad>
          </ns3:TrackPointExtension>
        </extensions>
      </trkpt>
      <trkpt lat="46.0911841504275798797607421875" lon="11.14757725037634372711181640625">
        <ele>764.20001220703125</ele>
        <time>2026-02-28T08:22:52.000Z</time>
        <extensions>
          <ns3:TrackPointExtension>
            <ns3:hr>114</ns3:hr>
            <ns3:cad>0</ns3:cad>
          </ns3:TrackPointExtension>
        </extensions>
      </trkpt>
      <trkpt lat="46.0911841504275798797607421875" lon="11.14757188595831394195556640625">
        <ele>764.4000244140625</ele>
        <time>2026-02-28T08:22:54.000Z</time>
        <extensions>
          <ns3:TrackPointExtension>
            <ns3:hr>113</ns3:hr>
            <ns3:cad>0</ns3:cad>
          </ns3:TrackPointExtension>
        </extensions>
      </trkpt>
      <trkpt lat="46.0911945439875125885009765625" lon="11.1475776694715023040771484375">
        <ele>764.4000244140625</ele>
        <time>2026-02-28T08:22:57.000Z</time>
        <extensions>
          <ns3:TrackPointExtension>
            <ns3:hr>110</ns3:hr>
            <ns3:cad>57</ns3:cad>
          </ns3:TrackPointExtension>
        </extensions>
      </trkpt>
      <trkpt lat="46.091214157640933990478515625" lon="11.14754523150622844696044921875">
        <ele>764.4000244140625</ele>
        <time>2026-02-28T08:23:02.000Z</time>
        <extensions>
          <ns3:TrackPointExtension>
            <ns3:hr>108</ns3:hr>
            <ns3:cad>0</ns3:cad>
          </ns3:TrackPointExtension>
        </extensions>
      </trkpt>
      <trkpt lat="46.09123268164694309234619140625" lon="11.14751421846449375152587890625">
        <ele>764.5999755859375</ele>
        <time>2026-02-28T08:23:06.000Z</time>
        <extensions>
          <ns3:TrackPointExtension>
            <ns3:hr>108</ns3:hr>
            <ns3:cad>40</ns3:cad>
          </ns3:TrackPointExtension>
        </extensions>
      </trkpt>
      <trkpt lat="46.09125346876680850982666015625" lon="11.1474834568798542022705078125">
        <ele>764.79998779296875</ele>
        <time>2026-02-28T08:23:09.000Z</time>
        <extensions>
          <ns3:TrackPointExtension>
            <ns3:hr>108</ns3:hr>
            <ns3:cad>45</ns3:cad>
          </ns3:TrackPointExtension>
        </extensions>
      </trkpt>
      <trkpt lat="46.09129118733108043670654296875" lon="11.1474390327930450439453125">
        <ele>765.4000244140625</ele>
        <time>2026-02-28T08:23:15.000Z</time>
        <extensions>
          <ns3:TrackPointExtension>
            <ns3:hr>109</ns3:hr>
            <ns3:cad>47</ns3:cad>
          </ns3:TrackPointExtension>
        </extensions>
      </trkpt>
      <trkpt lat="46.0913088731467723846435546875" lon="11.14738077856600284576416015625">
        <ele>765.79998779296875</ele>
        <time>2026-02-28T08:23:21.000Z</time>
        <extensions>
          <ns3:TrackPointExtension>
            <ns3:hr>111</ns3:hr>
            <ns3:cad>47</ns3:cad>
          </ns3:TrackPointExtension>
        </extensions>
      </trkpt>
      <trkpt lat="46.0913078673183917999267578125" lon="11.1473704688251018524169921875">
        <ele>765.79998779296875</ele>
        <time>2026-02-28T08:23:22.000Z</time>
        <extensions>
          <ns3:TrackPointExtension>
            <ns3:hr>111</ns3:hr>
            <ns3:cad>47</ns3:cad>
          </ns3:TrackPointExtension>
        </extensions>
      </trkpt>
      <trkpt lat="46.0913484357297420501708984375" lon="11.14730894565582275390625">
        <ele>766.4000244140625</ele>
        <time>2026-02-28T08:23:28.000Z</time>
        <extensions>
          <ns3:TrackPointExtension>
            <ns3:hr>112</ns3:hr>
            <ns3:cad>49</ns3:cad>
          </ns3:TrackPointExtension>
        </extensions>
      </trkpt>
      <trkpt lat="46.09139411710202693939208984375" lon="11.14725169725716114044189453125">
        <ele>766.79998779296875</ele>
        <time>2026-02-28T08:23:33.000Z</time>
        <extensions>
          <ns3:TrackPointExtension>
            <ns3:hr>114</ns3:hr>
            <ns3:cad>49</ns3:cad>
          </ns3:TrackPointExtension>
        </extensions>
      </trkpt>
      <trkpt lat="46.09141121618449687957763671875" lon="11.14722990430891513824462890625">
        <ele>767</ele>
        <time>2026-02-28T08:23:35.000Z</time>
        <extensions>
          <ns3:TrackPointExtension>
            <ns3:hr>114</ns3:hr>
            <ns3:cad>49</ns3:cad>
          </ns3:TrackPointExtension>
        </extensions>
      </trkpt>
      <trkpt lat="46.09144306741654872894287109375" lon="11.1472004838287830352783203125">
        <ele>767.20001220703125</ele>
        <time>2026-02-28T08:23:38.000Z</time>
        <extensions>
          <ns3:TrackPointExtension>
            <ns3:hr>117</ns3:hr>
            <ns3:cad>50</ns3:cad>
          </ns3:TrackPointExtension>
        </extensions>
      </trkpt>
      <trkpt lat="46.09148112125694751739501953125" lon="11.147142983973026275634765625">
        <ele>767.79998779296875</ele>
        <time>2026-02-28T08:23:43.000Z</time>
        <extensions>
          <ns3:TrackPointExtension>
            <ns3:hr>116</ns3:hr>
            <ns3:cad>49</ns3:cad>
          </ns3:TrackPointExtension>
        </extensions>
      </trkpt>
      <trkpt lat="46.0915075242519378662109375" lon="11.1470767669379711151123046875">
        <ele>768.5999755859375</ele>
        <time>2026-02-28T08:23:50.000Z</time>
        <extensions>
          <ns3:TrackPointExtension>
            <ns3:hr>116</ns3:hr>
            <ns3:cad>49</ns3:cad>
          </ns3:TrackPointExtension>
        </extensions>
      </trkpt>
      <trkpt lat="46.0915170796215534210205078125" lon="11.14704047329723834991455078125">
        <ele>769</ele>
        <time>2026-02-28T08:23:53.000Z</time>
        <extensions>
          <ns3:TrackPointExtension>
            <ns3:hr>116</ns3:hr>
            <ns3:cad>47</ns3:cad>
          </ns3:TrackPointExtension>
        </extensions>
      </trkpt>
      <trkpt lat="46.09154415316879749298095703125" lon="11.146978028118610382080078125">
        <ele>769.5999755859375</ele>
        <time>2026-02-28T08:23:58.000Z</time>
        <extensions>
          <ns3:TrackPointExtension>
            <ns3:hr>116</ns3:hr>
            <ns3:cad>47</ns3:cad>
          </ns3:TrackPointExtension>
        </extensions>
      </trkpt>
      <trkpt lat="46.0915650241076946258544921875" lon="11.14693117327988147735595703125">
        <ele>770</ele>
        <time>2026-02-28T08:24:03.000Z</time>
        <extensions>
          <ns3:TrackPointExtension>
            <ns3:hr>116</ns3:hr>
            <ns3:cad>43</ns3:cad>
          </ns3:TrackPointExtension>
        </extensions>
      </trkpt>
      <trkpt lat="46.0915787704288959503173828125" lon="11.14690183661878108978271484375">
        <ele>770.4000244140625</ele>
        <time>2026-02-28T08:24:06.000Z</time>
        <extensions>
          <ns3:TrackPointExtension>
            <ns3:hr>117</ns3:hr>
            <ns3:cad>45</ns3:cad>
          </ns3:TrackPointExtension>
        </extensions>
      </trkpt>
      <trkpt lat="46.09161338768899440765380859375" lon="11.14683629013597965240478515625">
        <ele>771.20001220703125</ele>
        <time>2026-02-28T08:24:12.000Z</time>
        <extensions>
          <ns3:TrackPointExtension>
            <ns3:hr>118</ns3:hr>
            <ns3:cad>45</ns3:cad>
          </ns3:TrackPointExtension>
        </extensions>
      </trkpt>
      <trkpt lat="46.0916327498853206634521484375" lon="11.146758086979389190673828125">
        <ele>772</ele>
        <time>2026-02-28T08:24:18.000Z</time>
        <extensions>
          <ns3:TrackPointExtension>
            <ns3:hr>118</ns3:hr>
            <ns3:cad>42</ns3:cad>
          </ns3:TrackPointExtension>
        </extensions>
      </trkpt>
      <trkpt lat="46.0916371084749698638916015625" lon="11.14674643613398075103759765625">
        <ele>772.20001220703125</ele>
        <time>2026-02-28T08:24:19.000Z</time>
        <extensions>
          <ns3:TrackPointExtension>
            <ns3:hr>117</ns3:hr>
            <ns3:cad>41</ns3:cad>
          </ns3:TrackPointExtension>
        </extensions>
      </trkpt>
      <trkpt lat="46.09165144152939319610595703125" lon="11.1466901935636997222900390625">
        <ele>773</ele>
        <time>2026-02-28T08:24:24.000Z</time>
        <extensions>
          <ns3:TrackPointExtension>
            <ns3:hr>118</ns3:hr>
            <ns3:cad>46</ns3:cad>
          </ns3:TrackPointExtension>
        </extensions>
      </trkpt>
      <trkpt lat="46.09165462665259838104248046875" lon="11.146663539111614227294921875">
        <ele>773.20001220703125</ele>
        <time>2026-02-28T08:24:26.000Z</time>
        <extensions>
          <ns3:TrackPointExtension>
            <ns3:hr>119</ns3:hr>
            <ns3:cad>44</ns3:cad>
          </ns3:TrackPointExtension>
        </extensions>
      </trkpt>
      <trkpt lat="46.09166116453707218170166015625" lon="11.14663562737405300140380859375">
        <ele>773.5999755859375</ele>
        <time>2026-02-28T08:24:29.000Z</time>
        <extensions>
          <ns3:TrackPointExtension>
            <ns3:hr>122</ns3:hr>
            <ns3:cad>41</ns3:cad>
          </ns3:TrackPointExtension>
        </extensions>
      </trkpt>
      <trkpt lat="46.09166552312672138214111328125" lon="11.14660813473165035247802734375">
        <ele>774</ele>
        <time>2026-02-28T08:24:31.000Z</time>
        <extensions>
          <ns3:TrackPointExtension>
            <ns3:hr>123</ns3:hr>
            <ns3:cad>43</ns3:cad>
          </ns3:TrackPointExtension>
        </extensions>
      </trkpt>
      <trkpt lat="46.091674827039241790771484375" lon="11.14656790159642696380615234375">
        <ele>774.20001220703125</ele>
        <time>2026-02-28T08:24:34.000Z</time>
        <extensions>
          <ns3:TrackPointExtension>
            <ns3:hr>124</ns3:hr>
            <ns3:cad>43</ns3:cad>
          </ns3:TrackPointExtension>
        </extensions>
      </trkpt>
      <trkpt lat="46.0917068459093570709228515625" lon="11.1464953981339931488037109375">
        <ele>775.4000244140625</ele>
        <time>2026-02-28T08:24:41.000Z</time>
        <extensions>
          <ns3:TrackPointExtension>
            <ns3:hr>125</ns3:hr>
            <ns3:cad>41</ns3:cad>
          </ns3:TrackPointExtension>
        </extensions>
      </trkpt>
      <trkpt lat="46.0917551256716251373291015625" lon="11.14642105065286159515380859375">
        <ele>776.4000244140625</ele>
        <time>2026-02-28T08:24:49.000Z</time>
        <extensions>
          <ns3:TrackPointExtension>
            <ns3:hr>124</ns3:hr>
            <ns3:cad>45</ns3:cad>
          </ns3:TrackPointExtension>
        </extensions>
      </trkpt>
      <trkpt lat="46.0917668603360652923583984375" lon="11.14639003761112689971923828125">
        <ele>776.79998779296875</ele>
        <time>2026-02-28T08:24:52.000Z</time>
        <extensions>
          <ns3:TrackPointExtension>
            <ns3:hr>121</ns3:hr>
            <ns3:cad>44</ns3:cad>
          </ns3:TrackPointExtension>
        </extensions>
      </trkpt>
      <trkpt lat="46.09179544262588024139404296875" lon="11.146330945193767547607421875">
        <ele>777.5999755859375</ele>
        <time>2026-02-28T08:24:57.000Z</time>
        <extensions>
          <ns3:TrackPointExtension>
            <ns3:hr>119</ns3:hr>
            <ns3:cad>45</ns3:cad>
          </ns3:TrackPointExtension>
        </extensions>
      </trkpt>
      <trkpt lat="46.09182796441018581390380859375" lon="11.14625140093266963958740234375">
        <ele>778.4000244140625</ele>
        <time>2026-02-28T08:25:04.000Z</time>
        <extensions>
          <ns3:TrackPointExtension>
            <ns3:hr>119</ns3:hr>
            <ns3:cad>47</ns3:cad>
          </ns3:TrackPointExtension>
        </extensions>
      </trkpt>
      <trkpt lat="46.09183064661920070648193359375" lon="11.14624519832432270050048828125">
        <ele>778.5999755859375</ele>
        <time>2026-02-28T08:25:05.000Z</time>
        <extensions>
          <ns3:TrackPointExtension>
            <ns3:hr>119</ns3:hr>
            <ns3:cad>43</ns3:cad>
          </ns3:TrackPointExtension>
        </extensions>
      </trkpt>
      <trkpt lat="46.091851182281970977783203125" lon="11.146201193332672119140625">
        <ele>779.4000244140625</ele>
        <time>2026-02-28T08:25:10.000Z</time>
        <extensions>
          <ns3:TrackPointExtension>
            <ns3:hr>121</ns3:hr>
            <ns3:cad>44</ns3:cad>
          </ns3:TrackPointExtension>
        </extensions>
      </trkpt>
      <trkpt lat="46.09186149202287197113037109375" lon="11.1461762152612209320068359375">
        <ele>779.79998779296875</ele>
        <time>2026-02-28T08:25:12.000Z</time>
        <extensions>
          <ns3:TrackPointExtension>
            <ns3:hr>121</ns3:hr>
            <ns3:cad>44</ns3:cad>
          </ns3:TrackPointExtension>
        </extensions>
      </trkpt>
      <trkpt lat="46.091888733208179473876953125" lon="11.14612885750830173492431640625">
        <ele>780.20001220703125</ele>
        <time>2026-02-28T08:25:16.000Z</time>
        <extensions>
          <ns3:TrackPointExtension>
            <ns3:hr>121</ns3:hr>
            <ns3:cad>43</ns3:cad>
          </ns3:TrackPointExtension>
        </extensions>
      </trkpt>
      <trkpt lat="46.09191731549799442291259765625" lon="11.1460722796618938446044921875">
        <ele>781</ele>
        <time>2026-02-28T08:25:20.000Z</time>
        <extensions>
          <ns3:TrackPointExtension>
            <ns3:hr>122</ns3:hr>
            <ns3:cad>43</ns3:cad>
          </ns3:TrackPointExtension>
        </extensions>
      </trkpt>
      <trkpt lat="46.09193324111402034759521484375" lon="11.1460491456091403961181640625">
        <ele>781.5999755859375</ele>
        <time>2026-02-28T08:25:23.000Z</time>
        <extensions>
          <ns3:TrackPointExtension>
            <ns3:hr>123</ns3:hr>
            <ns3:cad>44</ns3:cad>
          </ns3:TrackPointExtension>
        </extensions>
      </trkpt>
      <trkpt lat="46.09194631688296794891357421875" lon="11.14602391608059406280517578125">
        <ele>782.20001220703125</ele>
        <time>2026-02-28T08:25:26.000Z</time>
        <extensions>
          <ns3:TrackPointExtension>
            <ns3:hr>123</ns3:hr>
            <ns3:cad>44</ns3:cad>
          </ns3:TrackPointExtension>
        </extensions>
      </trkpt>
      <trkpt lat="46.09197397716343402862548828125" lon="11.1459951661527156829833984375">
        <ele>782.5999755859375</ele>
        <time>2026-02-28T08:25:30.000Z</time>
        <extensions>
          <ns3:TrackPointExtension>
            <ns3:hr>124</ns3:hr>
            <ns3:cad>42</ns3:cad>
          </ns3:TrackPointExtension>
        </extensions>
      </trkpt>
      <trkpt lat="46.09198872931301593780517578125" lon="11.1459670029580593109130859375">
        <ele>783.20001220703125</ele>
        <time>2026-02-28T08:25:34.000Z</time>
        <extensions>
          <ns3:TrackPointExtension>
            <ns3:hr>124</ns3:hr>
            <ns3:cad>41</ns3:cad>
          </ns3:TrackPointExtension>
        </extensions>
      </trkpt>
      <trkpt lat="46.09200440347194671630859375" lon="11.14593942649662494659423828125">
        <ele>783.5999755859375</ele>
        <time>2026-02-28T08:25:38.000Z</time>
        <extensions>
          <ns3:TrackPointExtension>
            <ns3:hr>124</ns3:hr>
            <ns3:cad>41</ns3:cad>
          </ns3:TrackPointExtension>
        </extensions>
      </trkpt>
      <trkpt lat="46.09201538376510143280029296875" lon="11.1459250934422016143798828125">
        <ele>784</ele>
        <time>2026-02-28T08:25:44.000Z</time>
        <extensions>
          <ns3:TrackPointExtension>
            <ns3:hr>124</ns3:hr>
            <ns3:cad>40</ns3:cad>
          </ns3:TrackPointExtension>
        </extensions>
      </trkpt>
      <trkpt lat="46.0920278728008270263671875" lon="11.14594034850597381591796875">
        <ele>784.4000244140625</ele>
        <time>2026-02-28T08:25:47.000Z</time>
        <extensions>
          <ns3:TrackPointExtension>
            <ns3:hr>125</ns3:hr>
            <ns3:cad>0</ns3:cad>
          </ns3:TrackPointExtension>
        </extensions>
      </trkpt>
      <trkpt lat="46.0920391045510768890380859375" lon="11.145982928574085235595703125">
        <ele>785.4000244140625</ele>
        <time>2026-02-28T08:25:53.000Z</time>
        <extensions>
          <ns3:TrackPointExtension>
            <ns3:hr>125</ns3:hr>
            <ns3:cad>0</ns3:cad>
          </ns3:TrackPointExtension>
        </extensions>
      </trkpt>
      <trkpt lat="46.092042624950408935546875" lon="11.14598854444921016693115234375">
        <ele>785.5999755859375</ele>
        <time>2026-02-28T08:25:54.000Z</time>
        <extensions>
          <ns3:TrackPointExtension>
            <ns3:hr>124</ns3:hr>
            <ns3:cad>0</ns3:cad>
          </ns3:TrackPointExtension>
        </extensions>
      </trkpt>
      <trkpt lat="46.092042289674282073974609375" lon="11.146047972142696380615234375">
        <ele>786.5999755859375</ele>
        <time>2026-02-28T08:26:00.000Z</time>
        <extensions>
          <ns3:TrackPointExtension>
            <ns3:hr>123</ns3:hr>
            <ns3:cad>0</ns3:cad>
          </ns3:TrackPointExtension>
        </extensions>
      </trkpt>
      <trkpt lat="46.09204329550266265869140625" lon="11.146057359874248504638671875">
        <ele>786.79998779296875</ele>
        <time>2026-02-28T08:26:01.000Z</time>
        <extensions>
          <ns3:TrackPointExtension>
            <ns3:hr>124</ns3:hr>
            <ns3:cad>41</ns3:cad>
          </ns3:TrackPointExtension>
        </extensions>
      </trkpt>
      <trkpt lat="46.092048995196819305419921875" lon="11.146068088710308074951171875">
        <ele>787.5999755859375</ele>
        <time>2026-02-28T08:26:06.000Z</time>
        <extensions>
          <ns3:TrackPointExtension>
            <ns3:hr>127</ns3:hr>
            <ns3:cad>75</ns3:cad>
          </ns3:TrackPointExtension>
        </extensions>
      </trkpt>
      <trkpt lat="46.09205293469130992889404296875" lon="11.1460652388632297515869140625">
        <ele>787.79998779296875</ele>
        <time>2026-02-28T08:26:07.000Z</time>
        <extensions>
          <ns3:TrackPointExtension>
            <ns3:hr>127</ns3:hr>
            <ns3:cad>75</ns3:cad>
          </ns3:TrackPointExtension>
        </extensions>
      </trkpt>
      <trkpt lat="46.0920551978051662445068359375" lon="11.14606364630162715911865234375">
        <ele>788</ele>
        <time>2026-02-28T08:26:08.000Z</time>
        <extensions>
          <ns3:TrackPointExtension>
            <ns3:hr>127</ns3:hr>
            <ns3:cad>73</ns3:cad>
          </ns3:TrackPointExtension>
        </extensions>
      </trkpt>
      <trkpt lat="46.09206098131835460662841796875" lon="11.1460739560425281524658203125">
        <ele>789</ele>
        <time>2026-02-28T08:26:12.000Z</time>
        <extensions>
          <ns3:TrackPointExtension>
            <ns3:hr>128</ns3:hr>
            <ns3:cad>70</ns3:cad>
          </ns3:TrackPointExtension>
        </extensions>
      </trkpt>
      <trkpt lat="46.09207623638212680816650390625" lon="11.14605744369328022003173828125">
        <ele>790.20001220703125</ele>
        <time>2026-02-28T08:26:17.000Z</time>
        <extensions>
          <ns3:TrackPointExtension>
            <ns3:hr>129</ns3:hr>
            <ns3:cad>0</ns3:cad>
          </ns3:TrackPointExtension>
        </extensions>
      </trkpt>
      <trkpt lat="46.09210758469998836517333984375" lon="11.14606364630162715911865234375">
        <ele>791.20001220703125</ele>
        <time>2026-02-28T08:26:23.000Z</time>
        <extensions>
          <ns3:TrackPointExtension>
            <ns3:hr>131</ns3:hr>
            <ns3:cad>0</ns3:cad>
          </ns3:TrackPointExtension>
        </extensions>
      </trkpt>
      <trkpt lat="46.09213055111467838287353515625" lon="11.1460162885487079620361328125">
        <ele>792.4000244140625</ele>
        <time>2026-02-28T08:26:28.000Z</time>
        <extensions>
          <ns3:TrackPointExtension>
            <ns3:hr>130</ns3:hr>
            <ns3:cad>0</ns3:cad>
          </ns3:TrackPointExtension>
        </extensions>
      </trkpt>
      <trkpt lat="46.09213851392269134521484375" lon="11.14600363187491893768310546875">
        <ele>792.79998779296875</ele>
        <time>2026-02-28T08:26:30.000Z</time>
        <extensions>
          <ns3:TrackPointExtension>
            <ns3:hr>129</ns3:hr>
            <ns3:cad>43</ns3:cad>
          </ns3:TrackPointExtension>
        </extensions>
      </trkpt>
      <trkpt lat="46.092155613005161285400390625" lon="11.14600564353168010711669921875">
        <ele>793.4000244140625</ele>
        <time>2026-02-28T08:26:34.000Z</time>
        <extensions>
          <ns3:TrackPointExtension>
            <ns3:hr>127</ns3:hr>
            <ns3:cad>43</ns3:cad>
          </ns3:TrackPointExtension>
        </extensions>
      </trkpt>
      <trkpt lat="46.09215653501451015472412109375" lon="11.14603900350630283355712890625">
        <ele>794.20001220703125</ele>
        <time>2026-02-28T08:26:37.000Z</time>
        <extensions>
          <ns3:TrackPointExtension>
            <ns3:hr>127</ns3:hr>
            <ns3:cad>43</ns3:cad>
          </ns3:TrackPointExtension>
        </extensions>
      </trkpt>
      <trkpt lat="46.09215485863387584686279296875" lon="11.14605576731264591217041015625">
        <ele>794.79998779296875</ele>
        <time>2026-02-28T08:26:39.000Z</time>
        <extensions>
          <ns3:TrackPointExtension>
            <ns3:hr>126</ns3:hr>
            <ns3:cad>43</ns3:cad>
          </ns3:TrackPointExtension>
        </extensions>
      </trkpt>
      <trkpt lat="46.09215720556676387786865234375" lon="11.14610421471297740936279296875">
        <ele>795.79998779296875</ele>
        <time>2026-02-28T08:26:44.000Z</time>
        <extensions>
          <ns3:TrackPointExtension>
            <ns3:hr>126</ns3:hr>
            <ns3:cad>43</ns3:cad>
          </ns3:TrackPointExtension>
        </extensions>
      </trkpt>
      <trkpt lat="46.092155613005161285400390625" lon="11.14611804485321044921875">
        <ele>796</ele>
        <time>2026-02-28T08:26:45.000Z</time>
        <extensions>
          <ns3:TrackPointExtension>
            <ns3:hr>126</ns3:hr>
            <ns3:cad>79</ns3:cad>
          </ns3:TrackPointExtension>
        </extensions>
      </trkpt>
      <trkpt lat="46.09216474927961826324462890625" lon="11.14613271318376064300537109375">
        <ele>796.79998779296875</ele>
        <time>2026-02-28T08:26:50.000Z</time>
        <extensions>
          <ns3:TrackPointExtension>
            <ns3:hr>127</ns3:hr>
            <ns3:cad>78</ns3:cad>
          </ns3:TrackPointExtension>
        </extensions>
      </trkpt>
      <trkpt lat="46.0921671800315380096435546875" lon="11.1461269296705722808837890625">
        <ele>797</ele>
        <time>2026-02-28T08:26:51.000Z</time>
        <extensions>
          <ns3:TrackPointExtension>
            <ns3:hr>128</ns3:hr>
            <ns3:cad>78</ns3:cad>
          </ns3:TrackPointExtension>
        </extensions>
      </trkpt>
      <trkpt lat="46.09216692857444286346435546875" lon="11.14611628465354442596435546875">
        <ele>797</ele>
        <time>2026-02-28T08:26:52.000Z</time>
        <extensions>
          <ns3:TrackPointExtension>
            <ns3:hr>128</ns3:hr>
            <ns3:cad>59</ns3:cad>
          </ns3:TrackPointExtension>
        </extensions>
      </trkpt>
      <trkpt lat="46.09219140373170375823974609375" lon="11.14604587666690349578857421875">
        <ele>797.79998779296875</ele>
        <time>2026-02-28T08:26:57.000Z</time>
        <extensions>
          <ns3:TrackPointExtension>
            <ns3:hr>131</ns3:hr>
            <ns3:cad>59</ns3:cad>
          </ns3:TrackPointExtension>
        </extensions>
      </trkpt>
      <trkpt lat="46.09221353195607662200927734375" lon="11.1460038833320140838623046875">
        <ele>798</ele>
        <time>2026-02-28T08:27:00.000Z</time>
        <extensions>
          <ns3:TrackPointExtension>
            <ns3:hr>132</ns3:hr>
            <ns3:cad>59</ns3:cad>
          </ns3:TrackPointExtension>
        </extensions>
      </trkpt>
      <trkpt lat="46.0922275297343730926513671875" lon="11.1459827609360218048095703125">
        <ele>798.79998779296875</ele>
        <time>2026-02-28T08:27:04.000Z</time>
        <extensions>
          <ns3:TrackPointExtension>
            <ns3:hr>133</ns3:hr>
            <ns3:cad>0</ns3:cad>
          </ns3:TrackPointExtension>
        </extensions>
      </trkpt>
      <trkpt lat="46.0922328941524028778076171875" lon="11.1459690146148204803466796875">
        <ele>799</ele>
        <time>2026-02-28T08:27:06.000Z</time>
        <extensions>
          <ns3:TrackPointExtension>
            <ns3:hr>133</ns3:hr>
            <ns3:cad>0</ns3:cad>
          </ns3:TrackPointExtension>
        </extensions>
      </trkpt>
      <trkpt lat="46.09227136708796024322509765625" lon="11.145913861691951751708984375">
        <ele>799.79998779296875</ele>
        <time>2026-02-28T08:27:12.000Z</time>
        <extensions>
          <ns3:TrackPointExtension>
            <ns3:hr>131</ns3:hr>
            <ns3:cad>41</ns3:cad>
          </ns3:TrackPointExtension>
        </extensions>
      </trkpt>
      <trkpt lat="46.0922853648662567138671875" lon="11.1459069885313510894775390625">
        <ele>800.20001220703125</ele>
        <time>2026-02-28T08:27:15.000Z</time>
        <extensions>
          <ns3:TrackPointExtension>
            <ns3:hr>131</ns3:hr>
            <ns3:cad>73</ns3:cad>
          </ns3:TrackPointExtension>
        </extensions>
      </trkpt>
      <trkpt lat="46.0922811739146709442138671875" lon="11.1459351517260074615478515625">
        <ele>800.5999755859375</ele>
        <time>2026-02-28T08:27:18.000Z</time>
        <extensions>
          <ns3:TrackPointExtension>
            <ns3:hr>130</ns3:hr>
            <ns3:cad>79</ns3:cad>
          </ns3:TrackPointExtension>
        </extensions>
      </trkpt>
      <trkpt lat="46.09227773733437061309814453125" lon="11.1459530889987945556640625">
        <ele>800.79998779296875</ele>
        <time>2026-02-28T08:27:20.000Z</time>
        <extensions>
          <ns3:TrackPointExtension>
            <ns3:hr>131</ns3:hr>
            <ns3:cad>65</ns3:cad>
          </ns3:TrackPointExtension>
        </extensions>
      </trkpt>
      <trkpt lat="46.09227438457310199737548828125" lon="11.14606616087257862091064453125">
        <ele>797</ele>
        <time>2026-02-28T08:27:29.000Z</time>
        <extensions>
          <ns3:TrackPointExtension>
            <ns3:hr>130</ns3:hr>
            <ns3:cad>66</ns3:cad>
          </ns3:TrackPointExtension>
        </extensions>
      </trkpt>
      <trkpt lat="46.09227622859179973602294921875" lon="11.14607588388025760650634765625">
        <ele>797.4000244140625</ele>
        <time>2026-02-28T08:27:30.000Z</time>
        <extensions>
          <ns3:TrackPointExtension>
            <ns3:hr>129</ns3:hr>
            <ns3:cad>66</ns3:cad>
          </ns3:TrackPointExtension>
        </extensions>
      </trkpt>
      <trkpt lat="46.0922851972281932830810546875" lon="11.1461027897894382476806640625">
        <ele>798.20001220703125</ele>
        <time>2026-02-28T08:27:34.000Z</time>
        <extensions>
          <ns3:TrackPointExtension>
            <ns3:hr>126</ns3:hr>
            <ns3:cad>71</ns3:cad>
          </ns3:TrackPointExtension>
        </extensions>
      </trkpt>
      <trkpt lat="46.09228813089430332183837890625" lon="11.146115362644195556640625">
        <ele>798.79998779296875</ele>
        <time>2026-02-28T08:27:36.000Z</time>
        <extensions>
          <ns3:TrackPointExtension>
            <ns3:hr>123</ns3:hr>
            <ns3:cad>71</ns3:cad>
          </ns3:TrackPointExtension>
        </extensions>
      </trkpt>
      <trkpt lat="46.0922855325043201446533203125" lon="11.1461198888719081878662109375">
        <ele>799</ele>
        <time>2026-02-28T08:27:37.000Z</time>
        <extensions>
          <ns3:TrackPointExtension>
            <ns3:hr>122</ns3:hr>
            <ns3:cad>71</ns3:cad>
          </ns3:TrackPointExtension>
        </extensions>
      </trkpt>
      <trkpt lat="46.09228377230465412139892578125" lon="11.14612584002315998077392578125">
        <ele>799.20001220703125</ele>
        <time>2026-02-28T08:27:38.000Z</time>
        <extensions>
          <ns3:TrackPointExtension>
            <ns3:hr>122</ns3:hr>
            <ns3:cad>68</ns3:cad>
          </ns3:TrackPointExtension>
        </extensions>
      </trkpt>
      <trkpt lat="46.09228109009563922882080078125" lon="11.14616741426289081573486328125">
        <ele>800.4000244140625</ele>
        <time>2026-02-28T08:27:44.000Z</time>
        <extensions>
          <ns3:TrackPointExtension>
            <ns3:hr>121</ns3:hr>
            <ns3:cad>73</ns3:cad>
          </ns3:TrackPointExtension>
        </extensions>
      </trkpt>
      <trkpt lat="46.09228528104722499847412109375" lon="11.14618987776339054107666015625">
        <ele>801</ele>
        <time>2026-02-28T08:27:47.000Z</time>
        <extensions>
          <ns3:TrackPointExtension>
            <ns3:hr>121</ns3:hr>
            <ns3:cad>71</ns3:cad>
          </ns3:TrackPointExtension>
        </extensions>
      </trkpt>
      <trkpt lat="46.09228880144655704498291015625" lon="11.14620722830295562744140625">
        <ele>801.5999755859375</ele>
        <time>2026-02-28T08:27:49.000Z</time>
        <extensions>
          <ns3:TrackPointExtension>
            <ns3:hr>120</ns3:hr>
            <ns3:cad>71</ns3:cad>
          </ns3:TrackPointExtension>
        </extensions>
      </trkpt>
      <trkpt lat="46.09228813089430332183837890625" lon="11.14625827409327030181884765625">
        <ele>802.5999755859375</ele>
        <time>2026-02-28T08:27:55.000Z</time>
        <extensions>
          <ns3:TrackPointExtension>
            <ns3:hr>119</ns3:hr>
            <ns3:cad>66</ns3:cad>
          </ns3:TrackPointExtension>
        </extensions>
      </trkpt>
      <trkpt lat="46.09228469431400299072265625" lon="11.1462628841400146484375">
        <ele>802.79998779296875</ele>
        <time>2026-02-28T08:27:56.000Z</time>
        <extensions>
          <ns3:TrackPointExtension>
            <ns3:hr>119</ns3:hr>
            <ns3:cad>66</ns3:cad>
          </ns3:TrackPointExtension>
        </extensions>
      </trkpt>
      <trkpt lat="46.09228796325623989105224609375" lon="11.14629968069493770599365234375">
        <ele>803.79998779296875</ele>
        <time>2026-02-28T08:28:02.000Z</time>
        <extensions>
          <ns3:TrackPointExtension>
            <ns3:hr>122</ns3:hr>
            <ns3:cad>0</ns3:cad>
          </ns3:TrackPointExtension>
        </extensions>
      </trkpt>
      <trkpt lat="46.0922878794372081756591796875" lon="11.14630856551229953765869140625">
        <ele>804</ele>
        <time>2026-02-28T08:28:03.000Z</time>
        <extensions>
          <ns3:TrackPointExtension>
            <ns3:hr>122</ns3:hr>
            <ns3:cad>40</ns3:cad>
          </ns3:TrackPointExtension>
        </extensions>
      </trkpt>
      <trkpt lat="46.092286370694637298583984375" lon="11.1463411711156368255615234375">
        <ele>804.79998779296875</ele>
        <time>2026-02-28T08:28:07.000Z</time>
        <extensions>
          <ns3:TrackPointExtension>
            <ns3:hr>123</ns3:hr>
            <ns3:cad>71</ns3:cad>
          </ns3:TrackPointExtension>
        </extensions>
      </trkpt>
      <trkpt lat="46.09227991662919521331787109375" lon="11.146365813910961151123046875">
        <ele>805.20001220703125</ele>
        <time>2026-02-28T08:28:09.000Z</time>
        <extensions>
          <ns3:TrackPointExtension>
            <ns3:hr>124</ns3:hr>
            <ns3:cad>71</ns3:cad>
          </ns3:TrackPointExtension>
        </extensions>
      </trkpt>
      <trkpt lat="46.09225912950932979583740234375" lon="11.1464236490428447723388671875">
        <ele>805.79998779296875</ele>
        <time>2026-02-28T08:28:14.000Z</time>
        <extensions>
          <ns3:TrackPointExtension>
            <ns3:hr>127</ns3:hr>
            <ns3:cad>70</ns3:cad>
          </ns3:TrackPointExtension>
        </extensions>
      </trkpt>
      <trkpt lat="46.09224773012101650238037109375" lon="11.146452315151691436767578125">
        <ele>806.79998779296875</ele>
        <time>2026-02-28T08:28:18.000Z</time>
        <extensions>
          <ns3:TrackPointExtension>
            <ns3:hr>127</ns3:hr>
            <ns3:cad>76</ns3:cad>
          </ns3:TrackPointExtension>
        </extensions>
      </trkpt>
      <trkpt lat="46.092250160872936248779296875" lon="11.1464528180658817291259765625">
        <ele>807.20001220703125</ele>
        <time>2026-02-28T08:28:19.000Z</time>
        <extensions>
          <ns3:TrackPointExtension>
            <ns3:hr>127</ns3:hr>
            <ns3:cad>76</ns3:cad>
          </ns3:TrackPointExtension>
        </extensions>
      </trkpt>
      <trkpt lat="46.0922513343393802642822265625" lon="11.146473772823810577392578125">
        <ele>807.5999755859375</ele>
        <time>2026-02-28T08:28:23.000Z</time>
        <extensions>
          <ns3:TrackPointExtension>
            <ns3:hr>130</ns3:hr>
            <ns3:cad>74</ns3:cad>
          </ns3:TrackPointExtension>
        </extensions>
      </trkpt>
      <trkpt lat="46.09225007705390453338623046875" lon="11.14649615250527858734130859375">
        <ele>807.5999755859375</ele>
        <time>2026-02-28T08:28:25.000Z</time>
        <extensions>
          <ns3:TrackPointExtension>
            <ns3:hr>130</ns3:hr>
            <ns3:cad>74</ns3:cad>
          </ns3:TrackPointExtension>
        </extensions>
      </trkpt>
      <trkpt lat="46.09224974177777767181396484375" lon="11.1465155147016048431396484375">
        <ele>808.20001220703125</ele>
        <time>2026-02-28T08:28:28.000Z</time>
        <extensions>
          <ns3:TrackPointExtension>
            <ns3:hr>131</ns3:hr>
            <ns3:cad>68</ns3:cad>
          </ns3:TrackPointExtension>
        </extensions>
      </trkpt>
      <trkpt lat="46.09225108288228511810302734375" lon="11.14654979668557643890380859375">
        <ele>809</ele>
        <time>2026-02-28T08:28:34.000Z</time>
        <extensions>
          <ns3:TrackPointExtension>
            <ns3:hr>128</ns3:hr>
            <ns3:cad>68</ns3:cad>
          </ns3:TrackPointExtension>
        </extensions>
      </trkpt>
      <trkpt lat="46.0922479815781116485595703125" lon="11.14656756632030010223388671875">
        <ele>809.4000244140625</ele>
        <time>2026-02-28T08:28:36.000Z</time>
        <extensions>
          <ns3:TrackPointExtension>
            <ns3:hr>128</ns3:hr>
            <ns3:cad>0</ns3:cad>
          </ns3:TrackPointExtension>
        </extensions>
      </trkpt>
      <trkpt lat="46.09224789775907993316650390625" lon="11.1466140858829021453857421875">
        <ele>810.20001220703125</ele>
        <time>2026-02-28T08:28:41.000Z</time>
        <extensions>
          <ns3:TrackPointExtension>
            <ns3:hr>130</ns3:hr>
            <ns3:cad>78</ns3:cad>
          </ns3:TrackPointExtension>
        </extensions>
      </trkpt>
      <trkpt lat="46.0922520048916339874267578125" lon="11.14663411863148212432861328125">
        <ele>810.4000244140625</ele>
        <time>2026-02-28T08:28:44.000Z</time>
        <extensions>
          <ns3:TrackPointExtension>
            <ns3:hr>131</ns3:hr>
            <ns3:cad>72</ns3:cad>
          </ns3:TrackPointExtension>
        </extensions>
      </trkpt>
      <trkpt lat="46.09225577674806118011474609375" lon="11.1466670595109462738037109375">
        <ele>811</ele>
        <time>2026-02-28T08:28:48.000Z</time>
        <extensions>
          <ns3:TrackPointExtension>
            <ns3:hr>131</ns3:hr>
            <ns3:cad>68</ns3:cad>
          </ns3:TrackPointExtension>
        </extensions>
      </trkpt>
      <trkpt lat="46.09227203764021396636962890625" lon="11.14670704118907451629638671875">
        <ele>811.5999755859375</ele>
        <time>2026-02-28T08:28:53.000Z</time>
        <extensions>
          <ns3:TrackPointExtension>
            <ns3:hr>131</ns3:hr>
            <ns3:cad>68</ns3:cad>
          </ns3:TrackPointExtension>
        </extensions>
      </trkpt>
      <trkpt lat="46.092300117015838623046875" lon="11.1467277444899082183837890625">
        <ele>812</ele>
        <time>2026-02-28T08:28:57.000Z</time>
        <extensions>
          <ns3:TrackPointExtension>
            <ns3:hr>130</ns3:hr>
            <ns3:cad>79</ns3:cad>
          </ns3:TrackPointExtension>
        </extensions>
      </trkpt>
      <trkpt lat="46.09232836402952671051025390625" lon="11.1467217095196247100830078125">
        <ele>812.5999755859375</ele>
        <time>2026-02-28T08:29:02.000Z</time>
        <extensions>
          <ns3:TrackPointExtension>
            <ns3:hr>129</ns3:hr>
            <ns3:cad>0</ns3:cad>
          </ns3:TrackPointExtension>
        </extensions>
      </trkpt>
      <trkpt lat="46.09234395436942577362060546875" lon="11.14672221243381500244140625">
        <ele>812.79998779296875</ele>
        <time>2026-02-28T08:29:04.000Z</time>
        <extensions>
          <ns3:TrackPointExtension>
            <ns3:hr>128</ns3:hr>
            <ns3:cad>0</ns3:cad>
          </ns3:TrackPointExtension>
        </extensions>
      </trkpt>
      <trkpt lat="46.09239659272134304046630859375" lon="11.1467280797660350799560546875">
        <ele>813.5999755859375</ele>
        <time>2026-02-28T08:29:11.000Z</time>
        <extensions>
          <ns3:TrackPointExtension>
            <ns3:hr>126</ns3:hr>
            <ns3:cad>77</ns3:cad>
          </ns3:TrackPointExtension>
        </extensions>
      </trkpt>
      <trkpt lat="46.09240178950130939483642578125" lon="11.1467297561466693878173828125">
        <ele>813.79998779296875</ele>
        <time>2026-02-28T08:29:12.000Z</time>
        <extensions>
          <ns3:TrackPointExtension>
            <ns3:hr>126</ns3:hr>
            <ns3:cad>77</ns3:cad>
          </ns3:TrackPointExtension>
        </extensions>
      </trkpt>
      <trkpt lat="46.09244403429329395294189453125" lon="11.14674325101077556610107421875">
        <ele>815</ele>
        <time>2026-02-28T08:29:19.000Z</time>
        <extensions>
          <ns3:TrackPointExtension>
            <ns3:hr>128</ns3:hr>
            <ns3:cad>72</ns3:cad>
          </ns3:TrackPointExtension>
        </extensions>
      </trkpt>
      <trkpt lat="46.09246834181249141693115234375" lon="11.1467649601399898529052734375">
        <ele>816</ele>
        <time>2026-02-28T08:29:26.000Z</time>
        <extensions>
          <ns3:TrackPointExtension>
            <ns3:hr>130</ns3:hr>
            <ns3:cad>72</ns3:cad>
          </ns3:TrackPointExtension>
        </extensions>
      </trkpt>
      <trkpt lat="46.0924739576876163482666015625" lon="11.14677040837705135345458984375">
        <ele>816.20001220703125</ele>
        <time>2026-02-28T08:29:27.000Z</time>
        <extensions>
          <ns3:TrackPointExtension>
            <ns3:hr>130</ns3:hr>
            <ns3:cad>68</ns3:cad>
          </ns3:TrackPointExtension>
        </extensions>
      </trkpt>
      <trkpt lat="46.09251025132834911346435546875" lon="11.146818436682224273681640625">
        <ele>817</ele>
        <time>2026-02-28T08:29:33.000Z</time>
        <extensions>
          <ns3:TrackPointExtension>
            <ns3:hr>130</ns3:hr>
            <ns3:cad>0</ns3:cad>
          </ns3:TrackPointExtension>
        </extensions>
      </trkpt>
      <trkpt lat="46.09252098016440868377685546875" lon="11.1468209512531757354736328125">
        <ele>817.4000244140625</ele>
        <time>2026-02-28T08:29:35.000Z</time>
        <extensions>
          <ns3:TrackPointExtension>
            <ns3:hr>130</ns3:hr>
            <ns3:cad>0</ns3:cad>
          </ns3:TrackPointExtension>
        </extensions>
      </trkpt>
      <trkpt lat="46.092554591596126556396484375" lon="11.1467756889760494232177734375">
        <ele>818</ele>
        <time>2026-02-28T08:29:43.000Z</time>
        <extensions>
          <ns3:TrackPointExtension>
            <ns3:hr>128</ns3:hr>
            <ns3:cad>70</ns3:cad>
          </ns3:TrackPointExtension>
        </extensions>
      </trkpt>
      <trkpt lat="46.092560291290283203125" lon="11.146768145263195037841796875">
        <ele>818.20001220703125</ele>
        <time>2026-02-28T08:29:44.000Z</time>
        <extensions>
          <ns3:TrackPointExtension>
            <ns3:hr>128</ns3:hr>
            <ns3:cad>0</ns3:cad>
          </ns3:TrackPointExtension>
        </extensions>
      </trkpt>
      <trkpt lat="46.092600189149379730224609375" lon="11.14674509502947330474853515625">
        <ele>819.20001220703125</ele>
        <time>2026-02-28T08:29:50.000Z</time>
        <extensions>
          <ns3:TrackPointExtension>
            <ns3:hr>126</ns3:hr>
            <ns3:cad>75</ns3:cad>
          </ns3:TrackPointExtension>
        </extensions>
      </trkpt>
      <trkpt lat="46.0926206409931182861328125" lon="11.14673973061144351959228515625">
        <ele>819.5999755859375</ele>
        <time>2026-02-28T08:29:52.000Z</time>
        <extensions>
          <ns3:TrackPointExtension>
            <ns3:hr>125</ns3:hr>
            <ns3:cad>75</ns3:cad>
          </ns3:TrackPointExtension>
        </extensions>
      </trkpt>
      <trkpt lat="46.092654168605804443359375" lon="11.146725900471210479736328125">
        <ele>820.4000244140625</ele>
        <time>2026-02-28T08:29:57.000Z</time>
        <extensions>
          <ns3:TrackPointExtension>
            <ns3:hr>125</ns3:hr>
            <ns3:cad>80</ns3:cad>
          </ns3:TrackPointExtension>
        </extensions>
      </trkpt>
      <trkpt lat="46.0926707647740840911865234375" lon="11.14671743474900722503662109375">
        <ele>820.79998779296875</ele>
        <time>2026-02-28T08:30:00.000Z</time>
        <extensions>
          <ns3:TrackPointExtension>
            <ns3:hr>126</ns3:hr>
            <ns3:cad>74</ns3:cad>
          </ns3:TrackPointExtension>
        </extensions>
      </trkpt>
      <trkpt lat="46.09270102344453334808349609375" lon="11.1467119865119457244873046875">
        <ele>821.4000244140625</ele>
        <time>2026-02-28T08:30:04.000Z</time>
        <extensions>
          <ns3:TrackPointExtension>
            <ns3:hr>126</ns3:hr>
            <ns3:cad>40</ns3:cad>
          </ns3:TrackPointExtension>
        </extensions>
      </trkpt>
      <trkpt lat="46.09274997375905513763427734375" lon="11.14671559073030948638916015625">
        <ele>822.4000244140625</ele>
        <time>2026-02-28T08:30:11.000Z</time>
        <extensions>
          <ns3:TrackPointExtension>
            <ns3:hr>127</ns3:hr>
            <ns3:cad>67</ns3:cad>
          </ns3:TrackPointExtension>
        </extensions>
      </trkpt>
      <trkpt lat="46.092774532735347747802734375" lon="11.146713830530643463134765625">
        <ele>823.5999755859375</ele>
        <time>2026-02-28T08:30:16.000Z</time>
        <extensions>
          <ns3:TrackPointExtension>
            <ns3:hr>127</ns3:hr>
            <ns3:cad>61</ns3:cad>
          </ns3:TrackPointExtension>
        </extensions>
      </trkpt>
      <trkpt lat="46.092792637646198272705078125" lon="11.1466858349740505218505859375">
        <ele>824.4000244140625</ele>
        <time>2026-02-28T08:30:20.000Z</time>
        <extensions>
          <ns3:TrackPointExtension>
            <ns3:hr>127</ns3:hr>
            <ns3:cad>68</ns3:cad>
          </ns3:TrackPointExtension>
        </extensions>
      </trkpt>
      <trkpt lat="46.09279657714068889617919921875" lon="11.146668232977390289306640625">
        <ele>824.79998779296875</ele>
        <time>2026-02-28T08:30:22.000Z</time>
        <extensions>
          <ns3:TrackPointExtension>
            <ns3:hr>128</ns3:hr>
            <ns3:cad>40</ns3:cad>
          </ns3:TrackPointExtension>
        </extensions>
      </trkpt>
      <trkpt lat="46.0928122512996196746826171875" lon="11.14663797430694103240966796875">
        <ele>825.5999755859375</ele>
        <time>2026-02-28T08:30:27.000Z</time>
        <extensions>
          <ns3:TrackPointExtension>
            <ns3:hr>126</ns3:hr>
            <ns3:cad>76</ns3:cad>
          </ns3:TrackPointExtension>
        </extensions>
      </trkpt>
      <trkpt lat="46.09282339923083782196044921875" lon="11.14663378335535526275634765625">
        <ele>825.79998779296875</ele>
        <time>2026-02-28T08:30:29.000Z</time>
        <extensions>
          <ns3:TrackPointExtension>
            <ns3:hr>125</ns3:hr>
            <ns3:cad>76</ns3:cad>
          </ns3:TrackPointExtension>
        </extensions>
      </trkpt>
      <trkpt lat="46.09288056381046772003173828125" lon="11.14662565290927886962890625">
        <ele>826.79998779296875</ele>
        <time>2026-02-28T08:30:35.000Z</time>
        <extensions>
          <ns3:TrackPointExtension>
            <ns3:hr>123</ns3:hr>
            <ns3:cad>77</ns3:cad>
          </ns3:TrackPointExtension>
        </extensions>
      </trkpt>
      <trkpt lat="46.09288953244686126708984375" lon="11.1466224677860736846923828125">
        <ele>827</ele>
        <time>2026-02-28T08:30:36.000Z</time>
        <extensions>
          <ns3:TrackPointExtension>
            <ns3:hr>124</ns3:hr>
            <ns3:cad>77</ns3:cad>
          </ns3:TrackPointExtension>
        </extensions>
      </trkpt>
      <trkpt lat="46.09293219633400440216064453125" lon="11.14662892185151576995849609375">
        <ele>828</ele>
        <time>2026-02-28T08:30:41.000Z</time>
        <extensions>
          <ns3:TrackPointExtension>
            <ns3:hr>127</ns3:hr>
            <ns3:cad>40</ns3:cad>
          </ns3:TrackPointExtension>
        </extensions>
      </trkpt>
      <trkpt lat="46.0929389856755733489990234375" lon="11.14663235843181610107421875">
        <ele>828</ele>
        <time>2026-02-28T08:30:42.000Z</time>
        <extensions>
          <ns3:TrackPointExtension>
            <ns3:hr>128</ns3:hr>
            <ns3:cad>40</ns3:cad>
          </ns3:TrackPointExtension>
        </extensions>
      </trkpt>
      <trkpt lat="46.09295566566288471221923828125" lon="11.14663713611662387847900390625">
        <ele>828.4000244140625</ele>
        <time>2026-02-28T08:30:44.000Z</time>
        <extensions>
          <ns3:TrackPointExtension>
            <ns3:hr>129</ns3:hr>
            <ns3:cad>0</ns3:cad>
          </ns3:TrackPointExtension>
        </extensions>
      </trkpt>
      <trkpt lat="46.09299254603683948516845703125" lon="11.14665758796036243438720703125">
        <ele>829.20001220703125</ele>
        <time>2026-02-28T08:30:49.000Z</time>
        <extensions>
          <ns3:TrackPointExtension>
            <ns3:hr>132</ns3:hr>
            <ns3:cad>79</ns3:cad>
          </ns3:TrackPointExtension>
        </extensions>
      </trkpt>
      <trkpt lat="46.093007884919643402099609375" lon="11.146669574081897735595703125">
        <ele>829.5999755859375</ele>
        <time>2026-02-28T08:30:51.000Z</time>
        <extensions>
          <ns3:TrackPointExtension>
            <ns3:hr>132</ns3:hr>
            <ns3:cad>0</ns3:cad>
          </ns3:TrackPointExtension>
        </extensions>
      </trkpt>
      <trkpt lat="46.09303059987723827362060546875" lon="11.1467243917286396026611328125">
        <ele>830.4000244140625</ele>
        <time>2026-02-28T08:30:56.000Z</time>
        <extensions>
          <ns3:TrackPointExtension>
            <ns3:hr>132</ns3:hr>
            <ns3:cad>41</ns3:cad>
          </ns3:TrackPointExtension>
        </extensions>
      </trkpt>
      <trkpt lat="46.09303277917206287384033203125" lon="11.14674710668623447418212890625">
        <ele>830.5999755859375</ele>
        <time>2026-02-28T08:30:58.000Z</time>
        <extensions>
          <ns3:TrackPointExtension>
            <ns3:hr>131</ns3:hr>
            <ns3:cad>41</ns3:cad>
          </ns3:TrackPointExtension>
        </extensions>
      </trkpt>
      <trkpt lat="46.09304568730294704437255859375" lon="11.1468055285513401031494140625">
        <ele>831.20001220703125</ele>
        <time>2026-02-28T08:31:05.000Z</time>
        <extensions>
          <ns3:TrackPointExtension>
            <ns3:hr>128</ns3:hr>
            <ns3:cad>73</ns3:cad>
          </ns3:TrackPointExtension>
        </extensions>
      </trkpt>
      <trkpt lat="46.09304786659777164459228515625" lon="11.14681701175868511199951171875">
        <ele>831.4000244140625</ele>
        <time>2026-02-28T08:31:06.000Z</time>
        <extensions>
          <ns3:TrackPointExtension>
            <ns3:hr>127</ns3:hr>
            <ns3:cad>73</ns3:cad>
          </ns3:TrackPointExtension>
        </extensions>
      </trkpt>
      <trkpt lat="46.09304870478808879852294921875" lon="11.1468273214995861053466796875">
        <ele>831.5999755859375</ele>
        <time>2026-02-28T08:31:07.000Z</time>
        <extensions>
          <ns3:TrackPointExtension>
            <ns3:hr>127</ns3:hr>
            <ns3:cad>71</ns3:cad>
          </ns3:TrackPointExtension>
        </extensions>
      </trkpt>
      <trkpt lat="46.09306647442281246185302734375" lon="11.14688540808856487274169921875">
        <ele>832.5999755859375</ele>
        <time>2026-02-28T08:31:14.000Z</time>
        <extensions>
          <ns3:TrackPointExtension>
            <ns3:hr>129</ns3:hr>
            <ns3:cad>74</ns3:cad>
          </ns3:TrackPointExtension>
        </extensions>
      </trkpt>
      <trkpt lat="46.09309631399810314178466796875" lon="11.146924383938312530517578125">
        <ele>833.5999755859375</ele>
        <time>2026-02-28T08:31:21.000Z</time>
        <extensions>
          <ns3:TrackPointExtension>
            <ns3:hr>130</ns3:hr>
            <ns3:cad>73</ns3:cad>
          </ns3:TrackPointExtension>
        </extensions>
      </trkpt>
      <trkpt lat="46.0931015945971012115478515625" lon="11.1469272337853908538818359375">
        <ele>833.79998779296875</ele>
        <time>2026-02-28T08:31:22.000Z</time>
        <extensions>
          <ns3:TrackPointExtension>
            <ns3:hr>131</ns3:hr>
            <ns3:cad>0</ns3:cad>
          </ns3:TrackPointExtension>
        </extensions>
      </trkpt>
      <trkpt lat="46.09313453547656536102294921875" lon="11.146973669528961181640625">
        <ele>834.79998779296875</ele>
        <time>2026-02-28T08:31:28.000Z</time>
        <extensions>
          <ns3:TrackPointExtension>
            <ns3:hr>131</ns3:hr>
            <ns3:cad>76</ns3:cad>
          </ns3:TrackPointExtension>
        </extensions>
      </trkpt>
      <trkpt lat="46.0931498743593692779541015625" lon="11.14699571393430233001708984375">
        <ele>835.20001220703125</ele>
        <time>2026-02-28T08:31:31.000Z</time>
        <extensions>
          <ns3:TrackPointExtension>
            <ns3:hr>130</ns3:hr>
            <ns3:cad>74</ns3:cad>
          </ns3:TrackPointExtension>
        </extensions>
      </trkpt>
      <trkpt lat="46.09317342750728130340576171875" lon="11.147021949291229248046875">
        <ele>835.79998779296875</ele>
        <time>2026-02-28T08:31:35.000Z</time>
        <extensions>
          <ns3:TrackPointExtension>
            <ns3:hr>130</ns3:hr>
            <ns3:cad>77</ns3:cad>
          </ns3:TrackPointExtension>
        </extensions>
      </trkpt>
      <trkpt lat="46.093182899057865142822265625" lon="11.14701935090124607086181640625">
        <ele>836.5999755859375</ele>
        <time>2026-02-28T08:31:38.000Z</time>
        <extensions>
          <ns3:TrackPointExtension>
            <ns3:hr>130</ns3:hr>
            <ns3:cad>77</ns3:cad>
          </ns3:TrackPointExtension>
        </extensions>
      </trkpt>
      <trkpt lat="46.0931891016662120819091796875" lon="11.1470348574221134185791015625">
        <ele>836.79998779296875</ele>
        <time>2026-02-28T08:31:40.000Z</time>
        <extensions>
          <ns3:TrackPointExtension>
            <ns3:hr>130</ns3:hr>
            <ns3:cad>70</ns3:cad>
          </ns3:TrackPointExtension>
        </extensions>
      </trkpt>
      <trkpt lat="46.09318616800010204315185546875" lon="11.1470393836498260498046875">
        <ele>836.4000244140625</ele>
        <time>2026-02-28T08:31:44.000Z</time>
        <extensions>
          <ns3:TrackPointExtension>
            <ns3:hr>129</ns3:hr>
            <ns3:cad>0</ns3:cad>
          </ns3:TrackPointExtension>
        </extensions>
      </trkpt>
      <trkpt lat="46.0931864194571971893310546875" lon="11.1470170877873897552490234375">
        <ele>836.5999755859375</ele>
        <time>2026-02-28T08:31:50.000Z</time>
        <extensions>
          <ns3:TrackPointExtension>
            <ns3:hr>126</ns3:hr>
            <ns3:cad>0</ns3:cad>
          </ns3:TrackPointExtension>
        </extensions>
      </trkpt>
      <trkpt lat="46.09317979775369167327880859375" lon="11.14701549522578716278076171875">
        <ele>836.5999755859375</ele>
        <time>2026-02-28T08:31:52.000Z</time>
        <extensions>
          <ns3:TrackPointExtension>
            <ns3:hr>126</ns3:hr>
            <ns3:cad>0</ns3:cad>
          </ns3:TrackPointExtension>
        </extensions>
      </trkpt>
      <trkpt lat="46.0931777022778987884521484375" lon="11.1470432393252849578857421875">
        <ele>836.4000244140625</ele>
        <time>2026-02-28T08:31:58.000Z</time>
        <extensions>
          <ns3:TrackPointExtension>
            <ns3:hr>123</ns3:hr>
            <ns3:cad>0</ns3:cad>
          </ns3:TrackPointExtension>
        </extensions>
      </trkpt>
      <trkpt lat="46.0931958071887493133544921875" lon="11.14705706946551799774169921875">
        <ele>836.20001220703125</ele>
        <time>2026-02-28T08:32:02.000Z</time>
        <extensions>
          <ns3:TrackPointExtension>
            <ns3:hr>122</ns3:hr>
            <ns3:cad>0</ns3:cad>
          </ns3:TrackPointExtension>
        </extensions>
      </trkpt>
      <trkpt lat="46.0931994952261447906494140625" lon="11.14707182161509990692138671875">
        <ele>836.79998779296875</ele>
        <time>2026-02-28T08:32:12.000Z</time>
        <extensions>
          <ns3:TrackPointExtension>
            <ns3:hr>119</ns3:hr>
            <ns3:cad>0</ns3:cad>
          </ns3:TrackPointExtension>
        </extensions>
      </trkpt>
      <trkpt lat="46.09320829622447490692138671875" lon="11.14707626402378082275390625">
        <ele>836.4000244140625</ele>
        <time>2026-02-28T08:32:21.000Z</time>
        <extensions>
          <ns3:TrackPointExtension>
            <ns3:hr>119</ns3:hr>
            <ns3:cad>0</ns3:cad>
          </ns3:TrackPointExtension>
        </extensions>
      </trkpt>
      <trkpt lat="46.0932517983019351959228515625" lon="11.14710786379873752593994140625">
        <ele>837.20001220703125</ele>
        <time>2026-02-28T08:32:29.000Z</time>
        <extensions>
          <ns3:TrackPointExtension>
            <ns3:hr>119</ns3:hr>
            <ns3:cad>76</ns3:cad>
          </ns3:TrackPointExtension>
        </extensions>
      </trkpt>
      <trkpt lat="46.0932900197803974151611328125" lon="11.14714491181075572967529296875">
        <ele>837.79998779296875</ele>
        <time>2026-02-28T08:32:35.000Z</time>
        <extensions>
          <ns3:TrackPointExtension>
            <ns3:hr>120</ns3:hr>
            <ns3:cad>73</ns3:cad>
          </ns3:TrackPointExtension>
        </extensions>
      </trkpt>
      <trkpt lat="46.0932967253029346466064453125" lon="11.14715580828487873077392578125">
        <ele>838.20001220703125</ele>
        <time>2026-02-28T08:32:37.000Z</time>
        <extensions>
          <ns3:TrackPointExtension>
            <ns3:hr>121</ns3:hr>
            <ns3:cad>73</ns3:cad>
          </ns3:TrackPointExtension>
        </extensions>
      </trkpt>
      <trkpt lat="46.09332363121211528778076171875" lon="11.14717994816601276397705078125">
        <ele>838.79998779296875</ele>
        <time>2026-02-28T08:32:43.000Z</time>
        <extensions>
          <ns3:TrackPointExtension>
            <ns3:hr>120</ns3:hr>
            <ns3:cad>0</ns3:cad>
          </ns3:TrackPointExtension>
        </extensions>
      </trkpt>
      <trkpt lat="46.0933275707066059112548828125" lon="11.147180534899234771728515625">
        <ele>839</ele>
        <time>2026-02-28T08:32:44.000Z</time>
        <extensions>
          <ns3:TrackPointExtension>
            <ns3:hr>120</ns3:hr>
            <ns3:cad>0</ns3:cad>
          </ns3:TrackPointExtension>
        </extensions>
      </trkpt>
      <trkpt lat="46.0933503694832324981689453125" lon="11.14720635116100311279296875">
        <ele>840</ele>
        <time>2026-02-28T08:32:50.000Z</time>
        <extensions>
          <ns3:TrackPointExtension>
            <ns3:hr>119</ns3:hr>
            <ns3:cad>0</ns3:cad>
          </ns3:TrackPointExtension>
        </extensions>
      </trkpt>
      <trkpt lat="46.0933636128902435302734375" lon="11.1472246237099170684814453125">
        <ele>840.5999755859375</ele>
        <time>2026-02-28T08:32:53.000Z</time>
        <extensions>
          <ns3:TrackPointExtension>
            <ns3:hr>118</ns3:hr>
            <ns3:cad>0</ns3:cad>
          </ns3:TrackPointExtension>
        </extensions>
      </trkpt>
      <trkpt lat="46.093385405838489532470703125" lon="11.1472499370574951171875">
        <ele>841</ele>
        <time>2026-02-28T08:32:58.000Z</time>
        <extensions>
          <ns3:TrackPointExtension>
            <ns3:hr>119</ns3:hr>
            <ns3:cad>0</ns3:cad>
          </ns3:TrackPointExtension>
        </extensions>
      </trkpt>
      <trkpt lat="46.0933999903500080108642578125" lon="11.14727742969989776611328125">
        <ele>841.79998779296875</ele>
        <time>2026-02-28T08:33:04.000Z</time>
        <extensions>
          <ns3:TrackPointExtension>
            <ns3:hr>117</ns3:hr>
            <ns3:cad>69</ns3:cad>
          </ns3:TrackPointExtension>
        </extensions>
      </trkpt>
      <trkpt lat="46.09340124763548374176025390625" lon="11.14727382548153400421142578125">
        <ele>842</ele>
        <time>2026-02-28T08:33:06.000Z</time>
        <extensions>
          <ns3:TrackPointExtension>
            <ns3:hr>117</ns3:hr>
            <ns3:cad>68</ns3:cad>
          </ns3:TrackPointExtension>
        </extensions>
      </trkpt>
      <trkpt lat="46.09342304058372974395751953125" lon="11.14723627455532550811767578125">
        <ele>842.79998779296875</ele>
        <time>2026-02-28T08:33:13.000Z</time>
        <extensions>
          <ns3:TrackPointExtension>
            <ns3:hr>117</ns3:hr>
            <ns3:cad>77</ns3:cad>
          </ns3:TrackPointExtension>
        </extensions>
      </trkpt>
      <trkpt lat="46.09342823736369609832763671875" lon="11.14723057486116886138916015625">
        <ele>843.20001220703125</ele>
        <time>2026-02-28T08:33:15.000Z</time>
        <extensions>
          <ns3:TrackPointExtension>
            <ns3:hr>118</ns3:hr>
            <ns3:cad>77</ns3:cad>
          </ns3:TrackPointExtension>
        </extensions>
      </trkpt>
      <trkpt lat="46.09343376941978931427001953125" lon="11.14722873084247112274169921875">
        <ele>844</ele>
        <time>2026-02-28T08:33:18.000Z</time>
        <extensions>
          <ns3:TrackPointExtension>
            <ns3:hr>121</ns3:hr>
            <ns3:cad>77</ns3:cad>
          </ns3:TrackPointExtension>
        </extensions>
      </trkpt>
      <trkpt lat="46.09344533644616603851318359375" lon="11.147223450243473052978515625">
        <ele>844.20001220703125</ele>
        <time>2026-02-28T08:33:20.000Z</time>
        <extensions>
          <ns3:TrackPointExtension>
            <ns3:hr>121</ns3:hr>
            <ns3:cad>70</ns3:cad>
          </ns3:TrackPointExtension>
        </extensions>
      </trkpt>
      <trkpt lat="46.0934492759406566619873046875" lon="11.14722118712961673736572265625">
        <ele>844.4000244140625</ele>
        <time>2026-02-28T08:33:21.000Z</time>
        <extensions>
          <ns3:TrackPointExtension>
            <ns3:hr>121</ns3:hr>
            <ns3:cad>69</ns3:cad>
          </ns3:TrackPointExtension>
        </extensions>
      </trkpt>
      <trkpt lat="46.09347651712596416473388671875" lon="11.14720341749489307403564453125">
        <ele>845</ele>
        <time>2026-02-28T08:33:26.000Z</time>
        <extensions>
          <ns3:TrackPointExtension>
            <ns3:hr>124</ns3:hr>
            <ns3:cad>71</ns3:cad>
          </ns3:TrackPointExtension>
        </extensions>
      </trkpt>
      <trkpt lat="46.09348707832396030426025390625" lon="11.1471941135823726654052734375">
        <ele>845.20001220703125</ele>
        <time>2026-02-28T08:33:28.000Z</time>
        <extensions>
          <ns3:TrackPointExtension>
            <ns3:hr>127</ns3:hr>
            <ns3:cad>71</ns3:cad>
          </ns3:TrackPointExtension>
        </extensions>
      </trkpt>
      <trkpt lat="46.09349462203681468963623046875" lon="11.1471837200224399566650390625">
        <ele>845.4000244140625</ele>
        <time>2026-02-28T08:33:29.000Z</time>
        <extensions>
          <ns3:TrackPointExtension>
            <ns3:hr>127</ns3:hr>
            <ns3:cad>71</ns3:cad>
          </ns3:TrackPointExtension>
        </extensions>
      </trkpt>
      <trkpt lat="46.09351071529090404510498046875" lon="11.1471441574394702911376953125">
        <ele>846.4000244140625</ele>
        <time>2026-02-28T08:33:35.000Z</time>
        <extensions>
          <ns3:TrackPointExtension>
            <ns3:hr>129</ns3:hr>
            <ns3:cad>72</ns3:cad>
          </ns3:TrackPointExtension>
        </extensions>
      </trkpt>
      <trkpt lat="46.09351473860442638397216796875" lon="11.14713250659406185150146484375">
        <ele>846.5999755859375</ele>
        <time>2026-02-28T08:33:36.000Z</time>
        <extensions>
          <ns3:TrackPointExtension>
            <ns3:hr>129</ns3:hr>
            <ns3:cad>72</ns3:cad>
          </ns3:TrackPointExtension>
        </extensions>
      </trkpt>
      <trkpt lat="46.09354323707520961761474609375" lon="11.147090010344982147216796875">
        <ele>847.4000244140625</ele>
        <time>2026-02-28T08:33:43.000Z</time>
        <extensions>
          <ns3:TrackPointExtension>
            <ns3:hr>129</ns3:hr>
            <ns3:cad>71</ns3:cad>
          </ns3:TrackPointExtension>
        </extensions>
      </trkpt>
      <trkpt lat="46.0935458354651927947998046875" lon="11.147082634270191192626953125">
        <ele>847.4000244140625</ele>
        <time>2026-02-28T08:33:44.000Z</time>
        <extensions>
          <ns3:TrackPointExtension>
            <ns3:hr>130</ns3:hr>
            <ns3:cad>71</ns3:cad>
          </ns3:TrackPointExtension>
        </extensions>
      </trkpt>
      <trkpt lat="46.09359838999807834625244140625" lon="11.1470214463770389556884765625">
        <ele>848.4000244140625</ele>
        <time>2026-02-28T08:33:51.000Z</time>
        <extensions>
          <ns3:TrackPointExtension>
            <ns3:hr>130</ns3:hr>
            <ns3:cad>0</ns3:cad>
          </ns3:TrackPointExtension>
        </extensions>
      </trkpt>
      <trkpt lat="46.0936477594077587127685546875" lon="11.146999485790729522705078125">
        <ele>849.4000244140625</ele>
        <time>2026-02-28T08:33:59.000Z</time>
        <extensions>
          <ns3:TrackPointExtension>
            <ns3:hr>130</ns3:hr>
            <ns3:cad>70</ns3:cad>
          </ns3:TrackPointExtension>
        </extensions>
      </trkpt>
      <trkpt lat="46.09365136362612247467041015625" lon="11.1469924449920654296875">
        <ele>849.5999755859375</ele>
        <time>2026-02-28T08:34:00.000Z</time>
        <extensions>
          <ns3:TrackPointExtension>
            <ns3:hr>130</ns3:hr>
            <ns3:cad>77</ns3:cad>
          </ns3:TrackPointExtension>
        </extensions>
      </trkpt>
      <trkpt lat="46.09368455596268177032470703125" lon="11.1469349451363086700439453125">
        <ele>850.4000244140625</ele>
        <time>2026-02-28T08:34:07.000Z</time>
        <extensions>
          <ns3:TrackPointExtension>
            <ns3:hr>127</ns3:hr>
            <ns3:cad>41</ns3:cad>
          </ns3:TrackPointExtension>
        </extensions>
      </trkpt>
      <trkpt lat="46.0936889983713626861572265625" lon="11.14692664705216884613037109375">
        <ele>850.5999755859375</ele>
        <time>2026-02-28T08:34:08.000Z</time>
        <extensions>
          <ns3:TrackPointExtension>
            <ns3:hr>127</ns3:hr>
            <ns3:cad>0</ns3:cad>
          </ns3:TrackPointExtension>
        </extensions>
      </trkpt>
      <trkpt lat="46.0936953686177730560302734375" lon="11.14689362235367298126220703125">
        <ele>851.20001220703125</ele>
        <time>2026-02-28T08:34:12.000Z</time>
        <extensions>
          <ns3:TrackPointExtension>
            <ns3:hr>123</ns3:hr>
            <ns3:cad>42</ns3:cad>
          </ns3:TrackPointExtension>
        </extensions>
      </trkpt>
      <trkpt lat="46.09369712881743907928466796875" lon="11.1468816362321376800537109375">
        <ele>851.20001220703125</ele>
        <time>2026-02-28T08:34:13.000Z</time>
        <extensions>
          <ns3:TrackPointExtension>
            <ns3:hr>119</ns3:hr>
            <ns3:cad>42</ns3:cad>
          </ns3:TrackPointExtension>
        </extensions>
      </trkpt>
      <trkpt lat="46.093700230121612548828125" lon="11.14686059765517711639404296875">
        <ele>851.4000244140625</ele>
        <time>2026-02-28T08:34:15.000Z</time>
        <extensions>
          <ns3:TrackPointExtension>
            <ns3:hr>116</ns3:hr>
            <ns3:cad>42</ns3:cad>
          </ns3:TrackPointExtension>
        </extensions>
      </trkpt>
      <trkpt lat="46.0937034152448177337646484375" lon="11.14684215746819972991943359375">
        <ele>851.5999755859375</ele>
        <time>2026-02-28T08:34:17.000Z</time>
        <extensions>
          <ns3:TrackPointExtension>
            <ns3:hr>115</ns3:hr>
            <ns3:cad>46</ns3:cad>
          </ns3:TrackPointExtension>
        </extensions>
      </trkpt>
      <trkpt lat="46.0937315784394741058349609375" lon="11.14673101343214511871337890625">
        <ele>852.4000244140625</ele>
        <time>2026-02-28T08:34:24.000Z</time>
        <extensions>
          <ns3:TrackPointExtension>
            <ns3:hr>115</ns3:hr>
            <ns3:cad>46</ns3:cad>
          </ns3:TrackPointExtension>
        </extensions>
      </trkpt>
      <trkpt lat="46.093754880130290985107421875" lon="11.14660679362714290618896484375">
        <ele>852.5999755859375</ele>
        <time>2026-02-28T08:34:32.000Z</time>
        <extensions>
          <ns3:TrackPointExtension>
            <ns3:hr>118</ns3:hr>
            <ns3:cad>47</ns3:cad>
          </ns3:TrackPointExtension>
        </extensions>
      </trkpt>
      <trkpt lat="46.093769632279872894287109375" lon="11.1465751938521862030029296875">
        <ele>852.79998779296875</ele>
        <time>2026-02-28T08:34:34.000Z</time>
        <extensions>
          <ns3:TrackPointExtension>
            <ns3:hr>117</ns3:hr>
            <ns3:cad>52</ns3:cad>
          </ns3:TrackPointExtension>
        </extensions>
      </trkpt>
      <trkpt lat="46.093778349459171295166015625" lon="11.146554909646511077880859375">
        <ele>853</ele>
        <time>2026-02-28T08:34:37.000Z</time>
        <extensions>
          <ns3:TrackPointExtension>
            <ns3:hr>117</ns3:hr>
            <ns3:cad>50</ns3:cad>
          </ns3:TrackPointExtension>
        </extensions>
      </trkpt>
      <trkpt lat="46.093805171549320220947265625" lon="11.1464772932231426239013671875">
        <ele>853</ele>
        <time>2026-02-28T08:34:43.000Z</time>
        <extensions>
          <ns3:TrackPointExtension>
            <ns3:hr>117</ns3:hr>
            <ns3:cad>0</ns3:cad>
          </ns3:TrackPointExtension>
        </extensions>
      </trkpt>
      <trkpt lat="46.09382989816367626190185546875" lon="11.1463956534862518310546875">
        <ele>853.79998779296875</ele>
        <time>2026-02-28T08:34:50.000Z</time>
        <extensions>
          <ns3:TrackPointExtension>
            <ns3:hr>118</ns3:hr>
            <ns3:cad>0</ns3:cad>
          </ns3:TrackPointExtension>
        </extensions>
      </trkpt>
      <trkpt lat="46.09383559785783290863037109375" lon="11.1463726870715618133544921875">
        <ele>854.20001220703125</ele>
        <time>2026-02-28T08:34:52.000Z</time>
        <extensions>
          <ns3:TrackPointExtension>
            <ns3:hr>119</ns3:hr>
            <ns3:cad>44</ns3:cad>
          </ns3:TrackPointExtension>
        </extensions>
      </trkpt>
      <trkpt lat="46.093852110207080841064453125" lon="11.1463146843016147613525390625">
        <ele>854.79998779296875</ele>
        <time>2026-02-28T08:34:57.000Z</time>
        <extensions>
          <ns3:TrackPointExtension>
            <ns3:hr>119</ns3:hr>
            <ns3:cad>43</ns3:cad>
          </ns3:TrackPointExtension>
        </extensions>
      </trkpt>
      <trkpt lat="46.09386208467185497283935546875" lon="11.1462979204952716827392578125">
        <ele>855.20001220703125</ele>
        <time>2026-02-28T08:34:59.000Z</time>
        <extensions>
          <ns3:TrackPointExtension>
            <ns3:hr>120</ns3:hr>
            <ns3:cad>43</ns3:cad>
          </ns3:TrackPointExtension>
        </extensions>
      </trkpt>
      <trkpt lat="46.093887649476528167724609375" lon="11.146269924938678741455078125">
        <ele>856</ele>
        <time>2026-02-28T08:35:03.000Z</time>
        <extensions>
          <ns3:TrackPointExtension>
            <ns3:hr>120</ns3:hr>
            <ns3:cad>41</ns3:cad>
          </ns3:TrackPointExtension>
        </extensions>
      </trkpt>
      <trkpt lat="46.09391874633729457855224609375" lon="11.14626598544418811798095703125">
        <ele>857</ele>
        <time>2026-02-28T08:35:08.000Z</time>
        <extensions>
          <ns3:TrackPointExtension>
            <ns3:hr>119</ns3:hr>
            <ns3:cad>79</ns3:cad>
          </ns3:TrackPointExtension>
        </extensions>
      </trkpt>
      <trkpt lat="46.09395973384380340576171875" lon="11.14625274203717708587646484375">
        <ele>858.20001220703125</ele>
        <time>2026-02-28T08:35:14.000Z</time>
        <extensions>
          <ns3:TrackPointExtension>
            <ns3:hr>119</ns3:hr>
            <ns3:cad>40</ns3:cad>
          </ns3:TrackPointExtension>
        </extensions>
      </trkpt>
      <trkpt lat="46.09397607855498790740966796875" lon="11.1462481319904327392578125">
        <ele>858.4000244140625</ele>
        <time>2026-02-28T08:35:16.000Z</time>
        <extensions>
          <ns3:TrackPointExtension>
            <ns3:hr>120</ns3:hr>
            <ns3:cad>0</ns3:cad>
          </ns3:TrackPointExtension>
        </extensions>
      </trkpt>
      <trkpt lat="46.09399233944714069366455078125" lon="11.1462306976318359375">
        <ele>859.20001220703125</ele>
        <time>2026-02-28T08:35:20.000Z</time>
        <extensions>
          <ns3:TrackPointExtension>
            <ns3:hr>119</ns3:hr>
            <ns3:cad>44</ns3:cad>
          </ns3:TrackPointExtension>
        </extensions>
      </trkpt>
      <trkpt lat="46.09400139190256595611572265625" lon="11.14620630629360675811767578125">
        <ele>859.79998779296875</ele>
        <time>2026-02-28T08:35:23.000Z</time>
        <extensions>
          <ns3:TrackPointExtension>
            <ns3:hr>119</ns3:hr>
            <ns3:cad>44</ns3:cad>
          </ns3:TrackPointExtension>
        </extensions>
      </trkpt>
      <trkpt lat="46.09401765279471874237060546875" lon="11.14619071595370769500732421875">
        <ele>860.20001220703125</ele>
        <time>2026-02-28T08:35:25.000Z</time>
        <extensions>
          <ns3:TrackPointExtension>
            <ns3:hr>118</ns3:hr>
            <ns3:cad>75</ns3:cad>
          </ns3:TrackPointExtension>
        </extensions>
      </trkpt>
      <trkpt lat="46.09404363669455051422119140625" lon="11.146184764802455902099609375">
        <ele>861.20001220703125</ele>
        <time>2026-02-28T08:35:30.000Z</time>
        <extensions>
          <ns3:TrackPointExtension>
            <ns3:hr>120</ns3:hr>
            <ns3:cad>0</ns3:cad>
          </ns3:TrackPointExtension>
        </extensions>
      </trkpt>
      <trkpt lat="46.09403156675398349761962890625" lon="11.14621049724519252777099609375">
        <ele>861.4000244140625</ele>
        <time>2026-02-28T08:35:35.000Z</time>
        <extensions>
          <ns3:TrackPointExtension>
            <ns3:hr>117</ns3:hr>
            <ns3:cad>0</ns3:cad>
          </ns3:TrackPointExtension>
        </extensions>
      </trkpt>
      <trkpt lat="46.09402955509722232818603515625" lon="11.14621317945420742034912109375">
        <ele>861.20001220703125</ele>
        <time>2026-02-28T08:35:36.000Z</time>
        <extensions>
          <ns3:TrackPointExtension>
            <ns3:hr>117</ns3:hr>
            <ns3:cad>0</ns3:cad>
          </ns3:TrackPointExtension>
        </extensions>
      </trkpt>
      <trkpt lat="46.09404422342777252197265625" lon="11.14619540981948375701904296875">
        <ele>860.79998779296875</ele>
        <time>2026-02-28T08:35:46.000Z</time>
        <extensions>
          <ns3:TrackPointExtension>
            <ns3:hr>116</ns3:hr>
            <ns3:cad>0</ns3:cad>
          </ns3:TrackPointExtension>
        </extensions>
      </trkpt>
      <trkpt lat="46.09404548071324825286865234375" lon="11.14614746533334255218505859375">
        <ele>860.79998779296875</ele>
        <time>2026-02-28T08:35:55.000Z</time>
        <extensions>
          <ns3:TrackPointExtension>
            <ns3:hr>114</ns3:hr>
            <ns3:cad>0</ns3:cad>
          </ns3:TrackPointExtension>
        </extensions>
      </trkpt>
      <trkpt lat="46.09404950402677059173583984375" lon="11.14614042453467845916748046875">
        <ele>860.5999755859375</ele>
        <time>2026-02-28T08:35:59.000Z</time>
        <extensions>
          <ns3:TrackPointExtension>
            <ns3:hr>118</ns3:hr>
            <ns3:cad>0</ns3:cad>
          </ns3:TrackPointExtension>
        </extensions>
      </trkpt>
      <trkpt lat="46.0940534435212612152099609375" lon="11.14611209370195865631103515625">
        <ele>860.4000244140625</ele>
        <time>2026-02-28T08:36:05.000Z</time>
        <extensions>
          <ns3:TrackPointExtension>
            <ns3:hr>119</ns3:hr>
            <ns3:cad>0</ns3:cad>
          </ns3:TrackPointExtension>
        </extensions>
      </trkpt>
      <trkpt lat="46.09406031668186187744140625" lon="11.1460370756685733795166015625">
        <ele>860.4000244140625</ele>
        <time>2026-02-28T08:36:12.000Z</time>
        <extensions>
          <ns3:TrackPointExtension>
            <ns3:hr>118</ns3:hr>
            <ns3:cad>0</ns3:cad>
          </ns3:TrackPointExtension>
        </extensions>
      </trkpt>
      <trkpt lat="46.0940564610064029693603515625" lon="11.1459522508084774017333984375">
        <ele>860.79998779296875</ele>
        <time>2026-02-28T08:36:17.000Z</time>
        <extensions>
          <ns3:TrackPointExtension>
            <ns3:hr>115</ns3:hr>
            <ns3:cad>46</ns3:cad>
          </ns3:TrackPointExtension>
        </extensions>
      </trkpt>
      <trkpt lat="46.09405017457902431488037109375" lon="11.14594629965722560882568359375">
        <ele>860.79998779296875</ele>
        <time>2026-02-28T08:36:18.000Z</time>
        <extensions>
          <ns3:TrackPointExtension>
            <ns3:hr>115</ns3:hr>
            <ns3:cad>46</ns3:cad>
          </ns3:TrackPointExtension>
        </extensions>
      </trkpt>
      <trkpt lat="46.0939981229603290557861328125" lon="11.14594839513301849365234375">
        <ele>861.4000244140625</ele>
        <time>2026-02-28T08:36:23.000Z</time>
        <extensions>
          <ns3:TrackPointExtension>
            <ns3:hr>114</ns3:hr>
            <ns3:cad>47</ns3:cad>
          </ns3:TrackPointExtension>
        </extensions>
      </trkpt>
      <trkpt lat="46.093931905925273895263671875" lon="11.14594571292400360107421875">
        <ele>861.4000244140625</ele>
        <time>2026-02-28T08:36:29.000Z</time>
        <extensions>
          <ns3:TrackPointExtension>
            <ns3:hr>113</ns3:hr>
            <ns3:cad>45</ns3:cad>
          </ns3:TrackPointExtension>
        </extensions>
      </trkpt>
      <trkpt lat="46.09387113712728023529052734375" lon="11.1459210701286792755126953125">
        <ele>861.79998779296875</ele>
        <time>2026-02-28T08:36:36.000Z</time>
        <extensions>
          <ns3:TrackPointExtension>
            <ns3:hr>111</ns3:hr>
            <ns3:cad>47</ns3:cad>
          </ns3:TrackPointExtension>
        </extensions>
      </trkpt>
      <trkpt lat="46.09384800307452678680419921875" lon="11.1459039710462093353271484375">
        <ele>862.20001220703125</ele>
        <time>2026-02-28T08:36:41.000Z</time>
        <extensions>
          <ns3:TrackPointExtension>
            <ns3:hr>109</ns3:hr>
            <ns3:cad>43</ns3:cad>
          </ns3:TrackPointExtension>
        </extensions>
      </trkpt>
      <trkpt lat="46.09384465031325817108154296875" lon="11.1459093354642391204833984375">
        <ele>862.4000244140625</ele>
        <time>2026-02-28T08:36:43.000Z</time>
        <extensions>
          <ns3:TrackPointExtension>
            <ns3:hr>109</ns3:hr>
            <ns3:cad>0</ns3:cad>
          </ns3:TrackPointExtension>
        </extensions>
      </trkpt>
      <trkpt lat="46.093842051923274993896484375" lon="11.145910508930683135986328125">
        <ele>862.20001220703125</ele>
        <time>2026-02-28T08:36:52.000Z</time>
        <extensions>
          <ns3:TrackPointExtension>
            <ns3:hr>108</ns3:hr>
            <ns3:cad>0</ns3:cad>
          </ns3:TrackPointExtension>
        </extensions>
      </trkpt>
      <trkpt lat="46.093849427998065948486328125" lon="11.14592559635639190673828125">
        <ele>861.4000244140625</ele>
        <time>2026-02-28T08:37:08.000Z</time>
        <extensions>
          <ns3:TrackPointExtension>
            <ns3:hr>108</ns3:hr>
            <ns3:cad>0</ns3:cad>
          </ns3:TrackPointExtension>
        </extensions>
      </trkpt>
      <trkpt lat="46.0938509367406368255615234375" lon="11.145920567214488983154296875">
        <ele>861.20001220703125</ele>
        <time>2026-02-28T08:37:09.000Z</time>
        <extensions>
          <ns3:TrackPointExtension>
            <ns3:hr>108</ns3:hr>
            <ns3:cad>0</ns3:cad>
          </ns3:TrackPointExtension>
        </extensions>
      </trkpt>
      <trkpt lat="46.0938489250838756561279296875" lon="11.1459197290241718292236328125">
        <ele>860.5999755859375</ele>
        <time>2026-02-28T08:37:16.000Z</time>
        <extensions>
          <ns3:TrackPointExtension>
            <ns3:hr>106</ns3:hr>
            <ns3:cad>0</ns3:cad>
          </ns3:TrackPointExtension>
        </extensions>
      </trkpt>
      <trkpt lat="46.09384599141776561737060546875" lon="11.14591444842517375946044921875">
        <ele>860.20001220703125</ele>
        <time>2026-02-28T08:37:22.000Z</time>
        <extensions>
          <ns3:TrackPointExtension>
            <ns3:hr>105</ns3:hr>
            <ns3:cad>0</ns3:cad>
          </ns3:TrackPointExtension>
        </extensions>
      </trkpt>
      <trkpt lat="46.0938449017703533172607421875" lon="11.14590874873101711273193359375">
        <ele>860</ele>
        <time>2026-02-28T08:37:23.000Z</time>
        <extensions>
          <ns3:TrackPointExtension>
            <ns3:hr>105</ns3:hr>
            <ns3:cad>0</ns3:cad>
          </ns3:TrackPointExtension>
        </extensions>
      </trkpt>
      <trkpt lat="46.0938539542257785797119140625" lon="11.14589902572333812713623046875">
        <ele>859.79998779296875</ele>
        <time>2026-02-28T08:37:31.000Z</time>
        <extensions>
          <ns3:TrackPointExtension>
            <ns3:hr>102</ns3:hr>
            <ns3:cad>0</ns3:cad>
          </ns3:TrackPointExtension>
        </extensions>
      </trkpt>
      <trkpt lat="46.09385420568287372589111328125" lon="11.14589768461883068084716796875">
        <ele>859.79998779296875</ele>
        <time>2026-02-28T08:37:32.000Z</time>
        <extensions>
          <ns3:TrackPointExtension>
            <ns3:hr>101</ns3:hr>
            <ns3:cad>0</ns3:cad>
          </ns3:TrackPointExtension>
        </extensions>
      </trkpt>
      <trkpt lat="46.093844734132289886474609375" lon="11.14589181728661060333251953125">
        <ele>860</ele>
        <time>2026-02-28T08:37:45.000Z</time>
        <extensions>
          <ns3:TrackPointExtension>
            <ns3:hr>100</ns3:hr>
            <ns3:cad>0</ns3:cad>
          </ns3:TrackPointExtension>
        </extensions>
      </trkpt>
      <trkpt lat="46.09384884126484394073486328125" lon="11.14589475095272064208984375">
        <ele>859.4000244140625</ele>
        <time>2026-02-28T08:37:56.000Z</time>
        <extensions>
          <ns3:TrackPointExtension>
            <ns3:hr>99</ns3:hr>
            <ns3:cad>0</ns3:cad>
          </ns3:TrackPointExtension>
        </extensions>
      </trkpt>
      <trkpt lat="46.093870215117931365966796875" lon="11.145914532244205474853515625">
        <ele>859.79998779296875</ele>
        <time>2026-02-28T08:38:07.000Z</time>
        <extensions>
          <ns3:TrackPointExtension>
            <ns3:hr>98</ns3:hr>
            <ns3:cad>0</ns3:cad>
          </ns3:TrackPointExtension>
        </extensions>
      </trkpt>
      <trkpt lat="46.0938734002411365509033203125" lon="11.1459053121507167816162109375">
        <ele>859.5999755859375</ele>
        <time>2026-02-28T08:38:18.000Z</time>
        <extensions>
          <ns3:TrackPointExtension>
            <ns3:hr>101</ns3:hr>
            <ns3:cad>0</ns3:cad>
          </ns3:TrackPointExtension>
        </extensions>
      </trkpt>
      <trkpt lat="46.09387683682143688201904296875" lon="11.1459048092365264892578125">
        <ele>859</ele>
        <time>2026-02-28T08:38:25.000Z</time>
        <extensions>
          <ns3:TrackPointExtension>
            <ns3:hr>102</ns3:hr>
            <ns3:cad>0</ns3:cad>
          </ns3:TrackPointExtension>
        </extensions>
      </trkpt>
      <trkpt lat="46.0938814468681812286376953125" lon="11.14590589888393878936767578125">
        <ele>859</ele>
        <time>2026-02-28T08:38:27.000Z</time>
        <extensions>
          <ns3:TrackPointExtension>
            <ns3:hr>102</ns3:hr>
            <ns3:cad>0</ns3:cad>
          </ns3:TrackPointExtension>
        </extensions>
      </trkpt>
      <trkpt lat="46.0938479192554950714111328125" lon="11.14589164964854717254638671875">
        <ele>859.20001220703125</ele>
        <time>2026-02-28T08:38:38.000Z</time>
        <extensions>
          <ns3:TrackPointExtension>
            <ns3:hr>102</ns3:hr>
            <ns3:cad>0</ns3:cad>
          </ns3:TrackPointExtension>
        </extensions>
      </trkpt>
      <trkpt lat="46.09386317431926727294921875" lon="11.1458868719637393951416015625">
        <ele>859</ele>
        <time>2026-02-28T08:38:48.000Z</time>
        <extensions>
          <ns3:TrackPointExtension>
            <ns3:hr>101</ns3:hr>
            <ns3:cad>0</ns3:cad>
          </ns3:TrackPointExtension>
        </extensions>
      </trkpt>
      <trkpt lat="46.09387180767953395843505859375" lon="11.145887710154056549072265625">
        <ele>859.4000244140625</ele>
        <time>2026-02-28T08:38:56.000Z</time>
        <extensions>
          <ns3:TrackPointExtension>
            <ns3:hr>98</ns3:hr>
            <ns3:cad>0</ns3:cad>
          </ns3:TrackPointExtension>
        </extensions>
      </trkpt>
      <trkpt lat="46.0938744060695171356201171875" lon="11.14588075317442417144775390625">
        <ele>859.5999755859375</ele>
        <time>2026-02-28T08:38:58.000Z</time>
        <extensions>
          <ns3:TrackPointExtension>
            <ns3:hr>85</ns3:hr>
            <ns3:cad>0</ns3:cad>
          </ns3:TrackPointExtension>
        </extensions>
      </trkpt>
      <trkpt lat="46.09387616626918315887451171875" lon="11.1458791606128215789794921875">
        <ele>859.5999755859375</ele>
        <time>2026-02-28T08:38:59.000Z</time>
        <extensions>
          <ns3:TrackPointExtension>
            <ns3:hr>78</ns3:hr>
            <ns3:cad>0</ns3:cad>
          </ns3:TrackPointExtension>
        </extensions>
      </trkpt>
      <trkpt lat="46.09387868084013462066650390625" lon="11.1458794958889484405517578125">
        <ele>859.5999755859375</ele>
        <time>2026-02-28T08:39:00.000Z</time>
        <extensions>
          <ns3:TrackPointExtension>
            <ns3:hr>76</ns3:hr>
            <ns3:cad>0</ns3:cad>
          </ns3:TrackPointExtension>
        </extensions>
      </trkpt>
      <trkpt lat="46.09384783543646335601806640625" lon="11.14589399658143520355224609375">
        <ele>859.79998779296875</ele>
        <time>2026-02-28T08:39:13.000Z</time>
        <extensions>
          <ns3:TrackPointExtension>
            <ns3:hr>76</ns3:hr>
            <ns3:cad>0</ns3:cad>
          </ns3:TrackPointExtension>
        </extensions>
      </trkpt>
      <trkpt lat="46.09386258758604526519775390625" lon="11.14589550532400608062744140625">
        <ele>859.4000244140625</ele>
        <time>2026-02-28T08:39:22.000Z</time>
        <extensions>
          <ns3:TrackPointExtension>
            <ns3:hr>77</ns3:hr>
            <ns3:cad>0</ns3:cad>
          </ns3:TrackPointExtension>
        </extensions>
      </trkpt>
      <trkpt lat="46.093858815729618072509765625" lon="11.1459022946655750274658203125">
        <ele>859.20001220703125</ele>
        <time>2026-02-28T08:39:31.000Z</time>
        <extensions>
          <ns3:TrackPointExtension>
            <ns3:hr>78</ns3:hr>
            <ns3:cad>0</ns3:cad>
          </ns3:TrackPointExtension>
        </extensions>
      </trkpt>
      <trkpt lat="46.0938777588307857513427734375" lon="11.14590338431298732757568359375">
        <ele>858.79998779296875</ele>
        <time>2026-02-28T08:39:43.000Z</time>
        <extensions>
          <ns3:TrackPointExtension>
            <ns3:hr>77</ns3:hr>
            <ns3:cad>0</ns3:cad>
          </ns3:TrackPointExtension>
        </extensions>
      </trkpt>
      <trkpt lat="46.093864180147647857666015625" lon="11.145905815064907073974609375">
        <ele>858.4000244140625</ele>
        <time>2026-02-28T08:39:53.000Z</time>
        <extensions>
          <ns3:TrackPointExtension>
            <ns3:hr>76</ns3:hr>
            <ns3:cad>0</ns3:cad>
          </ns3:TrackPointExtension>
        </extensions>
      </trkpt>
      <trkpt lat="46.09385856427252292633056640625" lon="11.14591310732066631317138671875">
        <ele>858</ele>
        <time>2026-02-28T08:39:58.000Z</time>
        <extensions>
          <ns3:TrackPointExtension>
            <ns3:hr>76</ns3:hr>
            <ns3:cad>0</ns3:cad>
          </ns3:TrackPointExtension>
        </extensions>
      </trkpt>
      <trkpt lat="46.09386451542377471923828125" lon="11.14592534489929676055908203125">
        <ele>857.5999755859375</ele>
        <time>2026-02-28T08:40:01.000Z</time>
        <extensions>
          <ns3:TrackPointExtension>
            <ns3:hr>77</ns3:hr>
            <ns3:cad>0</ns3:cad>
          </ns3:TrackPointExtension>
        </extensions>
      </trkpt>
      <trkpt lat="46.09386929310858249664306640625" lon="11.14593171514570713043212890625">
        <ele>857.4000244140625</ele>
        <time>2026-02-28T08:40:05.000Z</time>
        <extensions>
          <ns3:TrackPointExtension>
            <ns3:hr>80</ns3:hr>
            <ns3:cad>0</ns3:cad>
          </ns3:TrackPointExtension>
        </extensions>
      </trkpt>
      <trkpt lat="46.09386711381375789642333984375" lon="11.14592500962316989898681640625">
        <ele>857.20001220703125</ele>
        <time>2026-02-28T08:40:09.000Z</time>
        <extensions>
          <ns3:TrackPointExtension>
            <ns3:hr>83</ns3:hr>
            <ns3:cad>0</ns3:cad>
          </ns3:TrackPointExtension>
        </extensions>
      </trkpt>
      <trkpt lat="46.09387080185115337371826171875" lon="11.14592115394771099090576171875">
        <ele>857.4000244140625</ele>
        <time>2026-02-28T08:40:11.000Z</time>
        <extensions>
          <ns3:TrackPointExtension>
            <ns3:hr>84</ns3:hr>
            <ns3:cad>0</ns3:cad>
          </ns3:TrackPointExtension>
        </extensions>
      </trkpt>
      <trkpt lat="46.093871556222438812255859375" lon="11.1459220759570598602294921875">
        <ele>857</ele>
        <time>2026-02-28T08:40:14.000Z</time>
        <extensions>
          <ns3:TrackPointExtension>
            <ns3:hr>87</ns3:hr>
            <ns3:cad>0</ns3:cad>
          </ns3:TrackPointExtension>
        </extensions>
      </trkpt>
      <trkpt lat="46.0939054191112518310546875" lon="11.1459237523376941680908203125">
        <ele>857</ele>
        <time>2026-02-28T08:40:20.000Z</time>
        <extensions>
          <ns3:TrackPointExtension>
            <ns3:hr>86</ns3:hr>
            <ns3:cad>0</ns3:cad>
          </ns3:TrackPointExtension>
        </extensions>
      </trkpt>
      <trkpt lat="46.093943305313587188720703125" lon="11.145930625498294830322265625">
        <ele>856.4000244140625</ele>
        <time>2026-02-28T08:40:27.000Z</time>
        <extensions>
          <ns3:TrackPointExtension>
            <ns3:hr>87</ns3:hr>
            <ns3:cad>0</ns3:cad>
          </ns3:TrackPointExtension>
        </extensions>
      </trkpt>
      <trkpt lat="46.094004325568675994873046875" lon="11.1459351517260074615478515625">
        <ele>856.5999755859375</ele>
        <time>2026-02-28T08:40:34.000Z</time>
        <extensions>
          <ns3:TrackPointExtension>
            <ns3:hr>88</ns3:hr>
            <ns3:cad>49</ns3:cad>
          </ns3:TrackPointExtension>
        </extensions>
      </trkpt>
      <trkpt lat="46.09405151568353176116943359375" lon="11.14592366851866245269775390625">
        <ele>856.5999755859375</ele>
        <time>2026-02-28T08:40:40.000Z</time>
        <extensions>
          <ns3:TrackPointExtension>
            <ns3:hr>88</ns3:hr>
            <ns3:cad>50</ns3:cad>
          </ns3:TrackPointExtension>
        </extensions>
      </trkpt>
      <trkpt lat="46.09409895725548267364501953125" lon="11.145939342677593231201171875">
        <ele>856.5999755859375</ele>
        <time>2026-02-28T08:40:48.000Z</time>
        <extensions>
          <ns3:TrackPointExtension>
            <ns3:hr>88</ns3:hr>
            <ns3:cad>0</ns3:cad>
          </ns3:TrackPointExtension>
        </extensions>
      </trkpt>
      <trkpt lat="46.094126366078853607177734375" lon="11.1459713615477085113525390625">
        <ele>856.5999755859375</ele>
        <time>2026-02-28T08:40:54.000Z</time>
        <extensions>
          <ns3:TrackPointExtension>
            <ns3:hr>89</ns3:hr>
            <ns3:cad>0</ns3:cad>
          </ns3:TrackPointExtension>
        </extensions>
      </trkpt>
      <trkpt lat="46.0941436327993869781494140625" lon="11.1459981836378574371337890625">
        <ele>856.79998779296875</ele>
        <time>2026-02-28T08:41:01.000Z</time>
        <extensions>
          <ns3:TrackPointExtension>
            <ns3:hr>87</ns3:hr>
            <ns3:cad>0</ns3:cad>
          </ns3:TrackPointExtension>
        </extensions>
      </trkpt>
      <trkpt lat="46.09414673410356044769287109375" lon="11.1460320465266704559326171875">
        <ele>857</ele>
        <time>2026-02-28T08:41:08.000Z</time>
        <extensions>
          <ns3:TrackPointExtension>
            <ns3:hr>89</ns3:hr>
            <ns3:cad>0</ns3:cad>
          </ns3:TrackPointExtension>
        </extensions>
      </trkpt>
      <trkpt lat="46.09414136968553066253662109375" lon="11.14613086916506290435791015625">
        <ele>857.79998779296875</ele>
        <time>2026-02-28T08:41:16.000Z</time>
        <extensions>
          <ns3:TrackPointExtension>
            <ns3:hr>88</ns3:hr>
            <ns3:cad>0</ns3:cad>
          </ns3:TrackPointExtension>
        </extensions>
      </trkpt>
      <trkpt lat="46.0941402800381183624267578125" lon="11.14613573066890239715576171875">
        <ele>858</ele>
        <time>2026-02-28T08:41:17.000Z</time>
        <extensions>
          <ns3:TrackPointExtension>
            <ns3:hr>88</ns3:hr>
            <ns3:cad>45</ns3:cad>
          </ns3:TrackPointExtension>
        </extensions>
      </trkpt>
      <trkpt lat="46.0941466502845287322998046875" lon="11.1461970023810863494873046875">
        <ele>858.4000244140625</ele>
        <time>2026-02-28T08:41:22.000Z</time>
        <extensions>
          <ns3:TrackPointExtension>
            <ns3:hr>88</ns3:hr>
            <ns3:cad>43</ns3:cad>
          </ns3:TrackPointExtension>
        </extensions>
      </trkpt>
      <trkpt lat="46.09416048042476177215576171875" lon="11.1462389118969440460205078125">
        <ele>859</ele>
        <time>2026-02-28T08:41:26.000Z</time>
        <extensions>
          <ns3:TrackPointExtension>
            <ns3:hr>90</ns3:hr>
            <ns3:cad>44</ns3:cad>
          </ns3:TrackPointExtension>
        </extensions>
      </trkpt>
      <trkpt lat="46.094172298908233642578125" lon="11.1462596990168094635009765625">
        <ele>859.4000244140625</ele>
        <time>2026-02-28T08:41:28.000Z</time>
        <extensions>
          <ns3:TrackPointExtension>
            <ns3:hr>91</ns3:hr>
            <ns3:cad>46</ns3:cad>
          </ns3:TrackPointExtension>
        </extensions>
      </trkpt>
      <trkpt lat="46.0941801778972148895263671875" lon="11.14627822302281856536865234375">
        <ele>859.5999755859375</ele>
        <time>2026-02-28T08:41:30.000Z</time>
        <extensions>
          <ns3:TrackPointExtension>
            <ns3:hr>94</ns3:hr>
            <ns3:cad>0</ns3:cad>
          </ns3:TrackPointExtension>
        </extensions>
      </trkpt>
      <trkpt lat="46.0941858775913715362548828125" lon="11.146289370954036712646484375">
        <ele>859.79998779296875</ele>
        <time>2026-02-28T08:41:32.000Z</time>
        <extensions>
          <ns3:TrackPointExtension>
            <ns3:hr>98</ns3:hr>
            <ns3:cad>0</ns3:cad>
          </ns3:TrackPointExtension>
        </extensions>
      </trkpt>
      <trkpt lat="46.0941865481436252593994140625" lon="11.14629649557173252105712890625">
        <ele>860.20001220703125</ele>
        <time>2026-02-28T08:41:35.000Z</time>
        <extensions>
          <ns3:TrackPointExtension>
            <ns3:hr>98</ns3:hr>
            <ns3:cad>0</ns3:cad>
          </ns3:TrackPointExtension>
        </extensions>
      </trkpt>
      <trkpt lat="46.094184704124927520751953125" lon="11.14629247225821018218994140625">
        <ele>860.20001220703125</ele>
        <time>2026-02-28T08:41:36.000Z</time>
        <extensions>
          <ns3:TrackPointExtension>
            <ns3:hr>97</ns3:hr>
            <ns3:cad>0</ns3:cad>
          </ns3:TrackPointExtension>
        </extensions>
      </trkpt>
      <trkpt lat="46.0941855423152446746826171875" lon="11.14626682363450527191162109375">
        <ele>860.5999755859375</ele>
        <time>2026-02-28T08:41:44.000Z</time>
        <extensions>
          <ns3:TrackPointExtension>
            <ns3:hr>96</ns3:hr>
            <ns3:cad>0</ns3:cad>
          </ns3:TrackPointExtension>
        </extensions>
      </trkpt>
      <trkpt lat="46.0941939242184162139892578125" lon="11.14623606204986572265625">
        <ele>861.20001220703125</ele>
        <time>2026-02-28T08:41:47.000Z</time>
        <extensions>
          <ns3:TrackPointExtension>
            <ns3:hr>95</ns3:hr>
            <ns3:cad>0</ns3:cad>
          </ns3:TrackPointExtension>
        </extensions>
      </trkpt>
      <trkpt lat="46.094204485416412353515625" lon="11.1461879499256610870361328125">
        <ele>862.20001220703125</ele>
        <time>2026-02-28T08:41:52.000Z</time>
        <extensions>
          <ns3:TrackPointExtension>
            <ns3:hr>98</ns3:hr>
            <ns3:cad>80</ns3:cad>
          </ns3:TrackPointExtension>
        </extensions>
      </trkpt>
      <trkpt lat="46.09420716762542724609375" lon="11.14617864601314067840576171875">
        <ele>862.4000244140625</ele>
        <time>2026-02-28T08:41:53.000Z</time>
        <extensions>
          <ns3:TrackPointExtension>
            <ns3:hr>100</ns3:hr>
            <ns3:cad>42</ns3:cad>
          </ns3:TrackPointExtension>
        </extensions>
      </trkpt>
      <trkpt lat="46.09421093948185443878173828125" lon="11.1461631394922733306884765625">
        <ele>862.79998779296875</ele>
        <time>2026-02-28T08:41:55.000Z</time>
        <extensions>
          <ns3:TrackPointExtension>
            <ns3:hr>103</ns3:hr>
            <ns3:cad>43</ns3:cad>
          </ns3:TrackPointExtension>
        </extensions>
      </trkpt>
      <trkpt lat="46.09422569163143634796142578125" lon="11.146137826144695281982421875">
        <ele>863.4000244140625</ele>
        <time>2026-02-28T08:41:58.000Z</time>
        <extensions>
          <ns3:TrackPointExtension>
            <ns3:hr>106</ns3:hr>
            <ns3:cad>41</ns3:cad>
          </ns3:TrackPointExtension>
        </extensions>
      </trkpt>
      <trkpt lat="46.094233989715576171875" lon="11.146117039024829864501953125">
        <ele>864</ele>
        <time>2026-02-28T08:42:01.000Z</time>
        <extensions>
          <ns3:TrackPointExtension>
            <ns3:hr>110</ns3:hr>
            <ns3:cad>41</ns3:cad>
          </ns3:TrackPointExtension>
        </extensions>
      </trkpt>
      <trkpt lat="46.09424228779971599578857421875" lon="11.14610421471297740936279296875">
        <ele>864.4000244140625</ele>
        <time>2026-02-28T08:42:03.000Z</time>
        <extensions>
          <ns3:TrackPointExtension>
            <ns3:hr>112</ns3:hr>
            <ns3:cad>41</ns3:cad>
          </ns3:TrackPointExtension>
        </extensions>
      </trkpt>
      <trkpt lat="46.09425955452024936676025390625" lon="11.14607018418610095977783203125">
        <ele>865.20001220703125</ele>
        <time>2026-02-28T08:42:07.000Z</time>
        <extensions>
          <ns3:TrackPointExtension>
            <ns3:hr>115</ns3:hr>
            <ns3:cad>43</ns3:cad>
          </ns3:TrackPointExtension>
        </extensions>
      </trkpt>
      <trkpt lat="46.09427380375564098358154296875" lon="11.14605258218944072723388671875">
        <ele>865.5999755859375</ele>
        <time>2026-02-28T08:42:09.000Z</time>
        <extensions>
          <ns3:TrackPointExtension>
            <ns3:hr>116</ns3:hr>
            <ns3:cad>43</ns3:cad>
          </ns3:TrackPointExtension>
        </extensions>
      </trkpt>
      <trkpt lat="46.0942876338958740234375" lon="11.14604034461081027984619140625">
        <ele>866.20001220703125</ele>
        <time>2026-02-28T08:42:11.000Z</time>
        <extensions>
          <ns3:TrackPointExtension>
            <ns3:hr>116</ns3:hr>
            <ns3:cad>42</ns3:cad>
          </ns3:TrackPointExtension>
        </extensions>
      </trkpt>
      <trkpt lat="46.0943023860454559326171875" lon="11.14602710120379924774169921875">
        <ele>866.79998779296875</ele>
        <time>2026-02-28T08:42:14.000Z</time>
        <extensions>
          <ns3:TrackPointExtension>
            <ns3:hr>118</ns3:hr>
            <ns3:cad>40</ns3:cad>
          </ns3:TrackPointExtension>
        </extensions>
      </trkpt>
      <trkpt lat="46.09432761557400226593017578125" lon="11.1459965072572231292724609375">
        <ele>867.79998779296875</ele>
        <time>2026-02-28T08:42:18.000Z</time>
        <extensions>
          <ns3:TrackPointExtension>
            <ns3:hr>119</ns3:hr>
            <ns3:cad>79</ns3:cad>
          </ns3:TrackPointExtension>
        </extensions>
      </trkpt>
      <trkpt lat="46.09433297999203205108642578125" lon="11.14599022082984447479248046875">
        <ele>868</ele>
        <time>2026-02-28T08:42:19.000Z</time>
        <extensions>
          <ns3:TrackPointExtension>
            <ns3:hr>119</ns3:hr>
            <ns3:cad>79</ns3:cad>
          </ns3:TrackPointExtension>
        </extensions>
      </trkpt>
      <trkpt lat="46.0943655855953693389892578125" lon="11.14594646729528903961181640625">
        <ele>869.20001220703125</ele>
        <time>2026-02-28T08:42:24.000Z</time>
        <extensions>
          <ns3:TrackPointExtension>
            <ns3:hr>120</ns3:hr>
            <ns3:cad>77</ns3:cad>
          </ns3:TrackPointExtension>
        </extensions>
      </trkpt>
      <trkpt lat="46.0943801701068878173828125" lon="11.14592618308961391448974609375">
        <ele>869.5999755859375</ele>
        <time>2026-02-28T08:42:26.000Z</time>
        <extensions>
          <ns3:TrackPointExtension>
            <ns3:hr>121</ns3:hr>
            <ns3:cad>77</ns3:cad>
          </ns3:TrackPointExtension>
        </extensions>
      </trkpt>
      <trkpt lat="46.0943977721035480499267578125" lon="11.14590170793235301971435546875">
        <ele>870.4000244140625</ele>
        <time>2026-02-28T08:42:29.000Z</time>
        <extensions>
          <ns3:TrackPointExtension>
            <ns3:hr>122</ns3:hr>
            <ns3:cad>41</ns3:cad>
          </ns3:TrackPointExtension>
        </extensions>
      </trkpt>
      <trkpt lat="46.0944416932761669158935546875" lon="11.145869605243206024169921875">
        <ele>871.4000244140625</ele>
        <time>2026-02-28T08:42:34.000Z</time>
        <extensions>
          <ns3:TrackPointExtension>
            <ns3:hr>123</ns3:hr>
            <ns3:cad>43</ns3:cad>
          </ns3:TrackPointExtension>
        </extensions>
      </trkpt>
      <trkpt lat="46.09447899274528026580810546875" lon="11.14583984948694705963134765625">
        <ele>872.5999755859375</ele>
        <time>2026-02-28T08:42:39.000Z</time>
        <extensions>
          <ns3:TrackPointExtension>
            <ns3:hr>122</ns3:hr>
            <ns3:cad>46</ns3:cad>
          </ns3:TrackPointExtension>
        </extensions>
      </trkpt>
      <trkpt lat="46.09449877403676509857177734375" lon="11.14581956528127193450927734375">
        <ele>873.20001220703125</ele>
        <time>2026-02-28T08:42:42.000Z</time>
        <extensions>
          <ns3:TrackPointExtension>
            <ns3:hr>124</ns3:hr>
            <ns3:cad>43</ns3:cad>
          </ns3:TrackPointExtension>
        </extensions>
      </trkpt>
      <trkpt lat="46.09451067633926868438720703125" lon="11.14580816589295864105224609375">
        <ele>873.5999755859375</ele>
        <time>2026-02-28T08:42:44.000Z</time>
        <extensions>
          <ns3:TrackPointExtension>
            <ns3:hr>126</ns3:hr>
            <ns3:cad>43</ns3:cad>
          </ns3:TrackPointExtension>
        </extensions>
      </trkpt>
      <trkpt lat="46.09452827833592891693115234375" lon="11.1457701958715915679931640625">
        <ele>874.79998779296875</ele>
        <time>2026-02-28T08:42:49.000Z</time>
        <extensions>
          <ns3:TrackPointExtension>
            <ns3:hr>126</ns3:hr>
            <ns3:cad>77</ns3:cad>
          </ns3:TrackPointExtension>
        </extensions>
      </trkpt>
      <trkpt lat="46.094570942223072052001953125" lon="11.14571780897676944732666015625">
        <ele>876</ele>
        <time>2026-02-28T08:42:55.000Z</time>
        <extensions>
          <ns3:TrackPointExtension>
            <ns3:hr>126</ns3:hr>
            <ns3:cad>41</ns3:cad>
          </ns3:TrackPointExtension>
        </extensions>
      </trkpt>
      <trkpt lat="46.09461394138634204864501953125" lon="11.145680509507656097412109375">
        <ele>877</ele>
        <time>2026-02-28T08:43:01.000Z</time>
        <extensions>
          <ns3:TrackPointExtension>
            <ns3:hr>125</ns3:hr>
            <ns3:cad>45</ns3:cad>
          </ns3:TrackPointExtension>
        </extensions>
      </trkpt>
      <trkpt lat="46.0946284420788288116455078125" lon="11.14566667936742305755615234375">
        <ele>877.4000244140625</ele>
        <time>2026-02-28T08:43:03.000Z</time>
        <extensions>
          <ns3:TrackPointExtension>
            <ns3:hr>125</ns3:hr>
            <ns3:cad>44</ns3:cad>
          </ns3:TrackPointExtension>
        </extensions>
      </trkpt>
      <trkpt lat="46.094652079045772552490234375" lon="11.1456508375704288482666015625">
        <ele>878.20001220703125</ele>
        <time>2026-02-28T08:43:06.000Z</time>
        <extensions>
          <ns3:TrackPointExtension>
            <ns3:hr>123</ns3:hr>
            <ns3:cad>42</ns3:cad>
          </ns3:TrackPointExtension>
        </extensions>
      </trkpt>
      <trkpt lat="46.09468535520136356353759765625" lon="11.14562409929931163787841796875">
        <ele>879.4000244140625</ele>
        <time>2026-02-28T08:43:11.000Z</time>
        <extensions>
          <ns3:TrackPointExtension>
            <ns3:hr>121</ns3:hr>
            <ns3:cad>43</ns3:cad>
          </ns3:TrackPointExtension>
        </extensions>
      </trkpt>
      <trkpt lat="46.094727180898189544677734375" lon="11.145583949983119964599609375">
        <ele>880.4000244140625</ele>
        <time>2026-02-28T08:43:16.000Z</time>
        <extensions>
          <ns3:TrackPointExtension>
            <ns3:hr>121</ns3:hr>
            <ns3:cad>42</ns3:cad>
          </ns3:TrackPointExtension>
        </extensions>
      </trkpt>
      <trkpt lat="46.09474427998065948486328125" lon="11.145567186176776885986328125">
        <ele>881.20001220703125</ele>
        <time>2026-02-28T08:43:19.000Z</time>
        <extensions>
          <ns3:TrackPointExtension>
            <ns3:hr>121</ns3:hr>
            <ns3:cad>77</ns3:cad>
          </ns3:TrackPointExtension>
        </extensions>
      </trkpt>
      <trkpt lat="46.094751656055450439453125" lon="11.14555704407393932342529296875">
        <ele>881.5999755859375</ele>
        <time>2026-02-28T08:43:21.000Z</time>
        <extensions>
          <ns3:TrackPointExtension>
            <ns3:hr>121</ns3:hr>
            <ns3:cad>77</ns3:cad>
          </ns3:TrackPointExtension>
        </extensions>
      </trkpt>
      <trkpt lat="46.09477973543107509613037109375" lon="11.145532988011837005615234375">
        <ele>882.5999755859375</ele>
        <time>2026-02-28T08:43:26.000Z</time>
        <extensions>
          <ns3:TrackPointExtension>
            <ns3:hr>121</ns3:hr>
            <ns3:cad>77</ns3:cad>
          </ns3:TrackPointExtension>
        </extensions>
      </trkpt>
      <trkpt lat="46.09478945843875408172607421875" lon="11.1455217562615871429443359375">
        <ele>883</ele>
        <time>2026-02-28T08:43:28.000Z</time>
        <extensions>
          <ns3:TrackPointExtension>
            <ns3:hr>121</ns3:hr>
            <ns3:cad>79</ns3:cad>
          </ns3:TrackPointExtension>
        </extensions>
      </trkpt>
      <trkpt lat="46.0948034562170505523681640625" lon="11.14550490863621234893798828125">
        <ele>883.79998779296875</ele>
        <time>2026-02-28T08:43:31.000Z</time>
        <extensions>
          <ns3:TrackPointExtension>
            <ns3:hr>121</ns3:hr>
            <ns3:cad>41</ns3:cad>
          </ns3:TrackPointExtension>
        </extensions>
      </trkpt>
      <trkpt lat="46.09483011066913604736328125" lon="11.14546802826225757598876953125">
        <ele>884.79998779296875</ele>
        <time>2026-02-28T08:43:36.000Z</time>
        <extensions>
          <ns3:TrackPointExtension>
            <ns3:hr>122</ns3:hr>
            <ns3:cad>73</ns3:cad>
          </ns3:TrackPointExtension>
        </extensions>
      </trkpt>
      <trkpt lat="46.09484947286546230316162109375" lon="11.14543383009731769561767578125">
        <ele>886</ele>
        <time>2026-02-28T08:43:41.000Z</time>
        <extensions>
          <ns3:TrackPointExtension>
            <ns3:hr>122</ns3:hr>
            <ns3:cad>77</ns3:cad>
          </ns3:TrackPointExtension>
        </extensions>
      </trkpt>
      <trkpt lat="46.09487445093691349029541015625" lon="11.1453930102288722991943359375">
        <ele>886.79998779296875</ele>
        <time>2026-02-28T08:43:45.000Z</time>
        <extensions>
          <ns3:TrackPointExtension>
            <ns3:hr>123</ns3:hr>
            <ns3:cad>74</ns3:cad>
          </ns3:TrackPointExtension>
        </extensions>
      </trkpt>
      <trkpt lat="46.09488509595394134521484375" lon="11.14537884481251239776611328125">
        <ele>887.20001220703125</ele>
        <time>2026-02-28T08:43:47.000Z</time>
        <extensions>
          <ns3:TrackPointExtension>
            <ns3:hr>123</ns3:hr>
            <ns3:cad>74</ns3:cad>
          </ns3:TrackPointExtension>
        </extensions>
      </trkpt>
      <trkpt lat="46.0949167795479297637939453125" lon="11.14533609710633754730224609375">
        <ele>888.4000244140625</ele>
        <time>2026-02-28T08:43:53.000Z</time>
        <extensions>
          <ns3:TrackPointExtension>
            <ns3:hr>123</ns3:hr>
            <ns3:cad>42</ns3:cad>
          </ns3:TrackPointExtension>
        </extensions>
      </trkpt>
      <trkpt lat="46.0949238203465938568115234375" lon="11.14533207379281520843505859375">
        <ele>888.4000244140625</ele>
        <time>2026-02-28T08:43:54.000Z</time>
        <extensions>
          <ns3:TrackPointExtension>
            <ns3:hr>123</ns3:hr>
            <ns3:cad>42</ns3:cad>
          </ns3:TrackPointExtension>
        </extensions>
      </trkpt>
      <trkpt lat="46.09496162272989749908447265625" lon="11.1453095264732837677001953125">
        <ele>889.4000244140625</ele>
        <time>2026-02-28T08:43:59.000Z</time>
        <extensions>
          <ns3:TrackPointExtension>
            <ns3:hr>122</ns3:hr>
            <ns3:cad>42</ns3:cad>
          </ns3:TrackPointExtension>
        </extensions>
      </trkpt>
      <trkpt lat="46.09497603960335254669189453125" lon="11.14530139602720737457275390625">
        <ele>889.79998779296875</ele>
        <time>2026-02-28T08:44:01.000Z</time>
        <extensions>
          <ns3:TrackPointExtension>
            <ns3:hr>119</ns3:hr>
            <ns3:cad>40</ns3:cad>
          </ns3:TrackPointExtension>
        </extensions>
      </trkpt>
      <trkpt lat="46.09498358331620693206787109375" lon="11.1452959477901458740234375">
        <ele>890</ele>
        <time>2026-02-28T08:44:02.000Z</time>
        <extensions>
          <ns3:TrackPointExtension>
            <ns3:hr>118</ns3:hr>
            <ns3:cad>40</ns3:cad>
          </ns3:TrackPointExtension>
        </extensions>
      </trkpt>
      <trkpt lat="46.09499598853290081024169921875" lon="11.1452756635844707489013671875">
        <ele>890.5999755859375</ele>
        <time>2026-02-28T08:44:05.000Z</time>
        <extensions>
          <ns3:TrackPointExtension>
            <ns3:hr>115</ns3:hr>
            <ns3:cad>79</ns3:cad>
          </ns3:TrackPointExtension>
        </extensions>
      </trkpt>
      <trkpt lat="46.09503102488815784454345703125" lon="11.145278848707675933837890625">
        <ele>891.79998779296875</ele>
        <time>2026-02-28T08:44:10.000Z</time>
        <extensions>
          <ns3:TrackPointExtension>
            <ns3:hr>114</ns3:hr>
            <ns3:cad>0</ns3:cad>
          </ns3:TrackPointExtension>
        </extensions>
      </trkpt>
      <trkpt lat="46.09502968378365039825439453125" lon="11.14533525891602039337158203125">
        <ele>893</ele>
        <time>2026-02-28T08:44:16.000Z</time>
        <extensions>
          <ns3:TrackPointExtension>
            <ns3:hr>113</ns3:hr>
            <ns3:cad>71</ns3:cad>
          </ns3:TrackPointExtension>
        </extensions>
      </trkpt>
      <trkpt lat="46.09502934850752353668212890625" lon="11.14534649066627025604248046875">
        <ele>893.20001220703125</ele>
        <time>2026-02-28T08:44:17.000Z</time>
        <extensions>
          <ns3:TrackPointExtension>
            <ns3:hr>114</ns3:hr>
            <ns3:cad>71</ns3:cad>
          </ns3:TrackPointExtension>
        </extensions>
      </trkpt>
      <trkpt lat="46.095017530024051666259765625" lon="11.1453661881387233734130859375">
        <ele>894.20001220703125</ele>
        <time>2026-02-28T08:44:21.000Z</time>
        <extensions>
          <ns3:TrackPointExtension>
            <ns3:hr>113</ns3:hr>
            <ns3:cad>79</ns3:cad>
          </ns3:TrackPointExtension>
        </extensions>
      </trkpt>
      <trkpt lat="46.09500068239867687225341796875" lon="11.145408265292644500732421875">
        <ele>895.20001220703125</ele>
        <time>2026-02-28T08:44:26.000Z</time>
        <extensions>
          <ns3:TrackPointExtension>
            <ns3:hr>115</ns3:hr>
            <ns3:cad>41</ns3:cad>
          </ns3:TrackPointExtension>
        </extensions>
      </trkpt>
      <trkpt lat="46.0949999280273914337158203125" lon="11.1454154737293720245361328125">
        <ele>895.20001220703125</ele>
        <time>2026-02-28T08:44:27.000Z</time>
        <extensions>
          <ns3:TrackPointExtension>
            <ns3:hr>114</ns3:hr>
            <ns3:cad>77</ns3:cad>
          </ns3:TrackPointExtension>
        </extensions>
      </trkpt>
      <trkpt lat="46.09498425386846065521240234375" lon="11.1454701237380504608154296875">
        <ele>896.4000244140625</ele>
        <time>2026-02-28T08:44:32.000Z</time>
        <extensions>
          <ns3:TrackPointExtension>
            <ns3:hr>114</ns3:hr>
            <ns3:cad>74</ns3:cad>
          </ns3:TrackPointExtension>
        </extensions>
      </trkpt>
      <trkpt lat="46.094976961612701416015625" lon="11.1455170623958110809326171875">
        <ele>897.4000244140625</ele>
        <time>2026-02-28T08:44:36.000Z</time>
        <extensions>
          <ns3:TrackPointExtension>
            <ns3:hr>115</ns3:hr>
            <ns3:cad>72</ns3:cad>
          </ns3:TrackPointExtension>
        </extensions>
      </trkpt>
      <trkpt lat="46.09497318975627422332763671875" lon="11.1455593071877956390380859375">
        <ele>898.4000244140625</ele>
        <time>2026-02-28T08:44:41.000Z</time>
        <extensions>
          <ns3:TrackPointExtension>
            <ns3:hr>114</ns3:hr>
            <ns3:cad>77</ns3:cad>
          </ns3:TrackPointExtension>
        </extensions>
      </trkpt>
      <trkpt lat="46.094971932470798492431640625" lon="11.1455529369413852691650390625">
        <ele>898.5999755859375</ele>
        <time>2026-02-28T08:44:42.000Z</time>
        <extensions>
          <ns3:TrackPointExtension>
            <ns3:hr>114</ns3:hr>
            <ns3:cad>77</ns3:cad>
          </ns3:TrackPointExtension>
        </extensions>
      </trkpt>
      <trkpt lat="46.09496556222438812255859375" lon="11.14558587782084941864013671875">
        <ele>899.79998779296875</ele>
        <time>2026-02-28T08:44:47.000Z</time>
        <extensions>
          <ns3:TrackPointExtension>
            <ns3:hr>114</ns3:hr>
            <ns3:cad>79</ns3:cad>
          </ns3:TrackPointExtension>
        </extensions>
      </trkpt>
      <trkpt lat="46.09496380202472209930419921875" lon="11.1456045694649219512939453125">
        <ele>900.20001220703125</ele>
        <time>2026-02-28T08:44:49.000Z</time>
        <extensions>
          <ns3:TrackPointExtension>
            <ns3:hr>115</ns3:hr>
            <ns3:cad>74</ns3:cad>
          </ns3:TrackPointExtension>
        </extensions>
      </trkpt>
      <trkpt lat="46.09496095217764377593994140625" lon="11.1456139571964740753173828125">
        <ele>901</ele>
        <time>2026-02-28T08:44:52.000Z</time>
        <extensions>
          <ns3:TrackPointExtension>
            <ns3:hr>114</ns3:hr>
            <ns3:cad>74</ns3:cad>
          </ns3:TrackPointExtension>
        </extensions>
      </trkpt>
      <trkpt lat="46.0949687473475933074951171875" lon="11.1455995403230190277099609375">
        <ele>901.5999755859375</ele>
        <time>2026-02-28T08:44:55.000Z</time>
        <extensions>
          <ns3:TrackPointExtension>
            <ns3:hr>114</ns3:hr>
            <ns3:cad>74</ns3:cad>
          </ns3:TrackPointExtension>
        </extensions>
      </trkpt>
      <trkpt lat="46.09496899880468845367431640625" lon="11.14559761248528957366943359375">
        <ele>901.79998779296875</ele>
        <time>2026-02-28T08:44:56.000Z</time>
        <extensions>
          <ns3:TrackPointExtension>
            <ns3:hr>114</ns3:hr>
            <ns3:cad>74</ns3:cad>
          </ns3:TrackPointExtension>
        </extensions>
      </trkpt>
      <trkpt lat="46.09497084282338619232177734375" lon="11.14559778012335300445556640625">
        <ele>902</ele>
        <time>2026-02-28T08:44:57.000Z</time>
        <extensions>
          <ns3:TrackPointExtension>
            <ns3:hr>114</ns3:hr>
            <ns3:cad>74</ns3:cad>
          </ns3:TrackPointExtension>
        </extensions>
      </trkpt>
      <trkpt lat="46.09497922472655773162841796875" lon="11.14558495581150054931640625">
        <ele>903.20001220703125</ele>
        <time>2026-02-28T08:45:02.000Z</time>
        <extensions>
          <ns3:TrackPointExtension>
            <ns3:hr>114</ns3:hr>
            <ns3:cad>73</ns3:cad>
          </ns3:TrackPointExtension>
        </extensions>
      </trkpt>
      <trkpt lat="46.09498375095427036285400390625" lon="11.1455802619457244873046875">
        <ele>903.4000244140625</ele>
        <time>2026-02-28T08:45:03.000Z</time>
        <extensions>
          <ns3:TrackPointExtension>
            <ns3:hr>114</ns3:hr>
            <ns3:cad>73</ns3:cad>
          </ns3:TrackPointExtension>
        </extensions>
      </trkpt>
      <trkpt lat="46.09501627273857593536376953125" lon="11.14552636630833148956298828125">
        <ele>904.20001220703125</ele>
        <time>2026-02-28T08:45:08.000Z</time>
        <extensions>
          <ns3:TrackPointExtension>
            <ns3:hr>115</ns3:hr>
            <ns3:cad>43</ns3:cad>
          </ns3:TrackPointExtension>
        </extensions>
      </trkpt>
      <trkpt lat="46.095035634934902191162109375" lon="11.14549334160983562469482421875">
        <ele>904.5999755859375</ele>
        <time>2026-02-28T08:45:11.000Z</time>
        <extensions>
          <ns3:TrackPointExtension>
            <ns3:hr>114</ns3:hr>
            <ns3:cad>43</ns3:cad>
          </ns3:TrackPointExtension>
        </extensions>
      </trkpt>
      <trkpt lat="46.095058433711528778076171875" lon="11.145460903644561767578125">
        <ele>905.4000244140625</ele>
        <time>2026-02-28T08:45:16.000Z</time>
        <extensions>
          <ns3:TrackPointExtension>
            <ns3:hr>115</ns3:hr>
            <ns3:cad>0</ns3:cad>
          </ns3:TrackPointExtension>
        </extensions>
      </trkpt>
      <trkpt lat="46.09506824053823947906494140625" lon="11.14544506184756755828857421875">
        <ele>905.79998779296875</ele>
        <time>2026-02-28T08:45:18.000Z</time>
        <extensions>
          <ns3:TrackPointExtension>
            <ns3:hr>114</ns3:hr>
            <ns3:cad>78</ns3:cad>
          </ns3:TrackPointExtension>
        </extensions>
      </trkpt>
      <trkpt lat="46.09509036876261234283447265625" lon="11.14540734328329563140869140625">
        <ele>906.5999755859375</ele>
        <time>2026-02-28T08:45:22.000Z</time>
        <extensions>
          <ns3:TrackPointExtension>
            <ns3:hr>113</ns3:hr>
            <ns3:cad>78</ns3:cad>
          </ns3:TrackPointExtension>
        </extensions>
      </trkpt>
      <trkpt lat="46.09510160051286220550537109375" lon="11.14538756199181079864501953125">
        <ele>906.79998779296875</ele>
        <time>2026-02-28T08:45:24.000Z</time>
        <extensions>
          <ns3:TrackPointExtension>
            <ns3:hr>112</ns3:hr>
            <ns3:cad>79</ns3:cad>
          </ns3:TrackPointExtension>
        </extensions>
      </trkpt>
      <trkpt lat="46.0951320268213748931884765625" lon="11.1453497596085071563720703125">
        <ele>907.5999755859375</ele>
        <time>2026-02-28T08:45:29.000Z</time>
        <extensions>
          <ns3:TrackPointExtension>
            <ns3:hr>112</ns3:hr>
            <ns3:cad>40</ns3:cad>
          </ns3:TrackPointExtension>
        </extensions>
      </trkpt>
      <trkpt lat="46.095145605504512786865234375" lon="11.14533551037311553955078125">
        <ele>908</ele>
        <time>2026-02-28T08:45:32.000Z</time>
        <extensions>
          <ns3:TrackPointExtension>
            <ns3:hr>113</ns3:hr>
            <ns3:cad>43</ns3:cad>
          </ns3:TrackPointExtension>
        </extensions>
      </trkpt>
      <trkpt lat="46.09516379423439502716064453125" lon="11.1453202553093433380126953125">
        <ele>908.5999755859375</ele>
        <time>2026-02-28T08:45:35.000Z</time>
        <extensions>
          <ns3:TrackPointExtension>
            <ns3:hr>114</ns3:hr>
            <ns3:cad>41</ns3:cad>
          </ns3:TrackPointExtension>
        </extensions>
      </trkpt>
      <trkpt lat="46.095179803669452667236328125" lon="11.14529955200850963592529296875">
        <ele>909.4000244140625</ele>
        <time>2026-02-28T08:45:39.000Z</time>
        <extensions>
          <ns3:TrackPointExtension>
            <ns3:hr>114</ns3:hr>
            <ns3:cad>77</ns3:cad>
          </ns3:TrackPointExtension>
        </extensions>
      </trkpt>
      <trkpt lat="46.0951856710016727447509765625" lon="11.145295612514019012451171875">
        <ele>909.79998779296875</ele>
        <time>2026-02-28T08:45:40.000Z</time>
        <extensions>
          <ns3:TrackPointExtension>
            <ns3:hr>114</ns3:hr>
            <ns3:cad>77</ns3:cad>
          </ns3:TrackPointExtension>
        </extensions>
      </trkpt>
      <trkpt lat="46.09519757330417633056640625" lon="11.145322434604167938232421875">
        <ele>910.79998779296875</ele>
        <time>2026-02-28T08:45:45.000Z</time>
        <extensions>
          <ns3:TrackPointExtension>
            <ns3:hr>114</ns3:hr>
            <ns3:cad>0</ns3:cad>
          </ns3:TrackPointExtension>
        </extensions>
      </trkpt>
      <trkpt lat="46.09519447200000286102294921875" lon="11.145333163440227508544921875">
        <ele>911</ele>
        <time>2026-02-28T08:45:46.000Z</time>
        <extensions>
          <ns3:TrackPointExtension>
            <ns3:hr>114</ns3:hr>
            <ns3:cad>0</ns3:cad>
          </ns3:TrackPointExtension>
        </extensions>
      </trkpt>
      <trkpt lat="46.09519564546644687652587890625" lon="11.14536635577678680419921875">
        <ele>911.79998779296875</ele>
        <time>2026-02-28T08:45:51.000Z</time>
        <extensions>
          <ns3:TrackPointExtension>
            <ns3:hr>113</ns3:hr>
            <ns3:cad>79</ns3:cad>
          </ns3:TrackPointExtension>
        </extensions>
      </trkpt>
      <trkpt lat="46.09518994577229022979736328125" lon="11.14537616260349750518798828125">
        <ele>912.4000244140625</ele>
        <time>2026-02-28T08:45:53.000Z</time>
        <extensions>
          <ns3:TrackPointExtension>
            <ns3:hr>112</ns3:hr>
            <ns3:cad>80</ns3:cad>
          </ns3:TrackPointExtension>
        </extensions>
      </trkpt>
      <trkpt lat="46.09519497491419315338134765625" lon="11.14536727778613567352294921875">
        <ele>912.79998779296875</ele>
        <time>2026-02-28T08:45:55.000Z</time>
        <extensions>
          <ns3:TrackPointExtension>
            <ns3:hr>112</ns3:hr>
            <ns3:cad>80</ns3:cad>
          </ns3:TrackPointExtension>
        </extensions>
      </trkpt>
      <trkpt lat="46.09520268626511096954345703125" lon="11.145362667739391326904296875">
        <ele>913</ele>
        <time>2026-02-28T08:45:56.000Z</time>
        <extensions>
          <ns3:TrackPointExtension>
            <ns3:hr>112</ns3:hr>
            <ns3:cad>80</ns3:cad>
          </ns3:TrackPointExtension>
        </extensions>
      </trkpt>
      <trkpt lat="46.09522079117596149444580078125" lon="11.1453386954963207244873046875">
        <ele>913.79998779296875</ele>
        <time>2026-02-28T08:46:00.000Z</time>
        <extensions>
          <ns3:TrackPointExtension>
            <ns3:hr>111</ns3:hr>
            <ns3:cad>0</ns3:cad>
          </ns3:TrackPointExtension>
        </extensions>
      </trkpt>
      <trkpt lat="46.09523185528814792633056640625" lon="11.1453215964138507843017578125">
        <ele>914.20001220703125</ele>
        <time>2026-02-28T08:46:02.000Z</time>
        <extensions>
          <ns3:TrackPointExtension>
            <ns3:hr>111</ns3:hr>
            <ns3:cad>0</ns3:cad>
          </ns3:TrackPointExtension>
        </extensions>
      </trkpt>
      <trkpt lat="46.0952399857342243194580078125" lon="11.14530474878847599029541015625">
        <ele>915</ele>
        <time>2026-02-28T08:46:06.000Z</time>
        <extensions>
          <ns3:TrackPointExtension>
            <ns3:hr>111</ns3:hr>
            <ns3:cad>0</ns3:cad>
          </ns3:TrackPointExtension>
        </extensions>
      </trkpt>
      <trkpt lat="46.095242165029048919677734375" lon="11.1453004740178585052490234375">
        <ele>915.20001220703125</ele>
        <time>2026-02-28T08:46:07.000Z</time>
        <extensions>
          <ns3:TrackPointExtension>
            <ns3:hr>111</ns3:hr>
            <ns3:cad>0</ns3:cad>
          </ns3:TrackPointExtension>
        </extensions>
      </trkpt>
      <trkpt lat="46.09524987637996673583984375" lon="11.14528681151568889617919921875">
        <ele>916.20001220703125</ele>
        <time>2026-02-28T08:46:12.000Z</time>
        <extensions>
          <ns3:TrackPointExtension>
            <ns3:hr>111</ns3:hr>
            <ns3:cad>0</ns3:cad>
          </ns3:TrackPointExtension>
        </extensions>
      </trkpt>
      <trkpt lat="46.09525381587445735931396484375" lon="11.14528329111635684967041015625">
        <ele>916.4000244140625</ele>
        <time>2026-02-28T08:46:13.000Z</time>
        <extensions>
          <ns3:TrackPointExtension>
            <ns3:hr>111</ns3:hr>
            <ns3:cad>0</ns3:cad>
          </ns3:TrackPointExtension>
        </extensions>
      </trkpt>
      <trkpt lat="46.09527242369949817657470703125" lon="11.1452612467110157012939453125">
        <ele>917.20001220703125</ele>
        <time>2026-02-28T08:46:16.000Z</time>
        <extensions>
          <ns3:TrackPointExtension>
            <ns3:hr>112</ns3:hr>
            <ns3:cad>0</ns3:cad>
          </ns3:TrackPointExtension>
        </extensions>
      </trkpt>
      <trkpt lat="46.09528583474457263946533203125" lon="11.145254038274288177490234375">
        <ele>917.79998779296875</ele>
        <time>2026-02-28T08:46:19.000Z</time>
        <extensions>
          <ns3:TrackPointExtension>
            <ns3:hr>112</ns3:hr>
            <ns3:cad>20</ns3:cad>
          </ns3:TrackPointExtension>
        </extensions>
      </trkpt>
      <trkpt lat="46.09529941342771053314208984375" lon="11.1452407948672771453857421875">
        <ele>918.20001220703125</ele>
        <time>2026-02-28T08:46:22.000Z</time>
        <extensions>
          <ns3:TrackPointExtension>
            <ns3:hr>113</ns3:hr>
            <ns3:cad>47</ns3:cad>
          </ns3:TrackPointExtension>
        </extensions>
      </trkpt>
      <trkpt lat="46.09529974870383739471435546875" lon="11.1452062614262104034423828125">
        <ele>919.20001220703125</ele>
        <time>2026-02-28T08:46:27.000Z</time>
        <extensions>
          <ns3:TrackPointExtension>
            <ns3:hr>112</ns3:hr>
            <ns3:cad>77</ns3:cad>
          </ns3:TrackPointExtension>
        </extensions>
      </trkpt>
      <trkpt lat="46.09529756940901279449462890625" lon="11.14519461058080196380615234375">
        <ele>919.4000244140625</ele>
        <time>2026-02-28T08:46:28.000Z</time>
        <extensions>
          <ns3:TrackPointExtension>
            <ns3:hr>112</ns3:hr>
            <ns3:cad>77</ns3:cad>
          </ns3:TrackPointExtension>
        </extensions>
      </trkpt>
      <trkpt lat="46.09527979977428913116455078125" lon="11.1451278068125247955322265625">
        <ele>920.5999755859375</ele>
        <time>2026-02-28T08:46:34.000Z</time>
        <extensions>
          <ns3:TrackPointExtension>
            <ns3:hr>114</ns3:hr>
            <ns3:cad>74</ns3:cad>
          </ns3:TrackPointExtension>
        </extensions>
      </trkpt>
      <trkpt lat="46.0952798835933208465576171875" lon="11.14508983679115772247314453125">
        <ele>921.5999755859375</ele>
        <time>2026-02-28T08:46:39.000Z</time>
        <extensions>
          <ns3:TrackPointExtension>
            <ns3:hr>116</ns3:hr>
            <ns3:cad>70</ns3:cad>
          </ns3:TrackPointExtension>
        </extensions>
      </trkpt>
      <trkpt lat="46.09527979977428913116455078125" lon="11.14507894031703472137451171875">
        <ele>921.79998779296875</ele>
        <time>2026-02-28T08:46:40.000Z</time>
        <extensions>
          <ns3:TrackPointExtension>
            <ns3:hr>115</ns3:hr>
            <ns3:cad>64</ns3:cad>
          </ns3:TrackPointExtension>
        </extensions>
      </trkpt>
      <trkpt lat="46.0952818952500820159912109375" lon="11.145037449896335601806640625">
        <ele>922.5999755859375</ele>
        <time>2026-02-28T08:46:44.000Z</time>
        <extensions>
          <ns3:TrackPointExtension>
            <ns3:hr>116</ns3:hr>
            <ns3:cad>64</ns3:cad>
          </ns3:TrackPointExtension>
        </extensions>
      </trkpt>
      <trkpt lat="46.0952949710190296173095703125" lon="11.14504490979015827178955078125">
        <ele>923.20001220703125</ele>
        <time>2026-02-28T08:46:47.000Z</time>
        <extensions>
          <ns3:TrackPointExtension>
            <ns3:hr>116</ns3:hr>
            <ns3:cad>0</ns3:cad>
          </ns3:TrackPointExtension>
        </extensions>
      </trkpt>
      <trkpt lat="46.0953103937208652496337890625" lon="11.1450679600238800048828125">
        <ele>923.5999755859375</ele>
        <time>2026-02-28T08:46:50.000Z</time>
        <extensions>
          <ns3:TrackPointExtension>
            <ns3:hr>117</ns3:hr>
            <ns3:cad>70</ns3:cad>
          </ns3:TrackPointExtension>
        </extensions>
      </trkpt>
      <trkpt lat="46.09533394686877727508544921875" lon="11.145094446837902069091796875">
        <ele>924.5999755859375</ele>
        <time>2026-02-28T08:46:56.000Z</time>
        <extensions>
          <ns3:TrackPointExtension>
            <ns3:hr>118</ns3:hr>
            <ns3:cad>72</ns3:cad>
          </ns3:TrackPointExtension>
        </extensions>
      </trkpt>
      <trkpt lat="46.09533931128680706024169921875" lon="11.1451055109500885009765625">
        <ele>924.79998779296875</ele>
        <time>2026-02-28T08:46:57.000Z</time>
        <extensions>
          <ns3:TrackPointExtension>
            <ns3:hr>119</ns3:hr>
            <ns3:cad>72</ns3:cad>
          </ns3:TrackPointExtension>
        </extensions>
      </trkpt>
      <trkpt lat="46.095362193882465362548828125" lon="11.1451341770589351654052734375">
        <ele>925.4000244140625</ele>
        <time>2026-02-28T08:47:01.000Z</time>
        <extensions>
          <ns3:TrackPointExtension>
            <ns3:hr>120</ns3:hr>
            <ns3:cad>69</ns3:cad>
          </ns3:TrackPointExtension>
        </extensions>
      </trkpt>
      <trkpt lat="46.09536747448146343231201171875" lon="11.1451405473053455352783203125">
        <ele>925.79998779296875</ele>
        <time>2026-02-28T08:47:03.000Z</time>
        <extensions>
          <ns3:TrackPointExtension>
            <ns3:hr>120</ns3:hr>
            <ns3:cad>69</ns3:cad>
          </ns3:TrackPointExtension>
        </extensions>
      </trkpt>
      <trkpt lat="46.09539764933288097381591796875" lon="11.14518203772604465484619140625">
        <ele>927</ele>
        <time>2026-02-28T08:47:09.000Z</time>
        <extensions>
          <ns3:TrackPointExtension>
            <ns3:hr>121</ns3:hr>
            <ns3:cad>79</ns3:cad>
          </ns3:TrackPointExtension>
        </extensions>
      </trkpt>
      <trkpt lat="46.09540544450283050537109375" lon="11.14520684815943241119384765625">
        <ele>927.4000244140625</ele>
        <time>2026-02-28T08:47:11.000Z</time>
        <extensions>
          <ns3:TrackPointExtension>
            <ns3:hr>121</ns3:hr>
            <ns3:cad>79</ns3:cad>
          </ns3:TrackPointExtension>
        </extensions>
      </trkpt>
      <trkpt lat="46.09542229212820529937744140625" lon="11.145255379378795623779296875">
        <ele>928</ele>
        <time>2026-02-28T08:47:16.000Z</time>
        <extensions>
          <ns3:TrackPointExtension>
            <ns3:hr>120</ns3:hr>
            <ns3:cad>78</ns3:cad>
          </ns3:TrackPointExtension>
        </extensions>
      </trkpt>
      <trkpt lat="46.09542815946042537689208984375" lon="11.14528932608664035797119140625">
        <ele>928.5999755859375</ele>
        <time>2026-02-28T08:47:19.000Z</time>
        <extensions>
          <ns3:TrackPointExtension>
            <ns3:hr>119</ns3:hr>
            <ns3:cad>79</ns3:cad>
          </ns3:TrackPointExtension>
        </extensions>
      </trkpt>
      <trkpt lat="46.09542950056493282318115234375" lon="11.1453276313841342926025390625">
        <ele>929</ele>
        <time>2026-02-28T08:47:22.000Z</time>
        <extensions>
          <ns3:TrackPointExtension>
            <ns3:hr>118</ns3:hr>
            <ns3:cad>73</ns3:cad>
          </ns3:TrackPointExtension>
        </extensions>
      </trkpt>
      <trkpt lat="46.0954139940440654754638671875" lon="11.1453541181981563568115234375">
        <ele>929.5999755859375</ele>
        <time>2026-02-28T08:47:26.000Z</time>
        <extensions>
          <ns3:TrackPointExtension>
            <ns3:hr>118</ns3:hr>
            <ns3:cad>73</ns3:cad>
          </ns3:TrackPointExtension>
        </extensions>
      </trkpt>
      <trkpt lat="46.0953994095325469970703125" lon="11.1453725583851337432861328125">
        <ele>930.20001220703125</ele>
        <time>2026-02-28T08:47:29.000Z</time>
        <extensions>
          <ns3:TrackPointExtension>
            <ns3:hr>117</ns3:hr>
            <ns3:cad>75</ns3:cad>
          </ns3:TrackPointExtension>
        </extensions>
      </trkpt>
      <trkpt lat="46.0953683964908123016357421875" lon="11.14540650509297847747802734375">
        <ele>931.20001220703125</ele>
        <time>2026-02-28T08:47:34.000Z</time>
        <extensions>
          <ns3:TrackPointExtension>
            <ns3:hr>114</ns3:hr>
            <ns3:cad>43</ns3:cad>
          </ns3:TrackPointExtension>
        </extensions>
      </trkpt>
      <trkpt lat="46.09535506926476955413818359375" lon="11.1454238556325435638427734375">
        <ele>932.4000244140625</ele>
        <time>2026-02-28T08:47:40.000Z</time>
        <extensions>
          <ns3:TrackPointExtension>
            <ns3:hr>114</ns3:hr>
            <ns3:cad>73</ns3:cad>
          </ns3:TrackPointExtension>
        </extensions>
      </trkpt>
      <trkpt lat="46.09535624273121356964111328125" lon="11.145423017442226409912109375">
        <ele>932.5999755859375</ele>
        <time>2026-02-28T08:47:41.000Z</time>
        <extensions>
          <ns3:TrackPointExtension>
            <ns3:hr>117</ns3:hr>
            <ns3:cad>77</ns3:cad>
          </ns3:TrackPointExtension>
        </extensions>
      </trkpt>
      <trkpt lat="46.095364876091480255126953125" lon="11.14540868438780307769775390625">
        <ele>932.79998779296875</ele>
        <time>2026-02-28T08:47:43.000Z</time>
        <extensions>
          <ns3:TrackPointExtension>
            <ns3:hr>121</ns3:hr>
            <ns3:cad>75</ns3:cad>
          </ns3:TrackPointExtension>
        </extensions>
      </trkpt>
      <trkpt lat="46.09538130462169647216796875" lon="11.1453859694302082061767578125">
        <ele>933.5999755859375</ele>
        <time>2026-02-28T08:47:47.000Z</time>
        <extensions>
          <ns3:TrackPointExtension>
            <ns3:hr>123</ns3:hr>
            <ns3:cad>77</ns3:cad>
          </ns3:TrackPointExtension>
        </extensions>
      </trkpt>
      <trkpt lat="46.095406115055084228515625" lon="11.14536501467227935791015625">
        <ele>934.5999755859375</ele>
        <time>2026-02-28T08:47:53.000Z</time>
        <extensions>
          <ns3:TrackPointExtension>
            <ns3:hr>122</ns3:hr>
            <ns3:cad>76</ns3:cad>
          </ns3:TrackPointExtension>
        </extensions>
      </trkpt>
      <trkpt lat="46.09545774757862091064453125" lon="11.14536342211067676544189453125">
        <ele>935.79998779296875</ele>
        <time>2026-02-28T08:47:58.000Z</time>
        <extensions>
          <ns3:TrackPointExtension>
            <ns3:hr>123</ns3:hr>
            <ns3:cad>76</ns3:cad>
          </ns3:TrackPointExtension>
        </extensions>
      </trkpt>
      <trkpt lat="46.09547945670783519744873046875" lon="11.145363338291645050048828125">
        <ele>936.20001220703125</ele>
        <time>2026-02-28T08:48:01.000Z</time>
        <extensions>
          <ns3:TrackPointExtension>
            <ns3:hr>122</ns3:hr>
            <ns3:cad>76</ns3:cad>
          </ns3:TrackPointExtension>
        </extensions>
      </trkpt>
      <trkpt lat="46.09549437649548053741455078125" lon="11.1453611589968204498291015625">
        <ele>936.79998779296875</ele>
        <time>2026-02-28T08:48:03.000Z</time>
        <extensions>
          <ns3:TrackPointExtension>
            <ns3:hr>123</ns3:hr>
            <ns3:cad>76</ns3:cad>
          </ns3:TrackPointExtension>
        </extensions>
      </trkpt>
      <trkpt lat="46.09549270011484622955322265625" lon="11.1453898251056671142578125">
        <ele>938</ele>
        <time>2026-02-28T08:48:09.000Z</time>
        <extensions>
          <ns3:TrackPointExtension>
            <ns3:hr>123</ns3:hr>
            <ns3:cad>74</ns3:cad>
          </ns3:TrackPointExtension>
        </extensions>
      </trkpt>
      <trkpt lat="46.09544089995324611663818359375" lon="11.145422346889972686767578125">
        <ele>939</ele>
        <time>2026-02-28T08:48:15.000Z</time>
        <extensions>
          <ns3:TrackPointExtension>
            <ns3:hr>121</ns3:hr>
            <ns3:cad>69</ns3:cad>
          </ns3:TrackPointExtension>
        </extensions>
      </trkpt>
      <trkpt lat="46.095415838062763214111328125" lon="11.14544472657144069671630859375">
        <ele>939.79998779296875</ele>
        <time>2026-02-28T08:48:20.000Z</time>
        <extensions>
          <ns3:TrackPointExtension>
            <ns3:hr>118</ns3:hr>
            <ns3:cad>69</ns3:cad>
          </ns3:TrackPointExtension>
        </extensions>
      </trkpt>
      <trkpt lat="46.09541089273989200592041015625" lon="11.1454515159130096435546875">
        <ele>939.79998779296875</ele>
        <time>2026-02-28T08:48:21.000Z</time>
        <extensions>
          <ns3:TrackPointExtension>
            <ns3:hr>118</ns3:hr>
            <ns3:cad>41</ns3:cad>
          </ns3:TrackPointExtension>
        </extensions>
      </trkpt>
      <trkpt lat="46.09541005454957485198974609375" lon="11.145455539226531982421875">
        <ele>940.20001220703125</ele>
        <time>2026-02-28T08:48:23.000Z</time>
        <extensions>
          <ns3:TrackPointExtension>
            <ns3:hr>117</ns3:hr>
            <ns3:cad>40</ns3:cad>
          </ns3:TrackPointExtension>
        </extensions>
      </trkpt>
      <trkpt lat="46.0954210348427295684814453125" lon="11.1454473249614238739013671875">
        <ele>941</ele>
        <time>2026-02-28T08:48:27.000Z</time>
        <extensions>
          <ns3:TrackPointExtension>
            <ns3:hr>116</ns3:hr>
            <ns3:cad>78</ns3:cad>
          </ns3:TrackPointExtension>
        </extensions>
      </trkpt>
      <trkpt lat="46.0954408161342144012451171875" lon="11.1454473249614238739013671875">
        <ele>941.4000244140625</ele>
        <time>2026-02-28T08:48:30.000Z</time>
        <extensions>
          <ns3:TrackPointExtension>
            <ns3:hr>116</ns3:hr>
            <ns3:cad>0</ns3:cad>
          </ns3:TrackPointExtension>
        </extensions>
      </trkpt>
      <trkpt lat="46.0954431630671024322509765625" lon="11.14543952979147434234619140625">
        <ele>942</ele>
        <time>2026-02-28T08:48:33.000Z</time>
        <extensions>
          <ns3:TrackPointExtension>
            <ns3:hr>117</ns3:hr>
            <ns3:cad>0</ns3:cad>
          </ns3:TrackPointExtension>
        </extensions>
      </trkpt>
      <trkpt lat="46.095441989600658416748046875" lon="11.145427040755748748779296875">
        <ele>942.4000244140625</ele>
        <time>2026-02-28T08:48:35.000Z</time>
        <extensions>
          <ns3:TrackPointExtension>
            <ns3:hr>117</ns3:hr>
            <ns3:cad>0</ns3:cad>
          </ns3:TrackPointExtension>
        </extensions>
      </trkpt>
      <trkpt lat="46.09544844366610050201416015625" lon="11.1454137973487377166748046875">
        <ele>942.79998779296875</ele>
        <time>2026-02-28T08:48:38.000Z</time>
        <extensions>
          <ns3:TrackPointExtension>
            <ns3:hr>116</ns3:hr>
            <ns3:cad>0</ns3:cad>
          </ns3:TrackPointExtension>
        </extensions>
      </trkpt>
      <trkpt lat="46.09546503983438014984130859375" lon="11.14540834911167621612548828125">
        <ele>943.20001220703125</ele>
        <time>2026-02-28T08:48:42.000Z</time>
        <extensions>
          <ns3:TrackPointExtension>
            <ns3:hr>119</ns3:hr>
            <ns3:cad>71</ns3:cad>
          </ns3:TrackPointExtension>
        </extensions>
      </trkpt>
      <trkpt lat="46.0954699851572513580322265625" lon="11.14540633745491504669189453125">
        <ele>943.4000244140625</ele>
        <time>2026-02-28T08:48:43.000Z</time>
        <extensions>
          <ns3:TrackPointExtension>
            <ns3:hr>120</ns3:hr>
            <ns3:cad>0</ns3:cad>
          </ns3:TrackPointExtension>
        </extensions>
      </trkpt>
      <trkpt lat="46.095503680408000946044921875" lon="11.1453973688185214996337890625">
        <ele>944</ele>
        <time>2026-02-28T08:48:48.000Z</time>
        <extensions>
          <ns3:TrackPointExtension>
            <ns3:hr>121</ns3:hr>
            <ns3:cad>69</ns3:cad>
          </ns3:TrackPointExtension>
        </extensions>
      </trkpt>
      <trkpt lat="46.0955196060240268707275390625" lon="11.14539560861885547637939453125">
        <ele>944.4000244140625</ele>
        <time>2026-02-28T08:48:51.000Z</time>
        <extensions>
          <ns3:TrackPointExtension>
            <ns3:hr>120</ns3:hr>
            <ns3:cad>68</ns3:cad>
          </ns3:TrackPointExtension>
        </extensions>
      </trkpt>
      <trkpt lat="46.095530502498149871826171875" lon="11.145400218665599822998046875">
        <ele>944.79998779296875</ele>
        <time>2026-02-28T08:48:53.000Z</time>
        <extensions>
          <ns3:TrackPointExtension>
            <ns3:hr>120</ns3:hr>
            <ns3:cad>66</ns3:cad>
          </ns3:TrackPointExtension>
        </extensions>
      </trkpt>
      <trkpt lat="46.09555430710315704345703125" lon="11.1454057507216930389404296875">
        <ele>945.5999755859375</ele>
        <time>2026-02-28T08:48:57.000Z</time>
        <extensions>
          <ns3:TrackPointExtension>
            <ns3:hr>118</ns3:hr>
            <ns3:cad>62</ns3:cad>
          </ns3:TrackPointExtension>
        </extensions>
      </trkpt>
      <trkpt lat="46.0955688916146755218505859375" lon="11.1454208381474018096923828125">
        <ele>946</ele>
        <time>2026-02-28T08:49:00.000Z</time>
        <extensions>
          <ns3:TrackPointExtension>
            <ns3:hr>117</ns3:hr>
            <ns3:cad>62</ns3:cad>
          </ns3:TrackPointExtension>
        </extensions>
      </trkpt>
      <trkpt lat="46.09557383693754673004150390625" lon="11.14543248899281024932861328125">
        <ele>946.5999755859375</ele>
        <time>2026-02-28T08:49:03.000Z</time>
        <extensions>
          <ns3:TrackPointExtension>
            <ns3:hr>116</ns3:hr>
            <ns3:cad>0</ns3:cad>
          </ns3:TrackPointExtension>
        </extensions>
      </trkpt>
      <trkpt lat="46.09556830488145351409912109375" lon="11.14544120617210865020751953125">
        <ele>947.20001220703125</ele>
        <time>2026-02-28T08:49:07.000Z</time>
        <extensions>
          <ns3:TrackPointExtension>
            <ns3:hr>114</ns3:hr>
            <ns3:cad>62</ns3:cad>
          </ns3:TrackPointExtension>
        </extensions>
      </trkpt>
      <trkpt lat="46.0955625213682651519775390625" lon="11.1454503424465656280517578125">
        <ele>947.79998779296875</ele>
        <time>2026-02-28T08:49:10.000Z</time>
        <extensions>
          <ns3:TrackPointExtension>
            <ns3:hr>114</ns3:hr>
            <ns3:cad>77</ns3:cad>
          </ns3:TrackPointExtension>
        </extensions>
      </trkpt>
      <trkpt lat="46.09555053524672985076904296875" lon="11.14545528776943683624267578125">
        <ele>948.79998779296875</ele>
        <time>2026-02-28T08:49:15.000Z</time>
        <extensions>
          <ns3:TrackPointExtension>
            <ns3:hr>113</ns3:hr>
            <ns3:cad>78</ns3:cad>
          </ns3:TrackPointExtension>
        </extensions>
      </trkpt>
      <trkpt lat="46.0955444164574146270751953125" lon="11.1454553715884685516357421875">
        <ele>949</ele>
        <time>2026-02-28T08:49:16.000Z</time>
        <extensions>
          <ns3:TrackPointExtension>
            <ns3:hr>114</ns3:hr>
            <ns3:cad>77</ns3:cad>
          </ns3:TrackPointExtension>
        </extensions>
      </trkpt>
      <trkpt lat="46.0955360345542430877685546875" lon="11.1454568803310394287109375">
        <ele>949.4000244140625</ele>
        <time>2026-02-28T08:49:17.000Z</time>
        <extensions>
          <ns3:TrackPointExtension>
            <ns3:hr>114</ns3:hr>
            <ns3:cad>75</ns3:cad>
          </ns3:TrackPointExtension>
        </extensions>
      </trkpt>
      <trkpt lat="46.0955206118524074554443359375" lon="11.14544992335140705108642578125">
        <ele>950</ele>
        <time>2026-02-28T08:49:20.000Z</time>
        <extensions>
          <ns3:TrackPointExtension>
            <ns3:hr>114</ns3:hr>
            <ns3:cad>75</ns3:cad>
          </ns3:TrackPointExtension>
        </extensions>
      </trkpt>
      <trkpt lat="46.09553243033587932586669921875" lon="11.14544816315174102783203125">
        <ele>950.79998779296875</ele>
        <time>2026-02-28T08:49:23.000Z</time>
        <extensions>
          <ns3:TrackPointExtension>
            <ns3:hr>114</ns3:hr>
            <ns3:cad>79</ns3:cad>
          </ns3:TrackPointExtension>
        </extensions>
      </trkpt>
      <trkpt lat="46.09553326852619647979736328125" lon="11.1454335786402225494384765625">
        <ele>951.20001220703125</ele>
        <time>2026-02-28T08:49:24.000Z</time>
        <extensions>
          <ns3:TrackPointExtension>
            <ns3:hr>114</ns3:hr>
            <ns3:cad>72</ns3:cad>
          </ns3:TrackPointExtension>
        </extensions>
      </trkpt>
      <trkpt lat="46.095548607409000396728515625" lon="11.14540549926459789276123046875">
        <ele>951.5999755859375</ele>
        <time>2026-02-28T08:49:28.000Z</time>
        <extensions>
          <ns3:TrackPointExtension>
            <ns3:hr>115</ns3:hr>
            <ns3:cad>76</ns3:cad>
          </ns3:TrackPointExtension>
        </extensions>
      </trkpt>
      <trkpt lat="46.09555874951183795928955078125" lon="11.1453990451991558074951171875">
        <ele>952.20001220703125</ele>
        <time>2026-02-28T08:49:31.000Z</time>
        <extensions>
          <ns3:TrackPointExtension>
            <ns3:hr>116</ns3:hr>
            <ns3:cad>76</ns3:cad>
          </ns3:TrackPointExtension>
        </extensions>
      </trkpt>
      <trkpt lat="46.095574758946895599365234375" lon="11.14539342932403087615966796875">
        <ele>952.5999755859375</ele>
        <time>2026-02-28T08:49:33.000Z</time>
        <extensions>
          <ns3:TrackPointExtension>
            <ns3:hr>116</ns3:hr>
            <ns3:cad>76</ns3:cad>
          </ns3:TrackPointExtension>
        </extensions>
      </trkpt>
      <trkpt lat="46.09560719691216945648193359375" lon="11.1453871428966522216796875">
        <ele>953.20001220703125</ele>
        <time>2026-02-28T08:49:38.000Z</time>
        <extensions>
          <ns3:TrackPointExtension>
            <ns3:hr>115</ns3:hr>
            <ns3:cad>76</ns3:cad>
          </ns3:TrackPointExtension>
        </extensions>
      </trkpt>
      <trkpt lat="46.09561331570148468017578125" lon="11.1453871428966522216796875">
        <ele>953.4000244140625</ele>
        <time>2026-02-28T08:49:39.000Z</time>
        <extensions>
          <ns3:TrackPointExtension>
            <ns3:hr>115</ns3:hr>
            <ns3:cad>78</ns3:cad>
          </ns3:TrackPointExtension>
        </extensions>
      </trkpt>
      <trkpt lat="46.095631755888462066650390625" lon="11.1453983746469020843505859375">
        <ele>954.20001220703125</ele>
        <time>2026-02-28T08:49:44.000Z</time>
        <extensions>
          <ns3:TrackPointExtension>
            <ns3:hr>115</ns3:hr>
            <ns3:cad>40</ns3:cad>
          </ns3:TrackPointExtension>
        </extensions>
      </trkpt>
      <trkpt lat="46.09564952552318572998046875" lon="11.14539829082787036895751953125">
        <ele>955</ele>
        <time>2026-02-28T08:49:48.000Z</time>
        <extensions>
          <ns3:TrackPointExtension>
            <ns3:hr>114</ns3:hr>
            <ns3:cad>78</ns3:cad>
          </ns3:TrackPointExtension>
        </extensions>
      </trkpt>
      <trkpt lat="46.0956570692360401153564453125" lon="11.14540784619748592376708984375">
        <ele>955.4000244140625</ele>
        <time>2026-02-28T08:49:50.000Z</time>
        <extensions>
          <ns3:TrackPointExtension>
            <ns3:hr>115</ns3:hr>
            <ns3:cad>78</ns3:cad>
          </ns3:TrackPointExtension>
        </extensions>
      </trkpt>
      <trkpt lat="46.0956701450049877166748046875" lon="11.14541061222553253173828125">
        <ele>955.79998779296875</ele>
        <time>2026-02-28T08:49:53.000Z</time>
        <extensions>
          <ns3:TrackPointExtension>
            <ns3:hr>116</ns3:hr>
            <ns3:cad>78</ns3:cad>
          </ns3:TrackPointExtension>
        </extensions>
      </trkpt>
      <trkpt lat="46.09569755382835865020751953125" lon="11.14543609321117401123046875">
        <ele>956.5999755859375</ele>
        <time>2026-02-28T08:49:58.000Z</time>
        <extensions>
          <ns3:TrackPointExtension>
            <ns3:hr>115</ns3:hr>
            <ns3:cad>77</ns3:cad>
          </ns3:TrackPointExtension>
        </extensions>
      </trkpt>
      <trkpt lat="46.09568707644939422607421875" lon="11.14544154144823551177978515625">
        <ele>956.79998779296875</ele>
        <time>2026-02-28T08:49:59.000Z</time>
        <extensions>
          <ns3:TrackPointExtension>
            <ns3:hr>115</ns3:hr>
            <ns3:cad>77</ns3:cad>
          </ns3:TrackPointExtension>
        </extensions>
      </trkpt>
      <trkpt lat="46.0956815443933010101318359375" lon="11.1454815231263637542724609375">
        <ele>957.4000244140625</ele>
        <time>2026-02-28T08:50:04.000Z</time>
        <extensions>
          <ns3:TrackPointExtension>
            <ns3:hr>115</ns3:hr>
            <ns3:cad>72</ns3:cad>
          </ns3:TrackPointExtension>
        </extensions>
      </trkpt>
      <trkpt lat="46.09567458741366863250732421875" lon="11.14549241960048675537109375">
        <ele>957.5999755859375</ele>
        <time>2026-02-28T08:50:06.000Z</time>
        <extensions>
          <ns3:TrackPointExtension>
            <ns3:hr>115</ns3:hr>
            <ns3:cad>73</ns3:cad>
          </ns3:TrackPointExtension>
        </extensions>
      </trkpt>
      <trkpt lat="46.09566067345440387725830078125" lon="11.14551681093871593475341796875">
        <ele>958.79998779296875</ele>
        <time>2026-02-28T08:50:11.000Z</time>
        <extensions>
          <ns3:TrackPointExtension>
            <ns3:hr>115</ns3:hr>
            <ns3:cad>70</ns3:cad>
          </ns3:TrackPointExtension>
        </extensions>
      </trkpt>
      <trkpt lat="46.09565698541700839996337890625" lon="11.14550339989364147186279296875">
        <ele>959.79998779296875</ele>
        <time>2026-02-28T08:50:15.000Z</time>
        <extensions>
          <ns3:TrackPointExtension>
            <ns3:hr>115</ns3:hr>
            <ns3:cad>75</ns3:cad>
          </ns3:TrackPointExtension>
        </extensions>
      </trkpt>
      <trkpt lat="46.09567039646208286285400390625" lon="11.1454764939844608306884765625">
        <ele>960.5999755859375</ele>
        <time>2026-02-28T08:50:19.000Z</time>
        <extensions>
          <ns3:TrackPointExtension>
            <ns3:hr>114</ns3:hr>
            <ns3:cad>73</ns3:cad>
          </ns3:TrackPointExtension>
        </extensions>
      </trkpt>
      <trkpt lat="46.09568598680198192596435546875" lon="11.14546266384422779083251953125">
        <ele>960.79998779296875</ele>
        <time>2026-02-28T08:50:21.000Z</time>
        <extensions>
          <ns3:TrackPointExtension>
            <ns3:hr>114</ns3:hr>
            <ns3:cad>75</ns3:cad>
          </ns3:TrackPointExtension>
        </extensions>
      </trkpt>
      <trkpt lat="46.0956986434757709503173828125" lon="11.14544975571334362030029296875">
        <ele>961.4000244140625</ele>
        <time>2026-02-28T08:50:24.000Z</time>
        <extensions>
          <ns3:TrackPointExtension>
            <ns3:hr>114</ns3:hr>
            <ns3:cad>70</ns3:cad>
          </ns3:TrackPointExtension>
        </extensions>
      </trkpt>
      <trkpt lat="46.0957140661776065826416015625" lon="11.1454315669834613800048828125">
        <ele>962</ele>
        <time>2026-02-28T08:50:27.000Z</time>
        <extensions>
          <ns3:TrackPointExtension>
            <ns3:hr>113</ns3:hr>
            <ns3:cad>0</ns3:cad>
          </ns3:TrackPointExtension>
        </extensions>
      </trkpt>
      <trkpt lat="46.09572420828044414520263671875" lon="11.14542326889932155609130859375">
        <ele>962.4000244140625</ele>
        <time>2026-02-28T08:50:29.000Z</time>
        <extensions>
          <ns3:TrackPointExtension>
            <ns3:hr>114</ns3:hr>
            <ns3:cad>69</ns3:cad>
          </ns3:TrackPointExtension>
        </extensions>
      </trkpt>
      <trkpt lat="46.0957599990069866180419921875" lon="11.145420335233211517333984375">
        <ele>963</ele>
        <time>2026-02-28T08:50:35.000Z</time>
        <extensions>
          <ns3:TrackPointExtension>
            <ns3:hr>114</ns3:hr>
            <ns3:cad>79</ns3:cad>
          </ns3:TrackPointExtension>
        </extensions>
      </trkpt>
      <trkpt lat="46.09576896764338016510009765625" lon="11.1454191617667675018310546875">
        <ele>963.20001220703125</ele>
        <time>2026-02-28T08:50:36.000Z</time>
        <extensions>
          <ns3:TrackPointExtension>
            <ns3:hr>113</ns3:hr>
            <ns3:cad>79</ns3:cad>
          </ns3:TrackPointExtension>
        </extensions>
      </trkpt>
      <trkpt lat="46.095803081989288330078125" lon="11.1454193294048309326171875">
        <ele>964.20001220703125</ele>
        <time>2026-02-28T08:50:42.000Z</time>
        <extensions>
          <ns3:TrackPointExtension>
            <ns3:hr>114</ns3:hr>
            <ns3:cad>77</ns3:cad>
          </ns3:TrackPointExtension>
        </extensions>
      </trkpt>
      <trkpt lat="46.09580467455089092254638671875" lon="11.1454265378415584564208984375">
        <ele>964.4000244140625</ele>
        <time>2026-02-28T08:50:43.000Z</time>
        <extensions>
          <ns3:TrackPointExtension>
            <ns3:hr>113</ns3:hr>
            <ns3:cad>0</ns3:cad>
          </ns3:TrackPointExtension>
        </extensions>
      </trkpt>
      <trkpt lat="46.0958243720233440399169921875" lon="11.1454702913761138916015625">
        <ele>965.20001220703125</ele>
        <time>2026-02-28T08:50:47.000Z</time>
        <extensions>
          <ns3:TrackPointExtension>
            <ns3:hr>114</ns3:hr>
            <ns3:cad>0</ns3:cad>
          </ns3:TrackPointExtension>
        </extensions>
      </trkpt>
      <trkpt lat="46.095818839967250823974609375" lon="11.14547607488930225372314453125">
        <ele>965.4000244140625</ele>
        <time>2026-02-28T08:50:48.000Z</time>
        <extensions>
          <ns3:TrackPointExtension>
            <ns3:hr>115</ns3:hr>
            <ns3:cad>0</ns3:cad>
          </ns3:TrackPointExtension>
        </extensions>
      </trkpt>
      <trkpt lat="46.095781624317169189453125" lon="11.14550222642719745635986328125">
        <ele>966.4000244140625</ele>
        <time>2026-02-28T08:50:54.000Z</time>
        <extensions>
          <ns3:TrackPointExtension>
            <ns3:hr>114</ns3:hr>
            <ns3:cad>72</ns3:cad>
          </ns3:TrackPointExtension>
        </extensions>
      </trkpt>
      <trkpt lat="46.09577751718461513519287109375" lon="11.1455080099403858184814453125">
        <ele>966.4000244140625</ele>
        <time>2026-02-28T08:50:55.000Z</time>
        <extensions>
          <ns3:TrackPointExtension>
            <ns3:hr>114</ns3:hr>
            <ns3:cad>72</ns3:cad>
          </ns3:TrackPointExtension>
        </extensions>
      </trkpt>
      <trkpt lat="46.0957767628133296966552734375" lon="11.145519576966762542724609375">
        <ele>967.4000244140625</ele>
        <time>2026-02-28T08:51:00.000Z</time>
        <extensions>
          <ns3:TrackPointExtension>
            <ns3:hr>114</ns3:hr>
            <ns3:cad>79</ns3:cad>
          </ns3:TrackPointExtension>
        </extensions>
      </trkpt>
      <trkpt lat="46.09580182470381259918212890625" lon="11.14552184008061885833740234375">
        <ele>968.4000244140625</ele>
        <time>2026-02-28T08:51:06.000Z</time>
        <extensions>
          <ns3:TrackPointExtension>
            <ns3:hr>115</ns3:hr>
            <ns3:cad>0</ns3:cad>
          </ns3:TrackPointExtension>
        </extensions>
      </trkpt>
      <trkpt lat="46.09580869786441326141357421875" lon="11.1455194093286991119384765625">
        <ele>968.5999755859375</ele>
        <time>2026-02-28T08:51:07.000Z</time>
        <extensions>
          <ns3:TrackPointExtension>
            <ns3:hr>115</ns3:hr>
            <ns3:cad>0</ns3:cad>
          </ns3:TrackPointExtension>
        </extensions>
      </trkpt>
      <trkpt lat="46.09583551995456218719482421875" lon="11.145504154264926910400390625">
        <ele>969.4000244140625</ele>
        <time>2026-02-28T08:51:12.000Z</time>
        <extensions>
          <ns3:TrackPointExtension>
            <ns3:hr>116</ns3:hr>
            <ns3:cad>0</ns3:cad>
          </ns3:TrackPointExtension>
        </extensions>
      </trkpt>
      <trkpt lat="46.0958438180387020111083984375" lon="11.14549719728529453277587890625">
        <ele>969.5999755859375</ele>
        <time>2026-02-28T08:51:13.000Z</time>
        <extensions>
          <ns3:TrackPointExtension>
            <ns3:hr>116</ns3:hr>
            <ns3:cad>0</ns3:cad>
          </ns3:TrackPointExtension>
        </extensions>
      </trkpt>
      <trkpt lat="46.09587424434721469879150390625" lon="11.145485378801822662353515625">
        <ele>970.5999755859375</ele>
        <time>2026-02-28T08:51:18.000Z</time>
        <extensions>
          <ns3:TrackPointExtension>
            <ns3:hr>116</ns3:hr>
            <ns3:cad>0</ns3:cad>
          </ns3:TrackPointExtension>
        </extensions>
      </trkpt>
      <trkpt lat="46.0958729870617389678955078125" lon="11.14549200050532817840576171875">
        <ele>970.79998779296875</ele>
        <time>2026-02-28T08:51:19.000Z</time>
        <extensions>
          <ns3:TrackPointExtension>
            <ns3:hr>116</ns3:hr>
            <ns3:cad>0</ns3:cad>
          </ns3:TrackPointExtension>
        </extensions>
      </trkpt>
      <trkpt lat="46.09588027931749820709228515625" lon="11.14553173072636127471923828125">
        <ele>971.4000244140625</ele>
        <time>2026-02-28T08:51:26.000Z</time>
        <extensions>
          <ns3:TrackPointExtension>
            <ns3:hr>117</ns3:hr>
            <ns3:cad>0</ns3:cad>
          </ns3:TrackPointExtension>
        </extensions>
      </trkpt>
      <trkpt lat="46.095870472490787506103515625" lon="11.1455509252846240997314453125">
        <ele>972</ele>
        <time>2026-02-28T08:51:29.000Z</time>
        <extensions>
          <ns3:TrackPointExtension>
            <ns3:hr>117</ns3:hr>
            <ns3:cad>76</ns3:cad>
          </ns3:TrackPointExtension>
        </extensions>
      </trkpt>
      <trkpt lat="46.09585932455956935882568359375" lon="11.1455609835684299468994140625">
        <ele>972.5999755859375</ele>
        <time>2026-02-28T08:51:33.000Z</time>
        <extensions>
          <ns3:TrackPointExtension>
            <ns3:hr>117</ns3:hr>
            <ns3:cad>72</ns3:cad>
          </ns3:TrackPointExtension>
        </extensions>
      </trkpt>
      <trkpt lat="46.09584624879062175750732421875" lon="11.1455737240612506866455078125">
        <ele>973.20001220703125</ele>
        <time>2026-02-28T08:51:36.000Z</time>
        <extensions>
          <ns3:TrackPointExtension>
            <ns3:hr>117</ns3:hr>
            <ns3:cad>72</ns3:cad>
          </ns3:TrackPointExtension>
        </extensions>
      </trkpt>
      <trkpt lat="46.09585127793252468109130859375" lon="11.1455748975276947021484375">
        <ele>973.5999755859375</ele>
        <time>2026-02-28T08:51:38.000Z</time>
        <extensions>
          <ns3:TrackPointExtension>
            <ns3:hr>117</ns3:hr>
            <ns3:cad>74</ns3:cad>
          </ns3:TrackPointExtension>
        </extensions>
      </trkpt>
      <trkpt lat="46.09586368314921855926513671875" lon="11.1455673538148403167724609375">
        <ele>974.20001220703125</ele>
        <time>2026-02-28T08:51:41.000Z</time>
        <extensions>
          <ns3:TrackPointExtension>
            <ns3:hr>117</ns3:hr>
            <ns3:cad>76</ns3:cad>
          </ns3:TrackPointExtension>
        </extensions>
      </trkpt>
      <trkpt lat="46.0958582349121570587158203125" lon="11.14555905573070049285888671875">
        <ele>974.4000244140625</ele>
        <time>2026-02-28T08:51:43.000Z</time>
        <extensions>
          <ns3:TrackPointExtension>
            <ns3:hr>118</ns3:hr>
            <ns3:cad>0</ns3:cad>
          </ns3:TrackPointExtension>
        </extensions>
      </trkpt>
      <trkpt lat="46.0958468355238437652587890625" lon="11.1455391906201839447021484375">
        <ele>974.20001220703125</ele>
        <time>2026-02-28T08:51:49.000Z</time>
        <extensions>
          <ns3:TrackPointExtension>
            <ns3:hr>119</ns3:hr>
            <ns3:cad>0</ns3:cad>
          </ns3:TrackPointExtension>
        </extensions>
      </trkpt>
      <trkpt lat="46.0958612523972988128662109375" lon="11.14551521837711334228515625">
        <ele>974.4000244140625</ele>
        <time>2026-02-28T08:51:56.000Z</time>
        <extensions>
          <ns3:TrackPointExtension>
            <ns3:hr>118</ns3:hr>
            <ns3:cad>0</ns3:cad>
          </ns3:TrackPointExtension>
        </extensions>
      </trkpt>
      <trkpt lat="46.09585429541766643524169921875" lon="11.14552452228963375091552734375">
        <ele>974.20001220703125</ele>
        <time>2026-02-28T08:52:02.000Z</time>
        <extensions>
          <ns3:TrackPointExtension>
            <ns3:hr>114</ns3:hr>
            <ns3:cad>0</ns3:cad>
          </ns3:TrackPointExtension>
        </extensions>
      </trkpt>
      <trkpt lat="46.095851361751556396484375" lon="11.145528964698314666748046875">
        <ele>974.20001220703125</ele>
        <time>2026-02-28T08:52:04.000Z</time>
        <extensions>
          <ns3:TrackPointExtension>
            <ns3:hr>111</ns3:hr>
            <ns3:cad>0</ns3:cad>
          </ns3:TrackPointExtension>
        </extensions>
      </trkpt>
      <trkpt lat="46.095853708684444427490234375" lon="11.145533658564090728759765625">
        <ele>974.20001220703125</ele>
        <time>2026-02-28T08:52:06.000Z</time>
        <extensions>
          <ns3:TrackPointExtension>
            <ns3:hr>108</ns3:hr>
            <ns3:cad>0</ns3:cad>
          </ns3:TrackPointExtension>
        </extensions>
      </trkpt>
      <trkpt lat="46.09585949219763278961181640625" lon="11.14553726278245449066162109375">
        <ele>974.20001220703125</ele>
        <time>2026-02-28T08:52:07.000Z</time>
        <extensions>
          <ns3:TrackPointExtension>
            <ns3:hr>107</ns3:hr>
            <ns3:cad>0</ns3:cad>
          </ns3:TrackPointExtension>
        </extensions>
      </trkpt>
      <trkpt lat="46.0958662815392017364501953125" lon="11.14554145373404026031494140625">
        <ele>974.20001220703125</ele>
        <time>2026-02-28T08:52:10.000Z</time>
        <extensions>
          <ns3:TrackPointExtension>
            <ns3:hr>104</ns3:hr>
            <ns3:cad>0</ns3:cad>
          </ns3:TrackPointExtension>
        </extensions>
      </trkpt>
      <trkpt lat="46.0958615876734256744384765625" lon="11.1455405317246913909912109375">
        <ele>974.20001220703125</ele>
        <time>2026-02-28T08:52:13.000Z</time>
        <extensions>
          <ns3:TrackPointExtension>
            <ns3:hr>104</ns3:hr>
            <ns3:cad>0</ns3:cad>
          </ns3:TrackPointExtension>
        </extensions>
      </trkpt>
      <trkpt lat="46.0958580672740936279296875" lon="11.1455333232879638671875">
        <ele>974</ele>
        <time>2026-02-28T08:52:22.000Z</time>
        <extensions>
          <ns3:TrackPointExtension>
            <ns3:hr>101</ns3:hr>
            <ns3:cad>0</ns3:cad>
          </ns3:TrackPointExtension>
        </extensions>
      </trkpt>
      <trkpt lat="46.09585630707442760467529296875" lon="11.14553290419280529022216796875">
        <ele>974</ele>
        <time>2026-02-28T08:52:23.000Z</time>
        <extensions>
          <ns3:TrackPointExtension>
            <ns3:hr>101</ns3:hr>
            <ns3:cad>0</ns3:cad>
          </ns3:TrackPointExtension>
        </extensions>
      </trkpt>
      <trkpt lat="46.095854379236698150634765625" lon="11.1455427110195159912109375">
        <ele>974</ele>
        <time>2026-02-28T08:52:27.000Z</time>
        <extensions>
          <ns3:TrackPointExtension>
            <ns3:hr>98</ns3:hr>
            <ns3:cad>0</ns3:cad>
          </ns3:TrackPointExtension>
        </extensions>
      </trkpt>
      <trkpt lat="46.0958538763225078582763671875" lon="11.1455427110195159912109375">
        <ele>974</ele>
        <time>2026-02-28T08:52:29.000Z</time>
        <extensions>
          <ns3:TrackPointExtension>
            <ns3:hr>95</ns3:hr>
            <ns3:cad>0</ns3:cad>
          </ns3:TrackPointExtension>
        </extensions>
      </trkpt>
      <trkpt lat="46.09585848636925220489501953125" lon="11.145556457340717315673828125">
        <ele>973.5999755859375</ele>
        <time>2026-02-28T08:52:32.000Z</time>
        <extensions>
          <ns3:TrackPointExtension>
            <ns3:hr>93</ns3:hr>
            <ns3:cad>0</ns3:cad>
          </ns3:TrackPointExtension>
        </extensions>
      </trkpt>
      <trkpt lat="46.09586183913052082061767578125" lon="11.14554866217076778411865234375">
        <ele>973</ele>
        <time>2026-02-28T08:52:36.000Z</time>
        <extensions>
          <ns3:TrackPointExtension>
            <ns3:hr>92</ns3:hr>
            <ns3:cad>0</ns3:cad>
          </ns3:TrackPointExtension>
        </extensions>
      </trkpt>
      <trkpt lat="46.0958656109869480133056640625" lon="11.14554765634238719940185546875">
        <ele>973</ele>
        <time>2026-02-28T08:52:38.000Z</time>
        <extensions>
          <ns3:TrackPointExtension>
            <ns3:hr>91</ns3:hr>
            <ns3:cad>0</ns3:cad>
          </ns3:TrackPointExtension>
        </extensions>
      </trkpt>
      <trkpt lat="46.09586502425372600555419921875" lon="11.1455385200679302215576171875">
        <ele>973</ele>
        <time>2026-02-28T08:52:46.000Z</time>
        <extensions>
          <ns3:TrackPointExtension>
            <ns3:hr>90</ns3:hr>
            <ns3:cad>0</ns3:cad>
          </ns3:TrackPointExtension>
        </extensions>
      </trkpt>
      <trkpt lat="46.095865778625011444091796875" lon="11.14553458057343959808349609375">
        <ele>972.4000244140625</ele>
        <time>2026-02-28T08:52:54.000Z</time>
        <extensions>
          <ns3:TrackPointExtension>
            <ns3:hr>89</ns3:hr>
            <ns3:cad>0</ns3:cad>
          </ns3:TrackPointExtension>
        </extensions>
      </trkpt>
      <trkpt lat="46.095878519117832183837890625" lon="11.14554346539080142974853515625">
        <ele>972</ele>
        <time>2026-02-28T08:53:01.000Z</time>
        <extensions>
          <ns3:TrackPointExtension>
            <ns3:hr>88</ns3:hr>
            <ns3:cad>0</ns3:cad>
          </ns3:TrackPointExtension>
        </extensions>
      </trkpt>
      <trkpt lat="46.09588011167943477630615234375" lon="11.1455412022769451141357421875">
        <ele>971.79998779296875</ele>
        <time>2026-02-28T08:53:05.000Z</time>
        <extensions>
          <ns3:TrackPointExtension>
            <ns3:hr>87</ns3:hr>
            <ns3:cad>0</ns3:cad>
          </ns3:TrackPointExtension>
        </extensions>
      </trkpt>
      <trkpt lat="46.095868460834026336669921875" lon="11.1455482430756092071533203125">
        <ele>971.4000244140625</ele>
        <time>2026-02-28T08:53:15.000Z</time>
        <extensions>
          <ns3:TrackPointExtension>
            <ns3:hr>88</ns3:hr>
            <ns3:cad>0</ns3:cad>
          </ns3:TrackPointExtension>
        </extensions>
      </trkpt>
      <trkpt lat="46.09587080776691436767578125" lon="11.1455643363296985626220703125">
        <ele>971</ele>
        <time>2026-02-28T08:53:19.000Z</time>
        <extensions>
          <ns3:TrackPointExtension>
            <ns3:hr>88</ns3:hr>
            <ns3:cad>0</ns3:cad>
          </ns3:TrackPointExtension>
        </extensions>
      </trkpt>
      <trkpt lat="46.09587390907108783721923828125" lon="11.145568527281284332275390625">
        <ele>970.5999755859375</ele>
        <time>2026-02-28T08:53:25.000Z</time>
        <extensions>
          <ns3:TrackPointExtension>
            <ns3:hr>85</ns3:hr>
            <ns3:cad>0</ns3:cad>
          </ns3:TrackPointExtension>
        </extensions>
      </trkpt>
      <trkpt lat="46.09587793238461017608642578125" lon="11.1455963551998138427734375">
        <ele>970.20001220703125</ele>
        <time>2026-02-28T08:53:33.000Z</time>
        <extensions>
          <ns3:TrackPointExtension>
            <ns3:hr>84</ns3:hr>
            <ns3:cad>0</ns3:cad>
          </ns3:TrackPointExtension>
        </extensions>
      </trkpt>
      <trkpt lat="46.09588145278394222259521484375" lon="11.14565846510231494903564453125">
        <ele>970.20001220703125</ele>
        <time>2026-02-28T08:53:40.000Z</time>
        <extensions>
          <ns3:TrackPointExtension>
            <ns3:hr>85</ns3:hr>
            <ns3:cad>0</ns3:cad>
          </ns3:TrackPointExtension>
        </extensions>
      </trkpt>
      <trkpt lat="46.0958166606724262237548828125" lon="11.145767681300640106201171875">
        <ele>970</ele>
        <time>2026-02-28T08:53:43.000Z</time>
        <extensions>
          <ns3:TrackPointExtension>
            <ns3:hr>88</ns3:hr>
            <ns3:cad>0</ns3:cad>
          </ns3:TrackPointExtension>
        </extensions>
      </trkpt>
      <trkpt lat="46.095865108072757720947265625" lon="11.14573691971600055694580078125">
        <ele>969.79998779296875</ele>
        <time>2026-02-28T08:53:47.000Z</time>
        <extensions>
          <ns3:TrackPointExtension>
            <ns3:hr>90</ns3:hr>
            <ns3:cad>0</ns3:cad>
          </ns3:TrackPointExtension>
        </extensions>
      </trkpt>
      <trkpt lat="46.09596141614019870758056640625" lon="11.14562259055674076080322265625">
        <ele>969</ele>
        <time>2026-02-28T08:53:56.000Z</time>
        <extensions>
          <ns3:TrackPointExtension>
            <ns3:hr>88</ns3:hr>
            <ns3:cad>0</ns3:cad>
          </ns3:TrackPointExtension>
        </extensions>
      </trkpt>
      <trkpt lat="46.0959765873849391937255859375" lon="11.14561739377677440643310546875">
        <ele>968.79998779296875</ele>
        <time>2026-02-28T08:53:57.000Z</time>
        <extensions>
          <ns3:TrackPointExtension>
            <ns3:hr>88</ns3:hr>
            <ns3:cad>0</ns3:cad>
          </ns3:TrackPointExtension>
        </extensions>
      </trkpt>
      <trkpt lat="46.09599888324737548828125" lon="11.1456499993801116943359375">
        <ele>968</ele>
        <time>2026-02-28T08:54:04.000Z</time>
        <extensions>
          <ns3:TrackPointExtension>
            <ns3:hr>88</ns3:hr>
            <ns3:cad>0</ns3:cad>
          </ns3:TrackPointExtension>
        </extensions>
      </trkpt>
      <trkpt lat="46.09595219604671001434326171875" lon="11.14555670879781246185302734375">
        <ele>967.20001220703125</ele>
        <time>2026-02-28T08:54:10.000Z</time>
        <extensions>
          <ns3:TrackPointExtension>
            <ns3:hr>91</ns3:hr>
            <ns3:cad>0</ns3:cad>
          </ns3:TrackPointExtension>
        </extensions>
      </trkpt>
      <trkpt lat="46.0959336720407009124755859375" lon="11.14552016369998455047607421875">
        <ele>966.79998779296875</ele>
        <time>2026-02-28T08:54:12.000Z</time>
        <extensions>
          <ns3:TrackPointExtension>
            <ns3:hr>91</ns3:hr>
            <ns3:cad>0</ns3:cad>
          </ns3:TrackPointExtension>
        </extensions>
      </trkpt>
      <trkpt lat="46.09590257517993450164794921875" lon="11.1455239355564117431640625">
        <ele>965.79998779296875</ele>
        <time>2026-02-28T08:54:20.000Z</time>
        <extensions>
          <ns3:TrackPointExtension>
            <ns3:hr>92</ns3:hr>
            <ns3:cad>0</ns3:cad>
          </ns3:TrackPointExtension>
        </extensions>
      </trkpt>
      <trkpt lat="46.095891930162906646728515625" lon="11.145563833415508270263671875">
        <ele>964.79998779296875</ele>
        <time>2026-02-28T08:54:29.000Z</time>
        <extensions>
          <ns3:TrackPointExtension>
            <ns3:hr>92</ns3:hr>
            <ns3:cad>0</ns3:cad>
          </ns3:TrackPointExtension>
        </extensions>
      </trkpt>
      <trkpt lat="46.09589452855288982391357421875" lon="11.1456240154802799224853515625">
        <ele>964</ele>
        <time>2026-02-28T08:54:38.000Z</time>
        <extensions>
          <ns3:TrackPointExtension>
            <ns3:hr>94</ns3:hr>
            <ns3:cad>0</ns3:cad>
          </ns3:TrackPointExtension>
        </extensions>
      </trkpt>
      <trkpt lat="46.09589553438127040863037109375" lon="11.1456070840358734130859375">
        <ele>963.79998779296875</ele>
        <time>2026-02-28T08:54:40.000Z</time>
        <extensions>
          <ns3:TrackPointExtension>
            <ns3:hr>94</ns3:hr>
            <ns3:cad>0</ns3:cad>
          </ns3:TrackPointExtension>
        </extensions>
      </trkpt>
      <trkpt lat="46.0958969593048095703125" lon="11.1455951817333698272705078125">
        <ele>963.20001220703125</ele>
        <time>2026-02-28T08:54:46.000Z</time>
        <extensions>
          <ns3:TrackPointExtension>
            <ns3:hr>93</ns3:hr>
            <ns3:cad>0</ns3:cad>
          </ns3:TrackPointExtension>
        </extensions>
      </trkpt>
      <trkpt lat="46.09589494764804840087890625" lon="11.14559560082852840423583984375">
        <ele>962.5999755859375</ele>
        <time>2026-02-28T08:54:54.000Z</time>
        <extensions>
          <ns3:TrackPointExtension>
            <ns3:hr>91</ns3:hr>
            <ns3:cad>0</ns3:cad>
          </ns3:TrackPointExtension>
        </extensions>
      </trkpt>
      <trkpt lat="46.09589737839996814727783203125" lon="11.1456005461513996124267578125">
        <ele>962.4000244140625</ele>
        <time>2026-02-28T08:54:56.000Z</time>
        <extensions>
          <ns3:TrackPointExtension>
            <ns3:hr>91</ns3:hr>
            <ns3:cad>0</ns3:cad>
          </ns3:TrackPointExtension>
        </extensions>
      </trkpt>
      <trkpt lat="46.09590039588510990142822265625" lon="11.14560431800782680511474609375">
        <ele>962</ele>
        <time>2026-02-28T08:55:02.000Z</time>
        <extensions>
          <ns3:TrackPointExtension>
            <ns3:hr>88</ns3:hr>
            <ns3:cad>0</ns3:cad>
          </ns3:TrackPointExtension>
        </extensions>
      </trkpt>
      <trkpt lat="46.095903329551219940185546875" lon="11.145602054893970489501953125">
        <ele>961.79998779296875</ele>
        <time>2026-02-28T08:55:05.000Z</time>
        <extensions>
          <ns3:TrackPointExtension>
            <ns3:hr>86</ns3:hr>
            <ns3:cad>0</ns3:cad>
          </ns3:TrackPointExtension>
        </extensions>
      </trkpt>
      <trkpt lat="46.095906011760234832763671875" lon="11.14560314454138278961181640625">
        <ele>961.5999755859375</ele>
        <time>2026-02-28T08:55:09.000Z</time>
        <extensions>
          <ns3:TrackPointExtension>
            <ns3:hr>84</ns3:hr>
            <ns3:cad>0</ns3:cad>
          </ns3:TrackPointExtension>
        </extensions>
      </trkpt>
      <trkpt lat="46.09590257517993450164794921875" lon="11.14561269991099834442138671875">
        <ele>961.4000244140625</ele>
        <time>2026-02-28T08:55:15.000Z</time>
        <extensions>
          <ns3:TrackPointExtension>
            <ns3:hr>83</ns3:hr>
            <ns3:cad>0</ns3:cad>
          </ns3:TrackPointExtension>
        </extensions>
      </trkpt>
      <trkpt lat="46.0958998091518878936767578125" lon="11.1456069163978099822998046875">
        <ele>961</ele>
        <time>2026-02-28T08:55:26.000Z</time>
        <extensions>
          <ns3:TrackPointExtension>
            <ns3:hr>84</ns3:hr>
            <ns3:cad>0</ns3:cad>
          </ns3:TrackPointExtension>
        </extensions>
      </trkpt>
      <trkpt lat="46.09590433537960052490234375" lon="11.14559610374271869659423828125">
        <ele>960.79998779296875</ele>
        <time>2026-02-28T08:55:34.000Z</time>
        <extensions>
          <ns3:TrackPointExtension>
            <ns3:hr>84</ns3:hr>
            <ns3:cad>0</ns3:cad>
          </ns3:TrackPointExtension>
        </extensions>
      </trkpt>
      <trkpt lat="46.0959031619131565093994140625" lon="11.14558386616408824920654296875">
        <ele>960.5999755859375</ele>
        <time>2026-02-28T08:55:40.000Z</time>
        <extensions>
          <ns3:TrackPointExtension>
            <ns3:hr>84</ns3:hr>
            <ns3:cad>0</ns3:cad>
          </ns3:TrackPointExtension>
        </extensions>
      </trkpt>
      <trkpt lat="46.09590291045606136322021484375" lon="11.14558503963053226470947265625">
        <ele>960.5999755859375</ele>
        <time>2026-02-28T08:55:44.000Z</time>
        <extensions>
          <ns3:TrackPointExtension>
            <ns3:hr>83</ns3:hr>
            <ns3:cad>0</ns3:cad>
          </ns3:TrackPointExtension>
        </extensions>
      </trkpt>
      <trkpt lat="46.0959105379879474639892578125" lon="11.14557011984288692474365234375">
        <ele>960.79998779296875</ele>
        <time>2026-02-28T08:55:49.000Z</time>
        <extensions>
          <ns3:TrackPointExtension>
            <ns3:hr>83</ns3:hr>
            <ns3:cad>0</ns3:cad>
          </ns3:TrackPointExtension>
        </extensions>
      </trkpt>
      <trkpt lat="46.0959544591605663299560546875" lon="11.14553265273571014404296875">
        <ele>961.79998779296875</ele>
        <time>2026-02-28T08:55:55.000Z</time>
        <extensions>
          <ns3:TrackPointExtension>
            <ns3:hr>83</ns3:hr>
            <ns3:cad>73</ns3:cad>
          </ns3:TrackPointExtension>
        </extensions>
      </trkpt>
      <trkpt lat="46.09595772810280323028564453125" lon="11.14553223364055156707763671875">
        <ele>961.79998779296875</ele>
        <time>2026-02-28T08:55:56.000Z</time>
        <extensions>
          <ns3:TrackPointExtension>
            <ns3:hr>82</ns3:hr>
            <ns3:cad>40</ns3:cad>
          </ns3:TrackPointExtension>
        </extensions>
      </trkpt>
      <trkpt lat="46.09597113914787769317626953125" lon="11.14551723003387451171875">
        <ele>962.79998779296875</ele>
        <time>2026-02-28T08:56:01.000Z</time>
        <extensions>
          <ns3:TrackPointExtension>
            <ns3:hr>85</ns3:hr>
            <ns3:cad>79</ns3:cad>
          </ns3:TrackPointExtension>
        </extensions>
      </trkpt>
      <trkpt lat="46.0959745757281780242919921875" lon="11.14551387727260589599609375">
        <ele>963</ele>
        <time>2026-02-28T08:56:02.000Z</time>
        <extensions>
          <ns3:TrackPointExtension>
            <ns3:hr>85</ns3:hr>
            <ns3:cad>79</ns3:cad>
          </ns3:TrackPointExtension>
        </extensions>
      </trkpt>
      <trkpt lat="46.09598220326006412506103515625" lon="11.14550624974071979522705078125">
        <ele>963.20001220703125</ele>
        <time>2026-02-28T08:56:03.000Z</time>
        <extensions>
          <ns3:TrackPointExtension>
            <ns3:hr>85</ns3:hr>
            <ns3:cad>41</ns3:cad>
          </ns3:TrackPointExtension>
        </extensions>
      </trkpt>
      <trkpt lat="46.096011288464069366455078125" lon="11.14550113677978515625">
        <ele>964</ele>
        <time>2026-02-28T08:56:07.000Z</time>
        <extensions>
          <ns3:TrackPointExtension>
            <ns3:hr>85</ns3:hr>
            <ns3:cad>41</ns3:cad>
          </ns3:TrackPointExtension>
        </extensions>
      </trkpt>
      <trkpt lat="46.0960134677588939666748046875" lon="11.14552594721317291259765625">
        <ele>964.79998779296875</ele>
        <time>2026-02-28T08:56:10.000Z</time>
        <extensions>
          <ns3:TrackPointExtension>
            <ns3:hr>85</ns3:hr>
            <ns3:cad>0</ns3:cad>
          </ns3:TrackPointExtension>
        </extensions>
      </trkpt>
      <trkpt lat="46.096009276807308197021484375" lon="11.1455391906201839447021484375">
        <ele>965.20001220703125</ele>
        <time>2026-02-28T08:56:12.000Z</time>
        <extensions>
          <ns3:TrackPointExtension>
            <ns3:hr>86</ns3:hr>
            <ns3:cad>0</ns3:cad>
          </ns3:TrackPointExtension>
        </extensions>
      </trkpt>
      <trkpt lat="46.09601086936891078948974609375" lon="11.14557959139347076416015625">
        <ele>966.20001220703125</ele>
        <time>2026-02-28T08:56:17.000Z</time>
        <extensions>
          <ns3:TrackPointExtension>
            <ns3:hr>88</ns3:hr>
            <ns3:cad>43</ns3:cad>
          </ns3:TrackPointExtension>
        </extensions>
      </trkpt>
      <trkpt lat="46.096010617911815643310546875" lon="11.1455924995243549346923828125">
        <ele>966.5999755859375</ele>
        <time>2026-02-28T08:56:18.000Z</time>
        <extensions>
          <ns3:TrackPointExtension>
            <ns3:hr>89</ns3:hr>
            <ns3:cad>43</ns3:cad>
          </ns3:TrackPointExtension>
        </extensions>
      </trkpt>
      <trkpt lat="46.09600667841732501983642578125" lon="11.14561353810131549835205078125">
        <ele>967.4000244140625</ele>
        <time>2026-02-28T08:56:21.000Z</time>
        <extensions>
          <ns3:TrackPointExtension>
            <ns3:hr>90</ns3:hr>
            <ns3:cad>80</ns3:cad>
          </ns3:TrackPointExtension>
        </extensions>
      </trkpt>
      <trkpt lat="46.09600248746573925018310546875" lon="11.14562384784221649169921875">
        <ele>967.5999755859375</ele>
        <time>2026-02-28T08:56:22.000Z</time>
        <extensions>
          <ns3:TrackPointExtension>
            <ns3:hr>91</ns3:hr>
            <ns3:cad>80</ns3:cad>
          </ns3:TrackPointExtension>
        </extensions>
      </trkpt>
      <trkpt lat="46.09599594958126544952392578125" lon="11.14565712399780750274658203125">
        <ele>968.4000244140625</ele>
        <time>2026-02-28T08:56:25.000Z</time>
        <extensions>
          <ns3:TrackPointExtension>
            <ns3:hr>92</ns3:hr>
            <ns3:cad>40</ns3:cad>
          </ns3:TrackPointExtension>
        </extensions>
      </trkpt>
      <trkpt lat="46.0959930159151554107666015625" lon="11.14566701464354991912841796875">
        <ele>968.5999755859375</ele>
        <time>2026-02-28T08:56:26.000Z</time>
        <extensions>
          <ns3:TrackPointExtension>
            <ns3:hr>93</ns3:hr>
            <ns3:cad>40</ns3:cad>
          </ns3:TrackPointExtension>
        </extensions>
      </trkpt>
      <trkpt lat="46.095985807478427886962890625" lon="11.14568746648728847503662109375">
        <ele>969.5999755859375</ele>
        <time>2026-02-28T08:56:30.000Z</time>
        <extensions>
          <ns3:TrackPointExtension>
            <ns3:hr>95</ns3:hr>
            <ns3:cad>40</ns3:cad>
          </ns3:TrackPointExtension>
        </extensions>
      </trkpt>
      <trkpt lat="46.09597197733819484710693359375" lon="11.145703308284282684326171875">
        <ele>970.4000244140625</ele>
        <time>2026-02-28T08:56:33.000Z</time>
        <extensions>
          <ns3:TrackPointExtension>
            <ns3:hr>96</ns3:hr>
            <ns3:cad>41</ns3:cad>
          </ns3:TrackPointExtension>
        </extensions>
      </trkpt>
      <trkpt lat="46.09596527181565761566162109375" lon="11.1457148753106594085693359375">
        <ele>970.5999755859375</ele>
        <time>2026-02-28T08:56:34.000Z</time>
        <extensions>
          <ns3:TrackPointExtension>
            <ns3:hr>97</ns3:hr>
            <ns3:cad>75</ns3:cad>
          </ns3:TrackPointExtension>
        </extensions>
      </trkpt>
      <trkpt lat="46.0959438979625701904296875" lon="11.14574530161917209625244140625">
        <ele>971.79998779296875</ele>
        <time>2026-02-28T08:56:38.000Z</time>
        <extensions>
          <ns3:TrackPointExtension>
            <ns3:hr>99</ns3:hr>
            <ns3:cad>40</ns3:cad>
          </ns3:TrackPointExtension>
        </extensions>
      </trkpt>
      <trkpt lat="46.09593828208744525909423828125" lon="11.14575234241783618927001953125">
        <ele>972</ele>
        <time>2026-02-28T08:56:39.000Z</time>
        <extensions>
          <ns3:TrackPointExtension>
            <ns3:hr>99</ns3:hr>
            <ns3:cad>75</ns3:cad>
          </ns3:TrackPointExtension>
        </extensions>
      </trkpt>
      <trkpt lat="46.0959497652947902679443359375" lon="11.14575066603720188140869140625">
        <ele>972.79998779296875</ele>
        <time>2026-02-28T08:56:42.000Z</time>
        <extensions>
          <ns3:TrackPointExtension>
            <ns3:hr>100</ns3:hr>
            <ns3:cad>74</ns3:cad>
          </ns3:TrackPointExtension>
        </extensions>
      </trkpt>
      <trkpt lat="46.09595395624637603759765625" lon="11.1457470618188381195068359375">
        <ele>973</ele>
        <time>2026-02-28T08:56:43.000Z</time>
        <extensions>
          <ns3:TrackPointExtension>
            <ns3:hr>101</ns3:hr>
            <ns3:cad>74</ns3:cad>
          </ns3:TrackPointExtension>
        </extensions>
      </trkpt>
      <trkpt lat="46.09596778638660907745361328125" lon="11.14573038183152675628662109375">
        <ele>973.5999755859375</ele>
        <time>2026-02-28T08:56:45.000Z</time>
        <extensions>
          <ns3:TrackPointExtension>
            <ns3:hr>102</ns3:hr>
            <ns3:cad>75</ns3:cad>
          </ns3:TrackPointExtension>
        </extensions>
      </trkpt>
      <trkpt lat="46.09598203562200069427490234375" lon="11.145710684359073638916015625">
        <ele>974.20001220703125</ele>
        <time>2026-02-28T08:56:47.000Z</time>
        <extensions>
          <ns3:TrackPointExtension>
            <ns3:hr>103</ns3:hr>
            <ns3:cad>78</ns3:cad>
          </ns3:TrackPointExtension>
        </extensions>
      </trkpt>
      <trkpt lat="46.09601791016757488250732421875" lon="11.14566131494939327239990234375">
        <ele>975.20001220703125</ele>
        <time>2026-02-28T08:56:52.000Z</time>
        <extensions>
          <ns3:TrackPointExtension>
            <ns3:hr>106</ns3:hr>
            <ns3:cad>45</ns3:cad>
          </ns3:TrackPointExtension>
        </extensions>
      </trkpt>
      <trkpt lat="46.09604389406740665435791015625" lon="11.14561378955841064453125">
        <ele>976.20001220703125</ele>
        <time>2026-02-28T08:56:57.000Z</time>
        <extensions>
          <ns3:TrackPointExtension>
            <ns3:hr>107</ns3:hr>
            <ns3:cad>44</ns3:cad>
          </ns3:TrackPointExtension>
        </extensions>
      </trkpt>
      <trkpt lat="46.09605378471314907073974609375" lon="11.145581267774105072021484375">
        <ele>977</ele>
        <time>2026-02-28T08:57:00.000Z</time>
        <extensions>
          <ns3:TrackPointExtension>
            <ns3:hr>109</ns3:hr>
            <ns3:cad>44</ns3:cad>
          </ns3:TrackPointExtension>
        </extensions>
      </trkpt>
      <trkpt lat="46.09606753103435039520263671875" lon="11.14555788226425647735595703125">
        <ele>977.4000244140625</ele>
        <time>2026-02-28T08:57:02.000Z</time>
        <extensions>
          <ns3:TrackPointExtension>
            <ns3:hr>109</ns3:hr>
            <ns3:cad>45</ns3:cad>
          </ns3:TrackPointExtension>
        </extensions>
      </trkpt>
      <trkpt lat="46.09608697704970836639404296875" lon="11.14552670158445835113525390625">
        <ele>978.4000244140625</ele>
        <time>2026-02-28T08:57:06.000Z</time>
        <extensions>
          <ns3:TrackPointExtension>
            <ns3:hr>110</ns3:hr>
            <ns3:cad>44</ns3:cad>
          </ns3:TrackPointExtension>
        </extensions>
      </trkpt>
      <trkpt lat="46.0960922576487064361572265625" lon="11.14551848731935024261474609375">
        <ele>978.5999755859375</ele>
        <time>2026-02-28T08:57:07.000Z</time>
        <extensions>
          <ns3:TrackPointExtension>
            <ns3:hr>110</ns3:hr>
            <ns3:cad>44</ns3:cad>
          </ns3:TrackPointExtension>
        </extensions>
      </trkpt>
      <trkpt lat="46.09610759653151035308837890625" lon="11.14549015648663043975830078125">
        <ele>979.79998779296875</ele>
        <time>2026-02-28T08:57:11.000Z</time>
        <extensions>
          <ns3:TrackPointExtension>
            <ns3:hr>112</ns3:hr>
            <ns3:cad>77</ns3:cad>
          </ns3:TrackPointExtension>
        </extensions>
      </trkpt>
      <trkpt lat="46.09611698426306247711181640625" lon="11.14547238685190677642822265625">
        <ele>980.5999755859375</ele>
        <time>2026-02-28T08:57:14.000Z</time>
        <extensions>
          <ns3:TrackPointExtension>
            <ns3:hr>113</ns3:hr>
            <ns3:cad>75</ns3:cad>
          </ns3:TrackPointExtension>
        </extensions>
      </trkpt>
      <trkpt lat="46.09611933119595050811767578125" lon="11.14546450786292552947998046875">
        <ele>980.79998779296875</ele>
        <time>2026-02-28T08:57:15.000Z</time>
        <extensions>
          <ns3:TrackPointExtension>
            <ns3:hr>113</ns3:hr>
            <ns3:cad>75</ns3:cad>
          </ns3:TrackPointExtension>
        </extensions>
      </trkpt>
      <trkpt lat="46.09613366425037384033203125" lon="11.1454332433640956878662109375">
        <ele>982</ele>
        <time>2026-02-28T08:57:19.000Z</time>
        <extensions>
          <ns3:TrackPointExtension>
            <ns3:hr>111</ns3:hr>
            <ns3:cad>42</ns3:cad>
          </ns3:TrackPointExtension>
        </extensions>
      </trkpt>
      <trkpt lat="46.09612603671848773956298828125" lon="11.14540851674973964691162109375">
        <ele>982.79998779296875</ele>
        <time>2026-02-28T08:57:23.000Z</time>
        <extensions>
          <ns3:TrackPointExtension>
            <ns3:hr>112</ns3:hr>
            <ns3:cad>41</ns3:cad>
          </ns3:TrackPointExtension>
        </extensions>
      </trkpt>
      <trkpt lat="46.096123941242694854736328125" lon="11.1454017274081707000732421875">
        <ele>983</ele>
        <time>2026-02-28T08:57:24.000Z</time>
        <extensions>
          <ns3:TrackPointExtension>
            <ns3:hr>112</ns3:hr>
            <ns3:cad>41</ns3:cad>
          </ns3:TrackPointExtension>
        </extensions>
      </trkpt>
      <trkpt lat="46.09611195512115955352783203125" lon="11.145380102097988128662109375">
        <ele>983.79998779296875</ele>
        <time>2026-02-28T08:57:27.000Z</time>
        <extensions>
          <ns3:TrackPointExtension>
            <ns3:hr>109</ns3:hr>
            <ns3:cad>41</ns3:cad>
          </ns3:TrackPointExtension>
        </extensions>
      </trkpt>
      <trkpt lat="46.0961033217608928680419921875" lon="11.14536258392035961151123046875">
        <ele>984.20001220703125</ele>
        <time>2026-02-28T08:57:29.000Z</time>
        <extensions>
          <ns3:TrackPointExtension>
            <ns3:hr>109</ns3:hr>
            <ns3:cad>41</ns3:cad>
          </ns3:TrackPointExtension>
        </extensions>
      </trkpt>
      <trkpt lat="46.09609519131481647491455078125" lon="11.14534883759915828704833984375">
        <ele>984.4000244140625</ele>
        <time>2026-02-28T08:57:30.000Z</time>
        <extensions>
          <ns3:TrackPointExtension>
            <ns3:hr>109</ns3:hr>
            <ns3:cad>41</ns3:cad>
          </ns3:TrackPointExtension>
        </extensions>
      </trkpt>
      <trkpt lat="46.0960634239017963409423828125" lon="11.145301647484302520751953125">
        <ele>985.20001220703125</ele>
        <time>2026-02-28T08:57:34.000Z</time>
        <extensions>
          <ns3:TrackPointExtension>
            <ns3:hr>109</ns3:hr>
            <ns3:cad>44</ns3:cad>
          </ns3:TrackPointExtension>
        </extensions>
      </trkpt>
      <trkpt lat="46.09605051577091217041015625" lon="11.14528647623956203460693359375">
        <ele>985.5999755859375</ele>
        <time>2026-02-28T08:57:36.000Z</time>
        <extensions>
          <ns3:TrackPointExtension>
            <ns3:hr>108</ns3:hr>
            <ns3:cad>44</ns3:cad>
          </ns3:TrackPointExtension>
        </extensions>
      </trkpt>
      <trkpt lat="46.09603970311582088470458984375" lon="11.145258061587810516357421875">
        <ele>986.20001220703125</ele>
        <time>2026-02-28T08:57:39.000Z</time>
        <extensions>
          <ns3:TrackPointExtension>
            <ns3:hr>109</ns3:hr>
            <ns3:cad>47</ns3:cad>
          </ns3:TrackPointExtension>
        </extensions>
      </trkpt>
      <trkpt lat="46.09603039920330047607421875" lon="11.14522822201251983642578125">
        <ele>987</ele>
        <time>2026-02-28T08:57:42.000Z</time>
        <extensions>
          <ns3:TrackPointExtension>
            <ns3:hr>110</ns3:hr>
            <ns3:cad>47</ns3:cad>
          </ns3:TrackPointExtension>
        </extensions>
      </trkpt>
      <trkpt lat="46.09602511860430240631103515625" lon="11.14520818926393985748291015625">
        <ele>987.4000244140625</ele>
        <time>2026-02-28T08:57:44.000Z</time>
        <extensions>
          <ns3:TrackPointExtension>
            <ns3:hr>112</ns3:hr>
            <ns3:cad>45</ns3:cad>
          </ns3:TrackPointExtension>
        </extensions>
      </trkpt>
      <trkpt lat="46.09601103700697422027587890625" lon="11.1451616697013378143310546875">
        <ele>988</ele>
        <time>2026-02-28T08:57:47.000Z</time>
        <extensions>
          <ns3:TrackPointExtension>
            <ns3:hr>115</ns3:hr>
            <ns3:cad>42</ns3:cad>
          </ns3:TrackPointExtension>
        </extensions>
      </trkpt>
      <trkpt lat="46.09600131399929523468017578125" lon="11.1451254598796367645263671875">
        <ele>988.4000244140625</ele>
        <time>2026-02-28T08:57:49.000Z</time>
        <extensions>
          <ns3:TrackPointExtension>
            <ns3:hr>116</ns3:hr>
            <ns3:cad>44</ns3:cad>
          </ns3:TrackPointExtension>
        </extensions>
      </trkpt>
      <trkpt lat="46.09600014053285121917724609375" lon="11.1450751684606075286865234375">
        <ele>989.4000244140625</ele>
        <time>2026-02-28T08:57:54.000Z</time>
        <extensions>
          <ns3:TrackPointExtension>
            <ns3:hr>118</ns3:hr>
            <ns3:cad>41</ns3:cad>
          </ns3:TrackPointExtension>
        </extensions>
      </trkpt>
      <trkpt lat="46.0960017330944538116455078125" lon="11.14506770856678485870361328125">
        <ele>990</ele>
        <time>2026-02-28T08:57:56.000Z</time>
        <extensions>
          <ns3:TrackPointExtension>
            <ns3:hr>118</ns3:hr>
            <ns3:cad>41</ns3:cad>
          </ns3:TrackPointExtension>
        </extensions>
      </trkpt>
      <trkpt lat="46.09602143056690692901611328125" lon="11.145052872598171234130859375">
        <ele>990.5999755859375</ele>
        <time>2026-02-28T08:58:00.000Z</time>
        <extensions>
          <ns3:TrackPointExtension>
            <ns3:hr>118</ns3:hr>
            <ns3:cad>41</ns3:cad>
          </ns3:TrackPointExtension>
        </extensions>
      </trkpt>
      <trkpt lat="46.0960459895431995391845703125" lon="11.14502395503222942352294921875">
        <ele>991.4000244140625</ele>
        <time>2026-02-28T08:58:05.000Z</time>
        <extensions>
          <ns3:TrackPointExtension>
            <ns3:hr>118</ns3:hr>
            <ns3:cad>72</ns3:cad>
          </ns3:TrackPointExtension>
        </extensions>
      </trkpt>
      <trkpt lat="46.09604825265705585479736328125" lon="11.14501741714775562286376953125">
        <ele>991.5999755859375</ele>
        <time>2026-02-28T08:58:06.000Z</time>
        <extensions>
          <ns3:TrackPointExtension>
            <ns3:hr>118</ns3:hr>
            <ns3:cad>72</ns3:cad>
          </ns3:TrackPointExtension>
        </extensions>
      </trkpt>
      <trkpt lat="46.09606870450079441070556640625" lon="11.14497483707964420318603515625">
        <ele>992.79998779296875</ele>
        <time>2026-02-28T08:58:11.000Z</time>
        <extensions>
          <ns3:TrackPointExtension>
            <ns3:hr>117</ns3:hr>
            <ns3:cad>41</ns3:cad>
          </ns3:TrackPointExtension>
        </extensions>
      </trkpt>
      <trkpt lat="46.09607758931815624237060546875" lon="11.144956648349761962890625">
        <ele>993.20001220703125</ele>
        <time>2026-02-28T08:58:13.000Z</time>
        <extensions>
          <ns3:TrackPointExtension>
            <ns3:hr>117</ns3:hr>
            <ns3:cad>41</ns3:cad>
          </ns3:TrackPointExtension>
        </extensions>
      </trkpt>
      <trkpt lat="46.096099130809307098388671875" lon="11.144928820431232452392578125">
        <ele>994</ele>
        <time>2026-02-28T08:58:16.000Z</time>
        <extensions>
          <ns3:TrackPointExtension>
            <ns3:hr>118</ns3:hr>
            <ns3:cad>43</ns3:cad>
          </ns3:TrackPointExtension>
        </extensions>
      </trkpt>
      <trkpt lat="46.09613156877458095550537109375" lon="11.14489034749567508697509765625">
        <ele>995.20001220703125</ele>
        <time>2026-02-28T08:58:21.000Z</time>
        <extensions>
          <ns3:TrackPointExtension>
            <ns3:hr>119</ns3:hr>
            <ns3:cad>44</ns3:cad>
          </ns3:TrackPointExtension>
        </extensions>
      </trkpt>
      <trkpt lat="46.0961370170116424560546875" lon="11.1448748409748077392578125">
        <ele>995.5999755859375</ele>
        <time>2026-02-28T08:58:23.000Z</time>
        <extensions>
          <ns3:TrackPointExtension>
            <ns3:hr>119</ns3:hr>
            <ns3:cad>46</ns3:cad>
          </ns3:TrackPointExtension>
        </extensions>
      </trkpt>
      <trkpt lat="46.09614305198192596435546875" lon="11.14484827034175395965576171875">
        <ele>996.4000244140625</ele>
        <time>2026-02-28T08:58:26.000Z</time>
        <extensions>
          <ns3:TrackPointExtension>
            <ns3:hr>119</ns3:hr>
            <ns3:cad>45</ns3:cad>
          </ns3:TrackPointExtension>
        </extensions>
      </trkpt>
      <trkpt lat="46.09615470282733440399169921875" lon="11.144800074398517608642578125">
        <ele>997.5999755859375</ele>
        <time>2026-02-28T08:58:30.000Z</time>
        <extensions>
          <ns3:TrackPointExtension>
            <ns3:hr>119</ns3:hr>
            <ns3:cad>43</ns3:cad>
          </ns3:TrackPointExtension>
        </extensions>
      </trkpt>
      <trkpt lat="46.09616316854953765869140625" lon="11.1447781138122081756591796875">
        <ele>998.20001220703125</ele>
        <time>2026-02-28T08:58:32.000Z</time>
        <extensions>
          <ns3:TrackPointExtension>
            <ns3:hr>119</ns3:hr>
            <ns3:cad>43</ns3:cad>
          </ns3:TrackPointExtension>
        </extensions>
      </trkpt>
      <trkpt lat="46.0961646772921085357666015625" lon="11.14476528950035572052001953125">
        <ele>998.5999755859375</ele>
        <time>2026-02-28T08:58:34.000Z</time>
        <extensions>
          <ns3:TrackPointExtension>
            <ns3:hr>119</ns3:hr>
            <ns3:cad>43</ns3:cad>
          </ns3:TrackPointExtension>
        </extensions>
      </trkpt>
      <trkpt lat="46.0961827822029590606689453125" lon="11.14472874440252780914306640625">
        <ele>999.79998779296875</ele>
        <time>2026-02-28T08:58:39.000Z</time>
        <extensions>
          <ns3:TrackPointExtension>
            <ns3:hr>119</ns3:hr>
            <ns3:cad>79</ns3:cad>
          </ns3:TrackPointExtension>
        </extensions>
      </trkpt>
      <trkpt lat="46.09618856571614742279052734375" lon="11.14471650682389736175537109375">
        <ele>1000</ele>
        <time>2026-02-28T08:58:40.000Z</time>
        <extensions>
          <ns3:TrackPointExtension>
            <ns3:hr>119</ns3:hr>
            <ns3:cad>79</ns3:cad>
          </ns3:TrackPointExtension>
        </extensions>
      </trkpt>
      <trkpt lat="46.09621144831180572509765625" lon="11.14467845298349857330322265625">
        <ele>1001</ele>
        <time>2026-02-28T08:58:44.000Z</time>
        <extensions>
          <ns3:TrackPointExtension>
            <ns3:hr>119</ns3:hr>
            <ns3:cad>45</ns3:cad>
          </ns3:TrackPointExtension>
        </extensions>
      </trkpt>
      <trkpt lat="46.0962166450917720794677734375" lon="11.14466437138617038726806640625">
        <ele>1001.4000244140625</ele>
        <time>2026-02-28T08:58:46.000Z</time>
        <extensions>
          <ns3:TrackPointExtension>
            <ns3:hr>118</ns3:hr>
            <ns3:cad>45</ns3:cad>
          </ns3:TrackPointExtension>
        </extensions>
      </trkpt>
      <trkpt lat="46.09622946940362453460693359375" lon="11.1446476913988590240478515625">
        <ele>1002.20001220703125</ele>
        <time>2026-02-28T08:58:48.000Z</time>
        <extensions>
          <ns3:TrackPointExtension>
            <ns3:hr>118</ns3:hr>
            <ns3:cad>43</ns3:cad>
          </ns3:TrackPointExtension>
        </extensions>
      </trkpt>
      <trkpt lat="46.096258051693439483642578125" lon="11.14463034085929393768310546875">
        <ele>1003.4000244140625</ele>
        <time>2026-02-28T08:58:52.000Z</time>
        <extensions>
          <ns3:TrackPointExtension>
            <ns3:hr>118</ns3:hr>
            <ns3:cad>43</ns3:cad>
          </ns3:TrackPointExtension>
        </extensions>
      </trkpt>
      <trkpt lat="46.09626919962465763092041015625" lon="11.14466286264359951019287109375">
        <ele>1004.4000244140625</ele>
        <time>2026-02-28T08:58:56.000Z</time>
        <extensions>
          <ns3:TrackPointExtension>
            <ns3:hr>117</ns3:hr>
            <ns3:cad>42</ns3:cad>
          </ns3:TrackPointExtension>
        </extensions>
      </trkpt>
      <trkpt lat="46.09626869671046733856201171875" lon="11.14468700252473354339599609375">
        <ele>1004.79998779296875</ele>
        <time>2026-02-28T08:58:58.000Z</time>
        <extensions>
          <ns3:TrackPointExtension>
            <ns3:hr>118</ns3:hr>
            <ns3:cad>78</ns3:cad>
          </ns3:TrackPointExtension>
        </extensions>
      </trkpt>
      <trkpt lat="46.0962753184139728546142578125" lon="11.14471365697681903839111328125">
        <ele>1005.4000244140625</ele>
        <time>2026-02-28T08:59:01.000Z</time>
        <extensions>
          <ns3:TrackPointExtension>
            <ns3:hr>118</ns3:hr>
            <ns3:cad>40</ns3:cad>
          </ns3:TrackPointExtension>
        </extensions>
      </trkpt>
      <trkpt lat="46.09629015438258647918701171875" lon="11.14476285874843597412109375">
        <ele>1006.5999755859375</ele>
        <time>2026-02-28T08:59:06.000Z</time>
        <extensions>
          <ns3:TrackPointExtension>
            <ns3:hr>118</ns3:hr>
            <ns3:cad>77</ns3:cad>
          </ns3:TrackPointExtension>
        </extensions>
      </trkpt>
      <trkpt lat="46.0963033139705657958984375" lon="11.144811473786830902099609375">
        <ele>1007.79998779296875</ele>
        <time>2026-02-28T08:59:11.000Z</time>
        <extensions>
          <ns3:TrackPointExtension>
            <ns3:hr>118</ns3:hr>
            <ns3:cad>41</ns3:cad>
          </ns3:TrackPointExtension>
        </extensions>
      </trkpt>
      <trkpt lat="46.09631345607340335845947265625" lon="11.14486989565193653106689453125">
        <ele>1009</ele>
        <time>2026-02-28T08:59:16.000Z</time>
        <extensions>
          <ns3:TrackPointExtension>
            <ns3:hr>119</ns3:hr>
            <ns3:cad>47</ns3:cad>
          </ns3:TrackPointExtension>
        </extensions>
      </trkpt>
      <trkpt lat="46.09631898812949657440185546875" lon="11.1448696441948413848876953125">
        <ele>1010</ele>
        <time>2026-02-28T08:59:21.000Z</time>
        <extensions>
          <ns3:TrackPointExtension>
            <ns3:hr>120</ns3:hr>
            <ns3:cad>47</ns3:cad>
          </ns3:TrackPointExtension>
        </extensions>
      </trkpt>
      <trkpt lat="46.09632099978625774383544921875" lon="11.14483770914375782012939453125">
        <ele>1010.5999755859375</ele>
        <time>2026-02-28T08:59:24.000Z</time>
        <extensions>
          <ns3:TrackPointExtension>
            <ns3:hr>119</ns3:hr>
            <ns3:cad>43</ns3:cad>
          </ns3:TrackPointExtension>
        </extensions>
      </trkpt>
      <trkpt lat="46.09632317908108234405517578125" lon="11.1448170058429241180419921875">
        <ele>1011.20001220703125</ele>
        <time>2026-02-28T08:59:26.000Z</time>
        <extensions>
          <ns3:TrackPointExtension>
            <ns3:hr>119</ns3:hr>
            <ns3:cad>43</ns3:cad>
          </ns3:TrackPointExtension>
        </extensions>
      </trkpt>
      <trkpt lat="46.096334159374237060546875" lon="11.1447616852819919586181640625">
        <ele>1012</ele>
        <time>2026-02-28T08:59:30.000Z</time>
        <extensions>
          <ns3:TrackPointExtension>
            <ns3:hr>119</ns3:hr>
            <ns3:cad>41</ns3:cad>
          </ns3:TrackPointExtension>
        </extensions>
      </trkpt>
      <trkpt lat="46.09633809886872768402099609375" lon="11.1447541415691375732421875">
        <ele>1012.20001220703125</ele>
        <time>2026-02-28T08:59:31.000Z</time>
        <extensions>
          <ns3:TrackPointExtension>
            <ns3:hr>119</ns3:hr>
            <ns3:cad>41</ns3:cad>
          </ns3:TrackPointExtension>
        </extensions>
      </trkpt>
      <trkpt lat="46.09636190347373485565185546875" lon="11.14470519125461578369140625">
        <ele>1013.4000244140625</ele>
        <time>2026-02-28T08:59:37.000Z</time>
        <extensions>
          <ns3:TrackPointExtension>
            <ns3:hr>119</ns3:hr>
            <ns3:cad>79</ns3:cad>
          </ns3:TrackPointExtension>
        </extensions>
      </trkpt>
      <trkpt lat="46.09636299312114715576171875" lon="11.1446969769895076751708984375">
        <ele>1013.5999755859375</ele>
        <time>2026-02-28T08:59:38.000Z</time>
        <extensions>
          <ns3:TrackPointExtension>
            <ns3:hr>119</ns3:hr>
            <ns3:cad>41</ns3:cad>
          </ns3:TrackPointExtension>
        </extensions>
      </trkpt>
      <trkpt lat="46.0963675193488597869873046875" lon="11.144645512104034423828125">
        <ele>1014.5999755859375</ele>
        <time>2026-02-28T08:59:42.000Z</time>
        <extensions>
          <ns3:TrackPointExtension>
            <ns3:hr>120</ns3:hr>
            <ns3:cad>42</ns3:cad>
          </ns3:TrackPointExtension>
        </extensions>
      </trkpt>
      <trkpt lat="46.09636793844401836395263671875" lon="11.14462413825094699859619140625">
        <ele>1015</ele>
        <time>2026-02-28T08:59:44.000Z</time>
        <extensions>
          <ns3:TrackPointExtension>
            <ns3:hr>120</ns3:hr>
            <ns3:cad>42</ns3:cad>
          </ns3:TrackPointExtension>
        </extensions>
      </trkpt>
      <trkpt lat="46.096359305083751678466796875" lon="11.14459932781755924224853515625">
        <ele>1015.5999755859375</ele>
        <time>2026-02-28T08:59:47.000Z</time>
        <extensions>
          <ns3:TrackPointExtension>
            <ns3:hr>121</ns3:hr>
            <ns3:cad>43</ns3:cad>
          </ns3:TrackPointExtension>
        </extensions>
      </trkpt>
      <trkpt lat="46.09635955654084682464599609375" lon="11.1445637047290802001953125">
        <ele>1016.4000244140625</ele>
        <time>2026-02-28T08:59:50.000Z</time>
        <extensions>
          <ns3:TrackPointExtension>
            <ns3:hr>120</ns3:hr>
            <ns3:cad>43</ns3:cad>
          </ns3:TrackPointExtension>
        </extensions>
      </trkpt>
      <trkpt lat="46.096372045576572418212890625" lon="11.14456303417682647705078125">
        <ele>1016.79998779296875</ele>
        <time>2026-02-28T08:59:52.000Z</time>
        <extensions>
          <ns3:TrackPointExtension>
            <ns3:hr>120</ns3:hr>
            <ns3:cad>44</ns3:cad>
          </ns3:TrackPointExtension>
        </extensions>
      </trkpt>
      <trkpt lat="46.0963822714984416961669921875" lon="11.14460519514977931976318359375">
        <ele>1018</ele>
        <time>2026-02-28T08:59:56.000Z</time>
        <extensions>
          <ns3:TrackPointExtension>
            <ns3:hr>119</ns3:hr>
            <ns3:cad>44</ns3:cad>
          </ns3:TrackPointExtension>
        </extensions>
      </trkpt>
      <trkpt lat="46.0964188165962696075439453125" lon="11.14467945881187915802001953125">
        <ele>1019</ele>
        <time>2026-02-28T09:00:03.000Z</time>
        <extensions>
          <ns3:TrackPointExtension>
            <ns3:hr>119</ns3:hr>
            <ns3:cad>48</ns3:cad>
          </ns3:TrackPointExtension>
        </extensions>
      </trkpt>
      <trkpt lat="46.09642644412815570831298828125" lon="11.14468717016279697418212890625">
        <ele>1019</ele>
        <time>2026-02-28T09:00:04.000Z</time>
        <extensions>
          <ns3:TrackPointExtension>
            <ns3:hr>119</ns3:hr>
            <ns3:cad>48</ns3:cad>
          </ns3:TrackPointExtension>
        </extensions>
      </trkpt>
      <trkpt lat="46.096445135772228240966796875" lon="11.14477350376546382904052734375">
        <ele>1019.79998779296875</ele>
        <time>2026-02-28T09:00:12.000Z</time>
        <extensions>
          <ns3:TrackPointExtension>
            <ns3:hr>118</ns3:hr>
            <ns3:cad>41</ns3:cad>
          </ns3:TrackPointExtension>
        </extensions>
      </trkpt>
      <trkpt lat="46.096445135772228240966796875" lon="11.14479747600853443145751953125">
        <ele>1020.20001220703125</ele>
        <time>2026-02-28T09:00:14.000Z</time>
        <extensions>
          <ns3:TrackPointExtension>
            <ns3:hr>119</ns3:hr>
            <ns3:cad>43</ns3:cad>
          </ns3:TrackPointExtension>
        </extensions>
      </trkpt>
      <trkpt lat="46.096447817981243133544921875" lon="11.1448453366756439208984375">
        <ele>1021</ele>
        <time>2026-02-28T09:00:19.000Z</time>
        <extensions>
          <ns3:TrackPointExtension>
            <ns3:hr>117</ns3:hr>
            <ns3:cad>73</ns3:cad>
          </ns3:TrackPointExtension>
        </extensions>
      </trkpt>
      <trkpt lat="46.0964489914476871490478515625" lon="11.144854724407196044921875">
        <ele>1021.4000244140625</ele>
        <time>2026-02-28T09:00:21.000Z</time>
        <extensions>
          <ns3:TrackPointExtension>
            <ns3:hr>115</ns3:hr>
            <ns3:cad>73</ns3:cad>
          </ns3:TrackPointExtension>
        </extensions>
      </trkpt>
      <trkpt lat="46.09644622541964054107666015625" lon="11.14487995393574237823486328125">
        <ele>1021.79998779296875</ele>
        <time>2026-02-28T09:00:24.000Z</time>
        <extensions>
          <ns3:TrackPointExtension>
            <ns3:hr>115</ns3:hr>
            <ns3:cad>73</ns3:cad>
          </ns3:TrackPointExtension>
        </extensions>
      </trkpt>
      <trkpt lat="46.096441447734832763671875" lon="11.14492638967931270599365234375">
        <ele>1022.4000244140625</ele>
        <time>2026-02-28T09:00:28.000Z</time>
        <extensions>
          <ns3:TrackPointExtension>
            <ns3:hr>115</ns3:hr>
            <ns3:cad>73</ns3:cad>
          </ns3:TrackPointExtension>
        </extensions>
      </trkpt>
      <trkpt lat="46.09644169919192790985107421875" lon="11.14493586122989654541015625">
        <ele>1022.5999755859375</ele>
        <time>2026-02-28T09:00:29.000Z</time>
        <extensions>
          <ns3:TrackPointExtension>
            <ns3:hr>114</ns3:hr>
            <ns3:cad>40</ns3:cad>
          </ns3:TrackPointExtension>
        </extensions>
      </trkpt>
      <trkpt lat="46.09646265394985675811767578125" lon="11.1450121365487575531005859375">
        <ele>1023.4000244140625</ele>
        <time>2026-02-28T09:00:36.000Z</time>
        <extensions>
          <ns3:TrackPointExtension>
            <ns3:hr>115</ns3:hr>
            <ns3:cad>42</ns3:cad>
          </ns3:TrackPointExtension>
        </extensions>
      </trkpt>
      <trkpt lat="46.09647162258625030517578125" lon="11.14503468386828899383544921875">
        <ele>1023.5999755859375</ele>
        <time>2026-02-28T09:00:38.000Z</time>
        <extensions>
          <ns3:TrackPointExtension>
            <ns3:hr>116</ns3:hr>
            <ns3:cad>43</ns3:cad>
          </ns3:TrackPointExtension>
        </extensions>
      </trkpt>
      <trkpt lat="46.0964932478964328765869140625" lon="11.145096458494663238525390625">
        <ele>1023.79998779296875</ele>
        <time>2026-02-28T09:00:44.000Z</time>
        <extensions>
          <ns3:TrackPointExtension>
            <ns3:hr>117</ns3:hr>
            <ns3:cad>47</ns3:cad>
          </ns3:TrackPointExtension>
        </extensions>
      </trkpt>
      <trkpt lat="46.09650858677923679351806640625" lon="11.1451449058949947357177734375">
        <ele>1024.5999755859375</ele>
        <time>2026-02-28T09:00:50.000Z</time>
        <extensions>
          <ns3:TrackPointExtension>
            <ns3:hr>117</ns3:hr>
            <ns3:cad>41</ns3:cad>
          </ns3:TrackPointExtension>
        </extensions>
      </trkpt>
      <trkpt lat="46.096511520445346832275390625" lon="11.1451506055891513824462890625">
        <ele>1024.5999755859375</ele>
        <time>2026-02-28T09:00:51.000Z</time>
        <extensions>
          <ns3:TrackPointExtension>
            <ns3:hr>116</ns3:hr>
            <ns3:cad>41</ns3:cad>
          </ns3:TrackPointExtension>
        </extensions>
      </trkpt>
      <trkpt lat="46.0965254344046115875244140625" lon="11.14510542713105678558349609375">
        <ele>1025.5999755859375</ele>
        <time>2026-02-28T09:00:57.000Z</time>
        <extensions>
          <ns3:TrackPointExtension>
            <ns3:hr>115</ns3:hr>
            <ns3:cad>79</ns3:cad>
          </ns3:TrackPointExtension>
        </extensions>
      </trkpt>
      <trkpt lat="46.09652702696621417999267578125" lon="11.14510140381753444671630859375">
        <ele>1025.800048828125</ele>
        <time>2026-02-28T09:00:58.000Z</time>
        <extensions>
          <ns3:TrackPointExtension>
            <ns3:hr>114</ns3:hr>
            <ns3:cad>79</ns3:cad>
          </ns3:TrackPointExtension>
        </extensions>
      </trkpt>
      <trkpt lat="46.0965495742857456207275390625" lon="11.14503149874508380889892578125">
        <ele>1026.5999755859375</ele>
        <time>2026-02-28T09:01:05.000Z</time>
        <extensions>
          <ns3:TrackPointExtension>
            <ns3:hr>113</ns3:hr>
            <ns3:cad>78</ns3:cad>
          </ns3:TrackPointExtension>
        </extensions>
      </trkpt>
      <trkpt lat="46.09655535779893398284912109375" lon="11.14502370357513427734375">
        <ele>1026.800048828125</ele>
        <time>2026-02-28T09:01:06.000Z</time>
        <extensions>
          <ns3:TrackPointExtension>
            <ns3:hr>112</ns3:hr>
            <ns3:cad>78</ns3:cad>
          </ns3:TrackPointExtension>
        </extensions>
      </trkpt>
      <trkpt lat="46.09656239859759807586669921875" lon="11.14496964029967784881591796875">
        <ele>1027.199951171875</ele>
        <time>2026-02-28T09:01:11.000Z</time>
        <extensions>
          <ns3:TrackPointExtension>
            <ns3:hr>111</ns3:hr>
            <ns3:cad>76</ns3:cad>
          </ns3:TrackPointExtension>
        </extensions>
      </trkpt>
      <trkpt lat="46.09656692482531070709228515625" lon="11.14494248293340206146240234375">
        <ele>1027.800048828125</ele>
        <time>2026-02-28T09:01:14.000Z</time>
        <extensions>
          <ns3:TrackPointExtension>
            <ns3:hr>110</ns3:hr>
            <ns3:cad>76</ns3:cad>
          </ns3:TrackPointExtension>
        </extensions>
      </trkpt>
      <trkpt lat="46.09658033587038516998291015625" lon="11.14490577019751071929931640625">
        <ele>1028.5999755859375</ele>
        <time>2026-02-28T09:01:19.000Z</time>
        <extensions>
          <ns3:TrackPointExtension>
            <ns3:hr>109</ns3:hr>
            <ns3:cad>80</ns3:cad>
          </ns3:TrackPointExtension>
        </extensions>
      </trkpt>
      <trkpt lat="46.0965837724506855010986328125" lon="11.1448957957327365875244140625">
        <ele>1028.800048828125</ele>
        <time>2026-02-28T09:01:20.000Z</time>
        <extensions>
          <ns3:TrackPointExtension>
            <ns3:hr>109</ns3:hr>
            <ns3:cad>80</ns3:cad>
          </ns3:TrackPointExtension>
        </extensions>
      </trkpt>
      <trkpt lat="46.09657849185168743133544921875" lon="11.14485296420753002166748046875">
        <ele>1029.5999755859375</ele>
        <time>2026-02-28T09:01:25.000Z</time>
        <extensions>
          <ns3:TrackPointExtension>
            <ns3:hr>110</ns3:hr>
            <ns3:cad>0</ns3:cad>
          </ns3:TrackPointExtension>
        </extensions>
      </trkpt>
      <trkpt lat="46.096575558185577392578125" lon="11.144822537899017333984375">
        <ele>1030</ele>
        <time>2026-02-28T09:01:28.000Z</time>
        <extensions>
          <ns3:TrackPointExtension>
            <ns3:hr>110</ns3:hr>
            <ns3:cad>0</ns3:cad>
          </ns3:TrackPointExtension>
        </extensions>
      </trkpt>
      <trkpt lat="46.09658100642263889312744140625" lon="11.1447863280773162841796875">
        <ele>1030.4000244140625</ele>
        <time>2026-02-28T09:01:31.000Z</time>
        <extensions>
          <ns3:TrackPointExtension>
            <ns3:hr>110</ns3:hr>
            <ns3:cad>46</ns3:cad>
          </ns3:TrackPointExtension>
        </extensions>
      </trkpt>
      <trkpt lat="46.0965871252119541168212890625" lon="11.14475606940686702728271484375">
        <ele>1031</ele>
        <time>2026-02-28T09:01:35.000Z</time>
        <extensions>
          <ns3:TrackPointExtension>
            <ns3:hr>109</ns3:hr>
            <ns3:cad>46</ns3:cad>
          </ns3:TrackPointExtension>
        </extensions>
      </trkpt>
      <trkpt lat="46.09658570028841495513916015625" lon="11.14473871886730194091796875">
        <ele>1031.4000244140625</ele>
        <time>2026-02-28T09:01:37.000Z</time>
        <extensions>
          <ns3:TrackPointExtension>
            <ns3:hr>109</ns3:hr>
            <ns3:cad>46</ns3:cad>
          </ns3:TrackPointExtension>
        </extensions>
      </trkpt>
      <trkpt lat="46.09659844078123569488525390625" lon="11.144706197082996368408203125">
        <ele>1032.199951171875</ele>
        <time>2026-02-28T09:01:41.000Z</time>
        <extensions>
          <ns3:TrackPointExtension>
            <ns3:hr>109</ns3:hr>
            <ns3:cad>41</ns3:cad>
          </ns3:TrackPointExtension>
        </extensions>
      </trkpt>
      <trkpt lat="46.096606738865375518798828125" lon="11.14468532614409923553466796875">
        <ele>1032.5999755859375</ele>
        <time>2026-02-28T09:01:43.000Z</time>
        <extensions>
          <ns3:TrackPointExtension>
            <ns3:hr>110</ns3:hr>
            <ns3:cad>78</ns3:cad>
          </ns3:TrackPointExtension>
        </extensions>
      </trkpt>
      <trkpt lat="46.09661604277789592742919921875" lon="11.14463402889668941497802734375">
        <ele>1033.199951171875</ele>
        <time>2026-02-28T09:01:47.000Z</time>
        <extensions>
          <ns3:TrackPointExtension>
            <ns3:hr>110</ns3:hr>
            <ns3:cad>40</ns3:cad>
          </ns3:TrackPointExtension>
        </extensions>
      </trkpt>
      <trkpt lat="46.09662040136754512786865234375" lon="11.14461223594844341278076171875">
        <ele>1033.5999755859375</ele>
        <time>2026-02-28T09:01:49.000Z</time>
        <extensions>
          <ns3:TrackPointExtension>
            <ns3:hr>110</ns3:hr>
            <ns3:cad>40</ns3:cad>
          </ns3:TrackPointExtension>
        </extensions>
      </trkpt>
      <trkpt lat="46.0966278612613677978515625" lon="11.14455993287265300750732421875">
        <ele>1034.199951171875</ele>
        <time>2026-02-28T09:01:54.000Z</time>
        <extensions>
          <ns3:TrackPointExtension>
            <ns3:hr>107</ns3:hr>
            <ns3:cad>40</ns3:cad>
          </ns3:TrackPointExtension>
        </extensions>
      </trkpt>
      <trkpt lat="46.0966317169368267059326171875" lon="11.144549287855625152587890625">
        <ele>1034.4000244140625</ele>
        <time>2026-02-28T09:01:55.000Z</time>
        <extensions>
          <ns3:TrackPointExtension>
            <ns3:hr>107</ns3:hr>
            <ns3:cad>76</ns3:cad>
          </ns3:TrackPointExtension>
        </extensions>
      </trkpt>
      <trkpt lat="46.0966412723064422607421875" lon="11.14451953209936618804931640625">
        <ele>1035.4000244140625</ele>
        <time>2026-02-28T09:02:01.000Z</time>
        <extensions>
          <ns3:TrackPointExtension>
            <ns3:hr>107</ns3:hr>
            <ns3:cad>41</ns3:cad>
          </ns3:TrackPointExtension>
        </extensions>
      </trkpt>
      <trkpt lat="46.096639931201934814453125" lon="11.144513078033924102783203125">
        <ele>1035.5999755859375</ele>
        <time>2026-02-28T09:02:02.000Z</time>
        <extensions>
          <ns3:TrackPointExtension>
            <ns3:hr>107</ns3:hr>
            <ns3:cad>41</ns3:cad>
          </ns3:TrackPointExtension>
        </extensions>
      </trkpt>
      <trkpt lat="46.0966421104967594146728515625" lon="11.1444562487304210662841796875">
        <ele>1036.5999755859375</ele>
        <time>2026-02-28T09:02:07.000Z</time>
        <extensions>
          <ns3:TrackPointExtension>
            <ns3:hr>108</ns3:hr>
            <ns3:cad>41</ns3:cad>
          </ns3:TrackPointExtension>
        </extensions>
      </trkpt>
      <trkpt lat="46.096645630896091461181640625" lon="11.1444425024092197418212890625">
        <ele>1036.800048828125</ele>
        <time>2026-02-28T09:02:08.000Z</time>
        <extensions>
          <ns3:TrackPointExtension>
            <ns3:hr>109</ns3:hr>
            <ns3:cad>41</ns3:cad>
          </ns3:TrackPointExtension>
        </extensions>
      </trkpt>
      <trkpt lat="46.09666499309241771697998046875" lon="11.144382990896701812744140625">
        <ele>1037.800048828125</ele>
        <time>2026-02-28T09:02:13.000Z</time>
        <extensions>
          <ns3:TrackPointExtension>
            <ns3:hr>109</ns3:hr>
            <ns3:cad>43</ns3:cad>
          </ns3:TrackPointExtension>
        </extensions>
      </trkpt>
      <trkpt lat="46.096690557897090911865234375" lon="11.14435650408267974853515625">
        <ele>1038.4000244140625</ele>
        <time>2026-02-28T09:02:17.000Z</time>
        <extensions>
          <ns3:TrackPointExtension>
            <ns3:hr>108</ns3:hr>
            <ns3:cad>77</ns3:cad>
          </ns3:TrackPointExtension>
        </extensions>
      </trkpt>
      <trkpt lat="46.09670455567538738250732421875" lon="11.14433848299086093902587890625">
        <ele>1038.800048828125</ele>
        <time>2026-02-28T09:02:20.000Z</time>
        <extensions>
          <ns3:TrackPointExtension>
            <ns3:hr>109</ns3:hr>
            <ns3:cad>77</ns3:cad>
          </ns3:TrackPointExtension>
        </extensions>
      </trkpt>
      <trkpt lat="46.09672249294817447662353515625" lon="11.14431132562458515167236328125">
        <ele>1039.4000244140625</ele>
        <time>2026-02-28T09:02:26.000Z</time>
        <extensions>
          <ns3:TrackPointExtension>
            <ns3:hr>110</ns3:hr>
            <ns3:cad>76</ns3:cad>
          </ns3:TrackPointExtension>
        </extensions>
      </trkpt>
      <trkpt lat="46.096729449927806854248046875" lon="11.14429975859820842742919921875">
        <ele>1039.800048828125</ele>
        <time>2026-02-28T09:02:29.000Z</time>
        <extensions>
          <ns3:TrackPointExtension>
            <ns3:hr>110</ns3:hr>
            <ns3:cad>73</ns3:cad>
          </ns3:TrackPointExtension>
        </extensions>
      </trkpt>
      <trkpt lat="46.09673825092613697052001953125" lon="11.14428131841123104095458984375">
        <ele>1039.800048828125</ele>
        <time>2026-02-28T09:02:33.000Z</time>
        <extensions>
          <ns3:TrackPointExtension>
            <ns3:hr>113</ns3:hr>
            <ns3:cad>0</ns3:cad>
          </ns3:TrackPointExtension>
        </extensions>
      </trkpt>
      <trkpt lat="46.096744537353515625" lon="11.14428617991507053375244140625">
        <ele>1039.800048828125</ele>
        <time>2026-02-28T09:02:35.000Z</time>
        <extensions>
          <ns3:TrackPointExtension>
            <ns3:hr>113</ns3:hr>
            <ns3:cad>0</ns3:cad>
          </ns3:TrackPointExtension>
        </extensions>
      </trkpt>
      <trkpt lat="46.096748895943164825439453125" lon="11.14427243359386920928955078125">
        <ele>1040</ele>
        <time>2026-02-28T09:02:43.000Z</time>
        <extensions>
          <ns3:TrackPointExtension>
            <ns3:hr>113</ns3:hr>
            <ns3:cad>0</ns3:cad>
          </ns3:TrackPointExtension>
        </extensions>
      </trkpt>
      <trkpt lat="46.0967490635812282562255859375" lon="11.1442855931818485260009765625">
        <ele>1040</ele>
        <time>2026-02-28T09:02:49.000Z</time>
        <extensions>
          <ns3:TrackPointExtension>
            <ns3:hr>110</ns3:hr>
            <ns3:cad>0</ns3:cad>
          </ns3:TrackPointExtension>
        </extensions>
      </trkpt>
      <trkpt lat="46.09674780629575252532958984375" lon="11.14428148604929447174072265625">
        <ele>1040.4000244140625</ele>
        <time>2026-02-28T09:02:54.000Z</time>
        <extensions>
          <ns3:TrackPointExtension>
            <ns3:hr>109</ns3:hr>
            <ns3:cad>0</ns3:cad>
          </ns3:TrackPointExtension>
        </extensions>
      </trkpt>
      <trkpt lat="46.0967470519244670867919921875" lon="11.1442802287638187408447265625">
        <ele>1040.4000244140625</ele>
        <time>2026-02-28T09:02:58.000Z</time>
        <extensions>
          <ns3:TrackPointExtension>
            <ns3:hr>106</ns3:hr>
            <ns3:cad>0</ns3:cad>
          </ns3:TrackPointExtension>
        </extensions>
      </trkpt>
      <trkpt lat="46.0967366583645343780517578125" lon="11.1442691646516323089599609375">
        <ele>1040.5999755859375</ele>
        <time>2026-02-28T09:03:04.000Z</time>
        <extensions>
          <ns3:TrackPointExtension>
            <ns3:hr>104</ns3:hr>
            <ns3:cad>0</ns3:cad>
          </ns3:TrackPointExtension>
        </extensions>
      </trkpt>
      <trkpt lat="46.09673473052680492401123046875" lon="11.1442658118903636932373046875">
        <ele>1040.199951171875</ele>
        <time>2026-02-28T09:03:12.000Z</time>
        <extensions>
          <ns3:TrackPointExtension>
            <ns3:hr>107</ns3:hr>
            <ns3:cad>0</ns3:cad>
          </ns3:TrackPointExtension>
        </extensions>
      </trkpt>
      <trkpt lat="46.0967487283051013946533203125" lon="11.14426136948168277740478515625">
        <ele>1040.199951171875</ele>
        <time>2026-02-28T09:03:21.000Z</time>
        <extensions>
          <ns3:TrackPointExtension>
            <ns3:hr>105</ns3:hr>
            <ns3:cad>0</ns3:cad>
          </ns3:TrackPointExtension>
        </extensions>
      </trkpt>
      <trkpt lat="46.0967453755438327789306640625" lon="11.144260950386524200439453125">
        <ele>1040</ele>
        <time>2026-02-28T09:03:28.000Z</time>
        <extensions>
          <ns3:TrackPointExtension>
            <ns3:hr>102</ns3:hr>
            <ns3:cad>0</ns3:cad>
          </ns3:TrackPointExtension>
        </extensions>
      </trkpt>
      <trkpt lat="46.0967450402677059173583984375" lon="11.1442862637341022491455078125">
        <ele>1039.800048828125</ele>
        <time>2026-02-28T09:03:31.000Z</time>
        <extensions>
          <ns3:TrackPointExtension>
            <ns3:hr>102</ns3:hr>
            <ns3:cad>0</ns3:cad>
          </ns3:TrackPointExtension>
        </extensions>
      </trkpt>
      <trkpt lat="46.09677362255752086639404296875" lon="11.14433295093476772308349609375">
        <ele>1039.5999755859375</ele>
        <time>2026-02-28T09:03:37.000Z</time>
        <extensions>
          <ns3:TrackPointExtension>
            <ns3:hr>101</ns3:hr>
            <ns3:cad>0</ns3:cad>
          </ns3:TrackPointExtension>
        </extensions>
      </trkpt>
      <trkpt lat="46.09680094756186008453369140625" lon="11.14437125623226165771484375">
        <ele>1039.800048828125</ele>
        <time>2026-02-28T09:03:41.000Z</time>
        <extensions>
          <ns3:TrackPointExtension>
            <ns3:hr>98</ns3:hr>
            <ns3:cad>0</ns3:cad>
          </ns3:TrackPointExtension>
        </extensions>
      </trkpt>
      <trkpt lat="46.09681486152112483978271484375" lon="11.1443811468780040740966796875">
        <ele>1039.800048828125</ele>
        <time>2026-02-28T09:03:43.000Z</time>
        <extensions>
          <ns3:TrackPointExtension>
            <ns3:hr>97</ns3:hr>
            <ns3:cad>0</ns3:cad>
          </ns3:TrackPointExtension>
        </extensions>
      </trkpt>
      <trkpt lat="46.0968419350683689117431640625" lon="11.14439246244728565216064453125">
        <ele>1040.199951171875</ele>
        <time>2026-02-28T09:03:48.000Z</time>
        <extensions>
          <ns3:TrackPointExtension>
            <ns3:hr>94</ns3:hr>
            <ns3:cad>0</ns3:cad>
          </ns3:TrackPointExtension>
        </extensions>
      </trkpt>
      <trkpt lat="46.0968506522476673126220703125" lon="11.1443912051618099212646484375">
        <ele>1040.4000244140625</ele>
        <time>2026-02-28T09:03:50.000Z</time>
        <extensions>
          <ns3:TrackPointExtension>
            <ns3:hr>94</ns3:hr>
            <ns3:cad>0</ns3:cad>
          </ns3:TrackPointExtension>
        </extensions>
      </trkpt>
      <trkpt lat="46.09686297364532947540283203125" lon="11.14438558928668498992919921875">
        <ele>1040.5999755859375</ele>
        <time>2026-02-28T09:03:58.000Z</time>
        <extensions>
          <ns3:TrackPointExtension>
            <ns3:hr>94</ns3:hr>
            <ns3:cad>0</ns3:cad>
          </ns3:TrackPointExtension>
        </extensions>
      </trkpt>
      <trkpt lat="46.0968670807778835296630859375" lon="11.14440168254077434539794921875">
        <ele>1040.5999755859375</ele>
        <time>2026-02-28T09:04:08.000Z</time>
        <extensions>
          <ns3:TrackPointExtension>
            <ns3:hr>93</ns3:hr>
            <ns3:cad>0</ns3:cad>
          </ns3:TrackPointExtension>
        </extensions>
      </trkpt>
      <trkpt lat="46.09685844741761684417724609375" lon="11.14440889097750186920166015625">
        <ele>1040.4000244140625</ele>
        <time>2026-02-28T09:04:18.000Z</time>
        <extensions>
          <ns3:TrackPointExtension>
            <ns3:hr>91</ns3:hr>
            <ns3:cad>0</ns3:cad>
          </ns3:TrackPointExtension>
        </extensions>
      </trkpt>
      <trkpt lat="46.09687638469040393829345703125" lon="11.14441526122391223907470703125">
        <ele>1040</ele>
        <time>2026-02-28T09:04:28.000Z</time>
        <extensions>
          <ns3:TrackPointExtension>
            <ns3:hr>92</ns3:hr>
            <ns3:cad>0</ns3:cad>
          </ns3:TrackPointExtension>
        </extensions>
      </trkpt>
      <trkpt lat="46.0968369059264659881591796875" lon="11.1444109864532947540283203125">
        <ele>1039.800048828125</ele>
        <time>2026-02-28T09:04:32.000Z</time>
        <extensions>
          <ns3:TrackPointExtension>
            <ns3:hr>89</ns3:hr>
            <ns3:cad>0</ns3:cad>
          </ns3:TrackPointExtension>
        </extensions>
      </trkpt>
      <trkpt lat="46.09681335277855396270751953125" lon="11.1444066278636455535888671875">
        <ele>1039.5999755859375</ele>
        <time>2026-02-28T09:04:35.000Z</time>
        <extensions>
          <ns3:TrackPointExtension>
            <ns3:hr>88</ns3:hr>
            <ns3:cad>52</ns3:cad>
          </ns3:TrackPointExtension>
        </extensions>
      </trkpt>
      <trkpt lat="46.09679893590509891510009765625" lon="11.14441559650003910064697265625">
        <ele>1039.4000244140625</ele>
        <time>2026-02-28T09:04:40.000Z</time>
        <extensions>
          <ns3:TrackPointExtension>
            <ns3:hr>88</ns3:hr>
            <ns3:cad>0</ns3:cad>
          </ns3:TrackPointExtension>
        </extensions>
      </trkpt>
      <trkpt lat="46.096787787973880767822265625" lon="11.14445582963526248931884765625">
        <ele>1039.800048828125</ele>
        <time>2026-02-28T09:04:44.000Z</time>
        <extensions>
          <ns3:TrackPointExtension>
            <ns3:hr>90</ns3:hr>
            <ns3:cad>0</ns3:cad>
          </ns3:TrackPointExtension>
        </extensions>
      </trkpt>
      <trkpt lat="46.0968047194182872772216796875" lon="11.144530512392520904541015625">
        <ele>1039.800048828125</ele>
        <time>2026-02-28T09:04:51.000Z</time>
        <extensions>
          <ns3:TrackPointExtension>
            <ns3:hr>92</ns3:hr>
            <ns3:cad>46</ns3:cad>
          </ns3:TrackPointExtension>
        </extensions>
      </trkpt>
      <trkpt lat="46.0968194715678691864013671875" lon="11.14460653625428676605224609375">
        <ele>1040.5999755859375</ele>
        <time>2026-02-28T09:04:58.000Z</time>
        <extensions>
          <ns3:TrackPointExtension>
            <ns3:hr>92</ns3:hr>
            <ns3:cad>43</ns3:cad>
          </ns3:TrackPointExtension>
        </extensions>
      </trkpt>
      <trkpt lat="46.09682165086269378662109375" lon="11.1446329392492771148681640625">
        <ele>1040.800048828125</ele>
        <time>2026-02-28T09:05:00.000Z</time>
        <extensions>
          <ns3:TrackPointExtension>
            <ns3:hr>92</ns3:hr>
            <ns3:cad>41</ns3:cad>
          </ns3:TrackPointExtension>
        </extensions>
      </trkpt>
      <trkpt lat="46.09682961367070674896240234375" lon="11.144674010574817657470703125">
        <ele>1041.4000244140625</ele>
        <time>2026-02-28T09:05:04.000Z</time>
        <extensions>
          <ns3:TrackPointExtension>
            <ns3:hr>92</ns3:hr>
            <ns3:cad>43</ns3:cad>
          </ns3:TrackPointExtension>
        </extensions>
      </trkpt>
      <trkpt lat="46.09683715738356113433837890625" lon="11.1447395570576190948486328125">
        <ele>1041.800048828125</ele>
        <time>2026-02-28T09:05:09.000Z</time>
        <extensions>
          <ns3:TrackPointExtension>
            <ns3:hr>94</ns3:hr>
            <ns3:cad>46</ns3:cad>
          </ns3:TrackPointExtension>
        </extensions>
      </trkpt>
      <trkpt lat="46.09683916904032230377197265625" lon="11.14475657232105731964111328125">
        <ele>1042</ele>
        <time>2026-02-28T09:05:10.000Z</time>
        <extensions>
          <ns3:TrackPointExtension>
            <ns3:hr>95</ns3:hr>
            <ns3:cad>46</ns3:cad>
          </ns3:TrackPointExtension>
        </extensions>
      </trkpt>
      <trkpt lat="46.09684805385768413543701171875" lon="11.144822873175144195556640625">
        <ele>1042.5999755859375</ele>
        <time>2026-02-28T09:05:15.000Z</time>
        <extensions>
          <ns3:TrackPointExtension>
            <ns3:hr>97</ns3:hr>
            <ns3:cad>0</ns3:cad>
          </ns3:TrackPointExtension>
        </extensions>
      </trkpt>
      <trkpt lat="46.096859537065029144287109375" lon="11.14484525285661220550537109375">
        <ele>1043</ele>
        <time>2026-02-28T09:05:19.000Z</time>
        <extensions>
          <ns3:TrackPointExtension>
            <ns3:hr>99</ns3:hr>
            <ns3:cad>44</ns3:cad>
          </ns3:TrackPointExtension>
        </extensions>
      </trkpt>
      <trkpt lat="46.09686364419758319854736328125" lon="11.1448560655117034912109375">
        <ele>1043.199951171875</ele>
        <time>2026-02-28T09:05:21.000Z</time>
        <extensions>
          <ns3:TrackPointExtension>
            <ns3:hr>100</ns3:hr>
            <ns3:cad>44</ns3:cad>
          </ns3:TrackPointExtension>
        </extensions>
      </trkpt>
      <trkpt lat="46.09687286429107189178466796875" lon="11.14489839412271976470947265625">
        <ele>1043.800048828125</ele>
        <time>2026-02-28T09:05:26.000Z</time>
        <extensions>
          <ns3:TrackPointExtension>
            <ns3:hr>103</ns3:hr>
            <ns3:cad>0</ns3:cad>
          </ns3:TrackPointExtension>
        </extensions>
      </trkpt>
      <trkpt lat="46.0968737863004207611083984375" lon="11.14490442909300327301025390625">
        <ele>1043.800048828125</ele>
        <time>2026-02-28T09:05:27.000Z</time>
        <extensions>
          <ns3:TrackPointExtension>
            <ns3:hr>103</ns3:hr>
            <ns3:cad>75</ns3:cad>
          </ns3:TrackPointExtension>
        </extensions>
      </trkpt>
      <trkpt lat="46.0968821682035923004150390625" lon="11.144954971969127655029296875">
        <ele>1044.199951171875</ele>
        <time>2026-02-28T09:05:30.000Z</time>
        <extensions>
          <ns3:TrackPointExtension>
            <ns3:hr>105</ns3:hr>
            <ns3:cad>80</ns3:cad>
          </ns3:TrackPointExtension>
        </extensions>
      </trkpt>
      <trkpt lat="46.0968902148306369781494140625" lon="11.14502764306962490081787109375">
        <ele>1044.5999755859375</ele>
        <time>2026-02-28T09:05:34.000Z</time>
        <extensions>
          <ns3:TrackPointExtension>
            <ns3:hr>106</ns3:hr>
            <ns3:cad>80</ns3:cad>
          </ns3:TrackPointExtension>
        </extensions>
      </trkpt>
      <trkpt lat="46.096894405782222747802734375" lon="11.14504222758114337921142578125">
        <ele>1044.800048828125</ele>
        <time>2026-02-28T09:05:36.000Z</time>
        <extensions>
          <ns3:TrackPointExtension>
            <ns3:hr>109</ns3:hr>
            <ns3:cad>0</ns3:cad>
          </ns3:TrackPointExtension>
        </extensions>
      </trkpt>
      <trkpt lat="46.09690689481794834136962890625" lon="11.145088411867618560791015625">
        <ele>1045.199951171875</ele>
        <time>2026-02-28T09:05:40.000Z</time>
        <extensions>
          <ns3:TrackPointExtension>
            <ns3:hr>108</ns3:hr>
            <ns3:cad>0</ns3:cad>
          </ns3:TrackPointExtension>
        </extensions>
      </trkpt>
      <trkpt lat="46.09691645018756389617919921875" lon="11.145121939480304718017578125">
        <ele>1045.5999755859375</ele>
        <time>2026-02-28T09:05:43.000Z</time>
        <extensions>
          <ns3:TrackPointExtension>
            <ns3:hr>105</ns3:hr>
            <ns3:cad>47</ns3:cad>
          </ns3:TrackPointExtension>
        </extensions>
      </trkpt>
      <trkpt lat="46.0969277657568454742431640625" lon="11.14516108296811580657958984375">
        <ele>1046</ele>
        <time>2026-02-28T09:05:46.000Z</time>
        <extensions>
          <ns3:TrackPointExtension>
            <ns3:hr>103</ns3:hr>
            <ns3:cad>47</ns3:cad>
          </ns3:TrackPointExtension>
        </extensions>
      </trkpt>
      <trkpt lat="46.0969378240406513214111328125" lon="11.14521355368196964263916015625">
        <ele>1046.199951171875</ele>
        <time>2026-02-28T09:05:49.000Z</time>
        <extensions>
          <ns3:TrackPointExtension>
            <ns3:hr>102</ns3:hr>
            <ns3:cad>47</ns3:cad>
          </ns3:TrackPointExtension>
        </extensions>
      </trkpt>
      <trkpt lat="46.09693757258355617523193359375" lon="11.14526501856744289398193359375">
        <ele>1046.5999755859375</ele>
        <time>2026-02-28T09:05:52.000Z</time>
        <extensions>
          <ns3:TrackPointExtension>
            <ns3:hr>102</ns3:hr>
            <ns3:cad>47</ns3:cad>
          </ns3:TrackPointExtension>
        </extensions>
      </trkpt>
      <trkpt lat="46.0969529114663600921630859375" lon="11.14533760584890842437744140625">
        <ele>1047.4000244140625</ele>
        <time>2026-02-28T09:05:58.000Z</time>
        <extensions>
          <ns3:TrackPointExtension>
            <ns3:hr>101</ns3:hr>
            <ns3:cad>47</ns3:cad>
          </ns3:TrackPointExtension>
        </extensions>
      </trkpt>
      <trkpt lat="46.09695576131343841552734375" lon="11.1453490890562534332275390625">
        <ele>1047.4000244140625</ele>
        <time>2026-02-28T09:05:59.000Z</time>
        <extensions>
          <ns3:TrackPointExtension>
            <ns3:hr>102</ns3:hr>
            <ns3:cad>47</ns3:cad>
          </ns3:TrackPointExtension>
        </extensions>
      </trkpt>
      <trkpt lat="46.09697931446135044097900390625" lon="11.14540901966392993927001953125">
        <ele>1048.199951171875</ele>
        <time>2026-02-28T09:06:05.000Z</time>
        <extensions>
          <ns3:TrackPointExtension>
            <ns3:hr>105</ns3:hr>
            <ns3:cad>47</ns3:cad>
          </ns3:TrackPointExtension>
        </extensions>
      </trkpt>
      <trkpt lat="46.09698954038321971893310546875" lon="11.1454188264906406402587890625">
        <ele>1048.4000244140625</ele>
        <time>2026-02-28T09:06:07.000Z</time>
        <extensions>
          <ns3:TrackPointExtension>
            <ns3:hr>106</ns3:hr>
            <ns3:cad>46</ns3:cad>
          </ns3:TrackPointExtension>
        </extensions>
      </trkpt>
      <trkpt lat="46.0970219783484935760498046875" lon="11.14544212818145751953125">
        <ele>1049.199951171875</ele>
        <time>2026-02-28T09:06:11.000Z</time>
        <extensions>
          <ns3:TrackPointExtension>
            <ns3:hr>109</ns3:hr>
            <ns3:cad>41</ns3:cad>
          </ns3:TrackPointExtension>
        </extensions>
      </trkpt>
      <trkpt lat="46.09703865833580493927001953125" lon="11.14545763470232486724853515625">
        <ele>1049.4000244140625</ele>
        <time>2026-02-28T09:06:13.000Z</time>
        <extensions>
          <ns3:TrackPointExtension>
            <ns3:hr>110</ns3:hr>
            <ns3:cad>41</ns3:cad>
          </ns3:TrackPointExtension>
        </extensions>
      </trkpt>
      <trkpt lat="46.0970436036586761474609375" lon="11.14546350203454494476318359375">
        <ele>1049.4000244140625</ele>
        <time>2026-02-28T09:06:14.000Z</time>
        <extensions>
          <ns3:TrackPointExtension>
            <ns3:hr>110</ns3:hr>
            <ns3:cad>42</ns3:cad>
          </ns3:TrackPointExtension>
        </extensions>
      </trkpt>
      <trkpt lat="46.0970892012119293212890625" lon="11.14548110403120517730712890625">
        <ele>1050.4000244140625</ele>
        <time>2026-02-28T09:06:20.000Z</time>
        <extensions>
          <ns3:TrackPointExtension>
            <ns3:hr>113</ns3:hr>
            <ns3:cad>46</ns3:cad>
          </ns3:TrackPointExtension>
        </extensions>
      </trkpt>
      <trkpt lat="46.09710185788571834564208984375" lon="11.1454890668392181396484375">
        <ele>1050.5999755859375</ele>
        <time>2026-02-28T09:06:21.000Z</time>
        <extensions>
          <ns3:TrackPointExtension>
            <ns3:hr>113</ns3:hr>
            <ns3:cad>46</ns3:cad>
          </ns3:TrackPointExtension>
        </extensions>
      </trkpt>
      <trkpt lat="46.09711023978888988494873046875" lon="11.14549317397177219390869140625">
        <ele>1050.800048828125</ele>
        <time>2026-02-28T09:06:22.000Z</time>
        <extensions>
          <ns3:TrackPointExtension>
            <ns3:hr>114</ns3:hr>
            <ns3:cad>48</ns3:cad>
          </ns3:TrackPointExtension>
        </extensions>
      </trkpt>
      <trkpt lat="46.09715281985700130462646484375" lon="11.1455132067203521728515625">
        <ele>1051.5999755859375</ele>
        <time>2026-02-28T09:06:27.000Z</time>
        <extensions>
          <ns3:TrackPointExtension>
            <ns3:hr>114</ns3:hr>
            <ns3:cad>47</ns3:cad>
          </ns3:TrackPointExtension>
        </extensions>
      </trkpt>
      <trkpt lat="46.097167320549488067626953125" lon="11.1455227620899677276611328125">
        <ele>1052</ele>
        <time>2026-02-28T09:06:29.000Z</time>
        <extensions>
          <ns3:TrackPointExtension>
            <ns3:hr>113</ns3:hr>
            <ns3:cad>46</ns3:cad>
          </ns3:TrackPointExtension>
        </extensions>
      </trkpt>
      <trkpt lat="46.09719422645866870880126953125" lon="11.14552938379347324371337890625">
        <ele>1052.800048828125</ele>
        <time>2026-02-28T09:06:33.000Z</time>
        <extensions>
          <ns3:TrackPointExtension>
            <ns3:hr>115</ns3:hr>
            <ns3:cad>44</ns3:cad>
          </ns3:TrackPointExtension>
        </extensions>
      </trkpt>
      <trkpt lat="46.09722800552845001220703125" lon="11.145545728504657745361328125">
        <ele>1053.4000244140625</ele>
        <time>2026-02-28T09:06:36.000Z</time>
        <extensions>
          <ns3:TrackPointExtension>
            <ns3:hr>116</ns3:hr>
            <ns3:cad>44</ns3:cad>
          </ns3:TrackPointExtension>
        </extensions>
      </trkpt>
      <trkpt lat="46.09724585898220539093017578125" lon="11.145555786788463592529296875">
        <ele>1054</ele>
        <time>2026-02-28T09:06:38.000Z</time>
        <extensions>
          <ns3:TrackPointExtension>
            <ns3:hr>117</ns3:hr>
            <ns3:cad>44</ns3:cad>
          </ns3:TrackPointExtension>
        </extensions>
      </trkpt>
      <trkpt lat="46.09727452509105205535888671875" lon="11.14558185450732707977294921875">
        <ele>1054.5999755859375</ele>
        <time>2026-02-28T09:06:42.000Z</time>
        <extensions>
          <ns3:TrackPointExtension>
            <ns3:hr>116</ns3:hr>
            <ns3:cad>43</ns3:cad>
          </ns3:TrackPointExtension>
        </extensions>
      </trkpt>
      <trkpt lat="46.0972858406603336334228515625" lon="11.14558638073503971099853515625">
        <ele>1055</ele>
        <time>2026-02-28T09:06:44.000Z</time>
        <extensions>
          <ns3:TrackPointExtension>
            <ns3:hr>115</ns3:hr>
            <ns3:cad>43</ns3:cad>
          </ns3:TrackPointExtension>
        </extensions>
      </trkpt>
      <trkpt lat="46.09729506075382232666015625" lon="11.14555872045457363128662109375">
        <ele>1056</ele>
        <time>2026-02-28T09:06:49.000Z</time>
        <extensions>
          <ns3:TrackPointExtension>
            <ns3:hr>116</ns3:hr>
            <ns3:cad>79</ns3:cad>
          </ns3:TrackPointExtension>
        </extensions>
      </trkpt>
      <trkpt lat="46.09729631803929805755615234375" lon="11.1455512605607509613037109375">
        <ele>1056.199951171875</ele>
        <time>2026-02-28T09:06:50.000Z</time>
        <extensions>
          <ns3:TrackPointExtension>
            <ns3:hr>116</ns3:hr>
            <ns3:cad>79</ns3:cad>
          </ns3:TrackPointExtension>
        </extensions>
      </trkpt>
      <trkpt lat="46.097292043268680572509765625" lon="11.145537681877613067626953125">
        <ele>1056.4000244140625</ele>
        <time>2026-02-28T09:06:51.000Z</time>
        <extensions>
          <ns3:TrackPointExtension>
            <ns3:hr>115</ns3:hr>
            <ns3:cad>79</ns3:cad>
          </ns3:TrackPointExtension>
        </extensions>
      </trkpt>
      <trkpt lat="46.09729045070707798004150390625" lon="11.1455056630074977874755859375">
        <ele>1057.199951171875</ele>
        <time>2026-02-28T09:06:54.000Z</time>
        <extensions>
          <ns3:TrackPointExtension>
            <ns3:hr>115</ns3:hr>
            <ns3:cad>41</ns3:cad>
          </ns3:TrackPointExtension>
        </extensions>
      </trkpt>
      <trkpt lat="46.097291372716426849365234375" lon="11.1454945988953113555908203125">
        <ele>1057.5999755859375</ele>
        <time>2026-02-28T09:06:56.000Z</time>
        <extensions>
          <ns3:TrackPointExtension>
            <ns3:hr>116</ns3:hr>
            <ns3:cad>44</ns3:cad>
          </ns3:TrackPointExtension>
        </extensions>
      </trkpt>
      <trkpt lat="46.09728701412677764892578125" lon="11.14544950425624847412109375">
        <ele>1058.199951171875</ele>
        <time>2026-02-28T09:07:00.000Z</time>
        <extensions>
          <ns3:TrackPointExtension>
            <ns3:hr>116</ns3:hr>
            <ns3:cad>44</ns3:cad>
          </ns3:TrackPointExtension>
        </extensions>
      </trkpt>
      <trkpt lat="46.09728634357452392578125" lon="11.14543567411601543426513671875">
        <ele>1058.4000244140625</ele>
        <time>2026-02-28T09:07:01.000Z</time>
        <extensions>
          <ns3:TrackPointExtension>
            <ns3:hr>116</ns3:hr>
            <ns3:cad>44</ns3:cad>
          </ns3:TrackPointExtension>
        </extensions>
      </trkpt>
      <trkpt lat="46.09726564027369022369384765625" lon="11.1453980393707752227783203125">
        <ele>1059.199951171875</ele>
        <time>2026-02-28T09:07:06.000Z</time>
        <extensions>
          <ns3:TrackPointExtension>
            <ns3:hr>116</ns3:hr>
            <ns3:cad>43</ns3:cad>
          </ns3:TrackPointExtension>
        </extensions>
      </trkpt>
      <trkpt lat="46.09726262278854846954345703125" lon="11.1453930102288722991943359375">
        <ele>1059.4000244140625</ele>
        <time>2026-02-28T09:07:07.000Z</time>
        <extensions>
          <ns3:TrackPointExtension>
            <ns3:hr>115</ns3:hr>
            <ns3:cad>43</ns3:cad>
          </ns3:TrackPointExtension>
        </extensions>
      </trkpt>
      <trkpt lat="46.097242422401905059814453125" lon="11.14534556865692138671875">
        <ele>1060.4000244140625</ele>
        <time>2026-02-28T09:07:11.000Z</time>
        <extensions>
          <ns3:TrackPointExtension>
            <ns3:hr>115</ns3:hr>
            <ns3:cad>45</ns3:cad>
          </ns3:TrackPointExtension>
        </extensions>
      </trkpt>
      <trkpt lat="46.09723177738487720489501953125" lon="11.1453276313841342926025390625">
        <ele>1060.800048828125</ele>
        <time>2026-02-28T09:07:13.000Z</time>
        <extensions>
          <ns3:TrackPointExtension>
            <ns3:hr>116</ns3:hr>
            <ns3:cad>45</ns3:cad>
          </ns3:TrackPointExtension>
        </extensions>
      </trkpt>
      <trkpt lat="46.09722071327269077301025390625" lon="11.14528882317245006561279296875">
        <ele>1061.4000244140625</ele>
        <time>2026-02-28T09:07:16.000Z</time>
        <extensions>
          <ns3:TrackPointExtension>
            <ns3:hr>118</ns3:hr>
            <ns3:cad>46</ns3:cad>
          </ns3:TrackPointExtension>
        </extensions>
      </trkpt>
      <trkpt lat="46.09720746986567974090576171875" lon="11.1452451534569263458251953125">
        <ele>1062</ele>
        <time>2026-02-28T09:07:20.000Z</time>
        <extensions>
          <ns3:TrackPointExtension>
            <ns3:hr>119</ns3:hr>
            <ns3:cad>44</ns3:cad>
          </ns3:TrackPointExtension>
        </extensions>
      </trkpt>
      <trkpt lat="46.09720478765666484832763671875" lon="11.1452126316726207733154296875">
        <ele>1062.4000244140625</ele>
        <time>2026-02-28T09:07:22.000Z</time>
        <extensions>
          <ns3:TrackPointExtension>
            <ns3:hr>119</ns3:hr>
            <ns3:cad>45</ns3:cad>
          </ns3:TrackPointExtension>
        </extensions>
      </trkpt>
      <trkpt lat="46.097198165953159332275390625" lon="11.14517734386026859283447265625">
        <ele>1063</ele>
        <time>2026-02-28T09:07:25.000Z</time>
        <extensions>
          <ns3:TrackPointExtension>
            <ns3:hr>124</ns3:hr>
            <ns3:cad>44</ns3:cad>
          </ns3:TrackPointExtension>
        </extensions>
      </trkpt>
      <trkpt lat="46.097198836505413055419921875" lon="11.14516326226294040679931640625">
        <ele>1063</ele>
        <time>2026-02-28T09:07:26.000Z</time>
        <extensions>
          <ns3:TrackPointExtension>
            <ns3:hr>128</ns3:hr>
            <ns3:cad>44</ns3:cad>
          </ns3:TrackPointExtension>
        </extensions>
      </trkpt>
      <trkpt lat="46.09720051288604736328125" lon="11.1451522819697856903076171875">
        <ele>1063.199951171875</ele>
        <time>2026-02-28T09:07:27.000Z</time>
        <extensions>
          <ns3:TrackPointExtension>
            <ns3:hr>128</ns3:hr>
            <ns3:cad>44</ns3:cad>
          </ns3:TrackPointExtension>
        </extensions>
      </trkpt>
      <trkpt lat="46.0972090624272823333740234375" lon="11.145123280584812164306640625">
        <ele>1063.5999755859375</ele>
        <time>2026-02-28T09:07:29.000Z</time>
        <extensions>
          <ns3:TrackPointExtension>
            <ns3:hr>129</ns3:hr>
            <ns3:cad>42</ns3:cad>
          </ns3:TrackPointExtension>
        </extensions>
      </trkpt>
      <trkpt lat="46.09721467830240726470947265625" lon="11.14511112682521343231201171875">
        <ele>1063.800048828125</ele>
        <time>2026-02-28T09:07:31.000Z</time>
        <extensions>
          <ns3:TrackPointExtension>
            <ns3:hr>129</ns3:hr>
            <ns3:cad>42</ns3:cad>
          </ns3:TrackPointExtension>
        </extensions>
      </trkpt>
      <trkpt lat="46.0972422547638416290283203125" lon="11.14506703801453113555908203125">
        <ele>1064.5999755859375</ele>
        <time>2026-02-28T09:07:37.000Z</time>
        <extensions>
          <ns3:TrackPointExtension>
            <ns3:hr>129</ns3:hr>
            <ns3:cad>40</ns3:cad>
          </ns3:TrackPointExtension>
        </extensions>
      </trkpt>
      <trkpt lat="46.09725440852344036102294921875" lon="11.145052202045917510986328125">
        <ele>1064.800048828125</ele>
        <time>2026-02-28T09:07:39.000Z</time>
        <extensions>
          <ns3:TrackPointExtension>
            <ns3:hr>129</ns3:hr>
            <ns3:cad>40</ns3:cad>
          </ns3:TrackPointExtension>
        </extensions>
      </trkpt>
      <trkpt lat="46.09728223644196987152099609375" lon="11.14501406438648700714111328125">
        <ele>1065.800048828125</ele>
        <time>2026-02-28T09:07:45.000Z</time>
        <extensions>
          <ns3:TrackPointExtension>
            <ns3:hr>127</ns3:hr>
            <ns3:cad>41</ns3:cad>
          </ns3:TrackPointExtension>
        </extensions>
      </trkpt>
      <trkpt lat="46.09728743322193622589111328125" lon="11.14500970579683780670166015625">
        <ele>1066</ele>
        <time>2026-02-28T09:07:46.000Z</time>
        <extensions>
          <ns3:TrackPointExtension>
            <ns3:hr>127</ns3:hr>
            <ns3:cad>41</ns3:cad>
          </ns3:TrackPointExtension>
        </extensions>
      </trkpt>
      <trkpt lat="46.0973069630563259124755859375" lon="11.14497634582221508026123046875">
        <ele>1066.800048828125</ele>
        <time>2026-02-28T09:07:51.000Z</time>
        <extensions>
          <ns3:TrackPointExtension>
            <ns3:hr>127</ns3:hr>
            <ns3:cad>42</ns3:cad>
          </ns3:TrackPointExtension>
        </extensions>
      </trkpt>
      <trkpt lat="46.09732096083462238311767578125" lon="11.14495321176946163177490234375">
        <ele>1067.4000244140625</ele>
        <time>2026-02-28T09:07:54.000Z</time>
        <extensions>
          <ns3:TrackPointExtension>
            <ns3:hr>126</ns3:hr>
            <ns3:cad>41</ns3:cad>
          </ns3:TrackPointExtension>
        </extensions>
      </trkpt>
      <trkpt lat="46.0973378084599971771240234375" lon="11.14492655731737613677978515625">
        <ele>1068</ele>
        <time>2026-02-28T09:07:57.000Z</time>
        <extensions>
          <ns3:TrackPointExtension>
            <ns3:hr>127</ns3:hr>
            <ns3:cad>41</ns3:cad>
          </ns3:TrackPointExtension>
        </extensions>
      </trkpt>
      <trkpt lat="46.0973636247217655181884765625" lon="11.14488548599183559417724609375">
        <ele>1069</ele>
        <time>2026-02-28T09:08:03.000Z</time>
        <extensions>
          <ns3:TrackPointExtension>
            <ns3:hr>127</ns3:hr>
            <ns3:cad>42</ns3:cad>
          </ns3:TrackPointExtension>
        </extensions>
      </trkpt>
      <trkpt lat="46.097402013838291168212890625" lon="11.14480988122522830963134765625">
        <ele>1070</ele>
        <time>2026-02-28T09:08:10.000Z</time>
        <extensions>
          <ns3:TrackPointExtension>
            <ns3:hr>127</ns3:hr>
            <ns3:cad>40</ns3:cad>
          </ns3:TrackPointExtension>
        </extensions>
      </trkpt>
      <trkpt lat="46.0974028520286083221435546875" lon="11.14480149932205677032470703125">
        <ele>1070.199951171875</ele>
        <time>2026-02-28T09:08:11.000Z</time>
        <extensions>
          <ns3:TrackPointExtension>
            <ns3:hr>128</ns3:hr>
            <ns3:cad>40</ns3:cad>
          </ns3:TrackPointExtension>
        </extensions>
      </trkpt>
      <trkpt lat="46.09739773906767368316650390625" lon="11.14477652125060558319091796875">
        <ele>1071.199951171875</ele>
        <time>2026-02-28T09:08:16.000Z</time>
        <extensions>
          <ns3:TrackPointExtension>
            <ns3:hr>129</ns3:hr>
            <ns3:cad>77</ns3:cad>
          </ns3:TrackPointExtension>
        </extensions>
      </trkpt>
      <trkpt lat="46.0973911173641681671142578125" lon="11.144768893718719482421875">
        <ele>1071.5999755859375</ele>
        <time>2026-02-28T09:08:19.000Z</time>
        <extensions>
          <ns3:TrackPointExtension>
            <ns3:hr>131</ns3:hr>
            <ns3:cad>41</ns3:cad>
          </ns3:TrackPointExtension>
        </extensions>
      </trkpt>
      <trkpt lat="46.09739162027835845947265625" lon="11.1447512917220592498779296875">
        <ele>1072.199951171875</ele>
        <time>2026-02-28T09:08:22.000Z</time>
        <extensions>
          <ns3:TrackPointExtension>
            <ns3:hr>132</ns3:hr>
            <ns3:cad>41</ns3:cad>
          </ns3:TrackPointExtension>
        </extensions>
      </trkpt>
      <trkpt lat="46.0973689891397953033447265625" lon="11.14471726119518280029296875">
        <ele>1072.800048828125</ele>
        <time>2026-02-28T09:08:26.000Z</time>
        <extensions>
          <ns3:TrackPointExtension>
            <ns3:hr>132</ns3:hr>
            <ns3:cad>40</ns3:cad>
          </ns3:TrackPointExtension>
        </extensions>
      </trkpt>
      <trkpt lat="46.09735733829438686370849609375" lon="11.14470225758850574493408203125">
        <ele>1073.199951171875</ele>
        <time>2026-02-28T09:08:28.000Z</time>
        <extensions>
          <ns3:TrackPointExtension>
            <ns3:hr>133</ns3:hr>
            <ns3:cad>40</ns3:cad>
          </ns3:TrackPointExtension>
        </extensions>
      </trkpt>
      <trkpt lat="46.0973488725721836090087890625" lon="11.144669987261295318603515625">
        <ele>1074</ele>
        <time>2026-02-28T09:08:32.000Z</time>
        <extensions>
          <ns3:TrackPointExtension>
            <ns3:hr>133</ns3:hr>
            <ns3:cad>45</ns3:cad>
          </ns3:TrackPointExtension>
        </extensions>
      </trkpt>
      <trkpt lat="46.09734560362994670867919921875" lon="11.1446590907871723175048828125">
        <ele>1074.199951171875</ele>
        <time>2026-02-28T09:08:33.000Z</time>
        <extensions>
          <ns3:TrackPointExtension>
            <ns3:hr>133</ns3:hr>
            <ns3:cad>48</ns3:cad>
          </ns3:TrackPointExtension>
        </extensions>
      </trkpt>
      <trkpt lat="46.09731056727468967437744140625" lon="11.144579462707042694091796875">
        <ele>1075.4000244140625</ele>
        <time>2026-02-28T09:08:39.000Z</time>
        <extensions>
          <ns3:TrackPointExtension>
            <ns3:hr>134</ns3:hr>
            <ns3:cad>46</ns3:cad>
          </ns3:TrackPointExtension>
        </extensions>
      </trkpt>
      <trkpt lat="46.09730981290340423583984375" lon="11.1445642076432704925537109375">
        <ele>1075.5999755859375</ele>
        <time>2026-02-28T09:08:40.000Z</time>
        <extensions>
          <ns3:TrackPointExtension>
            <ns3:hr>134</ns3:hr>
            <ns3:cad>45</ns3:cad>
          </ns3:TrackPointExtension>
        </extensions>
      </trkpt>
      <trkpt lat="46.09730578958988189697265625" lon="11.14454585127532482147216796875">
        <ele>1075.800048828125</ele>
        <time>2026-02-28T09:08:42.000Z</time>
        <extensions>
          <ns3:TrackPointExtension>
            <ns3:hr>137</ns3:hr>
            <ns3:cad>45</ns3:cad>
          </ns3:TrackPointExtension>
        </extensions>
      </trkpt>
      <trkpt lat="46.09730369411408901214599609375" lon="11.14453361369669437408447265625">
        <ele>1076</ele>
        <time>2026-02-28T09:08:43.000Z</time>
        <extensions>
          <ns3:TrackPointExtension>
            <ns3:hr>141</ns3:hr>
            <ns3:cad>44</ns3:cad>
          </ns3:TrackPointExtension>
        </extensions>
      </trkpt>
      <trkpt lat="46.09730176627635955810546875" lon="11.1445229686796665191650390625">
        <ele>1076</ele>
        <time>2026-02-28T09:08:44.000Z</time>
        <extensions>
          <ns3:TrackPointExtension>
            <ns3:hr>141</ns3:hr>
            <ns3:cad>44</ns3:cad>
          </ns3:TrackPointExtension>
        </extensions>
      </trkpt>
      <trkpt lat="46.09730386175215244293212890625" lon="11.144488938152790069580078125">
        <ele>1076.5999755859375</ele>
        <time>2026-02-28T09:08:47.000Z</time>
        <extensions>
          <ns3:TrackPointExtension>
            <ns3:hr>142</ns3:hr>
            <ns3:cad>79</ns3:cad>
          </ns3:TrackPointExtension>
        </extensions>
      </trkpt>
      <trkpt lat="46.09732196666300296783447265625" lon="11.14440520294010639190673828125">
        <ele>1077.5999755859375</ele>
        <time>2026-02-28T09:08:53.000Z</time>
        <extensions>
          <ns3:TrackPointExtension>
            <ns3:hr>142</ns3:hr>
            <ns3:cad>44</ns3:cad>
          </ns3:TrackPointExtension>
        </extensions>
      </trkpt>
      <trkpt lat="46.09733252786099910736083984375" lon="11.1443844996392726898193359375">
        <ele>1078</ele>
        <time>2026-02-28T09:08:55.000Z</time>
        <extensions>
          <ns3:TrackPointExtension>
            <ns3:hr>142</ns3:hr>
            <ns3:cad>43</ns3:cad>
          </ns3:TrackPointExtension>
        </extensions>
      </trkpt>
      <trkpt lat="46.09734677709639072418212890625" lon="11.14434518851339817047119140625">
        <ele>1078.800048828125</ele>
        <time>2026-02-28T09:08:59.000Z</time>
        <extensions>
          <ns3:TrackPointExtension>
            <ns3:hr>141</ns3:hr>
            <ns3:cad>42</ns3:cad>
          </ns3:TrackPointExtension>
        </extensions>
      </trkpt>
      <trkpt lat="46.09735415317118167877197265625" lon="11.1443035304546356201171875">
        <ele>1079.5999755859375</ele>
        <time>2026-02-28T09:09:02.000Z</time>
        <extensions>
          <ns3:TrackPointExtension>
            <ns3:hr>141</ns3:hr>
            <ns3:cad>45</ns3:cad>
          </ns3:TrackPointExtension>
        </extensions>
      </trkpt>
      <trkpt lat="46.097353063523769378662109375" lon="11.14428408443927764892578125">
        <ele>1080</ele>
        <time>2026-02-28T09:09:04.000Z</time>
        <extensions>
          <ns3:TrackPointExtension>
            <ns3:hr>140</ns3:hr>
            <ns3:cad>47</ns3:cad>
          </ns3:TrackPointExtension>
        </extensions>
      </trkpt>
      <trkpt lat="46.09735985286533832550048828125" lon="11.14422415383160114288330078125">
        <ele>1081</ele>
        <time>2026-02-28T09:09:08.000Z</time>
        <extensions>
          <ns3:TrackPointExtension>
            <ns3:hr>139</ns3:hr>
            <ns3:cad>49</ns3:cad>
          </ns3:TrackPointExtension>
        </extensions>
      </trkpt>
      <trkpt lat="46.09735784120857715606689453125" lon="11.14421778358519077301025390625">
        <ele>1081.199951171875</ele>
        <time>2026-02-28T09:09:09.000Z</time>
        <extensions>
          <ns3:TrackPointExtension>
            <ns3:hr>139</ns3:hr>
            <ns3:cad>48</ns3:cad>
          </ns3:TrackPointExtension>
        </extensions>
      </trkpt>
      <trkpt lat="46.09736605547368526458740234375" lon="11.144185848534107208251953125">
        <ele>1082</ele>
        <time>2026-02-28T09:09:13.000Z</time>
        <extensions>
          <ns3:TrackPointExtension>
            <ns3:hr>139</ns3:hr>
            <ns3:cad>43</ns3:cad>
          </ns3:TrackPointExtension>
        </extensions>
      </trkpt>
      <trkpt lat="46.09738248400390148162841796875" lon="11.14415399730205535888671875">
        <ele>1082.5999755859375</ele>
        <time>2026-02-28T09:09:16.000Z</time>
        <extensions>
          <ns3:TrackPointExtension>
            <ns3:hr>138</ns3:hr>
            <ns3:cad>42</ns3:cad>
          </ns3:TrackPointExtension>
        </extensions>
      </trkpt>
      <trkpt lat="46.09739572741091251373291015625" lon="11.1441260017454624176025390625">
        <ele>1083</ele>
        <time>2026-02-28T09:09:18.000Z</time>
        <extensions>
          <ns3:TrackPointExtension>
            <ns3:hr>136</ns3:hr>
            <ns3:cad>42</ns3:cad>
          </ns3:TrackPointExtension>
        </extensions>
      </trkpt>
      <trkpt lat="46.09741416759788990020751953125" lon="11.14408082328736782073974609375">
        <ele>1083.5999755859375</ele>
        <time>2026-02-28T09:09:21.000Z</time>
        <extensions>
          <ns3:TrackPointExtension>
            <ns3:hr>136</ns3:hr>
            <ns3:cad>44</ns3:cad>
          </ns3:TrackPointExtension>
        </extensions>
      </trkpt>
      <trkpt lat="46.09743663109838962554931640625" lon="11.14406372420489788055419921875">
        <ele>1084.199951171875</ele>
        <time>2026-02-28T09:09:24.000Z</time>
        <extensions>
          <ns3:TrackPointExtension>
            <ns3:hr>133</ns3:hr>
            <ns3:cad>46</ns3:cad>
          </ns3:TrackPointExtension>
        </extensions>
      </trkpt>
      <trkpt lat="46.097483821213245391845703125" lon="11.14404494874179363250732421875">
        <ele>1084.800048828125</ele>
        <time>2026-02-28T09:09:30.000Z</time>
        <extensions>
          <ns3:TrackPointExtension>
            <ns3:hr>130</ns3:hr>
            <ns3:cad>44</ns3:cad>
          </ns3:TrackPointExtension>
        </extensions>
      </trkpt>
      <trkpt lat="46.09748574905097484588623046875" lon="11.144039332866668701171875">
        <ele>1085.199951171875</ele>
        <time>2026-02-28T09:09:33.000Z</time>
        <extensions>
          <ns3:TrackPointExtension>
            <ns3:hr>129</ns3:hr>
            <ns3:cad>0</ns3:cad>
          </ns3:TrackPointExtension>
        </extensions>
      </trkpt>
      <trkpt lat="46.09747409820556640625" lon="11.14404008723795413970947265625">
        <ele>1085.4000244140625</ele>
        <time>2026-02-28T09:09:36.000Z</time>
        <extensions>
          <ns3:TrackPointExtension>
            <ns3:hr>128</ns3:hr>
            <ns3:cad>0</ns3:cad>
          </ns3:TrackPointExtension>
        </extensions>
      </trkpt>
      <trkpt lat="46.09747342765331268310546875" lon="11.14403673447668552398681640625">
        <ele>1085.4000244140625</ele>
        <time>2026-02-28T09:09:37.000Z</time>
        <extensions>
          <ns3:TrackPointExtension>
            <ns3:hr>127</ns3:hr>
            <ns3:cad>0</ns3:cad>
          </ns3:TrackPointExtension>
        </extensions>
      </trkpt>
      <trkpt lat="46.09747619368135929107666015625" lon="11.14402583800256252288818359375">
        <ele>1085.4000244140625</ele>
        <time>2026-02-28T09:09:39.000Z</time>
        <extensions>
          <ns3:TrackPointExtension>
            <ns3:hr>127</ns3:hr>
            <ns3:cad>75</ns3:cad>
          </ns3:TrackPointExtension>
        </extensions>
      </trkpt>
      <trkpt lat="46.097501926124095916748046875" lon="11.14399063400924205780029296875">
        <ele>1085.800048828125</ele>
        <time>2026-02-28T09:09:44.000Z</time>
        <extensions>
          <ns3:TrackPointExtension>
            <ns3:hr>128</ns3:hr>
            <ns3:cad>75</ns3:cad>
          </ns3:TrackPointExtension>
        </extensions>
      </trkpt>
      <trkpt lat="46.09751977957785129547119140625" lon="11.14397588185966014862060546875">
        <ele>1086.199951171875</ele>
        <time>2026-02-28T09:09:47.000Z</time>
        <extensions>
          <ns3:TrackPointExtension>
            <ns3:hr>129</ns3:hr>
            <ns3:cad>43</ns3:cad>
          </ns3:TrackPointExtension>
        </extensions>
      </trkpt>
      <trkpt lat="46.0975424945354461669921875" lon="11.1439540050923824310302734375">
        <ele>1086.800048828125</ele>
        <time>2026-02-28T09:09:51.000Z</time>
        <extensions>
          <ns3:TrackPointExtension>
            <ns3:hr>130</ns3:hr>
            <ns3:cad>43</ns3:cad>
          </ns3:TrackPointExtension>
        </extensions>
      </trkpt>
      <trkpt lat="46.09756462275981903076171875" lon="11.1439333856105804443359375">
        <ele>1087.4000244140625</ele>
        <time>2026-02-28T09:09:54.000Z</time>
        <extensions>
          <ns3:TrackPointExtension>
            <ns3:hr>133</ns3:hr>
            <ns3:cad>75</ns3:cad>
          </ns3:TrackPointExtension>
        </extensions>
      </trkpt>
      <trkpt lat="46.097589433193206787109375" lon="11.14390480332076549530029296875">
        <ele>1088.4000244140625</ele>
        <time>2026-02-28T09:09:59.000Z</time>
        <extensions>
          <ns3:TrackPointExtension>
            <ns3:hr>133</ns3:hr>
            <ns3:cad>42</ns3:cad>
          </ns3:TrackPointExtension>
        </extensions>
      </trkpt>
      <trkpt lat="46.09759806655347347259521484375" lon="11.14389323629438877105712890625">
        <ele>1088.5999755859375</ele>
        <time>2026-02-28T09:10:00.000Z</time>
        <extensions>
          <ns3:TrackPointExtension>
            <ns3:hr>133</ns3:hr>
            <ns3:cad>43</ns3:cad>
          </ns3:TrackPointExtension>
        </extensions>
      </trkpt>
      <trkpt lat="46.09762874431908130645751953125" lon="11.143849901854991912841796875">
        <ele>1089.5999755859375</ele>
        <time>2026-02-28T09:10:05.000Z</time>
        <extensions>
          <ns3:TrackPointExtension>
            <ns3:hr>132</ns3:hr>
            <ns3:cad>40</ns3:cad>
          </ns3:TrackPointExtension>
        </extensions>
      </trkpt>
      <trkpt lat="46.09768859110772609710693359375" lon="11.14383959211409091949462890625">
        <ele>1090.4000244140625</ele>
        <time>2026-02-28T09:10:10.000Z</time>
        <extensions>
          <ns3:TrackPointExtension>
            <ns3:hr>129</ns3:hr>
            <ns3:cad>41</ns3:cad>
          </ns3:TrackPointExtension>
        </extensions>
      </trkpt>
      <trkpt lat="46.09769144095480442047119140625" lon="11.14384931512176990509033203125">
        <ele>1090.5999755859375</ele>
        <time>2026-02-28T09:10:11.000Z</time>
        <extensions>
          <ns3:TrackPointExtension>
            <ns3:hr>129</ns3:hr>
            <ns3:cad>41</ns3:cad>
          </ns3:TrackPointExtension>
        </extensions>
      </trkpt>
      <trkpt lat="46.09769579954445362091064453125" lon="11.143861971795558929443359375">
        <ele>1090.800048828125</ele>
        <time>2026-02-28T09:10:12.000Z</time>
        <extensions>
          <ns3:TrackPointExtension>
            <ns3:hr>129</ns3:hr>
            <ns3:cad>77</ns3:cad>
          </ns3:TrackPointExtension>
        </extensions>
      </trkpt>
      <trkpt lat="46.097700409591197967529296875" lon="11.14387781359255313873291015625">
        <ele>1090.800048828125</ele>
        <time>2026-02-28T09:10:13.000Z</time>
        <extensions>
          <ns3:TrackPointExtension>
            <ns3:hr>129</ns3:hr>
            <ns3:cad>77</ns3:cad>
          </ns3:TrackPointExtension>
        </extensions>
      </trkpt>
      <trkpt lat="46.097696386277675628662109375" lon="11.1438958346843719482421875">
        <ele>1091.199951171875</ele>
        <time>2026-02-28T09:10:15.000Z</time>
        <extensions>
          <ns3:TrackPointExtension>
            <ns3:hr>127</ns3:hr>
            <ns3:cad>77</ns3:cad>
          </ns3:TrackPointExtension>
        </extensions>
      </trkpt>
      <trkpt lat="46.0976868309080600738525390625" lon="11.14393045194447040557861328125">
        <ele>1091.5999755859375</ele>
        <time>2026-02-28T09:10:17.000Z</time>
        <extensions>
          <ns3:TrackPointExtension>
            <ns3:hr>125</ns3:hr>
            <ns3:cad>77</ns3:cad>
          </ns3:TrackPointExtension>
        </extensions>
      </trkpt>
      <trkpt lat="46.09768473543226718902587890625" lon="11.14394268952310085296630859375">
        <ele>1091.800048828125</ele>
        <time>2026-02-28T09:10:18.000Z</time>
        <extensions>
          <ns3:TrackPointExtension>
            <ns3:hr>125</ns3:hr>
            <ns3:cad>45</ns3:cad>
          </ns3:TrackPointExtension>
        </extensions>
      </trkpt>
      <trkpt lat="46.0976737551391124725341796875" lon="11.14401276223361492156982421875">
        <ele>1092.800048828125</ele>
        <time>2026-02-28T09:10:24.000Z</time>
        <extensions>
          <ns3:TrackPointExtension>
            <ns3:hr>125</ns3:hr>
            <ns3:cad>41</ns3:cad>
          </ns3:TrackPointExtension>
        </extensions>
      </trkpt>
      <trkpt lat="46.09767216257750988006591796875" lon="11.14402256906032562255859375">
        <ele>1093</ele>
        <time>2026-02-28T09:10:25.000Z</time>
        <extensions>
          <ns3:TrackPointExtension>
            <ns3:hr>125</ns3:hr>
            <ns3:cad>0</ns3:cad>
          </ns3:TrackPointExtension>
        </extensions>
      </trkpt>
      <trkpt lat="46.097666881978511810302734375" lon="11.14408484660089015960693359375">
        <ele>1094</ele>
        <time>2026-02-28T09:10:31.000Z</time>
        <extensions>
          <ns3:TrackPointExtension>
            <ns3:hr>124</ns3:hr>
            <ns3:cad>79</ns3:cad>
          </ns3:TrackPointExtension>
        </extensions>
      </trkpt>
      <trkpt lat="46.09766713343560695648193359375" lon="11.14411644637584686279296875">
        <ele>1094.199951171875</ele>
        <time>2026-02-28T09:10:33.000Z</time>
        <extensions>
          <ns3:TrackPointExtension>
            <ns3:hr>125</ns3:hr>
            <ns3:cad>44</ns3:cad>
          </ns3:TrackPointExtension>
        </extensions>
      </trkpt>
      <trkpt lat="46.09769127331674098968505859375" lon="11.14416497759521007537841796875">
        <ele>1094.800048828125</ele>
        <time>2026-02-28T09:10:40.000Z</time>
        <extensions>
          <ns3:TrackPointExtension>
            <ns3:hr>129</ns3:hr>
            <ns3:cad>46</ns3:cad>
          </ns3:TrackPointExtension>
        </extensions>
      </trkpt>
      <trkpt lat="46.09769931994378566741943359375" lon="11.14417143166065216064453125">
        <ele>1094.800048828125</ele>
        <time>2026-02-28T09:10:41.000Z</time>
        <extensions>
          <ns3:TrackPointExtension>
            <ns3:hr>130</ns3:hr>
            <ns3:cad>48</ns3:cad>
          </ns3:TrackPointExtension>
        </extensions>
      </trkpt>
      <trkpt lat="46.09771750867366790771484375" lon="11.14427511580288410186767578125">
        <ele>1094.800048828125</ele>
        <time>2026-02-28T09:10:47.000Z</time>
        <extensions>
          <ns3:TrackPointExtension>
            <ns3:hr>130</ns3:hr>
            <ns3:cad>49</ns3:cad>
          </ns3:TrackPointExtension>
        </extensions>
      </trkpt>
      <trkpt lat="46.09766730107367038726806640625" lon="11.1443419195711612701416015625">
        <ele>1095</ele>
        <time>2026-02-28T09:10:52.000Z</time>
        <extensions>
          <ns3:TrackPointExtension>
            <ns3:hr>130</ns3:hr>
            <ns3:cad>51</ns3:cad>
          </ns3:TrackPointExtension>
        </extensions>
      </trkpt>
      <trkpt lat="46.09765741042792797088623046875" lon="11.14435516297817230224609375">
        <ele>1095</ele>
        <time>2026-02-28T09:10:53.000Z</time>
        <extensions>
          <ns3:TrackPointExtension>
            <ns3:hr>130</ns3:hr>
            <ns3:cad>51</ns3:cad>
          </ns3:TrackPointExtension>
        </extensions>
      </trkpt>
      <trkpt lat="46.097639389336109161376953125" lon="11.14439095370471477508544921875">
        <ele>1095.4000244140625</ele>
        <time>2026-02-28T09:10:56.000Z</time>
        <extensions>
          <ns3:TrackPointExtension>
            <ns3:hr>130</ns3:hr>
            <ns3:cad>53</ns3:cad>
          </ns3:TrackPointExtension>
        </extensions>
      </trkpt>
      <trkpt lat="46.0976489447057247161865234375" lon="11.14439011551439762115478515625">
        <ele>1097.199951171875</ele>
        <time>2026-02-28T09:45:02.000Z</time>
        <extensions>
          <ns3:TrackPointExtension>
            <ns3:hr>60</ns3:hr>
            <ns3:cad>0</ns3:cad>
          </ns3:TrackPointExtension>
        </extensions>
      </trkpt>
      <trkpt lat="46.09764819033443927764892578125" lon="11.14438491873443126678466796875">
        <ele>1097.199951171875</ele>
        <time>2026-02-28T09:45:03.000Z</time>
        <extensions>
          <ns3:TrackPointExtension>
            <ns3:hr>60</ns3:hr>
            <ns3:cad>0</ns3:cad>
          </ns3:TrackPointExtension>
        </extensions>
      </trkpt>
      <trkpt lat="46.09762203879654407501220703125" lon="11.144368909299373626708984375">
        <ele>1096.4000244140625</ele>
        <time>2026-02-28T09:45:10.000Z</time>
        <extensions>
          <ns3:TrackPointExtension>
            <ns3:hr>59</ns3:hr>
            <ns3:cad>0</ns3:cad>
          </ns3:TrackPointExtension>
        </extensions>
      </trkpt>
      <trkpt lat="46.0975788719952106475830078125" lon="11.14435139112174510955810546875">
        <ele>1096.5999755859375</ele>
        <time>2026-02-28T09:45:16.000Z</time>
        <extensions>
          <ns3:TrackPointExtension>
            <ns3:hr>59</ns3:hr>
            <ns3:cad>0</ns3:cad>
          </ns3:TrackPointExtension>
        </extensions>
      </trkpt>
      <trkpt lat="46.0975765250623226165771484375" lon="11.144312582910060882568359375">
        <ele>1096</ele>
        <time>2026-02-28T09:45:19.000Z</time>
        <extensions>
          <ns3:TrackPointExtension>
            <ns3:hr>59</ns3:hr>
            <ns3:cad>51</ns3:cad>
          </ns3:TrackPointExtension>
        </extensions>
      </trkpt>
      <trkpt lat="46.09760812483727931976318359375" lon="11.14424376748502254486083984375">
        <ele>1095.5999755859375</ele>
        <time>2026-02-28T09:45:23.000Z</time>
        <extensions>
          <ns3:TrackPointExtension>
            <ns3:hr>58</ns3:hr>
            <ns3:cad>54</ns3:cad>
          </ns3:TrackPointExtension>
        </extensions>
      </trkpt>
      <trkpt lat="46.09763033688068389892578125" lon="11.1441823281347751617431640625">
        <ele>1095.800048828125</ele>
        <time>2026-02-28T09:45:28.000Z</time>
        <extensions>
          <ns3:TrackPointExtension>
            <ns3:hr>59</ns3:hr>
            <ns3:cad>53</ns3:cad>
          </ns3:TrackPointExtension>
        </extensions>
      </trkpt>
      <trkpt lat="46.0976653732359409332275390625" lon="11.144092641770839691162109375">
        <ele>1096.199951171875</ele>
        <time>2026-02-28T09:45:36.000Z</time>
        <extensions>
          <ns3:TrackPointExtension>
            <ns3:hr>61</ns3:hr>
            <ns3:cad>45</ns3:cad>
          </ns3:TrackPointExtension>
        </extensions>
      </trkpt>
      <trkpt lat="46.09770971350371837615966796875" lon="11.1440096609294414520263671875">
        <ele>1095.4000244140625</ele>
        <time>2026-02-28T09:45:42.000Z</time>
        <extensions>
          <ns3:TrackPointExtension>
            <ns3:hr>60</ns3:hr>
            <ns3:cad>53</ns3:cad>
          </ns3:TrackPointExtension>
        </extensions>
      </trkpt>
      <trkpt lat="46.09770887531340122222900390625" lon="11.1440026201307773590087890625">
        <ele>1095</ele>
        <time>2026-02-28T09:45:44.000Z</time>
        <extensions>
          <ns3:TrackPointExtension>
            <ns3:hr>60</ns3:hr>
            <ns3:cad>52</ns3:cad>
          </ns3:TrackPointExtension>
        </extensions>
      </trkpt>
      <trkpt lat="46.09771021641790866851806640625" lon="11.143997423350811004638671875">
        <ele>1094.4000244140625</ele>
        <time>2026-02-28T09:45:47.000Z</time>
        <extensions>
          <ns3:TrackPointExtension>
            <ns3:hr>59</ns3:hr>
            <ns3:cad>59</ns3:cad>
          </ns3:TrackPointExtension>
        </extensions>
      </trkpt>
      <trkpt lat="46.09768222086131572723388671875" lon="11.14397185854613780975341796875">
        <ele>1095.199951171875</ele>
        <time>2026-02-28T09:45:55.000Z</time>
        <extensions>
          <ns3:TrackPointExtension>
            <ns3:hr>60</ns3:hr>
            <ns3:cad>0</ns3:cad>
          </ns3:TrackPointExtension>
        </extensions>
      </trkpt>
      <trkpt lat="46.0976787842810153961181640625" lon="11.1439000256359577178955078125">
        <ele>1094</ele>
        <time>2026-02-28T09:45:59.000Z</time>
        <extensions>
          <ns3:TrackPointExtension>
            <ns3:hr>61</ns3:hr>
            <ns3:cad>63</ns3:cad>
          </ns3:TrackPointExtension>
        </extensions>
      </trkpt>
      <trkpt lat="46.0976714082062244415283203125" lon="11.1438668332993984222412109375">
        <ele>1093.199951171875</ele>
        <time>2026-02-28T09:46:02.000Z</time>
        <extensions>
          <ns3:TrackPointExtension>
            <ns3:hr>61</ns3:hr>
            <ns3:cad>63</ns3:cad>
          </ns3:TrackPointExtension>
        </extensions>
      </trkpt>
      <trkpt lat="46.097667552530765533447265625" lon="11.143863983452320098876953125">
        <ele>1092.800048828125</ele>
        <time>2026-02-28T09:46:03.000Z</time>
        <extensions>
          <ns3:TrackPointExtension>
            <ns3:hr>61</ns3:hr>
            <ns3:cad>63</ns3:cad>
          </ns3:TrackPointExtension>
        </extensions>
      </trkpt>
      <trkpt lat="46.09765690751373767852783203125" lon="11.14386842586100101470947265625">
        <ele>1092.199951171875</ele>
        <time>2026-02-28T09:46:06.000Z</time>
        <extensions>
          <ns3:TrackPointExtension>
            <ns3:hr>62</ns3:hr>
            <ns3:cad>57</ns3:cad>
          </ns3:TrackPointExtension>
        </extensions>
      </trkpt>
      <trkpt lat="46.0976425744593143463134765625" lon="11.1438886262476444244384765625">
        <ele>1091.800048828125</ele>
        <time>2026-02-28T09:46:08.000Z</time>
        <extensions>
          <ns3:TrackPointExtension>
            <ns3:hr>63</ns3:hr>
            <ns3:cad>56</ns3:cad>
          </ns3:TrackPointExtension>
        </extensions>
      </trkpt>
      <trkpt lat="46.09763930551707744598388671875" lon="11.14389575086534023284912109375">
        <ele>1091.800048828125</ele>
        <time>2026-02-28T09:46:09.000Z</time>
        <extensions>
          <ns3:TrackPointExtension>
            <ns3:hr>62</ns3:hr>
            <ns3:cad>56</ns3:cad>
          </ns3:TrackPointExtension>
        </extensions>
      </trkpt>
      <trkpt lat="46.09759546816349029541015625" lon="11.14395962096750736236572265625">
        <ele>1090.5999755859375</ele>
        <time>2026-02-28T09:46:16.000Z</time>
        <extensions>
          <ns3:TrackPointExtension>
            <ns3:hr>63</ns3:hr>
            <ns3:cad>58</ns3:cad>
          </ns3:TrackPointExtension>
        </extensions>
      </trkpt>
      <trkpt lat="46.09758197329938411712646484375" lon="11.14397102035582065582275390625">
        <ele>1090.199951171875</ele>
        <time>2026-02-28T09:46:18.000Z</time>
        <extensions>
          <ns3:TrackPointExtension>
            <ns3:hr>64</ns3:hr>
            <ns3:cad>55</ns3:cad>
          </ns3:TrackPointExtension>
        </extensions>
      </trkpt>
      <trkpt lat="46.09755749814212322235107421875" lon="11.14399038255214691162109375">
        <ele>1089.5999755859375</ele>
        <time>2026-02-28T09:46:21.000Z</time>
        <extensions>
          <ns3:TrackPointExtension>
            <ns3:hr>65</ns3:hr>
            <ns3:cad>55</ns3:cad>
          </ns3:TrackPointExtension>
        </extensions>
      </trkpt>
      <trkpt lat="46.09751475043594837188720703125" lon="11.14403421990573406219482421875">
        <ele>1088.800048828125</ele>
        <time>2026-02-28T09:46:26.000Z</time>
        <extensions>
          <ns3:TrackPointExtension>
            <ns3:hr>66</ns3:hr>
            <ns3:cad>55</ns3:cad>
          </ns3:TrackPointExtension>
        </extensions>
      </trkpt>
      <trkpt lat="46.097485162317752838134765625" lon="11.14406154491007328033447265625">
        <ele>1088.4000244140625</ele>
        <time>2026-02-28T09:46:29.000Z</time>
        <extensions>
          <ns3:TrackPointExtension>
            <ns3:hr>66</ns3:hr>
            <ns3:cad>58</ns3:cad>
          </ns3:TrackPointExtension>
        </extensions>
      </trkpt>
      <trkpt lat="46.09744903631508350372314453125" lon="11.14412440918385982513427734375">
        <ele>1087.800048828125</ele>
        <time>2026-02-28T09:46:34.000Z</time>
        <extensions>
          <ns3:TrackPointExtension>
            <ns3:hr>67</ns3:hr>
            <ns3:cad>58</ns3:cad>
          </ns3:TrackPointExtension>
        </extensions>
      </trkpt>
      <trkpt lat="46.0974393971264362335205078125" lon="11.14415558986365795135498046875">
        <ele>1087.4000244140625</ele>
        <time>2026-02-28T09:46:36.000Z</time>
        <extensions>
          <ns3:TrackPointExtension>
            <ns3:hr>67</ns3:hr>
            <ns3:cad>58</ns3:cad>
          </ns3:TrackPointExtension>
        </extensions>
      </trkpt>
      <trkpt lat="46.0974269919097423553466796875" lon="11.14422851242125034332275390625">
        <ele>1086.4000244140625</ele>
        <time>2026-02-28T09:46:41.000Z</time>
        <extensions>
          <ns3:TrackPointExtension>
            <ns3:hr>67</ns3:hr>
            <ns3:cad>57</ns3:cad>
          </ns3:TrackPointExtension>
        </extensions>
      </trkpt>
      <trkpt lat="46.09740125946700572967529296875" lon="11.14431652240455150604248046875">
        <ele>1085.199951171875</ele>
        <time>2026-02-28T09:46:47.000Z</time>
        <extensions>
          <ns3:TrackPointExtension>
            <ns3:hr>67</ns3:hr>
            <ns3:cad>57</ns3:cad>
          </ns3:TrackPointExtension>
        </extensions>
      </trkpt>
      <trkpt lat="46.09739455394446849822998046875" lon="11.14434384740889072418212890625">
        <ele>1084.5999755859375</ele>
        <time>2026-02-28T09:46:49.000Z</time>
        <extensions>
          <ns3:TrackPointExtension>
            <ns3:hr>67</ns3:hr>
            <ns3:cad>57</ns3:cad>
          </ns3:TrackPointExtension>
        </extensions>
      </trkpt>
      <trkpt lat="46.097377873957157135009765625" lon="11.14439128898084163665771484375">
        <ele>1084</ele>
        <time>2026-02-28T09:46:52.000Z</time>
        <extensions>
          <ns3:TrackPointExtension>
            <ns3:hr>67</ns3:hr>
            <ns3:cad>58</ns3:cad>
          </ns3:TrackPointExtension>
        </extensions>
      </trkpt>
      <trkpt lat="46.09733931720256805419921875" lon="11.14446840249001979827880859375">
        <ele>1082.800048828125</ele>
        <time>2026-02-28T09:46:57.000Z</time>
        <extensions>
          <ns3:TrackPointExtension>
            <ns3:hr>66</ns3:hr>
            <ns3:cad>58</ns3:cad>
          </ns3:TrackPointExtension>
        </extensions>
      </trkpt>
      <trkpt lat="46.09732833690941333770751953125" lon="11.14453889429569244384765625">
        <ele>1082</ele>
        <time>2026-02-28T09:47:02.000Z</time>
        <extensions>
          <ns3:TrackPointExtension>
            <ns3:hr>65</ns3:hr>
            <ns3:cad>56</ns3:cad>
          </ns3:TrackPointExtension>
        </extensions>
      </trkpt>
      <trkpt lat="46.09733303077518939971923828125" lon="11.14456965588033199310302734375">
        <ele>1081.800048828125</ele>
        <time>2026-02-28T09:47:04.000Z</time>
        <extensions>
          <ns3:TrackPointExtension>
            <ns3:hr>65</ns3:hr>
            <ns3:cad>56</ns3:cad>
          </ns3:TrackPointExtension>
        </extensions>
      </trkpt>
      <trkpt lat="46.09736873768270015716552734375" lon="11.14464894868433475494384765625">
        <ele>1081</ele>
        <time>2026-02-28T09:47:10.000Z</time>
        <extensions>
          <ns3:TrackPointExtension>
            <ns3:hr>63</ns3:hr>
            <ns3:cad>57</ns3:cad>
          </ns3:TrackPointExtension>
        </extensions>
      </trkpt>
      <trkpt lat="46.097371168434619903564453125" lon="11.1446634493768215179443359375">
        <ele>1080.800048828125</ele>
        <time>2026-02-28T09:47:11.000Z</time>
        <extensions>
          <ns3:TrackPointExtension>
            <ns3:hr>63</ns3:hr>
            <ns3:cad>57</ns3:cad>
          </ns3:TrackPointExtension>
        </extensions>
      </trkpt>
      <trkpt lat="46.09741785563528537750244140625" lon="11.144734360277652740478515625">
        <ele>1080</ele>
        <time>2026-02-28T09:47:18.000Z</time>
        <extensions>
          <ns3:TrackPointExtension>
            <ns3:hr>61</ns3:hr>
            <ns3:cad>57</ns3:cad>
          </ns3:TrackPointExtension>
        </extensions>
      </trkpt>
      <trkpt lat="46.09743344597518444061279296875" lon="11.14475958980619907379150390625">
        <ele>1079.800048828125</ele>
        <time>2026-02-28T09:47:20.000Z</time>
        <extensions>
          <ns3:TrackPointExtension>
            <ns3:hr>60</ns3:hr>
            <ns3:cad>56</ns3:cad>
          </ns3:TrackPointExtension>
        </extensions>
      </trkpt>
      <trkpt lat="46.0974507965147495269775390625" lon="11.1448310874402523040771484375">
        <ele>1078.800048828125</ele>
        <time>2026-02-28T09:47:25.000Z</time>
        <extensions>
          <ns3:TrackPointExtension>
            <ns3:hr>59</ns3:hr>
            <ns3:cad>54</ns3:cad>
          </ns3:TrackPointExtension>
        </extensions>
      </trkpt>
      <trkpt lat="46.09744501300156116485595703125" lon="11.1448455043137073516845703125">
        <ele>1078.5999755859375</ele>
        <time>2026-02-28T09:47:26.000Z</time>
        <extensions>
          <ns3:TrackPointExtension>
            <ns3:hr>59</ns3:hr>
            <ns3:cad>54</ns3:cad>
          </ns3:TrackPointExtension>
        </extensions>
      </trkpt>
      <trkpt lat="46.09742246568202972412109375" lon="11.1448974721133708953857421875">
        <ele>1077.5999755859375</ele>
        <time>2026-02-28T09:47:30.000Z</time>
        <extensions>
          <ns3:TrackPointExtension>
            <ns3:hr>60</ns3:hr>
            <ns3:cad>54</ns3:cad>
          </ns3:TrackPointExtension>
        </extensions>
      </trkpt>
      <trkpt lat="46.0974162630736827850341796875" lon="11.14491465501487255096435546875">
        <ele>1077.199951171875</ele>
        <time>2026-02-28T09:47:31.000Z</time>
        <extensions>
          <ns3:TrackPointExtension>
            <ns3:hr>60</ns3:hr>
            <ns3:cad>57</ns3:cad>
          </ns3:TrackPointExtension>
        </extensions>
      </trkpt>
      <trkpt lat="46.09739027917385101318359375" lon="11.14495974965393543243408203125">
        <ele>1076.5999755859375</ele>
        <time>2026-02-28T09:47:34.000Z</time>
        <extensions>
          <ns3:TrackPointExtension>
            <ns3:hr>60</ns3:hr>
            <ns3:cad>57</ns3:cad>
          </ns3:TrackPointExtension>
        </extensions>
      </trkpt>
      <trkpt lat="46.097351051867008209228515625" lon="11.144999563694000244140625">
        <ele>1075.4000244140625</ele>
        <time>2026-02-28T09:47:39.000Z</time>
        <extensions>
          <ns3:TrackPointExtension>
            <ns3:hr>61</ns3:hr>
            <ns3:cad>58</ns3:cad>
          </ns3:TrackPointExtension>
        </extensions>
      </trkpt>
      <trkpt lat="46.097312159836292266845703125" lon="11.145042143762111663818359375">
        <ele>1074.199951171875</ele>
        <time>2026-02-28T09:47:44.000Z</time>
        <extensions>
          <ns3:TrackPointExtension>
            <ns3:hr>61</ns3:hr>
            <ns3:cad>59</ns3:cad>
          </ns3:TrackPointExtension>
        </extensions>
      </trkpt>
      <trkpt lat="46.09730520285665988922119140625" lon="11.1450543813407421112060546875">
        <ele>1074</ele>
        <time>2026-02-28T09:47:45.000Z</time>
        <extensions>
          <ns3:TrackPointExtension>
            <ns3:hr>61</ns3:hr>
            <ns3:cad>58</ns3:cad>
          </ns3:TrackPointExtension>
        </extensions>
      </trkpt>
      <trkpt lat="46.09727502800524234771728515625" lon="11.14510106854140758514404296875">
        <ele>1073.199951171875</ele>
        <time>2026-02-28T09:47:49.000Z</time>
        <extensions>
          <ns3:TrackPointExtension>
            <ns3:hr>61</ns3:hr>
            <ns3:cad>58</ns3:cad>
          </ns3:TrackPointExtension>
        </extensions>
      </trkpt>
      <trkpt lat="46.09726245515048503875732421875" lon="11.14512772299349308013916015625">
        <ele>1072.800048828125</ele>
        <time>2026-02-28T09:47:51.000Z</time>
        <extensions>
          <ns3:TrackPointExtension>
            <ns3:hr>60</ns3:hr>
            <ns3:cad>56</ns3:cad>
          </ns3:TrackPointExtension>
        </extensions>
      </trkpt>
      <trkpt lat="46.0972442664206027984619140625" lon="11.14519293420016765594482421875">
        <ele>1072.199951171875</ele>
        <time>2026-02-28T09:47:56.000Z</time>
        <extensions>
          <ns3:TrackPointExtension>
            <ns3:hr>58</ns3:hr>
            <ns3:cad>55</ns3:cad>
          </ns3:TrackPointExtension>
        </extensions>
      </trkpt>
      <trkpt lat="46.09723781235516071319580078125" lon="11.14521757699549198150634765625">
        <ele>1072</ele>
        <time>2026-02-28T09:47:57.000Z</time>
        <extensions>
          <ns3:TrackPointExtension>
            <ns3:hr>59</ns3:hr>
            <ns3:cad>54</ns3:cad>
          </ns3:TrackPointExtension>
        </extensions>
      </trkpt>
      <trkpt lat="46.097242422401905059814453125" lon="11.14525428973138332366943359375">
        <ele>1071.5999755859375</ele>
        <time>2026-02-28T09:48:00.000Z</time>
        <extensions>
          <ns3:TrackPointExtension>
            <ns3:hr>59</ns3:hr>
            <ns3:cad>54</ns3:cad>
          </ns3:TrackPointExtension>
        </extensions>
      </trkpt>
      <trkpt lat="46.0972482897341251373291015625" lon="11.145278178155422210693359375">
        <ele>1071.4000244140625</ele>
        <time>2026-02-28T09:48:02.000Z</time>
        <extensions>
          <ns3:TrackPointExtension>
            <ns3:hr>59</ns3:hr>
            <ns3:cad>57</ns3:cad>
          </ns3:TrackPointExtension>
        </extensions>
      </trkpt>
      <trkpt lat="46.09725482761859893798828125" lon="11.145308353006839752197265625">
        <ele>1071</ele>
        <time>2026-02-28T09:48:04.000Z</time>
        <extensions>
          <ns3:TrackPointExtension>
            <ns3:hr>59</ns3:hr>
            <ns3:cad>56</ns3:cad>
          </ns3:TrackPointExtension>
        </extensions>
      </trkpt>
      <trkpt lat="46.0972871817648410797119140625" lon="11.145345233380794525146484375">
        <ele>1070.199951171875</ele>
        <time>2026-02-28T09:48:08.000Z</time>
        <extensions>
          <ns3:TrackPointExtension>
            <ns3:hr>58</ns3:hr>
            <ns3:cad>55</ns3:cad>
          </ns3:TrackPointExtension>
        </extensions>
      </trkpt>
      <trkpt lat="46.09730319119989871978759765625" lon="11.14535629749298095703125">
        <ele>1070</ele>
        <time>2026-02-28T09:48:10.000Z</time>
        <extensions>
          <ns3:TrackPointExtension>
            <ns3:hr>59</ns3:hr>
            <ns3:cad>55</ns3:cad>
          </ns3:TrackPointExtension>
        </extensions>
      </trkpt>
      <trkpt lat="46.09732322394847869873046875" lon="11.1454225145280361175537109375">
        <ele>1068.800048828125</ele>
        <time>2026-02-28T09:48:15.000Z</time>
        <extensions>
          <ns3:TrackPointExtension>
            <ns3:hr>61</ns3:hr>
            <ns3:cad>55</ns3:cad>
          </ns3:TrackPointExtension>
        </extensions>
      </trkpt>
      <trkpt lat="46.09734308905899524688720703125" lon="11.14551949314773082733154296875">
        <ele>1067.5999755859375</ele>
        <time>2026-02-28T09:48:20.000Z</time>
        <extensions>
          <ns3:TrackPointExtension>
            <ns3:hr>59</ns3:hr>
            <ns3:cad>57</ns3:cad>
          </ns3:TrackPointExtension>
        </extensions>
      </trkpt>
      <trkpt lat="46.097341664135456085205078125" lon="11.14556089974939823150634765625">
        <ele>1067.199951171875</ele>
        <time>2026-02-28T09:48:23.000Z</time>
        <extensions>
          <ns3:TrackPointExtension>
            <ns3:hr>58</ns3:hr>
            <ns3:cad>59</ns3:cad>
          </ns3:TrackPointExtension>
        </extensions>
      </trkpt>
      <trkpt lat="46.09731475822627544403076171875" lon="11.14563164301216602325439453125">
        <ele>1066.5999755859375</ele>
        <time>2026-02-28T09:48:27.000Z</time>
        <extensions>
          <ns3:TrackPointExtension>
            <ns3:hr>58</ns3:hr>
            <ns3:cad>57</ns3:cad>
          </ns3:TrackPointExtension>
        </extensions>
      </trkpt>
      <trkpt lat="46.0972908698022365570068359375" lon="11.145638264715671539306640625">
        <ele>1066.4000244140625</ele>
        <time>2026-02-28T09:48:29.000Z</time>
        <extensions>
          <ns3:TrackPointExtension>
            <ns3:hr>58</ns3:hr>
            <ns3:cad>56</ns3:cad>
          </ns3:TrackPointExtension>
        </extensions>
      </trkpt>
      <trkpt lat="46.09723295085132122039794921875" lon="11.14559677429497241973876953125">
        <ele>1065.5999755859375</ele>
        <time>2026-02-28T09:48:34.000Z</time>
        <extensions>
          <ns3:TrackPointExtension>
            <ns3:hr>56</ns3:hr>
            <ns3:cad>57</ns3:cad>
          </ns3:TrackPointExtension>
        </extensions>
      </trkpt>
      <trkpt lat="46.0972140915691852569580078125" lon="11.14558554254472255706787109375">
        <ele>1065.199951171875</ele>
        <time>2026-02-28T09:48:36.000Z</time>
        <extensions>
          <ns3:TrackPointExtension>
            <ns3:hr>55</ns3:hr>
            <ns3:cad>57</ns3:cad>
          </ns3:TrackPointExtension>
        </extensions>
      </trkpt>
      <trkpt lat="46.09720386564731597900390625" lon="11.14557364024221897125244140625">
        <ele>1064.5999755859375</ele>
        <time>2026-02-28T09:48:41.000Z</time>
        <extensions>
          <ns3:TrackPointExtension>
            <ns3:hr>53</ns3:hr>
            <ns3:cad>55</ns3:cad>
          </ns3:TrackPointExtension>
        </extensions>
      </trkpt>
      <trkpt lat="46.097202189266681671142578125" lon="11.1455740593373775482177734375">
        <ele>1064.4000244140625</ele>
        <time>2026-02-28T09:48:42.000Z</time>
        <extensions>
          <ns3:TrackPointExtension>
            <ns3:hr>53</ns3:hr>
            <ns3:cad>55</ns3:cad>
          </ns3:TrackPointExtension>
        </extensions>
      </trkpt>
      <trkpt lat="46.097186766564846038818359375" lon="11.1455646716058254241943359375">
        <ele>1064.800048828125</ele>
        <time>2026-02-28T09:48:52.000Z</time>
        <extensions>
          <ns3:TrackPointExtension>
            <ns3:hr>53</ns3:hr>
            <ns3:cad>0</ns3:cad>
          </ns3:TrackPointExtension>
        </extensions>
      </trkpt>
      <trkpt lat="46.0971808992326259613037109375" lon="11.14555955864489078521728515625">
        <ele>1064.4000244140625</ele>
        <time>2026-02-28T09:48:59.000Z</time>
        <extensions>
          <ns3:TrackPointExtension>
            <ns3:hr>55</ns3:hr>
            <ns3:cad>0</ns3:cad>
          </ns3:TrackPointExtension>
        </extensions>
      </trkpt>
      <trkpt lat="46.097126416862010955810546875" lon="11.14552753977477550506591796875">
        <ele>1063.5999755859375</ele>
        <time>2026-02-28T09:49:04.000Z</time>
        <extensions>
          <ns3:TrackPointExtension>
            <ns3:hr>55</ns3:hr>
            <ns3:cad>57</ns3:cad>
          </ns3:TrackPointExtension>
        </extensions>
      </trkpt>
      <trkpt lat="46.09709330834448337554931640625" lon="11.145522594451904296875">
        <ele>1063</ele>
        <time>2026-02-28T09:49:07.000Z</time>
        <extensions>
          <ns3:TrackPointExtension>
            <ns3:hr>56</ns3:hr>
            <ns3:cad>58</ns3:cad>
          </ns3:TrackPointExtension>
        </extensions>
      </trkpt>
      <trkpt lat="46.0970286838710308074951171875" lon="11.145496107637882232666015625">
        <ele>1062.4000244140625</ele>
        <time>2026-02-28T09:49:13.000Z</time>
        <extensions>
          <ns3:TrackPointExtension>
            <ns3:hr>56</ns3:hr>
            <ns3:cad>55</ns3:cad>
          </ns3:TrackPointExtension>
        </extensions>
      </trkpt>
      <trkpt lat="46.09700211323797702789306640625" lon="11.14547230303287506103515625">
        <ele>1062</ele>
        <time>2026-02-28T09:49:16.000Z</time>
        <extensions>
          <ns3:TrackPointExtension>
            <ns3:hr>55</ns3:hr>
            <ns3:cad>59</ns3:cad>
          </ns3:TrackPointExtension>
        </extensions>
      </trkpt>
      <trkpt lat="46.09697093255817890167236328125" lon="11.145418994128704071044921875">
        <ele>1061.199951171875</ele>
        <time>2026-02-28T09:49:20.000Z</time>
        <extensions>
          <ns3:TrackPointExtension>
            <ns3:hr>55</ns3:hr>
            <ns3:cad>59</ns3:cad>
          </ns3:TrackPointExtension>
        </extensions>
      </trkpt>
      <trkpt lat="46.09693237580358982086181640625" lon="11.1452905833721160888671875">
        <ele>1060.5999755859375</ele>
        <time>2026-02-28T09:49:26.000Z</time>
        <extensions>
          <ns3:TrackPointExtension>
            <ns3:hr>57</ns3:hr>
            <ns3:cad>59</ns3:cad>
          </ns3:TrackPointExtension>
        </extensions>
      </trkpt>
      <trkpt lat="46.09692868776619434356689453125" lon="11.14527113735675811767578125">
        <ele>1060.5999755859375</ele>
        <time>2026-02-28T09:49:27.000Z</time>
        <extensions>
          <ns3:TrackPointExtension>
            <ns3:hr>62</ns3:hr>
            <ns3:cad>58</ns3:cad>
          </ns3:TrackPointExtension>
        </extensions>
      </trkpt>
      <trkpt lat="46.09692583791911602020263671875" lon="11.14525428973138332366943359375">
        <ele>1060.4000244140625</ele>
        <time>2026-02-28T09:49:28.000Z</time>
        <extensions>
          <ns3:TrackPointExtension>
            <ns3:hr>68</ns3:hr>
            <ns3:cad>58</ns3:cad>
          </ns3:TrackPointExtension>
        </extensions>
      </trkpt>
      <trkpt lat="46.096923239529132843017578125" lon="11.14523886702954769134521484375">
        <ele>1060.199951171875</ele>
        <time>2026-02-28T09:49:29.000Z</time>
        <extensions>
          <ns3:TrackPointExtension>
            <ns3:hr>70</ns3:hr>
            <ns3:cad>58</ns3:cad>
          </ns3:TrackPointExtension>
        </extensions>
      </trkpt>
      <trkpt lat="46.0969063080847263336181640625" lon="11.14513828419148921966552734375">
        <ele>1059.800048828125</ele>
        <time>2026-02-28T09:49:36.000Z</time>
        <extensions>
          <ns3:TrackPointExtension>
            <ns3:hr>71</ns3:hr>
            <ns3:cad>58</ns3:cad>
          </ns3:TrackPointExtension>
        </extensions>
      </trkpt>
      <trkpt lat="46.0968764685094356536865234375" lon="11.145033426582813262939453125">
        <ele>1059.199951171875</ele>
        <time>2026-02-28T09:49:43.000Z</time>
        <extensions>
          <ns3:TrackPointExtension>
            <ns3:hr>70</ns3:hr>
            <ns3:cad>57</ns3:cad>
          </ns3:TrackPointExtension>
        </extensions>
      </trkpt>
      <trkpt lat="46.0968585312366485595703125" lon="11.14498053677380084991455078125">
        <ele>1058.4000244140625</ele>
        <time>2026-02-28T09:49:46.000Z</time>
        <extensions>
          <ns3:TrackPointExtension>
            <ns3:hr>71</ns3:hr>
            <ns3:cad>58</ns3:cad>
          </ns3:TrackPointExtension>
        </extensions>
      </trkpt>
      <trkpt lat="46.0968493111431598663330078125" lon="11.14494835026562213897705078125">
        <ele>1058</ele>
        <time>2026-02-28T09:49:48.000Z</time>
        <extensions>
          <ns3:TrackPointExtension>
            <ns3:hr>71</ns3:hr>
            <ns3:cad>58</ns3:cad>
          </ns3:TrackPointExtension>
        </extensions>
      </trkpt>
      <trkpt lat="46.09684101305902004241943359375" lon="11.1448257230222225189208984375">
        <ele>1057.4000244140625</ele>
        <time>2026-02-28T09:49:56.000Z</time>
        <extensions>
          <ns3:TrackPointExtension>
            <ns3:hr>70</ns3:hr>
            <ns3:cad>56</ns3:cad>
          </ns3:TrackPointExtension>
        </extensions>
      </trkpt>
      <trkpt lat="46.09683598391711711883544921875" lon="11.14475405775010585784912109375">
        <ele>1057</ele>
        <time>2026-02-28T09:50:00.000Z</time>
        <extensions>
          <ns3:TrackPointExtension>
            <ns3:hr>70</ns3:hr>
            <ns3:cad>56</ns3:cad>
          </ns3:TrackPointExtension>
        </extensions>
      </trkpt>
      <trkpt lat="46.0968208126723766326904296875" lon="11.144677363336086273193359375">
        <ele>1056.4000244140625</ele>
        <time>2026-02-28T09:50:04.000Z</time>
        <extensions>
          <ns3:TrackPointExtension>
            <ns3:hr>69</ns3:hr>
            <ns3:cad>56</ns3:cad>
          </ns3:TrackPointExtension>
        </extensions>
      </trkpt>
      <trkpt lat="46.0968087427318096160888671875" lon="11.1446118168532848358154296875">
        <ele>1056</ele>
        <time>2026-02-28T09:50:08.000Z</time>
        <extensions>
          <ns3:TrackPointExtension>
            <ns3:hr>69</ns3:hr>
            <ns3:cad>57</ns3:cad>
          </ns3:TrackPointExtension>
        </extensions>
      </trkpt>
      <trkpt lat="46.0967973433434963226318359375" lon="11.14452020265161991119384765625">
        <ele>1055.199951171875</ele>
        <time>2026-02-28T09:50:13.000Z</time>
        <extensions>
          <ns3:TrackPointExtension>
            <ns3:hr>70</ns3:hr>
            <ns3:cad>57</ns3:cad>
          </ns3:TrackPointExtension>
        </extensions>
      </trkpt>
      <trkpt lat="46.0967960022389888763427734375" lon="11.144483573734760284423828125">
        <ele>1055</ele>
        <time>2026-02-28T09:50:15.000Z</time>
        <extensions>
          <ns3:TrackPointExtension>
            <ns3:hr>69</ns3:hr>
            <ns3:cad>57</ns3:cad>
          </ns3:TrackPointExtension>
        </extensions>
      </trkpt>
      <trkpt lat="46.09678602777421474456787109375" lon="11.144414842128753662109375">
        <ele>1054.199951171875</ele>
        <time>2026-02-28T09:50:20.000Z</time>
        <extensions>
          <ns3:TrackPointExtension>
            <ns3:hr>70</ns3:hr>
            <ns3:cad>56</ns3:cad>
          </ns3:TrackPointExtension>
        </extensions>
      </trkpt>
      <trkpt lat="46.09678275883197784423828125" lon="11.14444007165729999542236328125">
        <ele>1054</ele>
        <time>2026-02-28T09:50:22.000Z</time>
        <extensions>
          <ns3:TrackPointExtension>
            <ns3:hr>70</ns3:hr>
            <ns3:cad>57</ns3:cad>
          </ns3:TrackPointExtension>
        </extensions>
      </trkpt>
      <trkpt lat="46.0967862792313098907470703125" lon="11.1444659717381000518798828125">
        <ele>1053.800048828125</ele>
        <time>2026-02-28T09:50:24.000Z</time>
        <extensions>
          <ns3:TrackPointExtension>
            <ns3:hr>71</ns3:hr>
            <ns3:cad>57</ns3:cad>
          </ns3:TrackPointExtension>
        </extensions>
      </trkpt>
      <trkpt lat="46.09677798114717006683349609375" lon="11.14457049407064914703369140625">
        <ele>1053.800048828125</ele>
        <time>2026-02-28T09:50:32.000Z</time>
        <extensions>
          <ns3:TrackPointExtension>
            <ns3:hr>71</ns3:hr>
            <ns3:cad>53</ns3:cad>
          </ns3:TrackPointExtension>
        </extensions>
      </trkpt>
      <trkpt lat="46.096769012510776519775390625" lon="11.14471801556646823883056640625">
        <ele>1053.800048828125</ele>
        <time>2026-02-28T09:50:40.000Z</time>
        <extensions>
          <ns3:TrackPointExtension>
            <ns3:hr>70</ns3:hr>
            <ns3:cad>53</ns3:cad>
          </ns3:TrackPointExtension>
        </extensions>
      </trkpt>
      <trkpt lat="46.09676641412079334259033203125" lon="11.14483661949634552001953125">
        <ele>1053.4000244140625</ele>
        <time>2026-02-28T09:50:47.000Z</time>
        <extensions>
          <ns3:TrackPointExtension>
            <ns3:hr>70</ns3:hr>
            <ns3:cad>54</ns3:cad>
          </ns3:TrackPointExtension>
        </extensions>
      </trkpt>
      <trkpt lat="46.096776388585567474365234375" lon="11.1449534632265567779541015625">
        <ele>1053.4000244140625</ele>
        <time>2026-02-28T09:50:54.000Z</time>
        <extensions>
          <ns3:TrackPointExtension>
            <ns3:hr>68</ns3:hr>
            <ns3:cad>53</ns3:cad>
          </ns3:TrackPointExtension>
        </extensions>
      </trkpt>
      <trkpt lat="46.09678619541227817535400390625" lon="11.1450573988258838653564453125">
        <ele>1053.199951171875</ele>
        <time>2026-02-28T09:51:00.000Z</time>
        <extensions>
          <ns3:TrackPointExtension>
            <ns3:hr>68</ns3:hr>
            <ns3:cad>53</ns3:cad>
          </ns3:TrackPointExtension>
        </extensions>
      </trkpt>
      <trkpt lat="46.09680128283798694610595703125" lon="11.1451537907123565673828125">
        <ele>1053</ele>
        <time>2026-02-28T09:51:06.000Z</time>
        <extensions>
          <ns3:TrackPointExtension>
            <ns3:hr>66</ns3:hr>
            <ns3:cad>55</ns3:cad>
          </ns3:TrackPointExtension>
        </extensions>
      </trkpt>
      <trkpt lat="46.09680396504700183868408203125" lon="11.1452491767704486846923828125">
        <ele>1052.800048828125</ele>
        <time>2026-02-28T09:51:11.000Z</time>
        <extensions>
          <ns3:TrackPointExtension>
            <ns3:hr>65</ns3:hr>
            <ns3:cad>54</ns3:cad>
          </ns3:TrackPointExtension>
        </extensions>
      </trkpt>
      <trkpt lat="46.09680413268506526947021484375" lon="11.1452592350542545318603515625">
        <ele>1052.800048828125</ele>
        <time>2026-02-28T09:51:12.000Z</time>
        <extensions>
          <ns3:TrackPointExtension>
            <ns3:hr>65</ns3:hr>
            <ns3:cad>54</ns3:cad>
          </ns3:TrackPointExtension>
        </extensions>
      </trkpt>
      <trkpt lat="46.0968080721795558929443359375" lon="11.1453440599143505096435546875">
        <ele>1052</ele>
        <time>2026-02-28T09:51:18.000Z</time>
        <extensions>
          <ns3:TrackPointExtension>
            <ns3:hr>64</ns3:hr>
            <ns3:cad>56</ns3:cad>
          </ns3:TrackPointExtension>
        </extensions>
      </trkpt>
      <trkpt lat="46.09680798836052417755126953125" lon="11.14535654895007610321044921875">
        <ele>1051.800048828125</ele>
        <time>2026-02-28T09:51:19.000Z</time>
        <extensions>
          <ns3:TrackPointExtension>
            <ns3:hr>64</ns3:hr>
            <ns3:cad>56</ns3:cad>
          </ns3:TrackPointExtension>
        </extensions>
      </trkpt>
      <trkpt lat="46.096805892884731292724609375" lon="11.14546559751033782958984375">
        <ele>1050.800048828125</ele>
        <time>2026-02-28T09:51:25.000Z</time>
        <extensions>
          <ns3:TrackPointExtension>
            <ns3:hr>64</ns3:hr>
            <ns3:cad>55</ns3:cad>
          </ns3:TrackPointExtension>
        </extensions>
      </trkpt>
      <trkpt lat="46.09680195339024066925048828125" lon="11.145487725734710693359375">
        <ele>1050.800048828125</ele>
        <time>2026-02-28T09:51:26.000Z</time>
        <extensions>
          <ns3:TrackPointExtension>
            <ns3:hr>63</ns3:hr>
            <ns3:cad>55</ns3:cad>
          </ns3:TrackPointExtension>
        </extensions>
      </trkpt>
      <trkpt lat="46.0968102514743804931640625" lon="11.14559425972402095794677734375">
        <ele>1050</ele>
        <time>2026-02-28T09:51:32.000Z</time>
        <extensions>
          <ns3:TrackPointExtension>
            <ns3:hr>64</ns3:hr>
            <ns3:cad>57</ns3:cad>
          </ns3:TrackPointExtension>
        </extensions>
      </trkpt>
      <trkpt lat="46.09681419096887111663818359375" lon="11.145621836185455322265625">
        <ele>1049.5999755859375</ele>
        <time>2026-02-28T09:51:34.000Z</time>
        <extensions>
          <ns3:TrackPointExtension>
            <ns3:hr>64</ns3:hr>
            <ns3:cad>59</ns3:cad>
          </ns3:TrackPointExtension>
        </extensions>
      </trkpt>
      <trkpt lat="46.0968110896646976470947265625" lon="11.145702302455902099609375">
        <ele>1049</ele>
        <time>2026-02-28T09:51:39.000Z</time>
        <extensions>
          <ns3:TrackPointExtension>
            <ns3:hr>64</ns3:hr>
            <ns3:cad>0</ns3:cad>
          </ns3:TrackPointExtension>
        </extensions>
      </trkpt>
      <trkpt lat="46.096803881227970123291015625" lon="11.1457339860498905181884765625">
        <ele>1048.800048828125</ele>
        <time>2026-02-28T09:51:42.000Z</time>
        <extensions>
          <ns3:TrackPointExtension>
            <ns3:hr>65</ns3:hr>
            <ns3:cad>56</ns3:cad>
          </ns3:TrackPointExtension>
        </extensions>
      </trkpt>
      <trkpt lat="46.09676658175885677337646484375" lon="11.14578452892601490020751953125">
        <ele>1048.5999755859375</ele>
        <time>2026-02-28T09:51:46.000Z</time>
        <extensions>
          <ns3:TrackPointExtension>
            <ns3:hr>64</ns3:hr>
            <ns3:cad>58</ns3:cad>
          </ns3:TrackPointExtension>
        </extensions>
      </trkpt>
      <trkpt lat="46.0966949164867401123046875" lon="11.14588108845055103302001953125">
        <ele>1049.5999755859375</ele>
        <time>2026-02-28T09:51:54.000Z</time>
        <extensions>
          <ns3:TrackPointExtension>
            <ns3:hr>64</ns3:hr>
            <ns3:cad>53</ns3:cad>
          </ns3:TrackPointExtension>
        </extensions>
      </trkpt>
      <trkpt lat="46.09663255512714385986328125" lon="11.14595241844654083251953125">
        <ele>1049.800048828125</ele>
        <time>2026-02-28T09:52:00.000Z</time>
        <extensions>
          <ns3:TrackPointExtension>
            <ns3:hr>64</ns3:hr>
            <ns3:cad>53</ns3:cad>
          </ns3:TrackPointExtension>
        </extensions>
      </trkpt>
      <trkpt lat="46.09657899476587772369384765625" lon="11.146029196679592132568359375">
        <ele>1050.4000244140625</ele>
        <time>2026-02-28T09:52:07.000Z</time>
        <extensions>
          <ns3:TrackPointExtension>
            <ns3:hr>66</ns3:hr>
            <ns3:cad>54</ns3:cad>
          </ns3:TrackPointExtension>
        </extensions>
      </trkpt>
      <trkpt lat="46.09653272666037082672119140625" lon="11.1460722796618938446044921875">
        <ele>1050.5999755859375</ele>
        <time>2026-02-28T09:52:11.000Z</time>
        <extensions>
          <ns3:TrackPointExtension>
            <ns3:hr>68</ns3:hr>
            <ns3:cad>55</ns3:cad>
          </ns3:TrackPointExtension>
        </extensions>
      </trkpt>
      <trkpt lat="46.09649081714451313018798828125" lon="11.1461061425507068634033203125">
        <ele>1051</ele>
        <time>2026-02-28T09:52:14.000Z</time>
        <extensions>
          <ns3:TrackPointExtension>
            <ns3:hr>71</ns3:hr>
            <ns3:cad>55</ns3:cad>
          </ns3:TrackPointExtension>
        </extensions>
      </trkpt>
      <trkpt lat="46.09641672112047672271728515625" lon="11.1461426876485347747802734375">
        <ele>1051.4000244140625</ele>
        <time>2026-02-28T09:52:19.000Z</time>
        <extensions>
          <ns3:TrackPointExtension>
            <ns3:hr>74</ns3:hr>
            <ns3:cad>55</ns3:cad>
          </ns3:TrackPointExtension>
        </extensions>
      </trkpt>
      <trkpt lat="46.09638235531747341156005859375" lon="11.14616204984486103057861328125">
        <ele>1051.800048828125</ele>
        <time>2026-02-28T09:52:22.000Z</time>
        <extensions>
          <ns3:TrackPointExtension>
            <ns3:hr>77</ns3:hr>
            <ns3:cad>54</ns3:cad>
          </ns3:TrackPointExtension>
        </extensions>
      </trkpt>
      <trkpt lat="46.0963054932653903961181640625" lon="11.146202869713306427001953125">
        <ele>1052.199951171875</ele>
        <time>2026-02-28T09:52:29.000Z</time>
        <extensions>
          <ns3:TrackPointExtension>
            <ns3:hr>78</ns3:hr>
            <ns3:cad>55</ns3:cad>
          </ns3:TrackPointExtension>
        </extensions>
      </trkpt>
      <trkpt lat="46.096272133290767669677734375" lon="11.1462721042335033416748046875">
        <ele>1052.4000244140625</ele>
        <time>2026-02-28T09:52:35.000Z</time>
        <extensions>
          <ns3:TrackPointExtension>
            <ns3:hr>79</ns3:hr>
            <ns3:cad>54</ns3:cad>
          </ns3:TrackPointExtension>
        </extensions>
      </trkpt>
      <trkpt lat="46.096232570707798004150390625" lon="11.14638668484985828399658203125">
        <ele>1052.5999755859375</ele>
        <time>2026-02-28T09:52:42.000Z</time>
        <extensions>
          <ns3:TrackPointExtension>
            <ns3:hr>79</ns3:hr>
            <ns3:cad>55</ns3:cad>
          </ns3:TrackPointExtension>
        </extensions>
      </trkpt>
      <trkpt lat="46.0962273739278316497802734375" lon="11.14641903899610042572021484375">
        <ele>1052.5999755859375</ele>
        <time>2026-02-28T09:52:44.000Z</time>
        <extensions>
          <ns3:TrackPointExtension>
            <ns3:hr>76</ns3:hr>
            <ns3:cad>54</ns3:cad>
          </ns3:TrackPointExtension>
        </extensions>
      </trkpt>
      <trkpt lat="46.0962169803678989410400390625" lon="11.14644988439977169036865234375">
        <ele>1052.5999755859375</ele>
        <time>2026-02-28T09:52:46.000Z</time>
        <extensions>
          <ns3:TrackPointExtension>
            <ns3:hr>73</ns3:hr>
            <ns3:cad>54</ns3:cad>
          </ns3:TrackPointExtension>
        </extensions>
      </trkpt>
      <trkpt lat="46.09620516188442707061767578125" lon="11.14648274146020412445068359375">
        <ele>1052.4000244140625</ele>
        <time>2026-02-28T09:52:48.000Z</time>
        <extensions>
          <ns3:TrackPointExtension>
            <ns3:hr>73</ns3:hr>
            <ns3:cad>54</ns3:cad>
          </ns3:TrackPointExtension>
        </extensions>
      </trkpt>
      <trkpt lat="46.0961489193141460418701171875" lon="11.1465973220765590667724609375">
        <ele>1051.5999755859375</ele>
        <time>2026-02-28T09:52:55.000Z</time>
        <extensions>
          <ns3:TrackPointExtension>
            <ns3:hr>73</ns3:hr>
            <ns3:cad>57</ns3:cad>
          </ns3:TrackPointExtension>
        </extensions>
      </trkpt>
      <trkpt lat="46.09611698426306247711181640625" lon="11.146662533283233642578125">
        <ele>1050.800048828125</ele>
        <time>2026-02-28T09:53:00.000Z</time>
        <extensions>
          <ns3:TrackPointExtension>
            <ns3:hr>73</ns3:hr>
            <ns3:cad>56</ns3:cad>
          </ns3:TrackPointExtension>
        </extensions>
      </trkpt>
      <trkpt lat="46.0961083509027957916259765625" lon="11.14668558351695537567138671875">
        <ele>1050.4000244140625</ele>
        <time>2026-02-28T09:53:02.000Z</time>
        <extensions>
          <ns3:TrackPointExtension>
            <ns3:hr>73</ns3:hr>
            <ns3:cad>56</ns3:cad>
          </ns3:TrackPointExtension>
        </extensions>
      </trkpt>
      <trkpt lat="46.0960865579545497894287109375" lon="11.14675163291394710540771484375">
        <ele>1049.5999755859375</ele>
        <time>2026-02-28T09:53:06.000Z</time>
        <extensions>
          <ns3:TrackPointExtension>
            <ns3:hr>73</ns3:hr>
            <ns3:cad>56</ns3:cad>
          </ns3:TrackPointExtension>
        </extensions>
      </trkpt>
      <trkpt lat="46.09607909806072711944580078125" lon="11.1467703245580196380615234375">
        <ele>1049.4000244140625</ele>
        <time>2026-02-28T09:53:07.000Z</time>
        <extensions>
          <ns3:TrackPointExtension>
            <ns3:hr>73</ns3:hr>
            <ns3:cad>56</ns3:cad>
          </ns3:TrackPointExtension>
        </extensions>
      </trkpt>
      <trkpt lat="46.0960604064166545867919921875" lon="11.14682413637638092041015625">
        <ele>1048.4000244140625</ele>
        <time>2026-02-28T09:53:11.000Z</time>
        <extensions>
          <ns3:TrackPointExtension>
            <ns3:hr>73</ns3:hr>
            <ns3:cad>57</ns3:cad>
          </ns3:TrackPointExtension>
        </extensions>
      </trkpt>
      <trkpt lat="46.0960433073341846466064453125" lon="11.14685674197971820831298828125">
        <ele>1047.5999755859375</ele>
        <time>2026-02-28T09:53:14.000Z</time>
        <extensions>
          <ns3:TrackPointExtension>
            <ns3:hr>72</ns3:hr>
            <ns3:cad>60</ns3:cad>
          </ns3:TrackPointExtension>
        </extensions>
      </trkpt>
      <trkpt lat="46.096028722822666168212890625" lon="11.1468799598515033721923828125">
        <ele>1047.4000244140625</ele>
        <time>2026-02-28T09:53:15.000Z</time>
        <extensions>
          <ns3:TrackPointExtension>
            <ns3:hr>72</ns3:hr>
            <ns3:cad>60</ns3:cad>
          </ns3:TrackPointExtension>
        </extensions>
      </trkpt>
      <trkpt lat="46.09599410556256771087646484375" lon="11.1469393037259578704833984375">
        <ele>1046.5999755859375</ele>
        <time>2026-02-28T09:53:20.000Z</time>
        <extensions>
          <ns3:TrackPointExtension>
            <ns3:hr>71</ns3:hr>
            <ns3:cad>56</ns3:cad>
          </ns3:TrackPointExtension>
        </extensions>
      </trkpt>
      <trkpt lat="46.09598421491682529449462890625" lon="11.14696034230291843414306640625">
        <ele>1046.199951171875</ele>
        <time>2026-02-28T09:53:22.000Z</time>
        <extensions>
          <ns3:TrackPointExtension>
            <ns3:hr>71</ns3:hr>
            <ns3:cad>55</ns3:cad>
          </ns3:TrackPointExtension>
        </extensions>
      </trkpt>
      <trkpt lat="46.09595957212150096893310546875" lon="11.1470382101833820343017578125">
        <ele>1045</ele>
        <time>2026-02-28T09:53:28.000Z</time>
        <extensions>
          <ns3:TrackPointExtension>
            <ns3:hr>71</ns3:hr>
            <ns3:cad>58</ns3:cad>
          </ns3:TrackPointExtension>
        </extensions>
      </trkpt>
      <trkpt lat="46.09596426598727703094482421875" lon="11.14711591042578220367431640625">
        <ele>1044</ele>
        <time>2026-02-28T09:53:33.000Z</time>
        <extensions>
          <ns3:TrackPointExtension>
            <ns3:hr>70</ns3:hr>
            <ns3:cad>58</ns3:cad>
          </ns3:TrackPointExtension>
        </extensions>
      </trkpt>
      <trkpt lat="46.09597046859562397003173828125" lon="11.14715002477169036865234375">
        <ele>1043.4000244140625</ele>
        <time>2026-02-28T09:53:35.000Z</time>
        <extensions>
          <ns3:TrackPointExtension>
            <ns3:hr>70</ns3:hr>
            <ns3:cad>58</ns3:cad>
          </ns3:TrackPointExtension>
        </extensions>
      </trkpt>
      <trkpt lat="46.09598153270781040191650390625" lon="11.147188246250152587890625">
        <ele>1043</ele>
        <time>2026-02-28T09:53:37.000Z</time>
        <extensions>
          <ns3:TrackPointExtension>
            <ns3:hr>69</ns3:hr>
            <ns3:cad>58</ns3:cad>
          </ns3:TrackPointExtension>
        </extensions>
      </trkpt>
      <trkpt lat="46.09601832926273345947265625" lon="11.14728472195565700531005859375">
        <ele>1041.800048828125</ele>
        <time>2026-02-28T09:53:42.000Z</time>
        <extensions>
          <ns3:TrackPointExtension>
            <ns3:hr>70</ns3:hr>
            <ns3:cad>60</ns3:cad>
          </ns3:TrackPointExtension>
        </extensions>
      </trkpt>
      <trkpt lat="46.0960161499679088592529296875" lon="11.1473827064037322998046875">
        <ele>1041</ele>
        <time>2026-02-28T09:53:47.000Z</time>
        <extensions>
          <ns3:TrackPointExtension>
            <ns3:hr>69</ns3:hr>
            <ns3:cad>59</ns3:cad>
          </ns3:TrackPointExtension>
        </extensions>
      </trkpt>
      <trkpt lat="46.0960029065608978271484375" lon="11.14746375940740108489990234375">
        <ele>1040.800048828125</ele>
        <time>2026-02-28T09:53:51.000Z</time>
        <extensions>
          <ns3:TrackPointExtension>
            <ns3:hr>69</ns3:hr>
            <ns3:cad>59</ns3:cad>
          </ns3:TrackPointExtension>
        </extensions>
      </trkpt>
      <trkpt lat="46.09597549773752689361572265625" lon="11.14750952459871768951416015625">
        <ele>1040.5999755859375</ele>
        <time>2026-02-28T09:53:55.000Z</time>
        <extensions>
          <ns3:TrackPointExtension>
            <ns3:hr>68</ns3:hr>
            <ns3:cad>58</ns3:cad>
          </ns3:TrackPointExtension>
        </extensions>
      </trkpt>
      <trkpt lat="46.0959326662123203277587890625" lon="11.14759485237300395965576171875">
        <ele>1040.800048828125</ele>
        <time>2026-02-28T09:54:01.000Z</time>
        <extensions>
          <ns3:TrackPointExtension>
            <ns3:hr>67</ns3:hr>
            <ns3:cad>55</ns3:cad>
          </ns3:TrackPointExtension>
        </extensions>
      </trkpt>
      <trkpt lat="46.09587927348911762237548828125" lon="11.14768990315496921539306640625">
        <ele>1040.199951171875</ele>
        <time>2026-02-28T09:54:07.000Z</time>
        <extensions>
          <ns3:TrackPointExtension>
            <ns3:hr>67</ns3:hr>
            <ns3:cad>58</ns3:cad>
          </ns3:TrackPointExtension>
        </extensions>
      </trkpt>
      <trkpt lat="46.0958548821508884429931640625" lon="11.14774488843977451324462890625">
        <ele>1038.800048828125</ele>
        <time>2026-02-28T09:54:11.000Z</time>
        <extensions>
          <ns3:TrackPointExtension>
            <ns3:hr>66</ns3:hr>
            <ns3:cad>54</ns3:cad>
          </ns3:TrackPointExtension>
        </extensions>
      </trkpt>
      <trkpt lat="46.0958498530089855194091796875" lon="11.1477567069232463836669921875">
        <ele>1037.4000244140625</ele>
        <time>2026-02-28T09:54:12.000Z</time>
        <extensions>
          <ns3:TrackPointExtension>
            <ns3:hr>66</ns3:hr>
            <ns3:cad>54</ns3:cad>
          </ns3:TrackPointExtension>
        </extensions>
      </trkpt>
      <trkpt lat="46.09584574587643146514892578125" lon="11.14776634611189365386962890625">
        <ele>1037.199951171875</ele>
        <time>2026-02-28T09:54:13.000Z</time>
        <extensions>
          <ns3:TrackPointExtension>
            <ns3:hr>66</ns3:hr>
            <ns3:cad>0</ns3:cad>
          </ns3:TrackPointExtension>
        </extensions>
      </trkpt>
      <trkpt lat="46.09578589908778667449951171875" lon="11.14787011407315731048583984375">
        <ele>1036.800048828125</ele>
        <time>2026-02-28T09:54:20.000Z</time>
        <extensions>
          <ns3:TrackPointExtension>
            <ns3:hr>67</ns3:hr>
            <ns3:cad>57</ns3:cad>
          </ns3:TrackPointExtension>
        </extensions>
      </trkpt>
      <trkpt lat="46.0957588255405426025390625" lon="11.1479151248931884765625">
        <ele>1036.4000244140625</ele>
        <time>2026-02-28T09:54:23.000Z</time>
        <extensions>
          <ns3:TrackPointExtension>
            <ns3:hr>68</ns3:hr>
            <ns3:cad>59</ns3:cad>
          </ns3:TrackPointExtension>
        </extensions>
      </trkpt>
      <trkpt lat="46.09572588466107845306396484375" lon="11.14799148403108119964599609375">
        <ele>1035.800048828125</ele>
        <time>2026-02-28T09:54:28.000Z</time>
        <extensions>
          <ns3:TrackPointExtension>
            <ns3:hr>68</ns3:hr>
            <ns3:cad>60</ns3:cad>
          </ns3:TrackPointExtension>
        </extensions>
      </trkpt>
      <trkpt lat="46.0956835560500621795654296875" lon="11.14806088618934154510498046875">
        <ele>1035.4000244140625</ele>
        <time>2026-02-28T09:54:32.000Z</time>
        <extensions>
          <ns3:TrackPointExtension>
            <ns3:hr>70</ns3:hr>
            <ns3:cad>59</ns3:cad>
          </ns3:TrackPointExtension>
        </extensions>
      </trkpt>
      <trkpt lat="46.095649860799312591552734375" lon="11.14811302162706851959228515625">
        <ele>1034.800048828125</ele>
        <time>2026-02-28T09:54:36.000Z</time>
        <extensions>
          <ns3:TrackPointExtension>
            <ns3:hr>70</ns3:hr>
            <ns3:cad>57</ns3:cad>
          </ns3:TrackPointExtension>
        </extensions>
      </trkpt>
      <trkpt lat="46.0956091247498989105224609375" lon="11.1482083238661289215087890625">
        <ele>1034.4000244140625</ele>
        <time>2026-02-28T09:54:42.000Z</time>
        <extensions>
          <ns3:TrackPointExtension>
            <ns3:hr>70</ns3:hr>
            <ns3:cad>56</ns3:cad>
          </ns3:TrackPointExtension>
        </extensions>
      </trkpt>
      <trkpt lat="46.09560820274055004119873046875" lon="11.14822047762572765350341796875">
        <ele>1034.199951171875</ele>
        <time>2026-02-28T09:54:43.000Z</time>
        <extensions>
          <ns3:TrackPointExtension>
            <ns3:hr>69</ns3:hr>
            <ns3:cad>57</ns3:cad>
          </ns3:TrackPointExtension>
        </extensions>
      </trkpt>
      <trkpt lat="46.095572076737880706787109375" lon="11.14832441322505474090576171875">
        <ele>1033.800048828125</ele>
        <time>2026-02-28T09:54:50.000Z</time>
        <extensions>
          <ns3:TrackPointExtension>
            <ns3:hr>70</ns3:hr>
            <ns3:cad>55</ns3:cad>
          </ns3:TrackPointExtension>
        </extensions>
      </trkpt>
      <trkpt lat="46.09554223716259002685546875" lon="11.14837839268147945404052734375">
        <ele>1033.199951171875</ele>
        <time>2026-02-28T09:54:53.000Z</time>
        <extensions>
          <ns3:TrackPointExtension>
            <ns3:hr>70</ns3:hr>
            <ns3:cad>55</ns3:cad>
          </ns3:TrackPointExtension>
        </extensions>
      </trkpt>
      <trkpt lat="46.0955293290317058563232421875" lon="11.14841443486511707305908203125">
        <ele>1032.800048828125</ele>
        <time>2026-02-28T09:54:56.000Z</time>
        <extensions>
          <ns3:TrackPointExtension>
            <ns3:hr>70</ns3:hr>
            <ns3:cad>57</ns3:cad>
          </ns3:TrackPointExtension>
        </extensions>
      </trkpt>
      <trkpt lat="46.09553041867911815643310546875" lon="11.14853865467011928558349609375">
        <ele>1032.199951171875</ele>
        <time>2026-02-28T09:55:03.000Z</time>
        <extensions>
          <ns3:TrackPointExtension>
            <ns3:hr>69</ns3:hr>
            <ns3:cad>56</ns3:cad>
          </ns3:TrackPointExtension>
        </extensions>
      </trkpt>
      <trkpt lat="46.0955608449876308441162109375" lon="11.148657090961933135986328125">
        <ele>1031.199951171875</ele>
        <time>2026-02-28T09:55:09.000Z</time>
        <extensions>
          <ns3:TrackPointExtension>
            <ns3:hr>72</ns3:hr>
            <ns3:cad>58</ns3:cad>
          </ns3:TrackPointExtension>
        </extensions>
      </trkpt>
      <trkpt lat="46.09556377865374088287353515625" lon="11.14867142401635646820068359375">
        <ele>1031</ele>
        <time>2026-02-28T09:55:10.000Z</time>
        <extensions>
          <ns3:TrackPointExtension>
            <ns3:hr>72</ns3:hr>
            <ns3:cad>56</ns3:cad>
          </ns3:TrackPointExtension>
        </extensions>
      </trkpt>
      <trkpt lat="46.09559780918061733245849609375" lon="11.1487484537065029144287109375">
        <ele>1030</ele>
        <time>2026-02-28T09:55:16.000Z</time>
        <extensions>
          <ns3:TrackPointExtension>
            <ns3:hr>74</ns3:hr>
            <ns3:cad>58</ns3:cad>
          </ns3:TrackPointExtension>
        </extensions>
      </trkpt>
      <trkpt lat="46.095643155276775360107421875" lon="11.1488171853125095367431640625">
        <ele>1028.800048828125</ele>
        <time>2026-02-28T09:55:22.000Z</time>
        <extensions>
          <ns3:TrackPointExtension>
            <ns3:hr>73</ns3:hr>
            <ns3:cad>57</ns3:cad>
          </ns3:TrackPointExtension>
        </extensions>
      </trkpt>
      <trkpt lat="46.095656566321849822998046875" lon="11.14884325303137302398681640625">
        <ele>1028.4000244140625</ele>
        <time>2026-02-28T09:55:24.000Z</time>
        <extensions>
          <ns3:TrackPointExtension>
            <ns3:hr>74</ns3:hr>
            <ns3:cad>55</ns3:cad>
          </ns3:TrackPointExtension>
        </extensions>
      </trkpt>
      <trkpt lat="46.09570660628378391265869140625" lon="11.1489187739789485931396484375">
        <ele>1027.4000244140625</ele>
        <time>2026-02-28T09:55:30.000Z</time>
        <extensions>
          <ns3:TrackPointExtension>
            <ns3:hr>74</ns3:hr>
            <ns3:cad>55</ns3:cad>
          </ns3:TrackPointExtension>
        </extensions>
      </trkpt>
      <trkpt lat="46.09575052745640277862548828125" lon="11.14898188970983028411865234375">
        <ele>1026.5999755859375</ele>
        <time>2026-02-28T09:55:36.000Z</time>
        <extensions>
          <ns3:TrackPointExtension>
            <ns3:hr>73</ns3:hr>
            <ns3:cad>0</ns3:cad>
          </ns3:TrackPointExtension>
        </extensions>
      </trkpt>
      <trkpt lat="46.09575874172151088714599609375" lon="11.148997060954570770263671875">
        <ele>1026.4000244140625</ele>
        <time>2026-02-28T09:55:37.000Z</time>
        <extensions>
          <ns3:TrackPointExtension>
            <ns3:hr>73</ns3:hr>
            <ns3:cad>56</ns3:cad>
          </ns3:TrackPointExtension>
        </extensions>
      </trkpt>
      <trkpt lat="46.09579377807676792144775390625" lon="11.14911499433219432830810546875">
        <ele>1025.800048828125</ele>
        <time>2026-02-28T09:55:44.000Z</time>
        <extensions>
          <ns3:TrackPointExtension>
            <ns3:hr>71</ns3:hr>
            <ns3:cad>57</ns3:cad>
          </ns3:TrackPointExtension>
        </extensions>
      </trkpt>
      <trkpt lat="46.09577533788979053497314453125" lon="11.149231754243373870849609375">
        <ele>1025.5999755859375</ele>
        <time>2026-02-28T09:55:52.000Z</time>
        <extensions>
          <ns3:TrackPointExtension>
            <ns3:hr>71</ns3:hr>
            <ns3:cad>56</ns3:cad>
          </ns3:TrackPointExtension>
        </extensions>
      </trkpt>
      <trkpt lat="46.09576175920665264129638671875" lon="11.1493744142353534698486328125">
        <ele>1025.4000244140625</ele>
        <time>2026-02-28T09:56:00.000Z</time>
        <extensions>
          <ns3:TrackPointExtension>
            <ns3:hr>71</ns3:hr>
            <ns3:cad>54</ns3:cad>
          </ns3:TrackPointExtension>
        </extensions>
      </trkpt>
      <trkpt lat="46.09577064402401447296142578125" lon="11.1495051719248294830322265625">
        <ele>1025.5999755859375</ele>
        <time>2026-02-28T09:56:07.000Z</time>
        <extensions>
          <ns3:TrackPointExtension>
            <ns3:hr>71</ns3:hr>
            <ns3:cad>54</ns3:cad>
          </ns3:TrackPointExtension>
        </extensions>
      </trkpt>
      <trkpt lat="46.09575756825506687164306640625" lon="11.1496104486286640167236328125">
        <ele>1025.800048828125</ele>
        <time>2026-02-28T09:56:14.000Z</time>
        <extensions>
          <ns3:TrackPointExtension>
            <ns3:hr>71</ns3:hr>
            <ns3:cad>50</ns3:cad>
          </ns3:TrackPointExtension>
        </extensions>
      </trkpt>
      <trkpt lat="46.09575723297894001007080078125" lon="11.149719245731830596923828125">
        <ele>1026</ele>
        <time>2026-02-28T09:56:21.000Z</time>
        <extensions>
          <ns3:TrackPointExtension>
            <ns3:hr>69</ns3:hr>
            <ns3:cad>54</ns3:cad>
          </ns3:TrackPointExtension>
        </extensions>
      </trkpt>
      <trkpt lat="46.0957579873502254486083984375" lon="11.14981555379927158355712890625">
        <ele>1026</ele>
        <time>2026-02-28T09:56:28.000Z</time>
        <extensions>
          <ns3:TrackPointExtension>
            <ns3:hr>70</ns3:hr>
            <ns3:cad>53</ns3:cad>
          </ns3:TrackPointExtension>
        </extensions>
      </trkpt>
      <trkpt lat="46.09573292545974254608154296875" lon="11.14990607835352420806884765625">
        <ele>1026.199951171875</ele>
        <time>2026-02-28T09:56:34.000Z</time>
        <extensions>
          <ns3:TrackPointExtension>
            <ns3:hr>70</ns3:hr>
            <ns3:cad>55</ns3:cad>
          </ns3:TrackPointExtension>
        </extensions>
      </trkpt>
      <trkpt lat="46.09570275060832500457763671875" lon="11.14998604170978069305419921875">
        <ele>1026.199951171875</ele>
        <time>2026-02-28T09:56:41.000Z</time>
        <extensions>
          <ns3:TrackPointExtension>
            <ns3:hr>72</ns3:hr>
            <ns3:cad>52</ns3:cad>
          </ns3:TrackPointExtension>
        </extensions>
      </trkpt>
      <trkpt lat="46.09565396793186664581298828125" lon="11.1500838585197925567626953125">
        <ele>1026</ele>
        <time>2026-02-28T09:56:48.000Z</time>
        <extensions>
          <ns3:TrackPointExtension>
            <ns3:hr>72</ns3:hr>
            <ns3:cad>53</ns3:cad>
          </ns3:TrackPointExtension>
        </extensions>
      </trkpt>
      <trkpt lat="46.0955947078764438629150390625" lon="11.1501234211027622222900390625">
        <ele>1026</ele>
        <time>2026-02-28T09:56:55.000Z</time>
        <extensions>
          <ns3:TrackPointExtension>
            <ns3:hr>71</ns3:hr>
            <ns3:cad>53</ns3:cad>
          </ns3:TrackPointExtension>
        </extensions>
      </trkpt>
      <trkpt lat="46.0955249704420566558837890625" lon="11.1501898057758808135986328125">
        <ele>1026</ele>
        <time>2026-02-28T09:57:02.000Z</time>
        <extensions>
          <ns3:TrackPointExtension>
            <ns3:hr>70</ns3:hr>
            <ns3:cad>53</ns3:cad>
          </ns3:TrackPointExtension>
        </extensions>
      </trkpt>
      <trkpt lat="46.09547945670783519744873046875" lon="11.15026784129440784454345703125">
        <ele>1025.800048828125</ele>
        <time>2026-02-28T09:57:09.000Z</time>
        <extensions>
          <ns3:TrackPointExtension>
            <ns3:hr>69</ns3:hr>
            <ns3:cad>52</ns3:cad>
          </ns3:TrackPointExtension>
        </extensions>
      </trkpt>
      <trkpt lat="46.09542983584105968475341796875" lon="11.150356940925121307373046875">
        <ele>1025.800048828125</ele>
        <time>2026-02-28T09:57:16.000Z</time>
        <extensions>
          <ns3:TrackPointExtension>
            <ns3:hr>69</ns3:hr>
            <ns3:cad>53</ns3:cad>
          </ns3:TrackPointExtension>
        </extensions>
      </trkpt>
      <trkpt lat="46.09537661075592041015625" lon="11.1504838429391384124755859375">
        <ele>1026</ele>
        <time>2026-02-28T09:57:24.000Z</time>
        <extensions>
          <ns3:TrackPointExtension>
            <ns3:hr>69</ns3:hr>
            <ns3:cad>54</ns3:cad>
          </ns3:TrackPointExtension>
        </extensions>
      </trkpt>
      <trkpt lat="46.09533168375492095947265625" lon="11.15058702416718006134033203125">
        <ele>1026</ele>
        <time>2026-02-28T09:57:31.000Z</time>
        <extensions>
          <ns3:TrackPointExtension>
            <ns3:hr>68</ns3:hr>
            <ns3:cad>53</ns3:cad>
          </ns3:TrackPointExtension>
        </extensions>
      </trkpt>
      <trkpt lat="46.0952859185636043548583984375" lon="11.1507011018693447113037109375">
        <ele>1026</ele>
        <time>2026-02-28T09:57:38.000Z</time>
        <extensions>
          <ns3:TrackPointExtension>
            <ns3:hr>72</ns3:hr>
            <ns3:cad>54</ns3:cad>
          </ns3:TrackPointExtension>
        </extensions>
      </trkpt>
      <trkpt lat="46.09526236541569232940673828125" lon="11.1507597751915454864501953125">
        <ele>1025.800048828125</ele>
        <time>2026-02-28T09:57:42.000Z</time>
        <extensions>
          <ns3:TrackPointExtension>
            <ns3:hr>75</ns3:hr>
            <ns3:cad>54</ns3:cad>
          </ns3:TrackPointExtension>
        </extensions>
      </trkpt>
      <trkpt lat="46.0952517203986644744873046875" lon="11.15078299306333065032958984375">
        <ele>1026</ele>
        <time>2026-02-28T09:57:44.000Z</time>
        <extensions>
          <ns3:TrackPointExtension>
            <ns3:hr>76</ns3:hr>
            <ns3:cad>54</ns3:cad>
          </ns3:TrackPointExtension>
        </extensions>
      </trkpt>
      <trkpt lat="46.095207631587982177734375" lon="11.1509193666279315948486328125">
        <ele>1026.199951171875</ele>
        <time>2026-02-28T09:57:52.000Z</time>
        <extensions>
          <ns3:TrackPointExtension>
            <ns3:hr>75</ns3:hr>
            <ns3:cad>54</ns3:cad>
          </ns3:TrackPointExtension>
        </extensions>
      </trkpt>
      <trkpt lat="46.09519950114190578460693359375" lon="11.15092883817851543426513671875">
        <ele>1026.199951171875</ele>
        <time>2026-02-28T09:57:53.000Z</time>
        <extensions>
          <ns3:TrackPointExtension>
            <ns3:hr>75</ns3:hr>
            <ns3:cad>54</ns3:cad>
          </ns3:TrackPointExtension>
        </extensions>
      </trkpt>
      <trkpt lat="46.09515842981636524200439453125" lon="11.15101299248635768890380859375">
        <ele>1026.4000244140625</ele>
        <time>2026-02-28T09:57:58.000Z</time>
        <extensions>
          <ns3:TrackPointExtension>
            <ns3:hr>75</ns3:hr>
            <ns3:cad>53</ns3:cad>
          </ns3:TrackPointExtension>
        </extensions>
      </trkpt>
      <trkpt lat="46.0951350443065166473388671875" lon="11.15108122117817401885986328125">
        <ele>1026.5999755859375</ele>
        <time>2026-02-28T09:58:03.000Z</time>
        <extensions>
          <ns3:TrackPointExtension>
            <ns3:hr>74</ns3:hr>
            <ns3:cad>54</ns3:cad>
          </ns3:TrackPointExtension>
        </extensions>
      </trkpt>
      <trkpt lat="46.09511048533022403717041015625" lon="11.151168309152126312255859375">
        <ele>1026.800048828125</ele>
        <time>2026-02-28T09:58:09.000Z</time>
        <extensions>
          <ns3:TrackPointExtension>
            <ns3:hr>75</ns3:hr>
            <ns3:cad>53</ns3:cad>
          </ns3:TrackPointExtension>
        </extensions>
      </trkpt>
      <trkpt lat="46.09509221278131008148193359375" lon="11.15127467550337314605712890625">
        <ele>1027</ele>
        <time>2026-02-28T09:58:16.000Z</time>
        <extensions>
          <ns3:TrackPointExtension>
            <ns3:hr>76</ns3:hr>
            <ns3:cad>53</ns3:cad>
          </ns3:TrackPointExtension>
        </extensions>
      </trkpt>
      <trkpt lat="46.0951394028961658477783203125" lon="11.1514004878699779510498046875">
        <ele>1026.4000244140625</ele>
        <time>2026-02-28T09:58:24.000Z</time>
        <extensions>
          <ns3:TrackPointExtension>
            <ns3:hr>78</ns3:hr>
            <ns3:cad>51</ns3:cad>
          </ns3:TrackPointExtension>
        </extensions>
      </trkpt>
      <trkpt lat="46.09519899822771549224853515625" lon="11.1514588259160518646240234375">
        <ele>1026</ele>
        <time>2026-02-28T09:58:30.000Z</time>
        <extensions>
          <ns3:TrackPointExtension>
            <ns3:hr>75</ns3:hr>
            <ns3:cad>53</ns3:cad>
          </ns3:TrackPointExtension>
        </extensions>
      </trkpt>
      <trkpt lat="46.09522766433656215667724609375" lon="11.1515067704021930694580078125">
        <ele>1025.4000244140625</ele>
        <time>2026-02-28T09:58:33.000Z</time>
        <extensions>
          <ns3:TrackPointExtension>
            <ns3:hr>75</ns3:hr>
            <ns3:cad>54</ns3:cad>
          </ns3:TrackPointExtension>
        </extensions>
      </trkpt>
      <trkpt lat="46.09525197185575962066650390625" lon="11.1515838839113712310791015625">
        <ele>1024.199951171875</ele>
        <time>2026-02-28T09:58:37.000Z</time>
        <extensions>
          <ns3:TrackPointExtension>
            <ns3:hr>75</ns3:hr>
            <ns3:cad>58</ns3:cad>
          </ns3:TrackPointExtension>
        </extensions>
      </trkpt>
      <trkpt lat="46.095260940492153167724609375" lon="11.15164968185126781463623046875">
        <ele>1023.20001220703125</ele>
        <time>2026-02-28T09:58:42.000Z</time>
        <extensions>
          <ns3:TrackPointExtension>
            <ns3:hr>73</ns3:hr>
            <ns3:cad>58</ns3:cad>
          </ns3:TrackPointExtension>
        </extensions>
      </trkpt>
      <trkpt lat="46.09526622109115123748779296875" lon="11.15168438293039798736572265625">
        <ele>1022.5999755859375</ele>
        <time>2026-02-28T09:58:44.000Z</time>
        <extensions>
          <ns3:TrackPointExtension>
            <ns3:hr>73</ns3:hr>
            <ns3:cad>58</ns3:cad>
          </ns3:TrackPointExtension>
        </extensions>
      </trkpt>
      <trkpt lat="46.0952678136527538299560546875" lon="11.15174406208097934722900390625">
        <ele>1022.20001220703125</ele>
        <time>2026-02-28T09:58:47.000Z</time>
        <extensions>
          <ns3:TrackPointExtension>
            <ns3:hr>72</ns3:hr>
            <ns3:cad>57</ns3:cad>
          </ns3:TrackPointExtension>
        </extensions>
      </trkpt>
      <trkpt lat="46.09522766433656215667724609375" lon="11.1517682857811450958251953125">
        <ele>1021.4000244140625</ele>
        <time>2026-02-28T09:58:51.000Z</time>
        <extensions>
          <ns3:TrackPointExtension>
            <ns3:hr>73</ns3:hr>
            <ns3:cad>58</ns3:cad>
          </ns3:TrackPointExtension>
        </extensions>
      </trkpt>
      <trkpt lat="46.09520218335092067718505859375" lon="11.15175160579383373260498046875">
        <ele>1021</ele>
        <time>2026-02-28T09:58:53.000Z</time>
        <extensions>
          <ns3:TrackPointExtension>
            <ns3:hr>74</ns3:hr>
            <ns3:cad>57</ns3:cad>
          </ns3:TrackPointExtension>
        </extensions>
      </trkpt>
      <trkpt lat="46.095191203057765960693359375" lon="11.15174288861453533172607421875">
        <ele>1020.5999755859375</ele>
        <time>2026-02-28T09:58:54.000Z</time>
        <extensions>
          <ns3:TrackPointExtension>
            <ns3:hr>74</ns3:hr>
            <ns3:cad>57</ns3:cad>
          </ns3:TrackPointExtension>
        </extensions>
      </trkpt>
      <trkpt lat="46.0951518081128597259521484375" lon="11.15171405486762523651123046875">
        <ele>1019.79998779296875</ele>
        <time>2026-02-28T09:58:57.000Z</time>
        <extensions>
          <ns3:TrackPointExtension>
            <ns3:hr>73</ns3:hr>
            <ns3:cad>58</ns3:cad>
          </ns3:TrackPointExtension>
        </extensions>
      </trkpt>
      <trkpt lat="46.0951035283505916595458984375" lon="11.1516916751861572265625">
        <ele>1018.5999755859375</ele>
        <time>2026-02-28T09:59:01.000Z</time>
        <extensions>
          <ns3:TrackPointExtension>
            <ns3:hr>74</ns3:hr>
            <ns3:cad>61</ns3:cad>
          </ns3:TrackPointExtension>
        </extensions>
      </trkpt>
      <trkpt lat="46.09506941400468349456787109375" lon="11.1516894958913326263427734375">
        <ele>1017.79998779296875</ele>
        <time>2026-02-28T09:59:04.000Z</time>
        <extensions>
          <ns3:TrackPointExtension>
            <ns3:hr>73</ns3:hr>
            <ns3:cad>60</ns3:cad>
          </ns3:TrackPointExtension>
        </extensions>
      </trkpt>
      <trkpt lat="46.09506212174892425537109375" lon="11.15169460885226726531982421875">
        <ele>1017.5999755859375</ele>
        <time>2026-02-28T09:59:05.000Z</time>
        <extensions>
          <ns3:TrackPointExtension>
            <ns3:hr>72</ns3:hr>
            <ns3:cad>0</ns3:cad>
          </ns3:TrackPointExtension>
        </extensions>
      </trkpt>
      <trkpt lat="46.09506237320601940155029296875" lon="11.151708103716373443603515625">
        <ele>1017</ele>
        <time>2026-02-28T09:59:07.000Z</time>
        <extensions>
          <ns3:TrackPointExtension>
            <ns3:hr>72</ns3:hr>
            <ns3:cad>0</ns3:cad>
          </ns3:TrackPointExtension>
        </extensions>
      </trkpt>
      <trkpt lat="46.09507326968014240264892578125" lon="11.1517327465116977691650390625">
        <ele>1016.4000244140625</ele>
        <time>2026-02-28T09:59:09.000Z</time>
        <extensions>
          <ns3:TrackPointExtension>
            <ns3:hr>71</ns3:hr>
            <ns3:cad>0</ns3:cad>
          </ns3:TrackPointExtension>
        </extensions>
      </trkpt>
      <trkpt lat="46.0950827412307262420654296875" lon="11.1517471633851528167724609375">
        <ele>1016</ele>
        <time>2026-02-28T09:59:10.000Z</time>
        <extensions>
          <ns3:TrackPointExtension>
            <ns3:hr>71</ns3:hr>
            <ns3:cad>0</ns3:cad>
          </ns3:TrackPointExtension>
        </extensions>
      </trkpt>
      <trkpt lat="46.0951070487499237060546875" lon="11.1517961136996746063232421875">
        <ele>1015</ele>
        <time>2026-02-28T09:59:13.000Z</time>
        <extensions>
          <ns3:TrackPointExtension>
            <ns3:hr>71</ns3:hr>
            <ns3:cad>115</ns3:cad>
          </ns3:TrackPointExtension>
        </extensions>
      </trkpt>
      <trkpt lat="46.09512842260301113128662109375" lon="11.15185386501252651214599609375">
        <ele>1013.79998779296875</ele>
        <time>2026-02-28T09:59:16.000Z</time>
        <extensions>
          <ns3:TrackPointExtension>
            <ns3:hr>74</ns3:hr>
            <ns3:cad>61</ns3:cad>
          </ns3:TrackPointExtension>
        </extensions>
      </trkpt>
      <trkpt lat="46.095126159489154815673828125" lon="11.151893846690654754638671875">
        <ele>1013.20001220703125</ele>
        <time>2026-02-28T09:59:18.000Z</time>
        <extensions>
          <ns3:TrackPointExtension>
            <ns3:hr>75</ns3:hr>
            <ns3:cad>120</ns3:cad>
          </ns3:TrackPointExtension>
        </extensions>
      </trkpt>
      <trkpt lat="46.09512054361402988433837890625" lon="11.15192309953272342681884765625">
        <ele>1012.5999755859375</ele>
        <time>2026-02-28T09:59:20.000Z</time>
        <extensions>
          <ns3:TrackPointExtension>
            <ns3:hr>75</ns3:hr>
            <ns3:cad>58</ns3:cad>
          </ns3:TrackPointExtension>
        </extensions>
      </trkpt>
      <trkpt lat="46.09514669515192508697509765625" lon="11.15201764740049839019775390625">
        <ele>1011.4000244140625</ele>
        <time>2026-02-28T09:59:25.000Z</time>
        <extensions>
          <ns3:TrackPointExtension>
            <ns3:hr>75</ns3:hr>
            <ns3:cad>58</ns3:cad>
          </ns3:TrackPointExtension>
        </extensions>
      </trkpt>
      <trkpt lat="46.0951714217662811279296875" lon="11.1520770750939846038818359375">
        <ele>1010.20001220703125</ele>
        <time>2026-02-28T09:59:29.000Z</time>
        <extensions>
          <ns3:TrackPointExtension>
            <ns3:hr>75</ns3:hr>
            <ns3:cad>58</ns3:cad>
          </ns3:TrackPointExtension>
        </extensions>
      </trkpt>
      <trkpt lat="46.09517402015626430511474609375" lon="11.15211470983922481536865234375">
        <ele>1009.5999755859375</ele>
        <time>2026-02-28T09:59:31.000Z</time>
        <extensions>
          <ns3:TrackPointExtension>
            <ns3:hr>75</ns3:hr>
            <ns3:cad>61</ns3:cad>
          </ns3:TrackPointExtension>
        </extensions>
      </trkpt>
      <trkpt lat="46.09518240205943584442138671875" lon="11.15214890800416469573974609375">
        <ele>1009</ele>
        <time>2026-02-28T09:59:33.000Z</time>
        <extensions>
          <ns3:TrackPointExtension>
            <ns3:hr>75</ns3:hr>
            <ns3:cad>61</ns3:cad>
          </ns3:TrackPointExtension>
        </extensions>
      </trkpt>
      <trkpt lat="46.09519480727612972259521484375" lon="11.15221210755407810211181640625">
        <ele>1007.79998779296875</ele>
        <time>2026-02-28T09:59:37.000Z</time>
        <extensions>
          <ns3:TrackPointExtension>
            <ns3:hr>75</ns3:hr>
            <ns3:cad>61</ns3:cad>
          </ns3:TrackPointExtension>
        </extensions>
      </trkpt>
      <trkpt lat="46.09520872123539447784423828125" lon="11.1522494070231914520263671875">
        <ele>1007.20001220703125</ele>
        <time>2026-02-28T09:59:39.000Z</time>
        <extensions>
          <ns3:TrackPointExtension>
            <ns3:hr>75</ns3:hr>
            <ns3:cad>61</ns3:cad>
          </ns3:TrackPointExtension>
        </extensions>
      </trkpt>
      <trkpt lat="46.095222048461437225341796875" lon="11.15228000096976757049560546875">
        <ele>1006.79998779296875</ele>
        <time>2026-02-28T09:59:41.000Z</time>
        <extensions>
          <ns3:TrackPointExtension>
            <ns3:hr>74</ns3:hr>
            <ns3:cad>122</ns3:cad>
          </ns3:TrackPointExtension>
        </extensions>
      </trkpt>
      <trkpt lat="46.0952594317495822906494140625" lon="11.15236901678144931793212890625">
        <ele>1005.5999755859375</ele>
        <time>2026-02-28T09:59:46.000Z</time>
        <extensions>
          <ns3:TrackPointExtension>
            <ns3:hr>74</ns3:hr>
            <ns3:cad>61</ns3:cad>
          </ns3:TrackPointExtension>
        </extensions>
      </trkpt>
      <trkpt lat="46.095266304910182952880859375" lon="11.1523885466158390045166015625">
        <ele>1005.4000244140625</ele>
        <time>2026-02-28T09:59:47.000Z</time>
        <extensions>
          <ns3:TrackPointExtension>
            <ns3:hr>74</ns3:hr>
            <ns3:cad>59</ns3:cad>
          </ns3:TrackPointExtension>
        </extensions>
      </trkpt>
      <trkpt lat="46.09525683335959911346435546875" lon="11.1524673365056514739990234375">
        <ele>1004.4000244140625</ele>
        <time>2026-02-28T09:59:52.000Z</time>
        <extensions>
          <ns3:TrackPointExtension>
            <ns3:hr>74</ns3:hr>
            <ns3:cad>58</ns3:cad>
          </ns3:TrackPointExtension>
        </extensions>
      </trkpt>
      <trkpt lat="46.09524317085742950439453125" lon="11.15247110836207866668701171875">
        <ele>1004.20001220703125</ele>
        <time>2026-02-28T09:59:53.000Z</time>
        <extensions>
          <ns3:TrackPointExtension>
            <ns3:hr>74</ns3:hr>
            <ns3:cad>58</ns3:cad>
          </ns3:TrackPointExtension>
        </extensions>
      </trkpt>
      <trkpt lat="46.09522481448948383331298828125" lon="11.15247580222785472869873046875">
        <ele>1004</ele>
        <time>2026-02-28T09:59:54.000Z</time>
        <extensions>
          <ns3:TrackPointExtension>
            <ns3:hr>73</ns3:hr>
            <ns3:cad>57</ns3:cad>
          </ns3:TrackPointExtension>
        </extensions>
      </trkpt>
      <trkpt lat="46.09519581310451030731201171875" lon="11.1524519138038158416748046875">
        <ele>1003.20001220703125</ele>
        <time>2026-02-28T09:59:58.000Z</time>
        <extensions>
          <ns3:TrackPointExtension>
            <ns3:hr>73</ns3:hr>
            <ns3:cad>57</ns3:cad>
          </ns3:TrackPointExtension>
        </extensions>
      </trkpt>
      <trkpt lat="46.09519078396260738372802734375" lon="11.1524431966245174407958984375">
        <ele>1002.79998779296875</ele>
        <time>2026-02-28T09:59:59.000Z</time>
        <extensions>
          <ns3:TrackPointExtension>
            <ns3:hr>72</ns3:hr>
            <ns3:cad>57</ns3:cad>
          </ns3:TrackPointExtension>
        </extensions>
      </trkpt>
      <trkpt lat="46.09518592245876789093017578125" lon="11.1524358205497264862060546875">
        <ele>1002.5999755859375</ele>
        <time>2026-02-28T10:00:00.000Z</time>
        <extensions>
          <ns3:TrackPointExtension>
            <ns3:hr>72</ns3:hr>
            <ns3:cad>57</ns3:cad>
          </ns3:TrackPointExtension>
        </extensions>
      </trkpt>
      <trkpt lat="46.09517033211886882781982421875" lon="11.152416877448558807373046875">
        <ele>1002.20001220703125</ele>
        <time>2026-02-28T10:00:02.000Z</time>
        <extensions>
          <ns3:TrackPointExtension>
            <ns3:hr>72</ns3:hr>
            <ns3:cad>57</ns3:cad>
          </ns3:TrackPointExtension>
        </extensions>
      </trkpt>
      <trkpt lat="46.09512506984174251556396484375" lon="11.152359880506992340087890625">
        <ele>1001</ele>
        <time>2026-02-28T10:00:07.000Z</time>
        <extensions>
          <ns3:TrackPointExtension>
            <ns3:hr>70</ns3:hr>
            <ns3:cad>56</ns3:cad>
          </ns3:TrackPointExtension>
        </extensions>
      </trkpt>
      <trkpt lat="46.09508986584842205047607421875" lon="11.15232375450432300567626953125">
        <ele>999.79998779296875</ele>
        <time>2026-02-28T10:00:11.000Z</time>
        <extensions>
          <ns3:TrackPointExtension>
            <ns3:hr>69</ns3:hr>
            <ns3:cad>60</ns3:cad>
          </ns3:TrackPointExtension>
        </extensions>
      </trkpt>
      <trkpt lat="46.09506346285343170166015625" lon="11.15229240618646144866943359375">
        <ele>998.79998779296875</ele>
        <time>2026-02-28T10:00:14.000Z</time>
        <extensions>
          <ns3:TrackPointExtension>
            <ns3:hr>68</ns3:hr>
            <ns3:cad>61</ns3:cad>
          </ns3:TrackPointExtension>
        </extensions>
      </trkpt>
      <trkpt lat="46.09505474567413330078125" lon="11.15228176116943359375">
        <ele>998.5999755859375</ele>
        <time>2026-02-28T10:00:15.000Z</time>
        <extensions>
          <ns3:TrackPointExtension>
            <ns3:hr>68</ns3:hr>
            <ns3:cad>61</ns3:cad>
          </ns3:TrackPointExtension>
        </extensions>
      </trkpt>
      <trkpt lat="46.09499908983707427978515625" lon="11.15223758853971958160400390625">
        <ele>997.4000244140625</ele>
        <time>2026-02-28T10:00:20.000Z</time>
        <extensions>
          <ns3:TrackPointExtension>
            <ns3:hr>67</ns3:hr>
            <ns3:cad>61</ns3:cad>
          </ns3:TrackPointExtension>
        </extensions>
      </trkpt>
      <trkpt lat="46.09497587196528911590576171875" lon="11.1522259376943111419677734375">
        <ele>996.79998779296875</ele>
        <time>2026-02-28T10:00:22.000Z</time>
        <extensions>
          <ns3:TrackPointExtension>
            <ns3:hr>67</ns3:hr>
            <ns3:cad>56</ns3:cad>
          </ns3:TrackPointExtension>
        </extensions>
      </trkpt>
      <trkpt lat="46.09495340846478939056396484375" lon="11.1522074975073337554931640625">
        <ele>996.20001220703125</ele>
        <time>2026-02-28T10:00:24.000Z</time>
        <extensions>
          <ns3:TrackPointExtension>
            <ns3:hr>67</ns3:hr>
            <ns3:cad>57</ns3:cad>
          </ns3:TrackPointExtension>
        </extensions>
      </trkpt>
      <trkpt lat="46.0949228145182132720947265625" lon="11.15214974619448184967041015625">
        <ele>995.20001220703125</ele>
        <time>2026-02-28T10:00:28.000Z</time>
        <extensions>
          <ns3:TrackPointExtension>
            <ns3:hr>66</ns3:hr>
            <ns3:cad>62</ns3:cad>
          </ns3:TrackPointExtension>
        </extensions>
      </trkpt>
      <trkpt lat="46.0948656499385833740234375" lon="11.15210247226059436798095703125">
        <ele>994</ele>
        <time>2026-02-28T10:00:33.000Z</time>
        <extensions>
          <ns3:TrackPointExtension>
            <ns3:hr>66</ns3:hr>
            <ns3:cad>59</ns3:cad>
          </ns3:TrackPointExtension>
        </extensions>
      </trkpt>
      <trkpt lat="46.0948386602103710174560546875" lon="11.1520760692656040191650390625">
        <ele>993.4000244140625</ele>
        <time>2026-02-28T10:00:35.000Z</time>
        <extensions>
          <ns3:TrackPointExtension>
            <ns3:hr>66</ns3:hr>
            <ns3:cad>60</ns3:cad>
          </ns3:TrackPointExtension>
        </extensions>
      </trkpt>
      <trkpt lat="46.09480865299701690673828125" lon="11.15203776396811008453369140625">
        <ele>992.79998779296875</ele>
        <time>2026-02-28T10:00:38.000Z</time>
        <extensions>
          <ns3:TrackPointExtension>
            <ns3:hr>66</ns3:hr>
            <ns3:cad>59</ns3:cad>
          </ns3:TrackPointExtension>
        </extensions>
      </trkpt>
      <trkpt lat="46.09478191472589969635009765625" lon="11.151998452842235565185546875">
        <ele>991.79998779296875</ele>
        <time>2026-02-28T10:00:42.000Z</time>
        <extensions>
          <ns3:TrackPointExtension>
            <ns3:hr>65</ns3:hr>
            <ns3:cad>59</ns3:cad>
          </ns3:TrackPointExtension>
        </extensions>
      </trkpt>
      <trkpt lat="46.09475391916930675506591796875" lon="11.15194790996611118316650390625">
        <ele>990.5999755859375</ele>
        <time>2026-02-28T10:00:46.000Z</time>
        <extensions>
          <ns3:TrackPointExtension>
            <ns3:hr>65</ns3:hr>
            <ns3:cad>59</ns3:cad>
          </ns3:TrackPointExtension>
        </extensions>
      </trkpt>
      <trkpt lat="46.09473413787782192230224609375" lon="11.15188471041619777679443359375">
        <ele>989.5999755859375</ele>
        <time>2026-02-28T10:00:50.000Z</time>
        <extensions>
          <ns3:TrackPointExtension>
            <ns3:hr>65</ns3:hr>
            <ns3:cad>59</ns3:cad>
          </ns3:TrackPointExtension>
        </extensions>
      </trkpt>
      <trkpt lat="46.094714440405368804931640625" lon="11.15182243287563323974609375">
        <ele>988.5999755859375</ele>
        <time>2026-02-28T10:00:54.000Z</time>
        <extensions>
          <ns3:TrackPointExtension>
            <ns3:hr>64</ns3:hr>
            <ns3:cad>58</ns3:cad>
          </ns3:TrackPointExtension>
        </extensions>
      </trkpt>
      <trkpt lat="46.09469993971288204193115234375" lon="11.15177423693239688873291015625">
        <ele>987.4000244140625</ele>
        <time>2026-02-28T10:00:58.000Z</time>
        <extensions>
          <ns3:TrackPointExtension>
            <ns3:hr>65</ns3:hr>
            <ns3:cad>58</ns3:cad>
          </ns3:TrackPointExtension>
        </extensions>
      </trkpt>
      <trkpt lat="46.094695664942264556884765625" lon="11.15176283754408359527587890625">
        <ele>987.20001220703125</ele>
        <time>2026-02-28T10:00:59.000Z</time>
        <extensions>
          <ns3:TrackPointExtension>
            <ns3:hr>64</ns3:hr>
            <ns3:cad>58</ns3:cad>
          </ns3:TrackPointExtension>
        </extensions>
      </trkpt>
      <trkpt lat="46.09468795359134674072265625" lon="11.15173266269266605377197265625">
        <ele>986.20001220703125</ele>
        <time>2026-02-28T10:01:02.000Z</time>
        <extensions>
          <ns3:TrackPointExtension>
            <ns3:hr>64</ns3:hr>
            <ns3:cad>58</ns3:cad>
          </ns3:TrackPointExtension>
        </extensions>
      </trkpt>
      <trkpt lat="46.09466976486146450042724609375" lon="11.15164197050034999847412109375">
        <ele>985</ele>
        <time>2026-02-28T10:01:06.000Z</time>
        <extensions>
          <ns3:TrackPointExtension>
            <ns3:hr>64</ns3:hr>
            <ns3:cad>59</ns3:cad>
          </ns3:TrackPointExtension>
        </extensions>
      </trkpt>
      <trkpt lat="46.09466406516730785369873046875" lon="11.1516016535460948944091796875">
        <ele>984.4000244140625</ele>
        <time>2026-02-28T10:01:08.000Z</time>
        <extensions>
          <ns3:TrackPointExtension>
            <ns3:hr>63</ns3:hr>
            <ns3:cad>59</ns3:cad>
          </ns3:TrackPointExtension>
        </extensions>
      </trkpt>
      <trkpt lat="46.094662137329578399658203125" lon="11.15155429579317569732666015625">
        <ele>983.5999755859375</ele>
        <time>2026-02-28T10:01:10.000Z</time>
        <extensions>
          <ns3:TrackPointExtension>
            <ns3:hr>63</ns3:hr>
            <ns3:cad>59</ns3:cad>
          </ns3:TrackPointExtension>
        </extensions>
      </trkpt>
      <trkpt lat="46.09465702436864376068115234375" lon="11.15149830467998981475830078125">
        <ele>982.4000244140625</ele>
        <time>2026-02-28T10:01:14.000Z</time>
        <extensions>
          <ns3:TrackPointExtension>
            <ns3:hr>63</ns3:hr>
            <ns3:cad>116</ns3:cad>
          </ns3:TrackPointExtension>
        </extensions>
      </trkpt>
      <trkpt lat="46.0946532525122165679931640625" lon="11.15147936157882213592529296875">
        <ele>982.20001220703125</ele>
        <time>2026-02-28T10:01:15.000Z</time>
        <extensions>
          <ns3:TrackPointExtension>
            <ns3:hr>64</ns3:hr>
            <ns3:cad>116</ns3:cad>
          </ns3:TrackPointExtension>
        </extensions>
      </trkpt>
      <trkpt lat="46.09464327804744243621826171875" lon="11.15142353810369968414306640625">
        <ele>981.20001220703125</ele>
        <time>2026-02-28T10:01:18.000Z</time>
        <extensions>
          <ns3:TrackPointExtension>
            <ns3:hr>64</ns3:hr>
            <ns3:cad>118</ns3:cad>
          </ns3:TrackPointExtension>
        </extensions>
      </trkpt>
      <trkpt lat="46.09463154338300228118896484375" lon="11.151360087096691131591796875">
        <ele>980</ele>
        <time>2026-02-28T10:01:22.000Z</time>
        <extensions>
          <ns3:TrackPointExtension>
            <ns3:hr>64</ns3:hr>
            <ns3:cad>118</ns3:cad>
          </ns3:TrackPointExtension>
        </extensions>
      </trkpt>
      <trkpt lat="46.09462316147983074188232421875" lon="11.1512908525764942169189453125">
        <ele>978.5999755859375</ele>
        <time>2026-02-28T10:01:26.000Z</time>
        <extensions>
          <ns3:TrackPointExtension>
            <ns3:hr>64</ns3:hr>
            <ns3:cad>59</ns3:cad>
          </ns3:TrackPointExtension>
        </extensions>
      </trkpt>
      <trkpt lat="46.0946234129369258880615234375" lon="11.1512405611574649810791015625">
        <ele>977.5999755859375</ele>
        <time>2026-02-28T10:01:29.000Z</time>
        <extensions>
          <ns3:TrackPointExtension>
            <ns3:hr>64</ns3:hr>
            <ns3:cad>59</ns3:cad>
          </ns3:TrackPointExtension>
        </extensions>
      </trkpt>
      <trkpt lat="46.09461880289018154144287109375" lon="11.15115716122090816497802734375">
        <ele>976.4000244140625</ele>
        <time>2026-02-28T10:01:33.000Z</time>
        <extensions>
          <ns3:TrackPointExtension>
            <ns3:hr>65</ns3:hr>
            <ns3:cad>59</ns3:cad>
          </ns3:TrackPointExtension>
        </extensions>
      </trkpt>
      <trkpt lat="46.09461486339569091796875" lon="11.15111910738050937652587890625">
        <ele>975.79998779296875</ele>
        <time>2026-02-28T10:01:35.000Z</time>
        <extensions>
          <ns3:TrackPointExtension>
            <ns3:hr>65</ns3:hr>
            <ns3:cad>59</ns3:cad>
          </ns3:TrackPointExtension>
        </extensions>
      </trkpt>
      <trkpt lat="46.0946140252053737640380859375" lon="11.1511041037738323211669921875">
        <ele>975.4000244140625</ele>
        <time>2026-02-28T10:01:36.000Z</time>
        <extensions>
          <ns3:TrackPointExtension>
            <ns3:hr>65</ns3:hr>
            <ns3:cad>59</ns3:cad>
          </ns3:TrackPointExtension>
        </extensions>
      </trkpt>
      <trkpt lat="46.0946130193769931793212890625" lon="11.1510471068322658538818359375">
        <ele>974.20001220703125</ele>
        <time>2026-02-28T10:01:40.000Z</time>
        <extensions>
          <ns3:TrackPointExtension>
            <ns3:hr>65</ns3:hr>
            <ns3:cad>59</ns3:cad>
          </ns3:TrackPointExtension>
        </extensions>
      </trkpt>
      <trkpt lat="46.0946140252053737640380859375" lon="11.15099673159420490264892578125">
        <ele>973.20001220703125</ele>
        <time>2026-02-28T10:01:43.000Z</time>
        <extensions>
          <ns3:TrackPointExtension>
            <ns3:hr>65</ns3:hr>
            <ns3:cad>118</ns3:cad>
          </ns3:TrackPointExtension>
        </extensions>
      </trkpt>
      <trkpt lat="46.0946143604815006256103515625" lon="11.15098147653043270111083984375">
        <ele>972.79998779296875</ele>
        <time>2026-02-28T10:01:44.000Z</time>
        <extensions>
          <ns3:TrackPointExtension>
            <ns3:hr>65</ns3:hr>
            <ns3:cad>118</ns3:cad>
          </ns3:TrackPointExtension>
        </extensions>
      </trkpt>
      <trkpt lat="46.0946163721382617950439453125" lon="11.15095331333577632904052734375">
        <ele>972</ele>
        <time>2026-02-28T10:01:46.000Z</time>
        <extensions>
          <ns3:TrackPointExtension>
            <ns3:hr>65</ns3:hr>
            <ns3:cad>59</ns3:cad>
          </ns3:TrackPointExtension>
        </extensions>
      </trkpt>
      <trkpt lat="46.0946321301162242889404296875" lon="11.1508700810372829437255859375">
        <ele>970.79998779296875</ele>
        <time>2026-02-28T10:01:50.000Z</time>
        <extensions>
          <ns3:TrackPointExtension>
            <ns3:hr>64</ns3:hr>
            <ns3:cad>59</ns3:cad>
          </ns3:TrackPointExtension>
        </extensions>
      </trkpt>
      <trkpt lat="46.09464076347649097442626953125" lon="11.15079372189939022064208984375">
        <ele>969.79998779296875</ele>
        <time>2026-02-28T10:01:55.000Z</time>
        <extensions>
          <ns3:TrackPointExtension>
            <ns3:hr>62</ns3:hr>
            <ns3:cad>59</ns3:cad>
          </ns3:TrackPointExtension>
        </extensions>
      </trkpt>
      <trkpt lat="46.09463606961071491241455078125" lon="11.15078818984329700469970703125">
        <ele>969.5999755859375</ele>
        <time>2026-02-28T10:01:57.000Z</time>
        <extensions>
          <ns3:TrackPointExtension>
            <ns3:hr>62</ns3:hr>
            <ns3:cad>0</ns3:cad>
          </ns3:TrackPointExtension>
        </extensions>
      </trkpt>
      <trkpt lat="46.09463254921138286590576171875" lon="11.150767318904399871826171875">
        <ele>969.4000244140625</ele>
        <time>2026-02-28T10:02:04.000Z</time>
        <extensions>
          <ns3:TrackPointExtension>
            <ns3:hr>62</ns3:hr>
            <ns3:cad>0</ns3:cad>
          </ns3:TrackPointExtension>
        </extensions>
      </trkpt>
      <trkpt lat="46.09462559223175048828125" lon="11.15080914460122585296630859375">
        <ele>969.20001220703125</ele>
        <time>2026-02-28T10:02:08.000Z</time>
        <extensions>
          <ns3:TrackPointExtension>
            <ns3:hr>66</ns3:hr>
            <ns3:cad>52</ns3:cad>
          </ns3:TrackPointExtension>
        </extensions>
      </trkpt>
      <trkpt lat="46.0946146957576274871826171875" lon="11.150831021368503570556640625">
        <ele>969</ele>
        <time>2026-02-28T10:02:10.000Z</time>
        <extensions>
          <ns3:TrackPointExtension>
            <ns3:hr>69</ns3:hr>
            <ns3:cad>52</ns3:cad>
          </ns3:TrackPointExtension>
        </extensions>
      </trkpt>
      <trkpt lat="46.09460706822574138641357421875" lon="11.15085281431674957275390625">
        <ele>968.79998779296875</ele>
        <time>2026-02-28T10:02:12.000Z</time>
        <extensions>
          <ns3:TrackPointExtension>
            <ns3:hr>69</ns3:hr>
            <ns3:cad>0</ns3:cad>
          </ns3:TrackPointExtension>
        </extensions>
      </trkpt>
      <trkpt lat="46.094597093760967254638671875" lon="11.15090939216315746307373046875">
        <ele>967.5999755859375</ele>
        <time>2026-02-28T10:02:17.000Z</time>
        <extensions>
          <ns3:TrackPointExtension>
            <ns3:hr>67</ns3:hr>
            <ns3:cad>54</ns3:cad>
          </ns3:TrackPointExtension>
        </extensions>
      </trkpt>
      <trkpt lat="46.094583012163639068603515625" lon="11.150941662490367889404296875">
        <ele>966.79998779296875</ele>
        <time>2026-02-28T10:02:20.000Z</time>
        <extensions>
          <ns3:TrackPointExtension>
            <ns3:hr>66</ns3:hr>
            <ns3:cad>55</ns3:cad>
          </ns3:TrackPointExtension>
        </extensions>
      </trkpt>
      <trkpt lat="46.094570942223072052001953125" lon="11.15095566026866436004638671875">
        <ele>966.5999755859375</ele>
        <time>2026-02-28T10:02:22.000Z</time>
        <extensions>
          <ns3:TrackPointExtension>
            <ns3:hr>66</ns3:hr>
            <ns3:cad>54</ns3:cad>
          </ns3:TrackPointExtension>
        </extensions>
      </trkpt>
      <trkpt lat="46.09455241821706295013427734375" lon="11.15095817483961582183837890625">
        <ele>965.79998779296875</ele>
        <time>2026-02-28T10:02:27.000Z</time>
        <extensions>
          <ns3:TrackPointExtension>
            <ns3:hr>63</ns3:hr>
            <ns3:cad>0</ns3:cad>
          </ns3:TrackPointExtension>
        </extensions>
      </trkpt>
      <trkpt lat="46.0945489816367626190185546875" lon="11.15095130167901515960693359375">
        <ele>965.79998779296875</ele>
        <time>2026-02-28T10:02:28.000Z</time>
        <extensions>
          <ns3:TrackPointExtension>
            <ns3:hr>64</ns3:hr>
            <ns3:cad>0</ns3:cad>
          </ns3:TrackPointExtension>
        </extensions>
      </trkpt>
      <trkpt lat="46.0945439524948596954345703125" lon="11.15094409324228763580322265625">
        <ele>965.79998779296875</ele>
        <time>2026-02-28T10:02:30.000Z</time>
        <extensions>
          <ns3:TrackPointExtension>
            <ns3:hr>67</ns3:hr>
            <ns3:cad>0</ns3:cad>
          </ns3:TrackPointExtension>
        </extensions>
      </trkpt>
      <trkpt lat="46.094528026878833770751953125" lon="11.1509562470018863677978515625">
        <ele>965.5999755859375</ele>
        <time>2026-02-28T10:02:35.000Z</time>
        <extensions>
          <ns3:TrackPointExtension>
            <ns3:hr>68</ns3:hr>
            <ns3:cad>0</ns3:cad>
          </ns3:TrackPointExtension>
        </extensions>
      </trkpt>
      <trkpt lat="46.0945271886885166168212890625" lon="11.1509612761437892913818359375">
        <ele>965.20001220703125</ele>
        <time>2026-02-28T10:02:37.000Z</time>
        <extensions>
          <ns3:TrackPointExtension>
            <ns3:hr>68</ns3:hr>
            <ns3:cad>0</ns3:cad>
          </ns3:TrackPointExtension>
        </extensions>
      </trkpt>
      <trkpt lat="46.0945194773375988006591796875" lon="11.15099622868001461029052734375">
        <ele>964.4000244140625</ele>
        <time>2026-02-28T10:02:43.000Z</time>
        <extensions>
          <ns3:TrackPointExtension>
            <ns3:hr>69</ns3:hr>
            <ns3:cad>0</ns3:cad>
          </ns3:TrackPointExtension>
        </extensions>
      </trkpt>
      <trkpt lat="46.09451201744377613067626953125" lon="11.15100863389670848846435546875">
        <ele>964.20001220703125</ele>
        <time>2026-02-28T10:02:44.000Z</time>
        <extensions>
          <ns3:TrackPointExtension>
            <ns3:hr>69</ns3:hr>
            <ns3:cad>0</ns3:cad>
          </ns3:TrackPointExtension>
        </extensions>
      </trkpt>
      <trkpt lat="46.0945060662925243377685546875" lon="11.1510372161865234375">
        <ele>963.4000244140625</ele>
        <time>2026-02-28T10:02:48.000Z</time>
        <extensions>
          <ns3:TrackPointExtension>
            <ns3:hr>70</ns3:hr>
            <ns3:cad>55</ns3:cad>
          </ns3:TrackPointExtension>
        </extensions>
      </trkpt>
      <trkpt lat="46.09449843876063823699951171875" lon="11.15104836411774158477783203125">
        <ele>963</ele>
        <time>2026-02-28T10:02:50.000Z</time>
        <extensions>
          <ns3:TrackPointExtension>
            <ns3:hr>71</ns3:hr>
            <ns3:cad>53</ns3:cad>
          </ns3:TrackPointExtension>
        </extensions>
      </trkpt>
      <trkpt lat="46.09446843154728412628173828125" lon="11.1510920338332653045654296875">
        <ele>962.20001220703125</ele>
        <time>2026-02-28T10:02:54.000Z</time>
        <extensions>
          <ns3:TrackPointExtension>
            <ns3:hr>71</ns3:hr>
            <ns3:cad>54</ns3:cad>
          </ns3:TrackPointExtension>
        </extensions>
      </trkpt>
      <trkpt lat="46.09444999136030673980712890625" lon="11.15112639963626861572265625">
        <ele>961.20001220703125</ele>
        <time>2026-02-28T10:02:58.000Z</time>
        <extensions>
          <ns3:TrackPointExtension>
            <ns3:hr>71</ns3:hr>
            <ns3:cad>56</ns3:cad>
          </ns3:TrackPointExtension>
        </extensions>
      </trkpt>
      <trkpt lat="46.094444207847118377685546875" lon="11.15113687701523303985595703125">
        <ele>961.20001220703125</ele>
        <time>2026-02-28T10:02:59.000Z</time>
        <extensions>
          <ns3:TrackPointExtension>
            <ns3:hr>70</ns3:hr>
            <ns3:cad>56</ns3:cad>
          </ns3:TrackPointExtension>
        </extensions>
      </trkpt>
      <trkpt lat="46.0944064892828464508056640625" lon="11.15120954811573028564453125">
        <ele>960</ele>
        <time>2026-02-28T10:03:05.000Z</time>
        <extensions>
          <ns3:TrackPointExtension>
            <ns3:hr>70</ns3:hr>
            <ns3:cad>52</ns3:cad>
          </ns3:TrackPointExtension>
        </extensions>
      </trkpt>
      <trkpt lat="46.09440070576965808868408203125" lon="11.1512224562466144561767578125">
        <ele>959.79998779296875</ele>
        <time>2026-02-28T10:03:06.000Z</time>
        <extensions>
          <ns3:TrackPointExtension>
            <ns3:hr>70</ns3:hr>
            <ns3:cad>52</ns3:cad>
          </ns3:TrackPointExtension>
        </extensions>
      </trkpt>
      <trkpt lat="46.09438193030655384063720703125" lon="11.15127132274210453033447265625">
        <ele>959</ele>
        <time>2026-02-28T10:03:11.000Z</time>
        <extensions>
          <ns3:TrackPointExtension>
            <ns3:hr>71</ns3:hr>
            <ns3:cad>55</ns3:cad>
          </ns3:TrackPointExtension>
        </extensions>
      </trkpt>
      <trkpt lat="46.094378493726253509521484375" lon="11.1513062752783298492431640625">
        <ele>958.20001220703125</ele>
        <time>2026-02-28T10:03:15.000Z</time>
        <extensions>
          <ns3:TrackPointExtension>
            <ns3:hr>70</ns3:hr>
            <ns3:cad>55</ns3:cad>
          </ns3:TrackPointExtension>
        </extensions>
      </trkpt>
      <trkpt lat="46.0943729616701602935791015625" lon="11.15132077597081661224365234375">
        <ele>958</ele>
        <time>2026-02-28T10:03:16.000Z</time>
        <extensions>
          <ns3:TrackPointExtension>
            <ns3:hr>71</ns3:hr>
            <ns3:cad>55</ns3:cad>
          </ns3:TrackPointExtension>
        </extensions>
      </trkpt>
      <trkpt lat="46.09434060752391815185546875" lon="11.151412390172481536865234375">
        <ele>956.79998779296875</ele>
        <time>2026-02-28T10:03:21.000Z</time>
        <extensions>
          <ns3:TrackPointExtension>
            <ns3:hr>71</ns3:hr>
            <ns3:cad>59</ns3:cad>
          </ns3:TrackPointExtension>
        </extensions>
      </trkpt>
      <trkpt lat="46.094323508441448211669921875" lon="11.1514551378786563873291015625">
        <ele>956</ele>
        <time>2026-02-28T10:03:24.000Z</time>
        <extensions>
          <ns3:TrackPointExtension>
            <ns3:hr>72</ns3:hr>
            <ns3:cad>59</ns3:cad>
          </ns3:TrackPointExtension>
        </extensions>
      </trkpt>
      <trkpt lat="46.0943082533776760101318359375" lon="11.1514796130359172821044921875">
        <ele>955.5999755859375</ele>
        <time>2026-02-28T10:03:26.000Z</time>
        <extensions>
          <ns3:TrackPointExtension>
            <ns3:hr>73</ns3:hr>
            <ns3:cad>60</ns3:cad>
          </ns3:TrackPointExtension>
        </extensions>
      </trkpt>
      <trkpt lat="46.09425955452024936676025390625" lon="11.15154080092906951904296875">
        <ele>954.5999755859375</ele>
        <time>2026-02-28T10:03:31.000Z</time>
        <extensions>
          <ns3:TrackPointExtension>
            <ns3:hr>72</ns3:hr>
            <ns3:cad>56</ns3:cad>
          </ns3:TrackPointExtension>
        </extensions>
      </trkpt>
      <trkpt lat="46.09423357062041759490966796875" lon="11.15158639848232269287109375">
        <ele>954</ele>
        <time>2026-02-28T10:03:34.000Z</time>
        <extensions>
          <ns3:TrackPointExtension>
            <ns3:hr>72</ns3:hr>
            <ns3:cad>56</ns3:cad>
          </ns3:TrackPointExtension>
        </extensions>
      </trkpt>
      <trkpt lat="46.0942207463085651397705078125" lon="11.151625625789165496826171875">
        <ele>953.4000244140625</ele>
        <time>2026-02-28T10:03:37.000Z</time>
        <extensions>
          <ns3:TrackPointExtension>
            <ns3:hr>73</ns3:hr>
            <ns3:cad>58</ns3:cad>
          </ns3:TrackPointExtension>
        </extensions>
      </trkpt>
      <trkpt lat="46.09419903717935085296630859375" lon="11.1517156474292278289794921875">
        <ele>952.20001220703125</ele>
        <time>2026-02-28T10:03:43.000Z</time>
        <extensions>
          <ns3:TrackPointExtension>
            <ns3:hr>74</ns3:hr>
            <ns3:cad>57</ns3:cad>
          </ns3:TrackPointExtension>
        </extensions>
      </trkpt>
      <trkpt lat="46.0941935889422893524169921875" lon="11.15178094245493412017822265625">
        <ele>951.20001220703125</ele>
        <time>2026-02-28T10:03:47.000Z</time>
        <extensions>
          <ns3:TrackPointExtension>
            <ns3:hr>74</ns3:hr>
            <ns3:cad>58</ns3:cad>
          </ns3:TrackPointExtension>
        </extensions>
      </trkpt>
      <trkpt lat="46.09418512322008609771728515625" lon="11.151844896376132965087890625">
        <ele>950.20001220703125</ele>
        <time>2026-02-28T10:03:51.000Z</time>
        <extensions>
          <ns3:TrackPointExtension>
            <ns3:hr>74</ns3:hr>
            <ns3:cad>57</ns3:cad>
          </ns3:TrackPointExtension>
        </extensions>
      </trkpt>
      <trkpt lat="46.0941835306584835052490234375" lon="11.1518574692308902740478515625">
        <ele>950</ele>
        <time>2026-02-28T10:03:52.000Z</time>
        <extensions>
          <ns3:TrackPointExtension>
            <ns3:hr>73</ns3:hr>
            <ns3:cad>57</ns3:cad>
          </ns3:TrackPointExtension>
        </extensions>
      </trkpt>
      <trkpt lat="46.09417858533561229705810546875" lon="11.15191270597279071807861328125">
        <ele>949</ele>
        <time>2026-02-28T10:03:56.000Z</time>
        <extensions>
          <ns3:TrackPointExtension>
            <ns3:hr>72</ns3:hr>
            <ns3:cad>57</ns3:cad>
          </ns3:TrackPointExtension>
        </extensions>
      </trkpt>
      <trkpt lat="46.09417296946048736572265625" lon="11.15199183113873004913330078125">
        <ele>948</ele>
        <time>2026-02-28T10:04:00.000Z</time>
        <extensions>
          <ns3:TrackPointExtension>
            <ns3:hr>71</ns3:hr>
            <ns3:cad>57</ns3:cad>
          </ns3:TrackPointExtension>
        </extensions>
      </trkpt>
      <trkpt lat="46.0941707901656627655029296875" lon="11.15201152861118316650390625">
        <ele>947.5999755859375</ele>
        <time>2026-02-28T10:04:01.000Z</time>
        <extensions>
          <ns3:TrackPointExtension>
            <ns3:hr>70</ns3:hr>
            <ns3:cad>57</ns3:cad>
          </ns3:TrackPointExtension>
        </extensions>
      </trkpt>
      <trkpt lat="46.09414614737033843994140625" lon="11.152084283530712127685546875">
        <ele>946.4000244140625</ele>
        <time>2026-02-28T10:04:06.000Z</time>
        <extensions>
          <ns3:TrackPointExtension>
            <ns3:hr>70</ns3:hr>
            <ns3:cad>56</ns3:cad>
          </ns3:TrackPointExtension>
        </extensions>
      </trkpt>
      <trkpt lat="46.094134412705898284912109375" lon="11.15211747586727142333984375">
        <ele>946</ele>
        <time>2026-02-28T10:04:08.000Z</time>
        <extensions>
          <ns3:TrackPointExtension>
            <ns3:hr>70</ns3:hr>
            <ns3:cad>57</ns3:cad>
          </ns3:TrackPointExtension>
        </extensions>
      </trkpt>
      <trkpt lat="46.094123013317584991455078125" lon="11.15216701291501522064208984375">
        <ele>945.4000244140625</ele>
        <time>2026-02-28T10:04:11.000Z</time>
        <extensions>
          <ns3:TrackPointExtension>
            <ns3:hr>69</ns3:hr>
            <ns3:cad>57</ns3:cad>
          </ns3:TrackPointExtension>
        </extensions>
      </trkpt>
      <trkpt lat="46.09411890618503093719482421875" lon="11.152225434780120849609375">
        <ele>944.5999755859375</ele>
        <time>2026-02-28T10:04:15.000Z</time>
        <extensions>
          <ns3:TrackPointExtension>
            <ns3:hr>68</ns3:hr>
            <ns3:cad>57</ns3:cad>
          </ns3:TrackPointExtension>
        </extensions>
      </trkpt>
      <trkpt lat="46.09412024728953838348388671875" lon="11.15225250832736492156982421875">
        <ele>944.20001220703125</ele>
        <time>2026-02-28T10:04:17.000Z</time>
        <extensions>
          <ns3:TrackPointExtension>
            <ns3:hr>68</ns3:hr>
            <ns3:cad>57</ns3:cad>
          </ns3:TrackPointExtension>
        </extensions>
      </trkpt>
      <trkpt lat="46.0941308923065662384033203125" lon="11.15231939591467380523681640625">
        <ele>943</ele>
        <time>2026-02-28T10:04:22.000Z</time>
        <extensions>
          <ns3:TrackPointExtension>
            <ns3:hr>66</ns3:hr>
            <ns3:cad>56</ns3:cad>
          </ns3:TrackPointExtension>
        </extensions>
      </trkpt>
      <trkpt lat="46.09413675963878631591796875" lon="11.15235024131834506988525390625">
        <ele>942.5999755859375</ele>
        <time>2026-02-28T10:04:24.000Z</time>
        <extensions>
          <ns3:TrackPointExtension>
            <ns3:hr>66</ns3:hr>
            <ns3:cad>57</ns3:cad>
          </ns3:TrackPointExtension>
        </extensions>
      </trkpt>
      <trkpt lat="46.094145476818084716796875" lon="11.1524212360382080078125">
        <ele>942</ele>
        <time>2026-02-28T10:04:27.000Z</time>
        <extensions>
          <ns3:TrackPointExtension>
            <ns3:hr>66</ns3:hr>
            <ns3:cad>58</ns3:cad>
          </ns3:TrackPointExtension>
        </extensions>
      </trkpt>
      <trkpt lat="46.09414078295230865478515625" lon="11.15250396542251110076904296875">
        <ele>941</ele>
        <time>2026-02-28T10:04:31.000Z</time>
        <extensions>
          <ns3:TrackPointExtension>
            <ns3:hr>66</ns3:hr>
            <ns3:cad>59</ns3:cad>
          </ns3:TrackPointExtension>
        </extensions>
      </trkpt>
      <trkpt lat="46.094140112400054931640625" lon="11.152521483600139617919921875">
        <ele>940.79998779296875</ele>
        <time>2026-02-28T10:04:32.000Z</time>
        <extensions>
          <ns3:TrackPointExtension>
            <ns3:hr>65</ns3:hr>
            <ns3:cad>61</ns3:cad>
          </ns3:TrackPointExtension>
        </extensions>
      </trkpt>
      <trkpt lat="46.09412812627851963043212890625" lon="11.1525665782392024993896484375">
        <ele>939.79998779296875</ele>
        <time>2026-02-28T10:04:39.000Z</time>
        <extensions>
          <ns3:TrackPointExtension>
            <ns3:hr>65</ns3:hr>
            <ns3:cad>0</ns3:cad>
          </ns3:TrackPointExtension>
        </extensions>
      </trkpt>
      <trkpt lat="46.09410381875932216644287109375" lon="11.1526115052402019500732421875">
        <ele>939.5999755859375</ele>
        <time>2026-02-28T10:04:43.000Z</time>
        <extensions>
          <ns3:TrackPointExtension>
            <ns3:hr>65</ns3:hr>
            <ns3:cad>0</ns3:cad>
          </ns3:TrackPointExtension>
        </extensions>
      </trkpt>
      <trkpt lat="46.09409191645681858062744140625" lon="11.15263254381716251373291015625">
        <ele>939.4000244140625</ele>
        <time>2026-02-28T10:04:45.000Z</time>
        <extensions>
          <ns3:TrackPointExtension>
            <ns3:hr>65</ns3:hr>
            <ns3:cad>0</ns3:cad>
          </ns3:TrackPointExtension>
        </extensions>
      </trkpt>
      <trkpt lat="46.0940718837082386016845703125" lon="11.1526902951300144195556640625">
        <ele>938.5999755859375</ele>
        <time>2026-02-28T10:04:50.000Z</time>
        <extensions>
          <ns3:TrackPointExtension>
            <ns3:hr>67</ns3:hr>
            <ns3:cad>51</ns3:cad>
          </ns3:TrackPointExtension>
        </extensions>
      </trkpt>
      <trkpt lat="46.09407079406082630157470703125" lon="11.15270513109862804412841796875">
        <ele>938.4000244140625</ele>
        <time>2026-02-28T10:04:51.000Z</time>
        <extensions>
          <ns3:TrackPointExtension>
            <ns3:hr>67</ns3:hr>
            <ns3:cad>51</ns3:cad>
          </ns3:TrackPointExtension>
        </extensions>
      </trkpt>
      <trkpt lat="46.09406006522476673126220703125" lon="11.15277654491364955902099609375">
        <ele>937.5999755859375</ele>
        <time>2026-02-28T10:04:56.000Z</time>
        <extensions>
          <ns3:TrackPointExtension>
            <ns3:hr>66</ns3:hr>
            <ns3:cad>53</ns3:cad>
          </ns3:TrackPointExtension>
        </extensions>
      </trkpt>
      <trkpt lat="46.09406107105314731597900390625" lon="11.1527888663113117218017578125">
        <ele>937.20001220703125</ele>
        <time>2026-02-28T10:04:57.000Z</time>
        <extensions>
          <ns3:TrackPointExtension>
            <ns3:hr>66</ns3:hr>
            <ns3:cad>53</ns3:cad>
          </ns3:TrackPointExtension>
        </extensions>
      </trkpt>
      <trkpt lat="46.09405671246349811553955078125" lon="11.15285516716539859771728515625">
        <ele>936.20001220703125</ele>
        <time>2026-02-28T10:05:01.000Z</time>
        <extensions>
          <ns3:TrackPointExtension>
            <ns3:hr>66</ns3:hr>
            <ns3:cad>56</ns3:cad>
          </ns3:TrackPointExtension>
        </extensions>
      </trkpt>
      <trkpt lat="46.0940594784915447235107421875" lon="11.152898333966732025146484375">
        <ele>935.79998779296875</ele>
        <time>2026-02-28T10:05:03.000Z</time>
        <extensions>
          <ns3:TrackPointExtension>
            <ns3:hr>66</ns3:hr>
            <ns3:cad>57</ns3:cad>
          </ns3:TrackPointExtension>
        </extensions>
      </trkpt>
      <trkpt lat="46.094062328338623046875" lon="11.152952648699283599853515625">
        <ele>935</ele>
        <time>2026-02-28T10:05:06.000Z</time>
        <extensions>
          <ns3:TrackPointExtension>
            <ns3:hr>66</ns3:hr>
            <ns3:cad>59</ns3:cad>
          </ns3:TrackPointExtension>
        </extensions>
      </trkpt>
      <trkpt lat="46.0940651781857013702392578125" lon="11.15300201810896396636962890625">
        <ele>934.4000244140625</ele>
        <time>2026-02-28T10:05:09.000Z</time>
        <extensions>
          <ns3:TrackPointExtension>
            <ns3:hr>66</ns3:hr>
            <ns3:cad>59</ns3:cad>
          </ns3:TrackPointExtension>
        </extensions>
      </trkpt>
      <trkpt lat="46.09406475909054279327392578125" lon="11.15303453989326953887939453125">
        <ele>934</ele>
        <time>2026-02-28T10:05:12.000Z</time>
        <extensions>
          <ns3:TrackPointExtension>
            <ns3:hr>67</ns3:hr>
            <ns3:cad>57</ns3:cad>
          </ns3:TrackPointExtension>
        </extensions>
      </trkpt>
      <trkpt lat="46.09406568109989166259765625" lon="11.15306488238275051116943359375">
        <ele>933.79998779296875</ele>
        <time>2026-02-28T10:05:16.000Z</time>
        <extensions>
          <ns3:TrackPointExtension>
            <ns3:hr>69</ns3:hr>
            <ns3:cad>58</ns3:cad>
          </ns3:TrackPointExtension>
        </extensions>
      </trkpt>
      <trkpt lat="46.09407280571758747100830078125" lon="11.15307158790528774261474609375">
        <ele>933.79998779296875</ele>
        <time>2026-02-28T10:05:24.000Z</time>
        <extensions>
          <ns3:TrackPointExtension>
            <ns3:hr>70</ns3:hr>
            <ns3:cad>0</ns3:cad>
          </ns3:TrackPointExtension>
        </extensions>
      </trkpt>
      <trkpt lat="46.09404145739972591400146484375" lon="11.15308080799877643585205078125">
        <ele>933.4000244140625</ele>
        <time>2026-02-28T10:05:29.000Z</time>
        <extensions>
          <ns3:TrackPointExtension>
            <ns3:hr>66</ns3:hr>
            <ns3:cad>0</ns3:cad>
          </ns3:TrackPointExtension>
        </extensions>
      </trkpt>
      <trkpt lat="46.0940246097743511199951171875" lon="11.1530671454966068267822265625">
        <ele>933.4000244140625</ele>
        <time>2026-02-28T10:05:31.000Z</time>
        <extensions>
          <ns3:TrackPointExtension>
            <ns3:hr>65</ns3:hr>
            <ns3:cad>0</ns3:cad>
          </ns3:TrackPointExtension>
        </extensions>
      </trkpt>
      <trkpt lat="46.09401748515665531158447265625" lon="11.15299330092966556549072265625">
        <ele>933</ele>
        <time>2026-02-28T10:05:36.000Z</time>
        <extensions>
          <ns3:TrackPointExtension>
            <ns3:hr>64</ns3:hr>
            <ns3:cad>0</ns3:cad>
          </ns3:TrackPointExtension>
        </extensions>
      </trkpt>
      <trkpt lat="46.0940081812441349029541015625" lon="11.1529214680194854736328125">
        <ele>932.5999755859375</ele>
        <time>2026-02-28T10:05:42.000Z</time>
        <extensions>
          <ns3:TrackPointExtension>
            <ns3:hr>64</ns3:hr>
            <ns3:cad>51</ns3:cad>
          </ns3:TrackPointExtension>
        </extensions>
      </trkpt>
      <trkpt lat="46.09399535693228244781494140625" lon="11.1527875252068042755126953125">
        <ele>932.4000244140625</ele>
        <time>2026-02-28T10:05:50.000Z</time>
        <extensions>
          <ns3:TrackPointExtension>
            <ns3:hr>67</ns3:hr>
            <ns3:cad>51</ns3:cad>
          </ns3:TrackPointExtension>
        </extensions>
      </trkpt>
      <trkpt lat="46.09399326145648956298828125" lon="11.152774281799793243408203125">
        <ele>932.4000244140625</ele>
        <time>2026-02-28T10:05:51.000Z</time>
        <extensions>
          <ns3:TrackPointExtension>
            <ns3:hr>67</ns3:hr>
            <ns3:cad>51</ns3:cad>
          </ns3:TrackPointExtension>
        </extensions>
      </trkpt>
      <trkpt lat="46.0939689539372920989990234375" lon="11.152666322886943817138671875">
        <ele>932.4000244140625</ele>
        <time>2026-02-28T10:05:58.000Z</time>
        <extensions>
          <ns3:TrackPointExtension>
            <ns3:hr>67</ns3:hr>
            <ns3:cad>51</ns3:cad>
          </ns3:TrackPointExtension>
        </extensions>
      </trkpt>
      <trkpt lat="46.093928553164005279541015625" lon="11.152565740048885345458984375">
        <ele>932.4000244140625</ele>
        <time>2026-02-28T10:06:05.000Z</time>
        <extensions>
          <ns3:TrackPointExtension>
            <ns3:hr>69</ns3:hr>
            <ns3:cad>0</ns3:cad>
          </ns3:TrackPointExtension>
        </extensions>
      </trkpt>
      <trkpt lat="46.09389024786651134490966796875" lon="11.15248016081750392913818359375">
        <ele>932.79998779296875</ele>
        <time>2026-02-28T10:06:13.000Z</time>
        <extensions>
          <ns3:TrackPointExtension>
            <ns3:hr>70</ns3:hr>
            <ns3:cad>49</ns3:cad>
          </ns3:TrackPointExtension>
        </extensions>
      </trkpt>
      <trkpt lat="46.09384129755198955535888671875" lon="11.1523850262165069580078125">
        <ele>933</ele>
        <time>2026-02-28T10:06:20.000Z</time>
        <extensions>
          <ns3:TrackPointExtension>
            <ns3:hr>70</ns3:hr>
            <ns3:cad>51</ns3:cad>
          </ns3:TrackPointExtension>
        </extensions>
      </trkpt>
      <trkpt lat="46.09381355345249176025390625" lon="11.15231730043888092041015625">
        <ele>933</ele>
        <time>2026-02-28T10:06:25.000Z</time>
        <extensions>
          <ns3:TrackPointExtension>
            <ns3:hr>73</ns3:hr>
            <ns3:cad>0</ns3:cad>
          </ns3:TrackPointExtension>
        </extensions>
      </trkpt>
      <trkpt lat="46.09380408190190792083740234375" lon="11.15229408256709575653076171875">
        <ele>933</ele>
        <time>2026-02-28T10:06:27.000Z</time>
        <extensions>
          <ns3:TrackPointExtension>
            <ns3:hr>74</ns3:hr>
            <ns3:cad>0</ns3:cad>
          </ns3:TrackPointExtension>
        </extensions>
      </trkpt>
      <trkpt lat="46.09379746019840240478515625" lon="11.15217648446559906005859375">
        <ele>932.5999755859375</ele>
        <time>2026-02-28T10:06:35.000Z</time>
        <extensions>
          <ns3:TrackPointExtension>
            <ns3:hr>75</ns3:hr>
            <ns3:cad>53</ns3:cad>
          </ns3:TrackPointExtension>
        </extensions>
      </trkpt>
      <trkpt lat="46.09380424953997135162353515625" lon="11.1521189846098423004150390625">
        <ele>931.79998779296875</ele>
        <time>2026-02-28T10:06:38.000Z</time>
        <extensions>
          <ns3:TrackPointExtension>
            <ns3:hr>75</ns3:hr>
            <ns3:cad>57</ns3:cad>
          </ns3:TrackPointExtension>
        </extensions>
      </trkpt>
      <trkpt lat="46.09381028451025485992431640625" lon="11.15203994326293468475341796875">
        <ele>930.79998779296875</ele>
        <time>2026-02-28T10:06:43.000Z</time>
        <extensions>
          <ns3:TrackPointExtension>
            <ns3:hr>78</ns3:hr>
            <ns3:cad>59</ns3:cad>
          </ns3:TrackPointExtension>
        </extensions>
      </trkpt>
      <trkpt lat="46.0938113741576671600341796875" lon="11.152021586894989013671875">
        <ele>930.5999755859375</ele>
        <time>2026-02-28T10:06:44.000Z</time>
        <extensions>
          <ns3:TrackPointExtension>
            <ns3:hr>78</ns3:hr>
            <ns3:cad>57</ns3:cad>
          </ns3:TrackPointExtension>
        </extensions>
      </trkpt>
      <trkpt lat="46.09381346963346004486083984375" lon="11.1519875563681125640869140625">
        <ele>930.4000244140625</ele>
        <time>2026-02-28T10:06:46.000Z</time>
        <extensions>
          <ns3:TrackPointExtension>
            <ns3:hr>81</ns3:hr>
            <ns3:cad>57</ns3:cad>
          </ns3:TrackPointExtension>
        </extensions>
      </trkpt>
      <trkpt lat="46.09381983987987041473388671875" lon="11.15192729048430919647216796875">
        <ele>929.5999755859375</ele>
        <time>2026-02-28T10:06:49.000Z</time>
        <extensions>
          <ns3:TrackPointExtension>
            <ns3:hr>81</ns3:hr>
            <ns3:cad>59</ns3:cad>
          </ns3:TrackPointExtension>
        </extensions>
      </trkpt>
      <trkpt lat="46.0938153974711894989013671875" lon="11.15183576010167598724365234375">
        <ele>928.79998779296875</ele>
        <time>2026-02-28T10:06:54.000Z</time>
        <extensions>
          <ns3:TrackPointExtension>
            <ns3:hr>80</ns3:hr>
            <ns3:cad>58</ns3:cad>
          </ns3:TrackPointExtension>
        </extensions>
      </trkpt>
      <trkpt lat="46.09381464309990406036376953125" lon="11.1518158949911594390869140625">
        <ele>928.5999755859375</ele>
        <time>2026-02-28T10:06:55.000Z</time>
        <extensions>
          <ns3:TrackPointExtension>
            <ns3:hr>80</ns3:hr>
            <ns3:cad>58</ns3:cad>
          </ns3:TrackPointExtension>
        </extensions>
      </trkpt>
      <trkpt lat="46.0938231088221073150634765625" lon="11.1517116241157054901123046875">
        <ele>927.5999755859375</ele>
        <time>2026-02-28T10:07:01.000Z</time>
        <extensions>
          <ns3:TrackPointExtension>
            <ns3:hr>80</ns3:hr>
            <ns3:cad>57</ns3:cad>
          </ns3:TrackPointExtension>
        </extensions>
      </trkpt>
      <trkpt lat="46.09382738359272480010986328125" lon="11.15169242955744266510009765625">
        <ele>927.4000244140625</ele>
        <time>2026-02-28T10:07:02.000Z</time>
        <extensions>
          <ns3:TrackPointExtension>
            <ns3:hr>80</ns3:hr>
            <ns3:cad>57</ns3:cad>
          </ns3:TrackPointExtension>
        </extensions>
      </trkpt>
      <trkpt lat="46.0938479192554950714111328125" lon="11.15160391665995121002197265625">
        <ele>926.79998779296875</ele>
        <time>2026-02-28T10:07:07.000Z</time>
        <extensions>
          <ns3:TrackPointExtension>
            <ns3:hr>78</ns3:hr>
            <ns3:cad>55</ns3:cad>
          </ns3:TrackPointExtension>
        </extensions>
      </trkpt>
      <trkpt lat="46.09385780990123748779296875" lon="11.15156217478215694427490234375">
        <ele>926.4000244140625</ele>
        <time>2026-02-28T10:07:10.000Z</time>
        <extensions>
          <ns3:TrackPointExtension>
            <ns3:hr>77</ns3:hr>
            <ns3:cad>0</ns3:cad>
          </ns3:TrackPointExtension>
        </extensions>
      </trkpt>
      <trkpt lat="46.09386627562344074249267578125" lon="11.15146838128566741943359375">
        <ele>925.5999755859375</ele>
        <time>2026-02-28T10:07:16.000Z</time>
        <extensions>
          <ns3:TrackPointExtension>
            <ns3:hr>76</ns3:hr>
            <ns3:cad>57</ns3:cad>
          </ns3:TrackPointExtension>
        </extensions>
      </trkpt>
      <trkpt lat="46.09387063421308994293212890625" lon="11.1514293216168880462646484375">
        <ele>925.20001220703125</ele>
        <time>2026-02-28T10:07:18.000Z</time>
        <extensions>
          <ns3:TrackPointExtension>
            <ns3:hr>76</ns3:hr>
            <ns3:cad>57</ns3:cad>
          </ns3:TrackPointExtension>
        </extensions>
      </trkpt>
      <trkpt lat="46.09388873912394046783447265625" lon="11.15134743042290210723876953125">
        <ele>924.5999755859375</ele>
        <time>2026-02-28T10:07:23.000Z</time>
        <extensions>
          <ns3:TrackPointExtension>
            <ns3:hr>76</ns3:hr>
            <ns3:cad>55</ns3:cad>
          </ns3:TrackPointExtension>
        </extensions>
      </trkpt>
      <trkpt lat="46.0938928462564945220947265625" lon="11.15130770020186901092529296875">
        <ele>924.20001220703125</ele>
        <time>2026-02-28T10:07:26.000Z</time>
        <extensions>
          <ns3:TrackPointExtension>
            <ns3:hr>76</ns3:hr>
            <ns3:cad>55</ns3:cad>
          </ns3:TrackPointExtension>
        </extensions>
      </trkpt>
      <trkpt lat="46.0938992165029048919677734375" lon="11.1512584984302520751953125">
        <ele>923.79998779296875</ele>
        <time>2026-02-28T10:07:29.000Z</time>
        <extensions>
          <ns3:TrackPointExtension>
            <ns3:hr>76</ns3:hr>
            <ns3:cad>55</ns3:cad>
          </ns3:TrackPointExtension>
        </extensions>
      </trkpt>
      <trkpt lat="46.0939203388988971710205078125" lon="11.15116470493376255035400390625">
        <ele>923.20001220703125</ele>
        <time>2026-02-28T10:07:35.000Z</time>
        <extensions>
          <ns3:TrackPointExtension>
            <ns3:hr>75</ns3:hr>
            <ns3:cad>53</ns3:cad>
          </ns3:TrackPointExtension>
        </extensions>
      </trkpt>
      <trkpt lat="46.09392142854630947113037109375" lon="11.1511460132896900177001953125">
        <ele>923</ele>
        <time>2026-02-28T10:07:36.000Z</time>
        <extensions>
          <ns3:TrackPointExtension>
            <ns3:hr>76</ns3:hr>
            <ns3:cad>54</ns3:cad>
          </ns3:TrackPointExtension>
        </extensions>
      </trkpt>
      <trkpt lat="46.093933917582035064697265625" lon="11.15105859003961086273193359375">
        <ele>922</ele>
        <time>2026-02-28T10:07:41.000Z</time>
        <extensions>
          <ns3:TrackPointExtension>
            <ns3:hr>75</ns3:hr>
            <ns3:cad>55</ns3:cad>
          </ns3:TrackPointExtension>
        </extensions>
      </trkpt>
      <trkpt lat="46.0939384438097476959228515625" lon="11.15104333497583866119384765625">
        <ele>922</ele>
        <time>2026-02-28T10:07:42.000Z</time>
        <extensions>
          <ns3:TrackPointExtension>
            <ns3:hr>75</ns3:hr>
            <ns3:cad>55</ns3:cad>
          </ns3:TrackPointExtension>
        </extensions>
      </trkpt>
      <trkpt lat="46.09394498169422149658203125" lon="11.15101240575313568115234375">
        <ele>921.5999755859375</ele>
        <time>2026-02-28T10:07:44.000Z</time>
        <extensions>
          <ns3:TrackPointExtension>
            <ns3:hr>72</ns3:hr>
            <ns3:cad>56</ns3:cad>
          </ns3:TrackPointExtension>
        </extensions>
      </trkpt>
      <trkpt lat="46.09395227394998073577880859375" lon="11.15097594447433948516845703125">
        <ele>921.4000244140625</ele>
        <time>2026-02-28T10:07:46.000Z</time>
        <extensions>
          <ns3:TrackPointExtension>
            <ns3:hr>69</ns3:hr>
            <ns3:cad>57</ns3:cad>
          </ns3:TrackPointExtension>
        </extensions>
      </trkpt>
      <trkpt lat="46.093956045806407928466796875" lon="11.15096236579120159149169921875">
        <ele>921.20001220703125</ele>
        <time>2026-02-28T10:07:47.000Z</time>
        <extensions>
          <ns3:TrackPointExtension>
            <ns3:hr>68</ns3:hr>
            <ns3:cad>57</ns3:cad>
          </ns3:TrackPointExtension>
        </extensions>
      </trkpt>
      <trkpt lat="46.0939590632915496826171875" lon="11.1509492062032222747802734375">
        <ele>921</ele>
        <time>2026-02-28T10:07:48.000Z</time>
        <extensions>
          <ns3:TrackPointExtension>
            <ns3:hr>68</ns3:hr>
            <ns3:cad>58</ns3:cad>
          </ns3:TrackPointExtension>
        </extensions>
      </trkpt>
      <trkpt lat="46.09397976659238338470458984375" lon="11.1508642137050628662109375">
        <ele>920</ele>
        <time>2026-02-28T10:07:54.000Z</time>
        <extensions>
          <ns3:TrackPointExtension>
            <ns3:hr>68</ns3:hr>
            <ns3:cad>58</ns3:cad>
          </ns3:TrackPointExtension>
        </extensions>
      </trkpt>
      <trkpt lat="46.09398295171558856964111328125" lon="11.1508481204509735107421875">
        <ele>919.79998779296875</ele>
        <time>2026-02-28T10:07:55.000Z</time>
        <extensions>
          <ns3:TrackPointExtension>
            <ns3:hr>68</ns3:hr>
            <ns3:cad>58</ns3:cad>
          </ns3:TrackPointExtension>
        </extensions>
      </trkpt>
      <trkpt lat="46.0939872264862060546875" lon="11.15075063891708850860595703125">
        <ele>918.79998779296875</ele>
        <time>2026-02-28T10:08:01.000Z</time>
        <extensions>
          <ns3:TrackPointExtension>
            <ns3:hr>68</ns3:hr>
            <ns3:cad>56</ns3:cad>
          </ns3:TrackPointExtension>
        </extensions>
      </trkpt>
      <trkpt lat="46.09398865140974521636962890625" lon="11.15072733722627162933349609375">
        <ele>918.5999755859375</ele>
        <time>2026-02-28T10:08:02.000Z</time>
        <extensions>
          <ns3:TrackPointExtension>
            <ns3:hr>68</ns3:hr>
            <ns3:cad>56</ns3:cad>
          </ns3:TrackPointExtension>
        </extensions>
      </trkpt>
      <trkpt lat="46.0939961113035678863525390625" lon="11.15064418874680995941162109375">
        <ele>917.79998779296875</ele>
        <time>2026-02-28T10:08:06.000Z</time>
        <extensions>
          <ns3:TrackPointExtension>
            <ns3:hr>68</ns3:hr>
            <ns3:cad>57</ns3:cad>
          </ns3:TrackPointExtension>
        </extensions>
      </trkpt>
      <trkpt lat="46.09401295892894268035888671875" lon="11.1505696736276149749755859375">
        <ele>917</ele>
        <time>2026-02-28T10:08:10.000Z</time>
        <extensions>
          <ns3:TrackPointExtension>
            <ns3:hr>68</ns3:hr>
            <ns3:cad>58</ns3:cad>
          </ns3:TrackPointExtension>
        </extensions>
      </trkpt>
      <trkpt lat="46.09402142465114593505859375" lon="11.15053153596818447113037109375">
        <ele>916.5999755859375</ele>
        <time>2026-02-28T10:08:12.000Z</time>
        <extensions>
          <ns3:TrackPointExtension>
            <ns3:hr>68</ns3:hr>
            <ns3:cad>58</ns3:cad>
          </ns3:TrackPointExtension>
        </extensions>
      </trkpt>
      <trkpt lat="46.0940537787973880767822265625" lon="11.150460205972194671630859375">
        <ele>916</ele>
        <time>2026-02-28T10:08:16.000Z</time>
        <extensions>
          <ns3:TrackPointExtension>
            <ns3:hr>69</ns3:hr>
            <ns3:cad>57</ns3:cad>
          </ns3:TrackPointExtension>
        </extensions>
      </trkpt>
      <trkpt lat="46.0940762422978878021240234375" lon="11.15040278993546962738037109375">
        <ele>915.5999755859375</ele>
        <time>2026-02-28T10:08:21.000Z</time>
        <extensions>
          <ns3:TrackPointExtension>
            <ns3:hr>69</ns3:hr>
            <ns3:cad>56</ns3:cad>
          </ns3:TrackPointExtension>
        </extensions>
      </trkpt>
      <trkpt lat="46.09411203302443027496337890625" lon="11.150331459939479827880859375">
        <ele>915</ele>
        <time>2026-02-28T10:08:26.000Z</time>
        <extensions>
          <ns3:TrackPointExtension>
            <ns3:hr>70</ns3:hr>
            <ns3:cad>55</ns3:cad>
          </ns3:TrackPointExtension>
        </extensions>
      </trkpt>
      <trkpt lat="46.0941449739038944244384765625" lon="11.15022123791277408599853515625">
        <ele>914.5999755859375</ele>
        <time>2026-02-28T10:08:32.000Z</time>
        <extensions>
          <ns3:TrackPointExtension>
            <ns3:hr>68</ns3:hr>
            <ns3:cad>58</ns3:cad>
          </ns3:TrackPointExtension>
        </extensions>
      </trkpt>
      <trkpt lat="46.09414807520806789398193359375" lon="11.15019609220325946807861328125">
        <ele>914.4000244140625</ele>
        <time>2026-02-28T10:08:34.000Z</time>
        <extensions>
          <ns3:TrackPointExtension>
            <ns3:hr>68</ns3:hr>
            <ns3:cad>58</ns3:cad>
          </ns3:TrackPointExtension>
        </extensions>
      </trkpt>
      <trkpt lat="46.094157211482524871826171875" lon="11.1501240916550159454345703125">
        <ele>913.20001220703125</ele>
        <time>2026-02-28T10:08:38.000Z</time>
        <extensions>
          <ns3:TrackPointExtension>
            <ns3:hr>69</ns3:hr>
            <ns3:cad>58</ns3:cad>
          </ns3:TrackPointExtension>
        </extensions>
      </trkpt>
      <trkpt lat="46.09416089951992034912109375" lon="11.150087378919124603271484375">
        <ele>913</ele>
        <time>2026-02-28T10:08:40.000Z</time>
        <extensions>
          <ns3:TrackPointExtension>
            <ns3:hr>70</ns3:hr>
            <ns3:cad>58</ns3:cad>
          </ns3:TrackPointExtension>
        </extensions>
      </trkpt>
      <trkpt lat="46.0941818542778491973876953125" lon="11.14996793679893016815185546875">
        <ele>912.4000244140625</ele>
        <time>2026-02-28T10:08:47.000Z</time>
        <extensions>
          <ns3:TrackPointExtension>
            <ns3:hr>74</ns3:hr>
            <ns3:cad>55</ns3:cad>
          </ns3:TrackPointExtension>
        </extensions>
      </trkpt>
      <trkpt lat="46.09418663196265697479248046875" lon="11.14995159208774566650390625">
        <ele>912.20001220703125</ele>
        <time>2026-02-28T10:08:48.000Z</time>
        <extensions>
          <ns3:TrackPointExtension>
            <ns3:hr>75</ns3:hr>
            <ns3:cad>56</ns3:cad>
          </ns3:TrackPointExtension>
        </extensions>
      </trkpt>
      <trkpt lat="46.09418897889554500579833984375" lon="11.14993507973849773406982421875">
        <ele>912.20001220703125</ele>
        <time>2026-02-28T10:08:49.000Z</time>
        <extensions>
          <ns3:TrackPointExtension>
            <ns3:hr>75</ns3:hr>
            <ns3:cad>56</ns3:cad>
          </ns3:TrackPointExtension>
        </extensions>
      </trkpt>
      <trkpt lat="46.09422200359404087066650390625" lon="11.14982577972114086151123046875">
        <ele>911.5999755859375</ele>
        <time>2026-02-28T10:08:56.000Z</time>
        <extensions>
          <ns3:TrackPointExtension>
            <ns3:hr>77</ns3:hr>
            <ns3:cad>57</ns3:cad>
          </ns3:TrackPointExtension>
        </extensions>
      </trkpt>
      <trkpt lat="46.09422334469854831695556640625" lon="11.1498015560209751129150390625">
        <ele>911.4000244140625</ele>
        <time>2026-02-28T10:08:57.000Z</time>
        <extensions>
          <ns3:TrackPointExtension>
            <ns3:hr>78</ns3:hr>
            <ns3:cad>57</ns3:cad>
          </ns3:TrackPointExtension>
        </extensions>
      </trkpt>
      <trkpt lat="46.0942281223833560943603515625" lon="11.149765513837337493896484375">
        <ele>911</ele>
        <time>2026-02-28T10:08:59.000Z</time>
        <extensions>
          <ns3:TrackPointExtension>
            <ns3:hr>78</ns3:hr>
            <ns3:cad>57</ns3:cad>
          </ns3:TrackPointExtension>
        </extensions>
      </trkpt>
      <trkpt lat="46.09423323534429073333740234375" lon="11.1496746540069580078125">
        <ele>910.20001220703125</ele>
        <time>2026-02-28T10:09:04.000Z</time>
        <extensions>
          <ns3:TrackPointExtension>
            <ns3:hr>80</ns3:hr>
            <ns3:cad>114</ns3:cad>
          </ns3:TrackPointExtension>
        </extensions>
      </trkpt>
      <trkpt lat="46.09424077905714511871337890625" lon="11.1496372707188129425048828125">
        <ele>910</ele>
        <time>2026-02-28T10:09:06.000Z</time>
        <extensions>
          <ns3:TrackPointExtension>
            <ns3:hr>80</ns3:hr>
            <ns3:cad>114</ns3:cad>
          </ns3:TrackPointExtension>
        </extensions>
      </trkpt>
      <trkpt lat="46.0942582972347736358642578125" lon="11.14953375421464443206787109375">
        <ele>908.79998779296875</ele>
        <time>2026-02-28T10:09:12.000Z</time>
        <extensions>
          <ns3:TrackPointExtension>
            <ns3:hr>78</ns3:hr>
            <ns3:cad>58</ns3:cad>
          </ns3:TrackPointExtension>
        </extensions>
      </trkpt>
      <trkpt lat="46.094277910888195037841796875" lon="11.14944205619394779205322265625">
        <ele>907.5999755859375</ele>
        <time>2026-02-28T10:09:17.000Z</time>
        <extensions>
          <ns3:TrackPointExtension>
            <ns3:hr>78</ns3:hr>
            <ns3:cad>60</ns3:cad>
          </ns3:TrackPointExtension>
        </extensions>
      </trkpt>
      <trkpt lat="46.09428159892559051513671875" lon="11.14939545281231403350830078125">
        <ele>907.20001220703125</ele>
        <time>2026-02-28T10:09:20.000Z</time>
        <extensions>
          <ns3:TrackPointExtension>
            <ns3:hr>78</ns3:hr>
            <ns3:cad>58</ns3:cad>
          </ns3:TrackPointExtension>
        </extensions>
      </trkpt>
      <trkpt lat="46.0942810960114002227783203125" lon="11.14931431598961353302001953125">
        <ele>906.5999755859375</ele>
        <time>2026-02-28T10:09:24.000Z</time>
        <extensions>
          <ns3:TrackPointExtension>
            <ns3:hr>77</ns3:hr>
            <ns3:cad>59</ns3:cad>
          </ns3:TrackPointExtension>
        </extensions>
      </trkpt>
      <trkpt lat="46.0942757315933704376220703125" lon="11.14925086498260498046875">
        <ele>906.20001220703125</ele>
        <time>2026-02-28T10:09:28.000Z</time>
        <extensions>
          <ns3:TrackPointExtension>
            <ns3:hr>78</ns3:hr>
            <ns3:cad>58</ns3:cad>
          </ns3:TrackPointExtension>
        </extensions>
      </trkpt>
      <trkpt lat="46.0942701995372772216796875" lon="11.149194203317165374755859375">
        <ele>905.5999755859375</ele>
        <time>2026-02-28T10:09:32.000Z</time>
        <extensions>
          <ns3:TrackPointExtension>
            <ns3:hr>80</ns3:hr>
            <ns3:cad>57</ns3:cad>
          </ns3:TrackPointExtension>
        </extensions>
      </trkpt>
      <trkpt lat="46.09426273964345455169677734375" lon="11.14912522025406360626220703125">
        <ele>905.20001220703125</ele>
        <time>2026-02-28T10:09:35.000Z</time>
        <extensions>
          <ns3:TrackPointExtension>
            <ns3:hr>82</ns3:hr>
            <ns3:cad>57</ns3:cad>
          </ns3:TrackPointExtension>
        </extensions>
      </trkpt>
      <trkpt lat="46.09425536356866359710693359375" lon="11.149076186120510101318359375">
        <ele>904.5999755859375</ele>
        <time>2026-02-28T10:09:40.000Z</time>
        <extensions>
          <ns3:TrackPointExtension>
            <ns3:hr>82</ns3:hr>
            <ns3:cad>57</ns3:cad>
          </ns3:TrackPointExtension>
        </extensions>
      </trkpt>
      <trkpt lat="46.09425536356866359710693359375" lon="11.14907928742468357086181640625">
        <ele>904.5999755859375</ele>
        <time>2026-02-28T10:09:41.000Z</time>
        <extensions>
          <ns3:TrackPointExtension>
            <ns3:hr>83</ns3:hr>
            <ns3:cad>0</ns3:cad>
          </ns3:TrackPointExtension>
        </extensions>
      </trkpt>
      <trkpt lat="46.09425921924412250518798828125" lon="11.1490790359675884246826171875">
        <ele>904.20001220703125</ele>
        <time>2026-02-28T10:09:53.000Z</time>
        <extensions>
          <ns3:TrackPointExtension>
            <ns3:hr>80</ns3:hr>
            <ns3:cad>0</ns3:cad>
          </ns3:TrackPointExtension>
        </extensions>
      </trkpt>
      <trkpt lat="46.09426257200539112091064453125" lon="11.1490797065198421478271484375">
        <ele>904.20001220703125</ele>
        <time>2026-02-28T10:09:54.000Z</time>
        <extensions>
          <ns3:TrackPointExtension>
            <ns3:hr>80</ns3:hr>
            <ns3:cad>0</ns3:cad>
          </ns3:TrackPointExtension>
        </extensions>
      </trkpt>
      <trkpt lat="46.09427900053560733795166015625" lon="11.14900410175323486328125">
        <ele>903.79998779296875</ele>
        <time>2026-02-28T10:10:01.000Z</time>
        <extensions>
          <ns3:TrackPointExtension>
            <ns3:hr>80</ns3:hr>
            <ns3:cad>0</ns3:cad>
          </ns3:TrackPointExtension>
        </extensions>
      </trkpt>
      <trkpt lat="46.094281934201717376708984375" lon="11.1489694006741046905517578125">
        <ele>903.4000244140625</ele>
        <time>2026-02-28T10:10:03.000Z</time>
        <extensions>
          <ns3:TrackPointExtension>
            <ns3:hr>81</ns3:hr>
            <ns3:cad>0</ns3:cad>
          </ns3:TrackPointExtension>
        </extensions>
      </trkpt>
      <trkpt lat="46.0942854546010494232177734375" lon="11.1488659679889678955078125">
        <ele>902.20001220703125</ele>
        <time>2026-02-28T10:10:09.000Z</time>
        <extensions>
          <ns3:TrackPointExtension>
            <ns3:hr>78</ns3:hr>
            <ns3:cad>57</ns3:cad>
          </ns3:TrackPointExtension>
        </extensions>
      </trkpt>
      <trkpt lat="46.0942844487726688385009765625" lon="11.148851215839385986328125">
        <ele>902.20001220703125</ele>
        <time>2026-02-28T10:10:10.000Z</time>
        <extensions>
          <ns3:TrackPointExtension>
            <ns3:hr>78</ns3:hr>
            <ns3:cad>57</ns3:cad>
          </ns3:TrackPointExtension>
        </extensions>
      </trkpt>
      <trkpt lat="46.09429224394261837005615234375" lon="11.14875323139131069183349609375">
        <ele>901.20001220703125</ele>
        <time>2026-02-28T10:10:16.000Z</time>
        <extensions>
          <ns3:TrackPointExtension>
            <ns3:hr>76</ns3:hr>
            <ns3:cad>58</ns3:cad>
          </ns3:TrackPointExtension>
        </extensions>
      </trkpt>
      <trkpt lat="46.094296686351299285888671875" lon="11.14873076789081096649169921875">
        <ele>901</ele>
        <time>2026-02-28T10:10:17.000Z</time>
        <extensions>
          <ns3:TrackPointExtension>
            <ns3:hr>76</ns3:hr>
            <ns3:cad>57</ns3:cad>
          </ns3:TrackPointExtension>
        </extensions>
      </trkpt>
      <trkpt lat="46.09429903328418731689453125" lon="11.14862398244440555572509765625">
        <ele>900.20001220703125</ele>
        <time>2026-02-28T10:10:22.000Z</time>
        <extensions>
          <ns3:TrackPointExtension>
            <ns3:hr>77</ns3:hr>
            <ns3:cad>57</ns3:cad>
          </ns3:TrackPointExtension>
        </extensions>
      </trkpt>
      <trkpt lat="46.0942971892654895782470703125" lon="11.1485881917178630828857421875">
        <ele>899.79998779296875</ele>
        <time>2026-02-28T10:10:24.000Z</time>
        <extensions>
          <ns3:TrackPointExtension>
            <ns3:hr>78</ns3:hr>
            <ns3:cad>58</ns3:cad>
          </ns3:TrackPointExtension>
        </extensions>
      </trkpt>
      <trkpt lat="46.0942836105823516845703125" lon="11.1485006846487522125244140625">
        <ele>899</ele>
        <time>2026-02-28T10:10:29.000Z</time>
        <extensions>
          <ns3:TrackPointExtension>
            <ns3:hr>78</ns3:hr>
            <ns3:cad>57</ns3:cad>
          </ns3:TrackPointExtension>
        </extensions>
      </trkpt>
      <trkpt lat="46.09427154064178466796875" lon="11.14844159223139286041259765625">
        <ele>898.5999755859375</ele>
        <time>2026-02-28T10:10:32.000Z</time>
        <extensions>
          <ns3:TrackPointExtension>
            <ns3:hr>78</ns3:hr>
            <ns3:cad>58</ns3:cad>
          </ns3:TrackPointExtension>
        </extensions>
      </trkpt>
      <trkpt lat="46.09425636939704418182373046875" lon="11.14837503992021083831787109375">
        <ele>897.79998779296875</ele>
        <time>2026-02-28T10:10:36.000Z</time>
        <extensions>
          <ns3:TrackPointExtension>
            <ns3:hr>78</ns3:hr>
            <ns3:cad>59</ns3:cad>
          </ns3:TrackPointExtension>
        </extensions>
      </trkpt>
      <trkpt lat="46.0942475683987140655517578125" lon="11.14832189865410327911376953125">
        <ele>897.4000244140625</ele>
        <time>2026-02-28T10:10:39.000Z</time>
        <extensions>
          <ns3:TrackPointExtension>
            <ns3:hr>77</ns3:hr>
            <ns3:cad>58</ns3:cad>
          </ns3:TrackPointExtension>
        </extensions>
      </trkpt>
      <trkpt lat="46.09424270689487457275390625" lon="11.148259453475475311279296875">
        <ele>896.79998779296875</ele>
        <time>2026-02-28T10:10:43.000Z</time>
        <extensions>
          <ns3:TrackPointExtension>
            <ns3:hr>76</ns3:hr>
            <ns3:cad>58</ns3:cad>
          </ns3:TrackPointExtension>
        </extensions>
      </trkpt>
      <trkpt lat="46.094231642782688140869140625" lon="11.14819717593491077423095703125">
        <ele>896.4000244140625</ele>
        <time>2026-02-28T10:10:46.000Z</time>
        <extensions>
          <ns3:TrackPointExtension>
            <ns3:hr>76</ns3:hr>
            <ns3:cad>58</ns3:cad>
          </ns3:TrackPointExtension>
        </extensions>
      </trkpt>
      <trkpt lat="46.09421320259571075439453125" lon="11.14811805076897144317626953125">
        <ele>895.79998779296875</ele>
        <time>2026-02-28T10:10:50.000Z</time>
        <extensions>
          <ns3:TrackPointExtension>
            <ns3:hr>76</ns3:hr>
            <ns3:cad>58</ns3:cad>
          </ns3:TrackPointExtension>
        </extensions>
      </trkpt>
      <trkpt lat="46.094202809035778045654296875" lon="11.14806675352156162261962890625">
        <ele>895.20001220703125</ele>
        <time>2026-02-28T10:10:53.000Z</time>
        <extensions>
          <ns3:TrackPointExtension>
            <ns3:hr>75</ns3:hr>
            <ns3:cad>59</ns3:cad>
          </ns3:TrackPointExtension>
        </extensions>
      </trkpt>
      <trkpt lat="46.09419048763811588287353515625" lon="11.14796231500804424285888671875">
        <ele>895</ele>
        <time>2026-02-28T10:10:59.000Z</time>
        <extensions>
          <ns3:TrackPointExtension>
            <ns3:hr>75</ns3:hr>
            <ns3:cad>57</ns3:cad>
          </ns3:TrackPointExtension>
        </extensions>
      </trkpt>
      <trkpt lat="46.0941704548895359039306640625" lon="11.1479156278073787689208984375">
        <ele>894.5999755859375</ele>
        <time>2026-02-28T10:11:02.000Z</time>
        <extensions>
          <ns3:TrackPointExtension>
            <ns3:hr>74</ns3:hr>
            <ns3:cad>0</ns3:cad>
          </ns3:TrackPointExtension>
        </extensions>
      </trkpt>
      <trkpt lat="46.09416768886148929595947265625" lon="11.1478735506534576416015625">
        <ele>893.79998779296875</ele>
        <time>2026-02-28T10:11:04.000Z</time>
        <extensions>
          <ns3:TrackPointExtension>
            <ns3:hr>74</ns3:hr>
            <ns3:cad>0</ns3:cad>
          </ns3:TrackPointExtension>
        </extensions>
      </trkpt>
      <trkpt lat="46.0941681079566478729248046875" lon="11.1478499136865139007568359375">
        <ele>893.5999755859375</ele>
        <time>2026-02-28T10:11:05.000Z</time>
        <extensions>
          <ns3:TrackPointExtension>
            <ns3:hr>75</ns3:hr>
            <ns3:cad>54</ns3:cad>
          </ns3:TrackPointExtension>
        </extensions>
      </trkpt>
      <trkpt lat="46.0941681079566478729248046875" lon="11.14783289842307567596435546875">
        <ele>893.4000244140625</ele>
        <time>2026-02-28T10:11:06.000Z</time>
        <extensions>
          <ns3:TrackPointExtension>
            <ns3:hr>75</ns3:hr>
            <ns3:cad>54</ns3:cad>
          </ns3:TrackPointExtension>
        </extensions>
      </trkpt>
      <trkpt lat="46.09417959116399288177490234375" lon="11.14774949848651885986328125">
        <ele>892.79998779296875</ele>
        <time>2026-02-28T10:11:10.000Z</time>
        <extensions>
          <ns3:TrackPointExtension>
            <ns3:hr>75</ns3:hr>
            <ns3:cad>57</ns3:cad>
          </ns3:TrackPointExtension>
        </extensions>
      </trkpt>
      <trkpt lat="46.09417892061173915863037109375" lon="11.14769694395363330841064453125">
        <ele>892.4000244140625</ele>
        <time>2026-02-28T10:11:13.000Z</time>
        <extensions>
          <ns3:TrackPointExtension>
            <ns3:hr>75</ns3:hr>
            <ns3:cad>57</ns3:cad>
          </ns3:TrackPointExtension>
        </extensions>
      </trkpt>
      <trkpt lat="46.0941768251359462738037109375" lon="11.14761027507483959197998046875">
        <ele>891.79998779296875</ele>
        <time>2026-02-28T10:11:17.000Z</time>
        <extensions>
          <ns3:TrackPointExtension>
            <ns3:hr>76</ns3:hr>
            <ns3:cad>56</ns3:cad>
          </ns3:TrackPointExtension>
        </extensions>
      </trkpt>
      <trkpt lat="46.09417875297367572784423828125" lon="11.14754757843911647796630859375">
        <ele>891.20001220703125</ele>
        <time>2026-02-28T10:11:20.000Z</time>
        <extensions>
          <ns3:TrackPointExtension>
            <ns3:hr>77</ns3:hr>
            <ns3:cad>57</ns3:cad>
          </ns3:TrackPointExtension>
        </extensions>
      </trkpt>
      <trkpt lat="46.09418244101107120513916015625" lon="11.1474562995135784149169921875">
        <ele>890.20001220703125</ele>
        <time>2026-02-28T10:11:26.000Z</time>
        <extensions>
          <ns3:TrackPointExtension>
            <ns3:hr>77</ns3:hr>
            <ns3:cad>59</ns3:cad>
          </ns3:TrackPointExtension>
        </extensions>
      </trkpt>
      <trkpt lat="46.0941848717629909515380859375" lon="11.14743391983211040496826171875">
        <ele>890.20001220703125</ele>
        <time>2026-02-28T10:11:27.000Z</time>
        <extensions>
          <ns3:TrackPointExtension>
            <ns3:hr>77</ns3:hr>
            <ns3:cad>59</ns3:cad>
          </ns3:TrackPointExtension>
        </extensions>
      </trkpt>
      <trkpt lat="46.09419585205614566802978515625" lon="11.1473396234214305877685546875">
        <ele>889.4000244140625</ele>
        <time>2026-02-28T10:11:32.000Z</time>
        <extensions>
          <ns3:TrackPointExtension>
            <ns3:hr>77</ns3:hr>
            <ns3:cad>57</ns3:cad>
          </ns3:TrackPointExtension>
        </extensions>
      </trkpt>
      <trkpt lat="46.09419484622776508331298828125" lon="11.14728740416467189788818359375">
        <ele>889</ele>
        <time>2026-02-28T10:11:35.000Z</time>
        <extensions>
          <ns3:TrackPointExtension>
            <ns3:hr>78</ns3:hr>
            <ns3:cad>56</ns3:cad>
          </ns3:TrackPointExtension>
        </extensions>
      </trkpt>
      <trkpt lat="46.09419048763811588287353515625" lon="11.14719805307686328887939453125">
        <ele>888.4000244140625</ele>
        <time>2026-02-28T10:11:40.000Z</time>
        <extensions>
          <ns3:TrackPointExtension>
            <ns3:hr>77</ns3:hr>
            <ns3:cad>59</ns3:cad>
          </ns3:TrackPointExtension>
        </extensions>
      </trkpt>
      <trkpt lat="46.0941899009048938751220703125" lon="11.1471622623503208160400390625">
        <ele>888</ele>
        <time>2026-02-28T10:11:42.000Z</time>
        <extensions>
          <ns3:TrackPointExtension>
            <ns3:hr>77</ns3:hr>
            <ns3:cad>59</ns3:cad>
          </ns3:TrackPointExtension>
        </extensions>
      </trkpt>
      <trkpt lat="46.09417523257434368133544921875" lon="11.14706679247319698333740234375">
        <ele>887.20001220703125</ele>
        <time>2026-02-28T10:11:48.000Z</time>
        <extensions>
          <ns3:TrackPointExtension>
            <ns3:hr>76</ns3:hr>
            <ns3:cad>59</ns3:cad>
          </ns3:TrackPointExtension>
        </extensions>
      </trkpt>
      <trkpt lat="46.0941758193075656890869140625" lon="11.147033013403415679931640625">
        <ele>886.5999755859375</ele>
        <time>2026-02-28T10:11:50.000Z</time>
        <extensions>
          <ns3:TrackPointExtension>
            <ns3:hr>75</ns3:hr>
            <ns3:cad>57</ns3:cad>
          </ns3:TrackPointExtension>
        </extensions>
      </trkpt>
      <trkpt lat="46.09417540021240711212158203125" lon="11.146961934864521026611328125">
        <ele>885.79998779296875</ele>
        <time>2026-02-28T10:11:54.000Z</time>
        <extensions>
          <ns3:TrackPointExtension>
            <ns3:hr>72</ns3:hr>
            <ns3:cad>57</ns3:cad>
          </ns3:TrackPointExtension>
        </extensions>
      </trkpt>
      <trkpt lat="46.0941751487553119659423828125" lon="11.1469466798007488250732421875">
        <ele>885.5999755859375</ele>
        <time>2026-02-28T10:11:55.000Z</time>
        <extensions>
          <ns3:TrackPointExtension>
            <ns3:hr>72</ns3:hr>
            <ns3:cad>57</ns3:cad>
          </ns3:TrackPointExtension>
        </extensions>
      </trkpt>
      <trkpt lat="46.09417221508920192718505859375" lon="11.14691122435033321380615234375">
        <ele>885.20001220703125</ele>
        <time>2026-02-28T10:11:57.000Z</time>
        <extensions>
          <ns3:TrackPointExtension>
            <ns3:hr>72</ns3:hr>
            <ns3:cad>57</ns3:cad>
          </ns3:TrackPointExtension>
        </extensions>
      </trkpt>
      <trkpt lat="46.09416752122342586517333984375" lon="11.14681483246386051177978515625">
        <ele>884.4000244140625</ele>
        <time>2026-02-28T10:12:02.000Z</time>
        <extensions>
          <ns3:TrackPointExtension>
            <ns3:hr>73</ns3:hr>
            <ns3:cad>56</ns3:cad>
          </ns3:TrackPointExtension>
        </extensions>
      </trkpt>
      <trkpt lat="46.0941590555012226104736328125" lon="11.146739311516284942626953125">
        <ele>883.79998779296875</ele>
        <time>2026-02-28T10:12:06.000Z</time>
        <extensions>
          <ns3:TrackPointExtension>
            <ns3:hr>73</ns3:hr>
            <ns3:cad>56</ns3:cad>
          </ns3:TrackPointExtension>
        </extensions>
      </trkpt>
      <trkpt lat="46.0941513441503047943115234375" lon="11.14667368121445178985595703125">
        <ele>883.4000244140625</ele>
        <time>2026-02-28T10:12:10.000Z</time>
        <extensions>
          <ns3:TrackPointExtension>
            <ns3:hr>73</ns3:hr>
            <ns3:cad>56</ns3:cad>
          </ns3:TrackPointExtension>
        </extensions>
      </trkpt>
      <trkpt lat="46.09415209852159023284912109375" lon="11.1466375552117824554443359375">
        <ele>883</ele>
        <time>2026-02-28T10:12:12.000Z</time>
        <extensions>
          <ns3:TrackPointExtension>
            <ns3:hr>72</ns3:hr>
            <ns3:cad>58</ns3:cad>
          </ns3:TrackPointExtension>
        </extensions>
      </trkpt>
      <trkpt lat="46.09415813349187374114990234375" lon="11.14653102122247219085693359375">
        <ele>882.20001220703125</ele>
        <time>2026-02-28T10:12:18.000Z</time>
        <extensions>
          <ns3:TrackPointExtension>
            <ns3:hr>72</ns3:hr>
            <ns3:cad>56</ns3:cad>
          </ns3:TrackPointExtension>
        </extensions>
      </trkpt>
      <trkpt lat="46.09416492283344268798828125" lon="11.14637813530862331390380859375">
        <ele>881.4000244140625</ele>
        <time>2026-02-28T10:12:25.000Z</time>
        <extensions>
          <ns3:TrackPointExtension>
            <ns3:hr>72</ns3:hr>
            <ns3:cad>58</ns3:cad>
          </ns3:TrackPointExtension>
        </extensions>
      </trkpt>
      <trkpt lat="46.0941588878631591796875" lon="11.1463237367570400238037109375">
        <ele>881.20001220703125</ele>
        <time>2026-02-28T10:12:28.000Z</time>
        <extensions>
          <ns3:TrackPointExtension>
            <ns3:hr>72</ns3:hr>
            <ns3:cad>58</ns3:cad>
          </ns3:TrackPointExtension>
        </extensions>
      </trkpt>
      <trkpt lat="46.09414505772292613983154296875" lon="11.14625961519777774810791015625">
        <ele>880.79998779296875</ele>
        <time>2026-02-28T10:12:32.000Z</time>
        <extensions>
          <ns3:TrackPointExtension>
            <ns3:hr>72</ns3:hr>
            <ns3:cad>57</ns3:cad>
          </ns3:TrackPointExtension>
        </extensions>
      </trkpt>
      <trkpt lat="46.09412879683077335357666015625" lon="11.146182753145694732666015625">
        <ele>880.20001220703125</ele>
        <time>2026-02-28T10:12:37.000Z</time>
        <extensions>
          <ns3:TrackPointExtension>
            <ns3:hr>73</ns3:hr>
            <ns3:cad>57</ns3:cad>
          </ns3:TrackPointExtension>
        </extensions>
      </trkpt>
      <trkpt lat="46.09412812627851963043212890625" lon="11.14616825245320796966552734375">
        <ele>880</ele>
        <time>2026-02-28T10:12:38.000Z</time>
        <extensions>
          <ns3:TrackPointExtension>
            <ns3:hr>72</ns3:hr>
            <ns3:cad>57</ns3:cad>
          </ns3:TrackPointExtension>
        </extensions>
      </trkpt>
      <trkpt lat="46.09411706216633319854736328125" lon="11.14602508954703807830810546875">
        <ele>879.20001220703125</ele>
        <time>2026-02-28T10:12:45.000Z</time>
        <extensions>
          <ns3:TrackPointExtension>
            <ns3:hr>72</ns3:hr>
            <ns3:cad>58</ns3:cad>
          </ns3:TrackPointExtension>
        </extensions>
      </trkpt>
      <trkpt lat="46.09411354176700115203857421875" lon="11.1460102535784244537353515625">
        <ele>879</ele>
        <time>2026-02-28T10:12:46.000Z</time>
        <extensions>
          <ns3:TrackPointExtension>
            <ns3:hr>72</ns3:hr>
            <ns3:cad>58</ns3:cad>
          </ns3:TrackPointExtension>
        </extensions>
      </trkpt>
      <trkpt lat="46.094077415764331817626953125" lon="11.145999692380428314208984375">
        <ele>878.5999755859375</ele>
        <time>2026-02-28T10:12:50.000Z</time>
        <extensions>
          <ns3:TrackPointExtension>
            <ns3:hr>71</ns3:hr>
            <ns3:cad>58</ns3:cad>
          </ns3:TrackPointExtension>
        </extensions>
      </trkpt>
      <trkpt lat="46.0940668545663356781005859375" lon="11.146025843918323516845703125">
        <ele>878.5999755859375</ele>
        <time>2026-02-28T10:12:53.000Z</time>
        <extensions>
          <ns3:TrackPointExtension>
            <ns3:hr>71</ns3:hr>
            <ns3:cad>55</ns3:cad>
          </ns3:TrackPointExtension>
        </extensions>
      </trkpt>
      <trkpt lat="46.094065010547637939453125" lon="11.14607504568994045257568359375">
        <ele>878.4000244140625</ele>
        <time>2026-02-28T10:12:56.000Z</time>
        <extensions>
          <ns3:TrackPointExtension>
            <ns3:hr>69</ns3:hr>
            <ns3:cad>55</ns3:cad>
          </ns3:TrackPointExtension>
        </extensions>
      </trkpt>
      <trkpt lat="46.0940641723573207855224609375" lon="11.146147884428501129150390625">
        <ele>878</ele>
        <time>2026-02-28T10:13:00.000Z</time>
        <extensions>
          <ns3:TrackPointExtension>
            <ns3:hr>68</ns3:hr>
            <ns3:cad>55</ns3:cad>
          </ns3:TrackPointExtension>
        </extensions>
      </trkpt>
      <trkpt lat="46.0940681956708431243896484375" lon="11.14617210812866687774658203125">
        <ele>877.79998779296875</ele>
        <time>2026-02-28T10:13:02.000Z</time>
        <extensions>
          <ns3:TrackPointExtension>
            <ns3:hr>68</ns3:hr>
            <ns3:cad>57</ns3:cad>
          </ns3:TrackPointExtension>
        </extensions>
      </trkpt>
      <trkpt lat="46.09407733194530010223388671875" lon="11.14627671428024768829345703125">
        <ele>877.5999755859375</ele>
        <time>2026-02-28T10:13:09.000Z</time>
        <extensions>
          <ns3:TrackPointExtension>
            <ns3:hr>68</ns3:hr>
            <ns3:cad>55</ns3:cad>
          </ns3:TrackPointExtension>
        </extensions>
      </trkpt>
      <trkpt lat="46.0940795950591564178466796875" lon="11.146410740911960601806640625">
        <ele>877.5999755859375</ele>
        <time>2026-02-28T10:13:17.000Z</time>
        <extensions>
          <ns3:TrackPointExtension>
            <ns3:hr>70</ns3:hr>
            <ns3:cad>52</ns3:cad>
          </ns3:TrackPointExtension>
        </extensions>
      </trkpt>
      <trkpt lat="46.094054281711578369140625" lon="11.1465349607169628143310546875">
        <ele>877.5999755859375</ele>
        <time>2026-02-28T10:13:24.000Z</time>
        <extensions>
          <ns3:TrackPointExtension>
            <ns3:hr>70</ns3:hr>
            <ns3:cad>52</ns3:cad>
          </ns3:TrackPointExtension>
        </extensions>
      </trkpt>
      <trkpt lat="46.09403760172426700592041015625" lon="11.14663680084049701690673828125">
        <ele>877.79998779296875</ele>
        <time>2026-02-28T10:13:30.000Z</time>
        <extensions>
          <ns3:TrackPointExtension>
            <ns3:hr>71</ns3:hr>
            <ns3:cad>52</ns3:cad>
          </ns3:TrackPointExtension>
        </extensions>
      </trkpt>
      <trkpt lat="46.094032488763332366943359375" lon="11.1467022635042667388916015625">
        <ele>878</ele>
        <time>2026-02-28T10:13:35.000Z</time>
        <extensions>
          <ns3:TrackPointExtension>
            <ns3:hr>74</ns3:hr>
            <ns3:cad>52</ns3:cad>
          </ns3:TrackPointExtension>
        </extensions>
      </trkpt>
      <trkpt lat="46.09403843991458415985107421875" lon="11.14675263874232769012451171875">
        <ele>878.20001220703125</ele>
        <time>2026-02-28T10:13:38.000Z</time>
        <extensions>
          <ns3:TrackPointExtension>
            <ns3:hr>74</ns3:hr>
            <ns3:cad>55</ns3:cad>
          </ns3:TrackPointExtension>
        </extensions>
      </trkpt>
      <trkpt lat="46.09402636997401714324951171875" lon="11.1468221247196197509765625">
        <ele>878.79998779296875</ele>
        <time>2026-02-28T10:13:43.000Z</time>
        <extensions>
          <ns3:TrackPointExtension>
            <ns3:hr>77</ns3:hr>
            <ns3:cad>50</ns3:cad>
          </ns3:TrackPointExtension>
        </extensions>
      </trkpt>
      <trkpt lat="46.09402787871658802032470703125" lon="11.14686445333063602447509765625">
        <ele>878.79998779296875</ele>
        <time>2026-02-28T10:13:45.000Z</time>
        <extensions>
          <ns3:TrackPointExtension>
            <ns3:hr>79</ns3:hr>
            <ns3:cad>49</ns3:cad>
          </ns3:TrackPointExtension>
        </extensions>
      </trkpt>
      <trkpt lat="46.09402804635465145111083984375" lon="11.146878786385059356689453125">
        <ele>879</ele>
        <time>2026-02-28T10:13:46.000Z</time>
        <extensions>
          <ns3:TrackPointExtension>
            <ns3:hr>79</ns3:hr>
            <ns3:cad>49</ns3:cad>
          </ns3:TrackPointExtension>
        </extensions>
      </trkpt>
      <trkpt lat="46.09403005801141262054443359375" lon="11.1469347774982452392578125">
        <ele>879</ele>
        <time>2026-02-28T10:13:50.000Z</time>
        <extensions>
          <ns3:TrackPointExtension>
            <ns3:hr>82</ns3:hr>
            <ns3:cad>48</ns3:cad>
          </ns3:TrackPointExtension>
        </extensions>
      </trkpt>
      <trkpt lat="46.0940329916775226593017578125" lon="11.14697090350091457366943359375">
        <ele>879</ele>
        <time>2026-02-28T10:13:52.000Z</time>
        <extensions>
          <ns3:TrackPointExtension>
            <ns3:hr>83</ns3:hr>
            <ns3:cad>0</ns3:cad>
          </ns3:TrackPointExtension>
        </extensions>
      </trkpt>
      <trkpt lat="46.09403793700039386749267578125" lon="11.14705346524715423583984375">
        <ele>878.79998779296875</ele>
        <time>2026-02-28T10:13:58.000Z</time>
        <extensions>
          <ns3:TrackPointExtension>
            <ns3:hr>84</ns3:hr>
            <ns3:cad>54</ns3:cad>
          </ns3:TrackPointExtension>
        </extensions>
      </trkpt>
      <trkpt lat="46.0940460674464702606201171875" lon="11.14717307500541210174560546875">
        <ele>878.4000244140625</ele>
        <time>2026-02-28T10:14:05.000Z</time>
        <extensions>
          <ns3:TrackPointExtension>
            <ns3:hr>83</ns3:hr>
            <ns3:cad>53</ns3:cad>
          </ns3:TrackPointExtension>
        </extensions>
      </trkpt>
      <trkpt lat="46.094030477106571197509765625" lon="11.1472916789352893829345703125">
        <ele>878.4000244140625</ele>
        <time>2026-02-28T10:14:12.000Z</time>
        <extensions>
          <ns3:TrackPointExtension>
            <ns3:hr>84</ns3:hr>
            <ns3:cad>55</ns3:cad>
          </ns3:TrackPointExtension>
        </extensions>
      </trkpt>
      <trkpt lat="46.09399418346583843231201171875" lon="11.14739838056266307830810546875">
        <ele>878.4000244140625</ele>
        <time>2026-02-28T10:14:19.000Z</time>
        <extensions>
          <ns3:TrackPointExtension>
            <ns3:hr>84</ns3:hr>
            <ns3:cad>54</ns3:cad>
          </ns3:TrackPointExtension>
        </extensions>
      </trkpt>
      <trkpt lat="46.09394858591258525848388671875" lon="11.14750080741941928863525390625">
        <ele>878.5999755859375</ele>
        <time>2026-02-28T10:14:26.000Z</time>
        <extensions>
          <ns3:TrackPointExtension>
            <ns3:hr>83</ns3:hr>
            <ns3:cad>54</ns3:cad>
          </ns3:TrackPointExtension>
        </extensions>
      </trkpt>
      <trkpt lat="46.09389309771358966827392578125" lon="11.1475823633372783660888671875">
        <ele>879.20001220703125</ele>
        <time>2026-02-28T10:14:33.000Z</time>
        <extensions>
          <ns3:TrackPointExtension>
            <ns3:hr>84</ns3:hr>
            <ns3:cad>53</ns3:cad>
          </ns3:TrackPointExtension>
        </extensions>
      </trkpt>
      <trkpt lat="46.09386376105248928070068359375" lon="11.14772804081439971923828125">
        <ele>879.79998779296875</ele>
        <time>2026-02-28T10:14:41.000Z</time>
        <extensions>
          <ns3:TrackPointExtension>
            <ns3:hr>86</ns3:hr>
            <ns3:cad>51</ns3:cad>
          </ns3:TrackPointExtension>
        </extensions>
      </trkpt>
      <trkpt lat="46.09386376105248928070068359375" lon="11.14776953123509883880615234375">
        <ele>880</ele>
        <time>2026-02-28T10:14:45.000Z</time>
        <extensions>
          <ns3:TrackPointExtension>
            <ns3:hr>87</ns3:hr>
            <ns3:cad>53</ns3:cad>
          </ns3:TrackPointExtension>
        </extensions>
      </trkpt>
      <trkpt lat="46.0938566364347934722900390625" lon="11.1478281207382678985595703125">
        <ele>880.20001220703125</ele>
        <time>2026-02-28T10:14:48.000Z</time>
        <extensions>
          <ns3:TrackPointExtension>
            <ns3:hr>88</ns3:hr>
            <ns3:cad>54</ns3:cad>
          </ns3:TrackPointExtension>
        </extensions>
      </trkpt>
      <trkpt lat="46.09384649433195590972900390625" lon="11.14793515764176845550537109375">
        <ele>880.4000244140625</ele>
        <time>2026-02-28T10:14:54.000Z</time>
        <extensions>
          <ns3:TrackPointExtension>
            <ns3:hr>90</ns3:hr>
            <ns3:cad>53</ns3:cad>
          </ns3:TrackPointExtension>
        </extensions>
      </trkpt>
      <trkpt lat="46.09383501112461090087890625" lon="11.14796315319836139678955078125">
        <ele>880.20001220703125</ele>
        <time>2026-02-28T10:14:56.000Z</time>
        <extensions>
          <ns3:TrackPointExtension>
            <ns3:hr>89</ns3:hr>
            <ns3:cad>53</ns3:cad>
          </ns3:TrackPointExtension>
        </extensions>
      </trkpt>
      <trkpt lat="46.0937993042171001434326171875" lon="11.148028783500194549560546875">
        <ele>880.20001220703125</ele>
        <time>2026-02-28T10:15:00.000Z</time>
        <extensions>
          <ns3:TrackPointExtension>
            <ns3:hr>88</ns3:hr>
            <ns3:cad>52</ns3:cad>
          </ns3:TrackPointExtension>
        </extensions>
      </trkpt>
      <trkpt lat="46.09376032836735248565673828125" lon="11.14812777377665042877197265625">
        <ele>880.4000244140625</ele>
        <time>2026-02-28T10:15:07.000Z</time>
        <extensions>
          <ns3:TrackPointExtension>
            <ns3:hr>86</ns3:hr>
            <ns3:cad>55</ns3:cad>
          </ns3:TrackPointExtension>
        </extensions>
      </trkpt>
      <trkpt lat="46.09374356456100940704345703125" lon="11.14824998192489147186279296875">
        <ele>880.79998779296875</ele>
        <time>2026-02-28T10:15:14.000Z</time>
        <extensions>
          <ns3:TrackPointExtension>
            <ns3:hr>83</ns3:hr>
            <ns3:cad>53</ns3:cad>
          </ns3:TrackPointExtension>
        </extensions>
      </trkpt>
      <trkpt lat="46.0937423072755336761474609375" lon="11.1482680030167102813720703125">
        <ele>881</ele>
        <time>2026-02-28T10:15:15.000Z</time>
        <extensions>
          <ns3:TrackPointExtension>
            <ns3:hr>83</ns3:hr>
            <ns3:cad>52</ns3:cad>
          </ns3:TrackPointExtension>
        </extensions>
      </trkpt>
      <trkpt lat="46.09374113380908966064453125" lon="11.1482884548604488372802734375">
        <ele>881</ele>
        <time>2026-02-28T10:15:16.000Z</time>
        <extensions>
          <ns3:TrackPointExtension>
            <ns3:hr>83</ns3:hr>
            <ns3:cad>52</ns3:cad>
          </ns3:TrackPointExtension>
        </extensions>
      </trkpt>
      <trkpt lat="46.09373333863914012908935546875" lon="11.148395575582981109619140625">
        <ele>881.4000244140625</ele>
        <time>2026-02-28T10:15:23.000Z</time>
        <extensions>
          <ns3:TrackPointExtension>
            <ns3:hr>83</ns3:hr>
            <ns3:cad>52</ns3:cad>
          </ns3:TrackPointExtension>
        </extensions>
      </trkpt>
      <trkpt lat="46.093684136867523193359375" lon="11.14851032383739948272705078125">
        <ele>881.20001220703125</ele>
        <time>2026-02-28T10:15:30.000Z</time>
        <extensions>
          <ns3:TrackPointExtension>
            <ns3:hr>83</ns3:hr>
            <ns3:cad>55</ns3:cad>
          </ns3:TrackPointExtension>
        </extensions>
      </trkpt>
      <trkpt lat="46.09359403140842914581298828125" lon="11.14861828275024890899658203125">
        <ele>881.20001220703125</ele>
        <time>2026-02-28T10:15:39.000Z</time>
        <extensions>
          <ns3:TrackPointExtension>
            <ns3:hr>80</ns3:hr>
            <ns3:cad>56</ns3:cad>
          </ns3:TrackPointExtension>
        </extensions>
      </trkpt>
      <trkpt lat="46.09356888569891452789306640625" lon="11.14867326803505420684814453125">
        <ele>881.20001220703125</ele>
        <time>2026-02-28T10:15:44.000Z</time>
        <extensions>
          <ns3:TrackPointExtension>
            <ns3:hr>81</ns3:hr>
            <ns3:cad>53</ns3:cad>
          </ns3:TrackPointExtension>
        </extensions>
      </trkpt>
      <trkpt lat="46.093519516289234161376953125" lon="11.1487538181245326995849609375">
        <ele>881.5999755859375</ele>
        <time>2026-02-28T10:15:51.000Z</time>
        <extensions>
          <ns3:TrackPointExtension>
            <ns3:hr>81</ns3:hr>
            <ns3:cad>55</ns3:cad>
          </ns3:TrackPointExtension>
        </extensions>
      </trkpt>
      <trkpt lat="46.093480288982391357421875" lon="11.14880871959030628204345703125">
        <ele>882</ele>
        <time>2026-02-28T10:15:56.000Z</time>
        <extensions>
          <ns3:TrackPointExtension>
            <ns3:hr>82</ns3:hr>
            <ns3:cad>53</ns3:cad>
          </ns3:TrackPointExtension>
        </extensions>
      </trkpt>
      <trkpt lat="46.0934709012508392333984375" lon="11.1488329432904720306396484375">
        <ele>882.4000244140625</ele>
        <time>2026-02-28T10:15:58.000Z</time>
        <extensions>
          <ns3:TrackPointExtension>
            <ns3:hr>82</ns3:hr>
            <ns3:cad>52</ns3:cad>
          </ns3:TrackPointExtension>
        </extensions>
      </trkpt>
      <trkpt lat="46.093441061675548553466796875" lon="11.1489137448370456695556640625">
        <ele>883.20001220703125</ele>
        <time>2026-02-28T10:16:04.000Z</time>
        <extensions>
          <ns3:TrackPointExtension>
            <ns3:hr>85</ns3:hr>
            <ns3:cad>51</ns3:cad>
          </ns3:TrackPointExtension>
        </extensions>
      </trkpt>
      <trkpt lat="46.0934418998658657073974609375" lon="11.1489278264343738555908203125">
        <ele>883.4000244140625</ele>
        <time>2026-02-28T10:16:05.000Z</time>
        <extensions>
          <ns3:TrackPointExtension>
            <ns3:hr>85</ns3:hr>
            <ns3:cad>51</ns3:cad>
          </ns3:TrackPointExtension>
        </extensions>
      </trkpt>
      <trkpt lat="46.09344298951327800750732421875" lon="11.14899530075490474700927734375">
        <ele>884.4000244140625</ele>
        <time>2026-02-28T10:16:11.000Z</time>
        <extensions>
          <ns3:TrackPointExtension>
            <ns3:hr>86</ns3:hr>
            <ns3:cad>41</ns3:cad>
          </ns3:TrackPointExtension>
        </extensions>
      </trkpt>
      <trkpt lat="46.09344215132296085357666015625" lon="11.14900569431483745574951171875">
        <ele>884.4000244140625</ele>
        <time>2026-02-28T10:16:12.000Z</time>
        <extensions>
          <ns3:TrackPointExtension>
            <ns3:hr>87</ns3:hr>
            <ns3:cad>43</ns3:cad>
          </ns3:TrackPointExtension>
        </extensions>
      </trkpt>
      <trkpt lat="46.09344013966619968414306640625" lon="11.14906336180865764617919921875">
        <ele>885.4000244140625</ele>
        <time>2026-02-28T10:16:17.000Z</time>
        <extensions>
          <ns3:TrackPointExtension>
            <ns3:hr>88</ns3:hr>
            <ns3:cad>44</ns3:cad>
          </ns3:TrackPointExtension>
        </extensions>
      </trkpt>
      <trkpt lat="46.0934418998658657073974609375" lon="11.1490800417959690093994140625">
        <ele>885.79998779296875</ele>
        <time>2026-02-28T10:16:19.000Z</time>
        <extensions>
          <ns3:TrackPointExtension>
            <ns3:hr>89</ns3:hr>
            <ns3:cad>44</ns3:cad>
          </ns3:TrackPointExtension>
        </extensions>
      </trkpt>
      <trkpt lat="46.09343133866786956787109375" lon="11.14913360215723514556884765625">
        <ele>886.4000244140625</ele>
        <time>2026-02-28T10:16:23.000Z</time>
        <extensions>
          <ns3:TrackPointExtension>
            <ns3:hr>89</ns3:hr>
            <ns3:cad>78</ns3:cad>
          </ns3:TrackPointExtension>
        </extensions>
      </trkpt>
      <trkpt lat="46.09342463314533233642578125" lon="11.14917911589145660400390625">
        <ele>886.79998779296875</ele>
        <time>2026-02-28T10:16:26.000Z</time>
        <extensions>
          <ns3:TrackPointExtension>
            <ns3:hr>90</ns3:hr>
            <ns3:cad>78</ns3:cad>
          </ns3:TrackPointExtension>
        </extensions>
      </trkpt>
      <trkpt lat="46.09341918490827083587646484375" lon="11.14924013614654541015625">
        <ele>887.5999755859375</ele>
        <time>2026-02-28T10:16:31.000Z</time>
        <extensions>
          <ns3:TrackPointExtension>
            <ns3:hr>90</ns3:hr>
            <ns3:cad>48</ns3:cad>
          </ns3:TrackPointExtension>
        </extensions>
      </trkpt>
      <trkpt lat="46.0934177599847316741943359375" lon="11.14928372204303741455078125">
        <ele>888</ele>
        <time>2026-02-28T10:16:34.000Z</time>
        <extensions>
          <ns3:TrackPointExtension>
            <ns3:hr>91</ns3:hr>
            <ns3:cad>46</ns3:cad>
          </ns3:TrackPointExtension>
        </extensions>
      </trkpt>
      <trkpt lat="46.0933996550738811492919921875" lon="11.1493603326380252838134765625">
        <ele>888.5999755859375</ele>
        <time>2026-02-28T10:16:39.000Z</time>
        <extensions>
          <ns3:TrackPointExtension>
            <ns3:hr>93</ns3:hr>
            <ns3:cad>47</ns3:cad>
          </ns3:TrackPointExtension>
        </extensions>
      </trkpt>
      <trkpt lat="46.093383729457855224609375" lon="11.14940903149545192718505859375">
        <ele>888.79998779296875</ele>
        <time>2026-02-28T10:16:42.000Z</time>
        <extensions>
          <ns3:TrackPointExtension>
            <ns3:hr>96</ns3:hr>
            <ns3:cad>50</ns3:cad>
          </ns3:TrackPointExtension>
        </extensions>
      </trkpt>
      <trkpt lat="46.09337761066854000091552734375" lon="11.1494240351021289825439453125">
        <ele>889</ele>
        <time>2026-02-28T10:16:43.000Z</time>
        <extensions>
          <ns3:TrackPointExtension>
            <ns3:hr>97</ns3:hr>
            <ns3:cad>49</ns3:cad>
          </ns3:TrackPointExtension>
        </extensions>
      </trkpt>
      <trkpt lat="46.0933654569089412689208984375" lon="11.1494600772857666015625">
        <ele>889.4000244140625</ele>
        <time>2026-02-28T10:16:45.000Z</time>
        <extensions>
          <ns3:TrackPointExtension>
            <ns3:hr>100</ns3:hr>
            <ns3:cad>49</ns3:cad>
          </ns3:TrackPointExtension>
        </extensions>
      </trkpt>
      <trkpt lat="46.09336026012897491455078125" lon="11.14947256632149219512939453125">
        <ele>889.4000244140625</ele>
        <time>2026-02-28T10:16:46.000Z</time>
        <extensions>
          <ns3:TrackPointExtension>
            <ns3:hr>104</ns3:hr>
            <ns3:cad>49</ns3:cad>
          </ns3:TrackPointExtension>
        </extensions>
      </trkpt>
      <trkpt lat="46.09335229732096195220947265625" lon="11.14949586801230907440185546875">
        <ele>889.5999755859375</ele>
        <time>2026-02-28T10:16:48.000Z</time>
        <extensions>
          <ns3:TrackPointExtension>
            <ns3:hr>108</ns3:hr>
            <ns3:cad>51</ns3:cad>
          </ns3:TrackPointExtension>
        </extensions>
      </trkpt>
      <trkpt lat="46.0933406464755535125732421875" lon="11.14953693933784961700439453125">
        <ele>890</ele>
        <time>2026-02-28T10:16:51.000Z</time>
        <extensions>
          <ns3:TrackPointExtension>
            <ns3:hr>109</ns3:hr>
            <ns3:cad>49</ns3:cad>
          </ns3:TrackPointExtension>
        </extensions>
      </trkpt>
      <trkpt lat="46.0933372937142848968505859375" lon="11.14965654909610748291015625">
        <ele>890.4000244140625</ele>
        <time>2026-02-28T10:16:59.000Z</time>
        <extensions>
          <ns3:TrackPointExtension>
            <ns3:hr>109</ns3:hr>
            <ns3:cad>52</ns3:cad>
          </ns3:TrackPointExtension>
        </extensions>
      </trkpt>
      <trkpt lat="46.09332463704049587249755859375" lon="11.149784959852695465087890625">
        <ele>890.20001220703125</ele>
        <time>2026-02-28T10:17:06.000Z</time>
        <extensions>
          <ns3:TrackPointExtension>
            <ns3:hr>107</ns3:hr>
            <ns3:cad>54</ns3:cad>
          </ns3:TrackPointExtension>
        </extensions>
      </trkpt>
      <trkpt lat="46.09329513274133205413818359375" lon="11.1499222554266452789306640625">
        <ele>890.4000244140625</ele>
        <time>2026-02-28T10:17:14.000Z</time>
        <extensions>
          <ns3:TrackPointExtension>
            <ns3:hr>107</ns3:hr>
            <ns3:cad>56</ns3:cad>
          </ns3:TrackPointExtension>
        </extensions>
      </trkpt>
      <trkpt lat="46.09326059930026531219482421875" lon="11.15004588849842548370361328125">
        <ele>889.4000244140625</ele>
        <time>2026-02-28T10:17:22.000Z</time>
        <extensions>
          <ns3:TrackPointExtension>
            <ns3:hr>105</ns3:hr>
            <ns3:cad>55</ns3:cad>
          </ns3:TrackPointExtension>
        </extensions>
      </trkpt>
      <trkpt lat="46.093231849372386932373046875" lon="11.1501717008650302886962890625">
        <ele>888.5999755859375</ele>
        <time>2026-02-28T10:17:29.000Z</time>
        <extensions>
          <ns3:TrackPointExtension>
            <ns3:hr>102</ns3:hr>
            <ns3:cad>55</ns3:cad>
          </ns3:TrackPointExtension>
        </extensions>
      </trkpt>
      <trkpt lat="46.09322254545986652374267578125" lon="11.15019567310810089111328125">
        <ele>888.20001220703125</ele>
        <time>2026-02-28T10:17:31.000Z</time>
        <extensions>
          <ns3:TrackPointExtension>
            <ns3:hr>102</ns3:hr>
            <ns3:cad>57</ns3:cad>
          </ns3:TrackPointExtension>
        </extensions>
      </trkpt>
      <trkpt lat="46.0931921191513538360595703125" lon="11.15028175525367259979248046875">
        <ele>887.4000244140625</ele>
        <time>2026-02-28T10:17:36.000Z</time>
        <extensions>
          <ns3:TrackPointExtension>
            <ns3:hr>101</ns3:hr>
            <ns3:cad>57</ns3:cad>
          </ns3:TrackPointExtension>
        </extensions>
      </trkpt>
      <trkpt lat="46.093173511326313018798828125" lon="11.15032986737787723541259765625">
        <ele>887</ele>
        <time>2026-02-28T10:17:39.000Z</time>
        <extensions>
          <ns3:TrackPointExtension>
            <ns3:hr>101</ns3:hr>
            <ns3:cad>57</ns3:cad>
          </ns3:TrackPointExtension>
        </extensions>
      </trkpt>
      <trkpt lat="46.09314962290227413177490234375" lon="11.150398515164852142333984375">
        <ele>886.4000244140625</ele>
        <time>2026-02-28T10:17:43.000Z</time>
        <extensions>
          <ns3:TrackPointExtension>
            <ns3:hr>101</ns3:hr>
            <ns3:cad>56</ns3:cad>
          </ns3:TrackPointExtension>
        </extensions>
      </trkpt>
      <trkpt lat="46.0931374691426753997802734375" lon="11.15043866448104381561279296875">
        <ele>886</ele>
        <time>2026-02-28T10:17:45.000Z</time>
        <extensions>
          <ns3:TrackPointExtension>
            <ns3:hr>101</ns3:hr>
            <ns3:cad>58</ns3:cad>
          </ns3:TrackPointExtension>
        </extensions>
      </trkpt>
      <trkpt lat="46.09313621185719966888427734375" lon="11.15048945881426334381103515625">
        <ele>885.4000244140625</ele>
        <time>2026-02-28T10:17:48.000Z</time>
        <extensions>
          <ns3:TrackPointExtension>
            <ns3:hr>102</ns3:hr>
            <ns3:cad>58</ns3:cad>
          </ns3:TrackPointExtension>
        </extensions>
      </trkpt>
      <trkpt lat="46.093124561011791229248046875" lon="11.15053120069205760955810546875">
        <ele>885</ele>
        <time>2026-02-28T10:17:51.000Z</time>
        <extensions>
          <ns3:TrackPointExtension>
            <ns3:hr>101</ns3:hr>
            <ns3:cad>58</ns3:cad>
          </ns3:TrackPointExtension>
        </extensions>
      </trkpt>
      <trkpt lat="46.093120537698268890380859375" lon="11.15060462616384029388427734375">
        <ele>884.20001220703125</ele>
        <time>2026-02-28T10:17:55.000Z</time>
        <extensions>
          <ns3:TrackPointExtension>
            <ns3:hr>100</ns3:hr>
            <ns3:cad>57</ns3:cad>
          </ns3:TrackPointExtension>
        </extensions>
      </trkpt>
      <trkpt lat="46.09311140142381191253662109375" lon="11.15067285485565662384033203125">
        <ele>883.79998779296875</ele>
        <time>2026-02-28T10:17:59.000Z</time>
        <extensions>
          <ns3:TrackPointExtension>
            <ns3:hr>99</ns3:hr>
            <ns3:cad>57</ns3:cad>
          </ns3:TrackPointExtension>
        </extensions>
      </trkpt>
      <trkpt lat="46.09309765510261058807373046875" lon="11.15074946545064449310302734375">
        <ele>883.20001220703125</ele>
        <time>2026-02-28T10:18:03.000Z</time>
        <extensions>
          <ns3:TrackPointExtension>
            <ns3:hr>98</ns3:hr>
            <ns3:cad>56</ns3:cad>
          </ns3:TrackPointExtension>
        </extensions>
      </trkpt>
      <trkpt lat="46.093092374503612518310546875" lon="11.1507939733564853668212890625">
        <ele>882.79998779296875</ele>
        <time>2026-02-28T10:18:06.000Z</time>
        <extensions>
          <ns3:TrackPointExtension>
            <ns3:hr>97</ns3:hr>
            <ns3:cad>56</ns3:cad>
          </ns3:TrackPointExtension>
        </extensions>
      </trkpt>
      <trkpt lat="46.09308944083750247955322265625" lon="11.150878965854644775390625">
        <ele>882.20001220703125</ele>
        <time>2026-02-28T10:18:11.000Z</time>
        <extensions>
          <ns3:TrackPointExtension>
            <ns3:hr>98</ns3:hr>
            <ns3:cad>57</ns3:cad>
          </ns3:TrackPointExtension>
        </extensions>
      </trkpt>
      <trkpt lat="46.09308357350528240203857421875" lon="11.15092615596950054168701171875">
        <ele>882</ele>
        <time>2026-02-28T10:18:14.000Z</time>
        <extensions>
          <ns3:TrackPointExtension>
            <ns3:hr>98</ns3:hr>
            <ns3:cad>57</ns3:cad>
          </ns3:TrackPointExtension>
        </extensions>
      </trkpt>
      <trkpt lat="46.09306714497506618499755859375" lon="11.15103327669203281402587890625">
        <ele>881</ele>
        <time>2026-02-28T10:18:21.000Z</time>
        <extensions>
          <ns3:TrackPointExtension>
            <ns3:hr>98</ns3:hr>
            <ns3:cad>56</ns3:cad>
          </ns3:TrackPointExtension>
        </extensions>
      </trkpt>
      <trkpt lat="46.093061529099941253662109375" lon="11.15108482539653778076171875">
        <ele>880.5999755859375</ele>
        <time>2026-02-28T10:18:24.000Z</time>
        <extensions>
          <ns3:TrackPointExtension>
            <ns3:hr>97</ns3:hr>
            <ns3:cad>56</ns3:cad>
          </ns3:TrackPointExtension>
        </extensions>
      </trkpt>
      <trkpt lat="46.09305893070995807647705078125" lon="11.1511376313865184783935546875">
        <ele>880</ele>
        <time>2026-02-28T10:18:27.000Z</time>
        <extensions>
          <ns3:TrackPointExtension>
            <ns3:hr>96</ns3:hr>
            <ns3:cad>57</ns3:cad>
          </ns3:TrackPointExtension>
        </extensions>
      </trkpt>
      <trkpt lat="46.093065552413463592529296875" lon="11.1512160860002040863037109375">
        <ele>879</ele>
        <time>2026-02-28T10:18:32.000Z</time>
        <extensions>
          <ns3:TrackPointExtension>
            <ns3:hr>94</ns3:hr>
            <ns3:cad>0</ns3:cad>
          </ns3:TrackPointExtension>
        </extensions>
      </trkpt>
      <trkpt lat="46.09306764788925647735595703125" lon="11.15125020034611225128173828125">
        <ele>878.5999755859375</ele>
        <time>2026-02-28T10:18:34.000Z</time>
        <extensions>
          <ns3:TrackPointExtension>
            <ns3:hr>93</ns3:hr>
            <ns3:cad>0</ns3:cad>
          </ns3:TrackPointExtension>
        </extensions>
      </trkpt>
      <trkpt lat="46.093066893517971038818359375" lon="11.15135413594543933868408203125">
        <ele>877.79998779296875</ele>
        <time>2026-02-28T10:18:40.000Z</time>
        <extensions>
          <ns3:TrackPointExtension>
            <ns3:hr>90</ns3:hr>
            <ns3:cad>0</ns3:cad>
          </ns3:TrackPointExtension>
        </extensions>
      </trkpt>
      <trkpt lat="46.09306278638541698455810546875" lon="11.15138389170169830322265625">
        <ele>877.5999755859375</ele>
        <time>2026-02-28T10:18:42.000Z</time>
        <extensions>
          <ns3:TrackPointExtension>
            <ns3:hr>90</ns3:hr>
            <ns3:cad>52</ns3:cad>
          </ns3:TrackPointExtension>
        </extensions>
      </trkpt>
      <trkpt lat="46.0930502973496913909912109375" lon="11.1515064351260662078857421875">
        <ele>877.20001220703125</ele>
        <time>2026-02-28T10:18:49.000Z</time>
        <extensions>
          <ns3:TrackPointExtension>
            <ns3:hr>92</ns3:hr>
            <ns3:cad>0</ns3:cad>
          </ns3:TrackPointExtension>
        </extensions>
      </trkpt>
      <trkpt lat="46.09305239282548427581787109375" lon="11.15159302018582820892333984375">
        <ele>876.79998779296875</ele>
        <time>2026-02-28T10:18:54.000Z</time>
        <extensions>
          <ns3:TrackPointExtension>
            <ns3:hr>93</ns3:hr>
            <ns3:cad>0</ns3:cad>
          </ns3:TrackPointExtension>
        </extensions>
      </trkpt>
      <trkpt lat="46.0930499620735645294189453125" lon="11.15165353752672672271728515625">
        <ele>876.4000244140625</ele>
        <time>2026-02-28T10:18:57.000Z</time>
        <extensions>
          <ns3:TrackPointExtension>
            <ns3:hr>92</ns3:hr>
            <ns3:cad>53</ns3:cad>
          </ns3:TrackPointExtension>
        </extensions>
      </trkpt>
      <trkpt lat="46.0930496267974376678466796875" lon="11.1517488397657871246337890625">
        <ele>876.20001220703125</ele>
        <time>2026-02-28T10:19:03.000Z</time>
        <extensions>
          <ns3:TrackPointExtension>
            <ns3:hr>91</ns3:hr>
            <ns3:cad>53</ns3:cad>
          </ns3:TrackPointExtension>
        </extensions>
      </trkpt>
      <trkpt lat="46.093039400875568389892578125" lon="11.15185520611703395843505859375">
        <ele>875.79998779296875</ele>
        <time>2026-02-28T10:19:10.000Z</time>
        <extensions>
          <ns3:TrackPointExtension>
            <ns3:hr>89</ns3:hr>
            <ns3:cad>50</ns3:cad>
          </ns3:TrackPointExtension>
        </extensions>
      </trkpt>
      <trkpt lat="46.09303780831396579742431640625" lon="11.15186928771436214447021484375">
        <ele>875.79998779296875</ele>
        <time>2026-02-28T10:19:11.000Z</time>
        <extensions>
          <ns3:TrackPointExtension>
            <ns3:hr>89</ns3:hr>
            <ns3:cad>50</ns3:cad>
          </ns3:TrackPointExtension>
        </extensions>
      </trkpt>
      <trkpt lat="46.09302942641079425811767578125" lon="11.15199702791869640350341796875">
        <ele>875.20001220703125</ele>
        <time>2026-02-28T10:19:18.000Z</time>
        <extensions>
          <ns3:TrackPointExtension>
            <ns3:hr>86</ns3:hr>
            <ns3:cad>55</ns3:cad>
          </ns3:TrackPointExtension>
        </extensions>
      </trkpt>
      <trkpt lat="46.0930288396775722503662109375" lon="11.1520135402679443359375">
        <ele>875</ele>
        <time>2026-02-28T10:19:19.000Z</time>
        <extensions>
          <ns3:TrackPointExtension>
            <ns3:hr>86</ns3:hr>
            <ns3:cad>55</ns3:cad>
          </ns3:TrackPointExtension>
        </extensions>
      </trkpt>
      <trkpt lat="46.09302758239209651947021484375" lon="11.1521206609904766082763671875">
        <ele>874.5999755859375</ele>
        <time>2026-02-28T10:19:25.000Z</time>
        <extensions>
          <ns3:TrackPointExtension>
            <ns3:hr>86</ns3:hr>
            <ns3:cad>0</ns3:cad>
          </ns3:TrackPointExtension>
        </extensions>
      </trkpt>
      <trkpt lat="46.09302691183984279632568359375" lon="11.15213767625391483306884765625">
        <ele>874.5999755859375</ele>
        <time>2026-02-28T10:19:26.000Z</time>
        <extensions>
          <ns3:TrackPointExtension>
            <ns3:hr>86</ns3:hr>
            <ns3:cad>0</ns3:cad>
          </ns3:TrackPointExtension>
        </extensions>
      </trkpt>
      <trkpt lat="46.09301827847957611083984375" lon="11.15226860158145427703857421875">
        <ele>874</ele>
        <time>2026-02-28T10:19:33.000Z</time>
        <extensions>
          <ns3:TrackPointExtension>
            <ns3:hr>83</ns3:hr>
            <ns3:cad>56</ns3:cad>
          </ns3:TrackPointExtension>
        </extensions>
      </trkpt>
      <trkpt lat="46.09301852993667125701904296875" lon="11.15236566402018070220947265625">
        <ele>873.5999755859375</ele>
        <time>2026-02-28T10:19:39.000Z</time>
        <extensions>
          <ns3:TrackPointExtension>
            <ns3:hr>82</ns3:hr>
            <ns3:cad>55</ns3:cad>
          </ns3:TrackPointExtension>
        </extensions>
      </trkpt>
      <trkpt lat="46.093013584613800048828125" lon="11.1524207331240177154541015625">
        <ele>873.4000244140625</ele>
        <time>2026-02-28T10:19:43.000Z</time>
        <extensions>
          <ns3:TrackPointExtension>
            <ns3:hr>80</ns3:hr>
            <ns3:cad>0</ns3:cad>
          </ns3:TrackPointExtension>
        </extensions>
      </trkpt>
      <trkpt lat="46.0930134169757366180419921875" lon="11.1525907181203365325927734375">
        <ele>872.5999755859375</ele>
        <time>2026-02-28T10:19:52.000Z</time>
        <extensions>
          <ns3:TrackPointExtension>
            <ns3:hr>81</ns3:hr>
            <ns3:cad>55</ns3:cad>
          </ns3:TrackPointExtension>
        </extensions>
      </trkpt>
      <trkpt lat="46.09301802702248096466064453125" lon="11.1526436917483806610107421875">
        <ele>872.5999755859375</ele>
        <time>2026-02-28T10:19:55.000Z</time>
        <extensions>
          <ns3:TrackPointExtension>
            <ns3:hr>81</ns3:hr>
            <ns3:cad>57</ns3:cad>
          </ns3:TrackPointExtension>
        </extensions>
      </trkpt>
      <trkpt lat="46.09302976168692111968994140625" lon="11.15272390656173229217529296875">
        <ele>872.20001220703125</ele>
        <time>2026-02-28T10:20:00.000Z</time>
        <extensions>
          <ns3:TrackPointExtension>
            <ns3:hr>79</ns3:hr>
            <ns3:cad>57</ns3:cad>
          </ns3:TrackPointExtension>
        </extensions>
      </trkpt>
      <trkpt lat="46.093058846890926361083984375" lon="11.15286405198276042938232421875">
        <ele>871.5999755859375</ele>
        <time>2026-02-28T10:20:08.000Z</time>
        <extensions>
          <ns3:TrackPointExtension>
            <ns3:hr>80</ns3:hr>
            <ns3:cad>56</ns3:cad>
          </ns3:TrackPointExtension>
        </extensions>
      </trkpt>
      <trkpt lat="46.09306446276605129241943359375" lon="11.15287461318075656890869140625">
        <ele>871.5999755859375</ele>
        <time>2026-02-28T10:20:09.000Z</time>
        <extensions>
          <ns3:TrackPointExtension>
            <ns3:hr>79</ns3:hr>
            <ns3:cad>56</ns3:cad>
          </ns3:TrackPointExtension>
        </extensions>
      </trkpt>
      <trkpt lat="46.0930798016488552093505859375" lon="11.152966059744358062744140625">
        <ele>871</ele>
        <time>2026-02-28T10:20:15.000Z</time>
        <extensions>
          <ns3:TrackPointExtension>
            <ns3:hr>80</ns3:hr>
            <ns3:cad>55</ns3:cad>
          </ns3:TrackPointExtension>
        </extensions>
      </trkpt>
      <trkpt lat="46.09308843500912189483642578125" lon="11.1530476994812488555908203125">
        <ele>870.5999755859375</ele>
        <time>2026-02-28T10:20:20.000Z</time>
        <extensions>
          <ns3:TrackPointExtension>
            <ns3:hr>79</ns3:hr>
            <ns3:cad>0</ns3:cad>
          </ns3:TrackPointExtension>
        </extensions>
      </trkpt>
      <trkpt lat="46.09309094958007335662841796875" lon="11.1530805565416812896728515625">
        <ele>870.4000244140625</ele>
        <time>2026-02-28T10:20:22.000Z</time>
        <extensions>
          <ns3:TrackPointExtension>
            <ns3:hr>78</ns3:hr>
            <ns3:cad>0</ns3:cad>
          </ns3:TrackPointExtension>
        </extensions>
      </trkpt>
      <trkpt lat="46.09310285188257694244384765625" lon="11.153241656720638275146484375">
        <ele>870.20001220703125</ele>
        <time>2026-02-28T10:20:30.000Z</time>
        <extensions>
          <ns3:TrackPointExtension>
            <ns3:hr>79</ns3:hr>
            <ns3:cad>55</ns3:cad>
          </ns3:TrackPointExtension>
        </extensions>
      </trkpt>
      <trkpt lat="46.09311240725219249725341796875" lon="11.15331432782113552093505859375">
        <ele>870</ele>
        <time>2026-02-28T10:20:35.000Z</time>
        <extensions>
          <ns3:TrackPointExtension>
            <ns3:hr>79</ns3:hr>
            <ns3:cad>55</ns3:cad>
          </ns3:TrackPointExtension>
        </extensions>
      </trkpt>
      <trkpt lat="46.09310402534902095794677734375" lon="11.1534138210117816925048828125">
        <ele>869.79998779296875</ele>
        <time>2026-02-28T10:20:41.000Z</time>
        <extensions>
          <ns3:TrackPointExtension>
            <ns3:hr>76</ns3:hr>
            <ns3:cad>55</ns3:cad>
          </ns3:TrackPointExtension>
        </extensions>
      </trkpt>
      <trkpt lat="46.0931012593209743499755859375" lon="11.153434775769710540771484375">
        <ele>869.5999755859375</ele>
        <time>2026-02-28T10:20:42.000Z</time>
        <extensions>
          <ns3:TrackPointExtension>
            <ns3:hr>76</ns3:hr>
            <ns3:cad>55</ns3:cad>
          </ns3:TrackPointExtension>
        </extensions>
      </trkpt>
      <trkpt lat="46.0931002534925937652587890625" lon="11.1534879170358180999755859375">
        <ele>869.5999755859375</ele>
        <time>2026-02-28T10:20:45.000Z</time>
        <extensions>
          <ns3:TrackPointExtension>
            <ns3:hr>75</ns3:hr>
            <ns3:cad>55</ns3:cad>
          </ns3:TrackPointExtension>
        </extensions>
      </trkpt>
      <trkpt lat="46.093107126653194427490234375" lon="11.15354985930025577545166015625">
        <ele>869.4000244140625</ele>
        <time>2026-02-28T10:20:49.000Z</time>
        <extensions>
          <ns3:TrackPointExtension>
            <ns3:hr>73</ns3:hr>
            <ns3:cad>55</ns3:cad>
          </ns3:TrackPointExtension>
        </extensions>
      </trkpt>
      <trkpt lat="46.09309111721813678741455078125" lon="11.1536615900695323944091796875">
        <ele>869.20001220703125</ele>
        <time>2026-02-28T10:20:55.000Z</time>
        <extensions>
          <ns3:TrackPointExtension>
            <ns3:hr>72</ns3:hr>
            <ns3:cad>56</ns3:cad>
          </ns3:TrackPointExtension>
        </extensions>
      </trkpt>
      <trkpt lat="46.09309547580778598785400390625" lon="11.15374029614031314849853515625">
        <ele>868.79998779296875</ele>
        <time>2026-02-28T10:21:00.000Z</time>
        <extensions>
          <ns3:TrackPointExtension>
            <ns3:hr>69</ns3:hr>
            <ns3:cad>55</ns3:cad>
          </ns3:TrackPointExtension>
        </extensions>
      </trkpt>
      <trkpt lat="46.09309748746454715728759765625" lon="11.15375387482345104217529296875">
        <ele>868.79998779296875</ele>
        <time>2026-02-28T10:21:01.000Z</time>
        <extensions>
          <ns3:TrackPointExtension>
            <ns3:hr>69</ns3:hr>
            <ns3:cad>55</ns3:cad>
          </ns3:TrackPointExtension>
        </extensions>
      </trkpt>
      <trkpt lat="46.09310721047222614288330078125" lon="11.15382612682878971099853515625">
        <ele>868.5999755859375</ele>
        <time>2026-02-28T10:21:05.000Z</time>
        <extensions>
          <ns3:TrackPointExtension>
            <ns3:hr>68</ns3:hr>
            <ns3:cad>56</ns3:cad>
          </ns3:TrackPointExtension>
        </extensions>
      </trkpt>
      <trkpt lat="46.09309664927423000335693359375" lon="11.15388329140841960906982421875">
        <ele>868.20001220703125</ele>
        <time>2026-02-28T10:21:08.000Z</time>
        <extensions>
          <ns3:TrackPointExtension>
            <ns3:hr>68</ns3:hr>
            <ns3:cad>56</ns3:cad>
          </ns3:TrackPointExtension>
        </extensions>
      </trkpt>
      <trkpt lat="46.09309396706521511077880859375" lon="11.153977252542972564697265625">
        <ele>867.79998779296875</ele>
        <time>2026-02-28T10:21:14.000Z</time>
        <extensions>
          <ns3:TrackPointExtension>
            <ns3:hr>69</ns3:hr>
            <ns3:cad>54</ns3:cad>
          </ns3:TrackPointExtension>
        </extensions>
      </trkpt>
      <trkpt lat="46.0930792987346649169921875" lon="11.15406601689755916595458984375">
        <ele>867.4000244140625</ele>
        <time>2026-02-28T10:21:19.000Z</time>
        <extensions>
          <ns3:TrackPointExtension>
            <ns3:hr>68</ns3:hr>
            <ns3:cad>54</ns3:cad>
          </ns3:TrackPointExtension>
        </extensions>
      </trkpt>
      <trkpt lat="46.09307535924017429351806640625" lon="11.15409518592059612274169921875">
        <ele>867.20001220703125</ele>
        <time>2026-02-28T10:21:21.000Z</time>
        <extensions>
          <ns3:TrackPointExtension>
            <ns3:hr>68</ns3:hr>
            <ns3:cad>54</ns3:cad>
          </ns3:TrackPointExtension>
        </extensions>
      </trkpt>
      <trkpt lat="46.09307326376438140869140625" lon="11.15421974100172519683837890625">
        <ele>867</ele>
        <time>2026-02-28T10:21:29.000Z</time>
        <extensions>
          <ns3:TrackPointExtension>
            <ns3:hr>67</ns3:hr>
            <ns3:cad>56</ns3:cad>
          </ns3:TrackPointExtension>
        </extensions>
      </trkpt>
      <trkpt lat="46.0930586792528629302978515625" lon="11.1543251015245914459228515625">
        <ele>866.5999755859375</ele>
        <time>2026-02-28T10:21:35.000Z</time>
        <extensions>
          <ns3:TrackPointExtension>
            <ns3:hr>67</ns3:hr>
            <ns3:cad>54</ns3:cad>
          </ns3:TrackPointExtension>
        </extensions>
      </trkpt>
      <trkpt lat="46.09306027181446552276611328125" lon="11.154371201992034912109375">
        <ele>866.20001220703125</ele>
        <time>2026-02-28T10:21:38.000Z</time>
        <extensions>
          <ns3:TrackPointExtension>
            <ns3:hr>66</ns3:hr>
            <ns3:cad>55</ns3:cad>
          </ns3:TrackPointExtension>
        </extensions>
      </trkpt>
      <trkpt lat="46.09305758960545063018798828125" lon="11.1544555239379405975341796875">
        <ele>866</ele>
        <time>2026-02-28T10:21:43.000Z</time>
        <extensions>
          <ns3:TrackPointExtension>
            <ns3:hr>67</ns3:hr>
            <ns3:cad>55</ns3:cad>
          </ns3:TrackPointExtension>
        </extensions>
      </trkpt>
      <trkpt lat="46.09305172227323055267333984375" lon="11.15457043983042240142822265625">
        <ele>865.4000244140625</ele>
        <time>2026-02-28T10:21:49.000Z</time>
        <extensions>
          <ns3:TrackPointExtension>
            <ns3:hr>66</ns3:hr>
            <ns3:cad>55</ns3:cad>
          </ns3:TrackPointExtension>
        </extensions>
      </trkpt>
      <trkpt lat="46.09305490739643573760986328125" lon="11.1545903049409389495849609375">
        <ele>865.20001220703125</ele>
        <time>2026-02-28T10:21:50.000Z</time>
        <extensions>
          <ns3:TrackPointExtension>
            <ns3:hr>67</ns3:hr>
            <ns3:cad>55</ns3:cad>
          </ns3:TrackPointExtension>
        </extensions>
      </trkpt>
      <trkpt lat="46.09303495846688747406005859375" lon="11.15469935350120067596435546875">
        <ele>864.5999755859375</ele>
        <time>2026-02-28T10:21:57.000Z</time>
        <extensions>
          <ns3:TrackPointExtension>
            <ns3:hr>68</ns3:hr>
            <ns3:cad>56</ns3:cad>
          </ns3:TrackPointExtension>
        </extensions>
      </trkpt>
      <trkpt lat="46.0930231399834156036376953125" lon="11.15475752390921115875244140625">
        <ele>864.20001220703125</ele>
        <time>2026-02-28T10:22:00.000Z</time>
        <extensions>
          <ns3:TrackPointExtension>
            <ns3:hr>68</ns3:hr>
            <ns3:cad>55</ns3:cad>
          </ns3:TrackPointExtension>
        </extensions>
      </trkpt>
      <trkpt lat="46.09302272088825702667236328125" lon="11.15484402514994144439697265625">
        <ele>863.79998779296875</ele>
        <time>2026-02-28T10:22:05.000Z</time>
        <extensions>
          <ns3:TrackPointExtension>
            <ns3:hr>71</ns3:hr>
            <ns3:cad>55</ns3:cad>
          </ns3:TrackPointExtension>
        </extensions>
      </trkpt>
      <trkpt lat="46.093012578785419464111328125" lon="11.15490973927080631256103515625">
        <ele>863.5999755859375</ele>
        <time>2026-02-28T10:22:09.000Z</time>
        <extensions>
          <ns3:TrackPointExtension>
            <ns3:hr>73</ns3:hr>
            <ns3:cad>56</ns3:cad>
          </ns3:TrackPointExtension>
        </extensions>
      </trkpt>
      <trkpt lat="46.09299204312264919281005859375" lon="11.15498333238065242767333984375">
        <ele>863.4000244140625</ele>
        <time>2026-02-28T10:22:13.000Z</time>
        <extensions>
          <ns3:TrackPointExtension>
            <ns3:hr>73</ns3:hr>
            <ns3:cad>55</ns3:cad>
          </ns3:TrackPointExtension>
        </extensions>
      </trkpt>
      <trkpt lat="46.09298877418041229248046875" lon="11.15500395186245441436767578125">
        <ele>863.20001220703125</ele>
        <time>2026-02-28T10:22:14.000Z</time>
        <extensions>
          <ns3:TrackPointExtension>
            <ns3:hr>73</ns3:hr>
            <ns3:cad>55</ns3:cad>
          </ns3:TrackPointExtension>
        </extensions>
      </trkpt>
      <trkpt lat="46.0929624550044536590576171875" lon="11.15510654635727405548095703125">
        <ele>863</ele>
        <time>2026-02-28T10:22:20.000Z</time>
        <extensions>
          <ns3:TrackPointExtension>
            <ns3:hr>73</ns3:hr>
            <ns3:cad>56</ns3:cad>
          </ns3:TrackPointExtension>
        </extensions>
      </trkpt>
      <trkpt lat="46.09294611029326915740966796875" lon="11.15520712919533252716064453125">
        <ele>862.4000244140625</ele>
        <time>2026-02-28T10:22:26.000Z</time>
        <extensions>
          <ns3:TrackPointExtension>
            <ns3:hr>73</ns3:hr>
            <ns3:cad>55</ns3:cad>
          </ns3:TrackPointExtension>
        </extensions>
      </trkpt>
      <trkpt lat="46.09293990768492221832275390625" lon="11.15528793074190616607666015625">
        <ele>862.20001220703125</ele>
        <time>2026-02-28T10:22:31.000Z</time>
        <extensions>
          <ns3:TrackPointExtension>
            <ns3:hr>73</ns3:hr>
            <ns3:cad>53</ns3:cad>
          </ns3:TrackPointExtension>
        </extensions>
      </trkpt>
      <trkpt lat="46.0929344594478607177734375" lon="11.15533922798931598663330078125">
        <ele>862</ele>
        <time>2026-02-28T10:22:34.000Z</time>
        <extensions>
          <ns3:TrackPointExtension>
            <ns3:hr>72</ns3:hr>
            <ns3:cad>56</ns3:cad>
          </ns3:TrackPointExtension>
        </extensions>
      </trkpt>
      <trkpt lat="46.0929111577570438385009765625" lon="11.15551373921334743499755859375">
        <ele>861.20001220703125</ele>
        <time>2026-02-28T10:22:44.000Z</time>
        <extensions>
          <ns3:TrackPointExtension>
            <ns3:hr>74</ns3:hr>
            <ns3:cad>57</ns3:cad>
          </ns3:TrackPointExtension>
        </extensions>
      </trkpt>
      <trkpt lat="46.09290671534836292266845703125" lon="11.15553461015224456787109375">
        <ele>861.20001220703125</ele>
        <time>2026-02-28T10:22:45.000Z</time>
        <extensions>
          <ns3:TrackPointExtension>
            <ns3:hr>73</ns3:hr>
            <ns3:cad>57</ns3:cad>
          </ns3:TrackPointExtension>
        </extensions>
      </trkpt>
      <trkpt lat="46.09285424463450908660888671875" lon="11.15567400120198726654052734375">
        <ele>860.5999755859375</ele>
        <time>2026-02-28T10:22:52.000Z</time>
        <extensions>
          <ns3:TrackPointExtension>
            <ns3:hr>72</ns3:hr>
            <ns3:cad>57</ns3:cad>
          </ns3:TrackPointExtension>
        </extensions>
      </trkpt>
      <trkpt lat="46.09281434677541255950927734375" lon="11.155782043933868408203125">
        <ele>860.20001220703125</ele>
        <time>2026-02-28T10:23:00.000Z</time>
        <extensions>
          <ns3:TrackPointExtension>
            <ns3:hr>72</ns3:hr>
            <ns3:cad>57</ns3:cad>
          </ns3:TrackPointExtension>
        </extensions>
      </trkpt>
      <trkpt lat="46.09280881471931934356689453125" lon="11.15579939447343349456787109375">
        <ele>860</ele>
        <time>2026-02-28T10:23:01.000Z</time>
        <extensions>
          <ns3:TrackPointExtension>
            <ns3:hr>72</ns3:hr>
            <ns3:cad>57</ns3:cad>
          </ns3:TrackPointExtension>
        </extensions>
      </trkpt>
      <trkpt lat="46.0927532427012920379638671875" lon="11.1559040844440460205078125">
        <ele>859.4000244140625</ele>
        <time>2026-02-28T10:23:08.000Z</time>
        <extensions>
          <ns3:TrackPointExtension>
            <ns3:hr>74</ns3:hr>
            <ns3:cad>57</ns3:cad>
          </ns3:TrackPointExtension>
        </extensions>
      </trkpt>
      <trkpt lat="46.09271728433668613433837890625" lon="11.155984215438365936279296875">
        <ele>859.20001220703125</ele>
        <time>2026-02-28T10:23:13.000Z</time>
        <extensions>
          <ns3:TrackPointExtension>
            <ns3:hr>75</ns3:hr>
            <ns3:cad>57</ns3:cad>
          </ns3:TrackPointExtension>
        </extensions>
      </trkpt>
      <trkpt lat="46.09269683249294757843017578125" lon="11.15603090263903141021728515625">
        <ele>859.20001220703125</ele>
        <time>2026-02-28T10:23:16.000Z</time>
        <extensions>
          <ns3:TrackPointExtension>
            <ns3:hr>75</ns3:hr>
            <ns3:cad>56</ns3:cad>
          </ns3:TrackPointExtension>
        </extensions>
      </trkpt>
      <trkpt lat="46.09267788939177989959716796875" lon="11.15609963424503803253173828125">
        <ele>858.79998779296875</ele>
        <time>2026-02-28T10:23:20.000Z</time>
        <extensions>
          <ns3:TrackPointExtension>
            <ns3:hr>74</ns3:hr>
            <ns3:cad>57</ns3:cad>
          </ns3:TrackPointExtension>
        </extensions>
      </trkpt>
      <trkpt lat="46.09262860380113124847412109375" lon="11.1562190763652324676513671875">
        <ele>858.20001220703125</ele>
        <time>2026-02-28T10:23:27.000Z</time>
        <extensions>
          <ns3:TrackPointExtension>
            <ns3:hr>71</ns3:hr>
            <ns3:cad>57</ns3:cad>
          </ns3:TrackPointExtension>
        </extensions>
      </trkpt>
      <trkpt lat="46.092622987926006317138671875" lon="11.15623273886740207672119140625">
        <ele>858</ele>
        <time>2026-02-28T10:23:28.000Z</time>
        <extensions>
          <ns3:TrackPointExtension>
            <ns3:hr>71</ns3:hr>
            <ns3:cad>56</ns3:cad>
          </ns3:TrackPointExtension>
        </extensions>
      </trkpt>
      <trkpt lat="46.0925845988094806671142578125" lon="11.15631739608943462371826171875">
        <ele>857.5999755859375</ele>
        <time>2026-02-28T10:23:33.000Z</time>
        <extensions>
          <ns3:TrackPointExtension>
            <ns3:hr>70</ns3:hr>
            <ns3:cad>57</ns3:cad>
          </ns3:TrackPointExtension>
        </extensions>
      </trkpt>
      <trkpt lat="46.09255182556807994842529296875" lon="11.15642300806939601898193359375">
        <ele>857</ele>
        <time>2026-02-28T10:23:40.000Z</time>
        <extensions>
          <ns3:TrackPointExtension>
            <ns3:hr>70</ns3:hr>
            <ns3:cad>57</ns3:cad>
          </ns3:TrackPointExtension>
        </extensions>
      </trkpt>
      <trkpt lat="46.09251276589930057525634765625" lon="11.15651101805269718170166015625">
        <ele>856.79998779296875</ele>
        <time>2026-02-28T10:23:46.000Z</time>
        <extensions>
          <ns3:TrackPointExtension>
            <ns3:hr>71</ns3:hr>
            <ns3:cad>56</ns3:cad>
          </ns3:TrackPointExtension>
        </extensions>
      </trkpt>
      <trkpt lat="46.09248862601816654205322265625" lon="11.15664294920861721038818359375">
        <ele>856.4000244140625</ele>
        <time>2026-02-28T10:23:53.000Z</time>
        <extensions>
          <ns3:TrackPointExtension>
            <ns3:hr>71</ns3:hr>
            <ns3:cad>57</ns3:cad>
          </ns3:TrackPointExtension>
        </extensions>
      </trkpt>
      <trkpt lat="46.092482507228851318359375" lon="11.1566872894763946533203125">
        <ele>856</ele>
        <time>2026-02-28T10:23:56.000Z</time>
        <extensions>
          <ns3:TrackPointExtension>
            <ns3:hr>71</ns3:hr>
            <ns3:cad>58</ns3:cad>
          </ns3:TrackPointExtension>
        </extensions>
      </trkpt>
      <trkpt lat="46.09247018583118915557861328125" lon="11.15676247514784336090087890625">
        <ele>855.4000244140625</ele>
        <time>2026-02-28T10:24:00.000Z</time>
        <extensions>
          <ns3:TrackPointExtension>
            <ns3:hr>70</ns3:hr>
            <ns3:cad>60</ns3:cad>
          </ns3:TrackPointExtension>
        </extensions>
      </trkpt>
      <trkpt lat="46.092467419803142547607421875" lon="11.156819723546504974365234375">
        <ele>855</ele>
        <time>2026-02-28T10:24:03.000Z</time>
        <extensions>
          <ns3:TrackPointExtension>
            <ns3:hr>70</ns3:hr>
            <ns3:cad>58</ns3:cad>
          </ns3:TrackPointExtension>
        </extensions>
      </trkpt>
      <trkpt lat="46.09246348030865192413330078125" lon="11.156900189816951751708984375">
        <ele>854.5999755859375</ele>
        <time>2026-02-28T10:24:08.000Z</time>
        <extensions>
          <ns3:TrackPointExtension>
            <ns3:hr>70</ns3:hr>
            <ns3:cad>57</ns3:cad>
          </ns3:TrackPointExtension>
        </extensions>
      </trkpt>
      <trkpt lat="46.0924436151981353759765625" lon="11.15700454451143741607666015625">
        <ele>854</ele>
        <time>2026-02-28T10:24:13.000Z</time>
        <extensions>
          <ns3:TrackPointExtension>
            <ns3:hr>70</ns3:hr>
            <ns3:cad>57</ns3:cad>
          </ns3:TrackPointExtension>
        </extensions>
      </trkpt>
      <trkpt lat="46.0924387536942958831787109375" lon="11.1570190452039241790771484375">
        <ele>854</ele>
        <time>2026-02-28T10:24:14.000Z</time>
        <extensions>
          <ns3:TrackPointExtension>
            <ns3:hr>71</ns3:hr>
            <ns3:cad>57</ns3:cad>
          </ns3:TrackPointExtension>
        </extensions>
      </trkpt>
      <trkpt lat="46.09241084195673465728759765625" lon="11.157140918076038360595703125">
        <ele>853.20001220703125</ele>
        <time>2026-02-28T10:24:20.000Z</time>
        <extensions>
          <ns3:TrackPointExtension>
            <ns3:hr>71</ns3:hr>
            <ns3:cad>58</ns3:cad>
          </ns3:TrackPointExtension>
        </extensions>
      </trkpt>
      <trkpt lat="46.0924060642719268798828125" lon="11.1571947298943996429443359375">
        <ele>853</ele>
        <time>2026-02-28T10:24:23.000Z</time>
        <extensions>
          <ns3:TrackPointExtension>
            <ns3:hr>71</ns3:hr>
            <ns3:cad>57</ns3:cad>
          </ns3:TrackPointExtension>
        </extensions>
      </trkpt>
      <trkpt lat="46.09239106066524982452392578125" lon="11.1572812311351299285888671875">
        <ele>852.4000244140625</ele>
        <time>2026-02-28T10:24:27.000Z</time>
        <extensions>
          <ns3:TrackPointExtension>
            <ns3:hr>70</ns3:hr>
            <ns3:cad>59</ns3:cad>
          </ns3:TrackPointExtension>
        </extensions>
      </trkpt>
      <trkpt lat="46.09238234348595142364501953125" lon="11.157342083752155303955078125">
        <ele>851.79998779296875</ele>
        <time>2026-02-28T10:24:30.000Z</time>
        <extensions>
          <ns3:TrackPointExtension>
            <ns3:hr>70</ns3:hr>
            <ns3:cad>60</ns3:cad>
          </ns3:TrackPointExtension>
        </extensions>
      </trkpt>
      <trkpt lat="46.09236440621316432952880859375" lon="11.15744166076183319091796875">
        <ele>851.20001220703125</ele>
        <time>2026-02-28T10:24:35.000Z</time>
        <extensions>
          <ns3:TrackPointExtension>
            <ns3:hr>70</ns3:hr>
            <ns3:cad>0</ns3:cad>
          </ns3:TrackPointExtension>
        </extensions>
      </trkpt>
      <trkpt lat="46.09236440621316432952880859375" lon="11.157470829784870147705078125">
        <ele>850.79998779296875</ele>
        <time>2026-02-28T10:24:37.000Z</time>
        <extensions>
          <ns3:TrackPointExtension>
            <ns3:hr>71</ns3:hr>
            <ns3:cad>0</ns3:cad>
          </ns3:TrackPointExtension>
        </extensions>
      </trkpt>
      <trkpt lat="46.0923631489276885986328125" lon="11.1575028486549854278564453125">
        <ele>850.5999755859375</ele>
        <time>2026-02-28T10:24:39.000Z</time>
        <extensions>
          <ns3:TrackPointExtension>
            <ns3:hr>71</ns3:hr>
            <ns3:cad>56</ns3:cad>
          </ns3:TrackPointExtension>
        </extensions>
      </trkpt>
      <trkpt lat="46.092369519174098968505859375" lon="11.1575595103204250335693359375">
        <ele>850.20001220703125</ele>
        <time>2026-02-28T10:24:42.000Z</time>
        <extensions>
          <ns3:TrackPointExtension>
            <ns3:hr>71</ns3:hr>
            <ns3:cad>57</ns3:cad>
          </ns3:TrackPointExtension>
        </extensions>
      </trkpt>
      <trkpt lat="46.0923844389617443084716796875" lon="11.157611645758152008056640625">
        <ele>849.5999755859375</ele>
        <time>2026-02-28T10:24:45.000Z</time>
        <extensions>
          <ns3:TrackPointExtension>
            <ns3:hr>72</ns3:hr>
            <ns3:cad>56</ns3:cad>
          </ns3:TrackPointExtension>
        </extensions>
      </trkpt>
      <trkpt lat="46.09239307232201099395751953125" lon="11.15766160190105438232421875">
        <ele>849.20001220703125</ele>
        <time>2026-02-28T10:24:48.000Z</time>
        <extensions>
          <ns3:TrackPointExtension>
            <ns3:hr>74</ns3:hr>
            <ns3:cad>57</ns3:cad>
          </ns3:TrackPointExtension>
        </extensions>
      </trkpt>
      <trkpt lat="46.0924069024622440338134765625" lon="11.1577469296753406524658203125">
        <ele>848.5999755859375</ele>
        <time>2026-02-28T10:24:52.000Z</time>
        <extensions>
          <ns3:TrackPointExtension>
            <ns3:hr>75</ns3:hr>
            <ns3:cad>60</ns3:cad>
          </ns3:TrackPointExtension>
        </extensions>
      </trkpt>
      <trkpt lat="46.09241402707993984222412109375" lon="11.157815158367156982421875">
        <ele>848</ele>
        <time>2026-02-28T10:24:56.000Z</time>
        <extensions>
          <ns3:TrackPointExtension>
            <ns3:hr>74</ns3:hr>
            <ns3:cad>58</ns3:cad>
          </ns3:TrackPointExtension>
        </extensions>
      </trkpt>
      <trkpt lat="46.0924022085964679718017578125" lon="11.15791381336748600006103515625">
        <ele>847.5999755859375</ele>
        <time>2026-02-28T10:25:01.000Z</time>
        <extensions>
          <ns3:TrackPointExtension>
            <ns3:hr>74</ns3:hr>
            <ns3:cad>58</ns3:cad>
          </ns3:TrackPointExtension>
        </extensions>
      </trkpt>
      <trkpt lat="46.09239994548261165618896484375" lon="11.15793007425963878631591796875">
        <ele>847.4000244140625</ele>
        <time>2026-02-28T10:25:02.000Z</time>
        <extensions>
          <ns3:TrackPointExtension>
            <ns3:hr>74</ns3:hr>
            <ns3:cad>57</ns3:cad>
          </ns3:TrackPointExtension>
        </extensions>
      </trkpt>
      <trkpt lat="46.09238401986658573150634765625" lon="11.1580278910696506500244140625">
        <ele>847</ele>
        <time>2026-02-28T10:25:08.000Z</time>
        <extensions>
          <ns3:TrackPointExtension>
            <ns3:hr>74</ns3:hr>
            <ns3:cad>58</ns3:cad>
          </ns3:TrackPointExtension>
        </extensions>
      </trkpt>
      <trkpt lat="46.09237127937376499176025390625" lon="11.1580755002796649932861328125">
        <ele>846.4000244140625</ele>
        <time>2026-02-28T10:25:11.000Z</time>
        <extensions>
          <ns3:TrackPointExtension>
            <ns3:hr>74</ns3:hr>
            <ns3:cad>58</ns3:cad>
          </ns3:TrackPointExtension>
        </extensions>
      </trkpt>
      <trkpt lat="46.0923738777637481689453125" lon="11.15811363793909549713134765625">
        <ele>846.20001220703125</ele>
        <time>2026-02-28T10:25:13.000Z</time>
        <extensions>
          <ns3:TrackPointExtension>
            <ns3:hr>74</ns3:hr>
            <ns3:cad>56</ns3:cad>
          </ns3:TrackPointExtension>
        </extensions>
      </trkpt>
      <trkpt lat="46.092373542487621307373046875" lon="11.1581512726843357086181640625">
        <ele>846</ele>
        <time>2026-02-28T10:25:15.000Z</time>
        <extensions>
          <ns3:TrackPointExtension>
            <ns3:hr>74</ns3:hr>
            <ns3:cad>0</ns3:cad>
          </ns3:TrackPointExtension>
        </extensions>
      </trkpt>
      <trkpt lat="46.09234160743653774261474609375" lon="11.15827306173741817474365234375">
        <ele>845.4000244140625</ele>
        <time>2026-02-28T10:25:21.000Z</time>
        <extensions>
          <ns3:TrackPointExtension>
            <ns3:hr>74</ns3:hr>
            <ns3:cad>57</ns3:cad>
          </ns3:TrackPointExtension>
        </extensions>
      </trkpt>
      <trkpt lat="46.09229768626391887664794921875" lon="11.1583983711898326873779296875">
        <ele>844.79998779296875</ele>
        <time>2026-02-28T10:25:28.000Z</time>
        <extensions>
          <ns3:TrackPointExtension>
            <ns3:hr>74</ns3:hr>
            <ns3:cad>57</ns3:cad>
          </ns3:TrackPointExtension>
        </extensions>
      </trkpt>
      <trkpt lat="46.0922801680862903594970703125" lon="11.1584453098475933074951171875">
        <ele>844.4000244140625</ele>
        <time>2026-02-28T10:25:31.000Z</time>
        <extensions>
          <ns3:TrackPointExtension>
            <ns3:hr>73</ns3:hr>
            <ns3:cad>57</ns3:cad>
          </ns3:TrackPointExtension>
        </extensions>
      </trkpt>
      <trkpt lat="46.09226164408028125762939453125" lon="11.1585254408419132232666015625">
        <ele>844</ele>
        <time>2026-02-28T10:25:35.000Z</time>
        <extensions>
          <ns3:TrackPointExtension>
            <ns3:hr>74</ns3:hr>
            <ns3:cad>59</ns3:cad>
          </ns3:TrackPointExtension>
        </extensions>
      </trkpt>
      <trkpt lat="46.09224672429263591766357421875" lon="11.1586119420826435089111328125">
        <ele>843.20001220703125</ele>
        <time>2026-02-28T10:25:40.000Z</time>
        <extensions>
          <ns3:TrackPointExtension>
            <ns3:hr>74</ns3:hr>
            <ns3:cad>58</ns3:cad>
          </ns3:TrackPointExtension>
        </extensions>
      </trkpt>
      <trkpt lat="46.0922392643988132476806640625" lon="11.1586665920913219451904296875">
        <ele>842.5999755859375</ele>
        <time>2026-02-28T10:25:43.000Z</time>
        <extensions>
          <ns3:TrackPointExtension>
            <ns3:hr>74</ns3:hr>
            <ns3:cad>60</ns3:cad>
          </ns3:TrackPointExtension>
        </extensions>
      </trkpt>
      <trkpt lat="46.09223180450499057769775390625" lon="11.15873021073639392852783203125">
        <ele>842.20001220703125</ele>
        <time>2026-02-28T10:25:46.000Z</time>
        <extensions>
          <ns3:TrackPointExtension>
            <ns3:hr>75</ns3:hr>
            <ns3:cad>60</ns3:cad>
          </ns3:TrackPointExtension>
        </extensions>
      </trkpt>
      <trkpt lat="46.0922194831073284149169921875" lon="11.158780753612518310546875">
        <ele>841.4000244140625</ele>
        <time>2026-02-28T10:25:49.000Z</time>
        <extensions>
          <ns3:TrackPointExtension>
            <ns3:hr>75</ns3:hr>
            <ns3:cad>61</ns3:cad>
          </ns3:TrackPointExtension>
        </extensions>
      </trkpt>
      <trkpt lat="46.09220179729163646697998046875" lon="11.15881855599582195281982421875">
        <ele>841</ele>
        <time>2026-02-28T10:25:51.000Z</time>
        <extensions>
          <ns3:TrackPointExtension>
            <ns3:hr>76</ns3:hr>
            <ns3:cad>60</ns3:cad>
          </ns3:TrackPointExtension>
        </extensions>
      </trkpt>
      <trkpt lat="46.09215536154806613922119140625" lon="11.1588929034769535064697265625">
        <ele>840.20001220703125</ele>
        <time>2026-02-28T10:25:56.000Z</time>
        <extensions>
          <ns3:TrackPointExtension>
            <ns3:hr>75</ns3:hr>
            <ns3:cad>58</ns3:cad>
          </ns3:TrackPointExtension>
        </extensions>
      </trkpt>
      <trkpt lat="46.09213591553270816802978515625" lon="11.15893607027828693389892578125">
        <ele>839.79998779296875</ele>
        <time>2026-02-28T10:25:59.000Z</time>
        <extensions>
          <ns3:TrackPointExtension>
            <ns3:hr>75</ns3:hr>
            <ns3:cad>56</ns3:cad>
          </ns3:TrackPointExtension>
        </extensions>
      </trkpt>
      <trkpt lat="46.09213356859982013702392578125" lon="11.15895736031234264373779296875">
        <ele>839.5999755859375</ele>
        <time>2026-02-28T10:26:00.000Z</time>
        <extensions>
          <ns3:TrackPointExtension>
            <ns3:hr>76</ns3:hr>
            <ns3:cad>56</ns3:cad>
          </ns3:TrackPointExtension>
        </extensions>
      </trkpt>
      <trkpt lat="46.09212317503988742828369140625" lon="11.159034557640552520751953125">
        <ele>839</ele>
        <time>2026-02-28T10:26:04.000Z</time>
        <extensions>
          <ns3:TrackPointExtension>
            <ns3:hr>76</ns3:hr>
            <ns3:cad>59</ns3:cad>
          </ns3:TrackPointExtension>
        </extensions>
      </trkpt>
      <trkpt lat="46.09211982227861881256103515625" lon="11.1590535007417201995849609375">
        <ele>838.79998779296875</ele>
        <time>2026-02-28T10:26:05.000Z</time>
        <extensions>
          <ns3:TrackPointExtension>
            <ns3:hr>76</ns3:hr>
            <ns3:cad>59</ns3:cad>
          </ns3:TrackPointExtension>
        </extensions>
      </trkpt>
      <trkpt lat="46.092096269130706787109375" lon="11.15916741080582141876220703125">
        <ele>837.79998779296875</ele>
        <time>2026-02-28T10:26:11.000Z</time>
        <extensions>
          <ns3:TrackPointExtension>
            <ns3:hr>76</ns3:hr>
            <ns3:cad>0</ns3:cad>
          </ns3:TrackPointExtension>
        </extensions>
      </trkpt>
      <trkpt lat="46.09208847396075725555419921875" lon="11.15922155790030956268310546875">
        <ele>837.4000244140625</ele>
        <time>2026-02-28T10:26:14.000Z</time>
        <extensions>
          <ns3:TrackPointExtension>
            <ns3:hr>76</ns3:hr>
            <ns3:cad>57</ns3:cad>
          </ns3:TrackPointExtension>
        </extensions>
      </trkpt>
      <trkpt lat="46.09207824803888797760009765625" lon="11.1593284271657466888427734375">
        <ele>836.5999755859375</ele>
        <time>2026-02-28T10:26:19.000Z</time>
        <extensions>
          <ns3:TrackPointExtension>
            <ns3:hr>74</ns3:hr>
            <ns3:cad>59</ns3:cad>
          </ns3:TrackPointExtension>
        </extensions>
      </trkpt>
      <trkpt lat="46.092077158391475677490234375" lon="11.1593649722635746002197265625">
        <ele>836.20001220703125</ele>
        <time>2026-02-28T10:26:21.000Z</time>
        <extensions>
          <ns3:TrackPointExtension>
            <ns3:hr>73</ns3:hr>
            <ns3:cad>59</ns3:cad>
          </ns3:TrackPointExtension>
        </extensions>
      </trkpt>
      <trkpt lat="46.092080175876617431640625" lon="11.15941735915839672088623046875">
        <ele>835.5999755859375</ele>
        <time>2026-02-28T10:26:24.000Z</time>
        <extensions>
          <ns3:TrackPointExtension>
            <ns3:hr>71</ns3:hr>
            <ns3:cad>59</ns3:cad>
          </ns3:TrackPointExtension>
        </extensions>
      </trkpt>
      <trkpt lat="46.09207891859114170074462890625" lon="11.1594977416098117828369140625">
        <ele>834.4000244140625</ele>
        <time>2026-02-28T10:26:28.000Z</time>
        <extensions>
          <ns3:TrackPointExtension>
            <ns3:hr>71</ns3:hr>
            <ns3:cad>63</ns3:cad>
          </ns3:TrackPointExtension>
        </extensions>
      </trkpt>
      <trkpt lat="46.09207523055374622344970703125" lon="11.1595527268946170806884765625">
        <ele>833.4000244140625</ele>
        <time>2026-02-28T10:26:31.000Z</time>
        <extensions>
          <ns3:TrackPointExtension>
            <ns3:hr>71</ns3:hr>
            <ns3:cad>125</ns3:cad>
          </ns3:TrackPointExtension>
        </extensions>
      </trkpt>
      <trkpt lat="46.09205938875675201416015625" lon="11.15959857590496540069580078125">
        <ele>832.20001220703125</ele>
        <time>2026-02-28T10:26:34.000Z</time>
        <extensions>
          <ns3:TrackPointExtension>
            <ns3:hr>70</ns3:hr>
            <ns3:cad>64</ns3:cad>
          </ns3:TrackPointExtension>
        </extensions>
      </trkpt>
      <trkpt lat="46.09204865992069244384765625" lon="11.1596338637173175811767578125">
        <ele>831.5999755859375</ele>
        <time>2026-02-28T10:26:36.000Z</time>
        <extensions>
          <ns3:TrackPointExtension>
            <ns3:hr>70</ns3:hr>
            <ns3:cad>62</ns3:cad>
          </ns3:TrackPointExtension>
        </extensions>
      </trkpt>
      <trkpt lat="46.09204354695975780487060546875" lon="11.15965255536139011383056640625">
        <ele>831.20001220703125</ele>
        <time>2026-02-28T10:26:37.000Z</time>
        <extensions>
          <ns3:TrackPointExtension>
            <ns3:hr>71</ns3:hr>
            <ns3:cad>62</ns3:cad>
          </ns3:TrackPointExtension>
        </extensions>
      </trkpt>
      <trkpt lat="46.09204002656042575836181640625" lon="11.15973469801247119903564453125">
        <ele>830.20001220703125</ele>
        <time>2026-02-28T10:26:41.000Z</time>
        <extensions>
          <ns3:TrackPointExtension>
            <ns3:hr>72</ns3:hr>
            <ns3:cad>63</ns3:cad>
          </ns3:TrackPointExtension>
        </extensions>
      </trkpt>
      <trkpt lat="46.09203365631401538848876953125" lon="11.1597609333693981170654296875">
        <ele>829.79998779296875</ele>
        <time>2026-02-28T10:26:42.000Z</time>
        <extensions>
          <ns3:TrackPointExtension>
            <ns3:hr>72</ns3:hr>
            <ns3:cad>62</ns3:cad>
          </ns3:TrackPointExtension>
        </extensions>
      </trkpt>
      <trkpt lat="46.09202661551535129547119140625" lon="11.159829832613468170166015625">
        <ele>828.79998779296875</ele>
        <time>2026-02-28T10:26:45.000Z</time>
        <extensions>
          <ns3:TrackPointExtension>
            <ns3:hr>72</ns3:hr>
            <ns3:cad>61</ns3:cad>
          </ns3:TrackPointExtension>
        </extensions>
      </trkpt>
      <trkpt lat="46.09202158637344837188720703125" lon="11.15990736521780490875244140625">
        <ele>827.5999755859375</ele>
        <time>2026-02-28T10:26:49.000Z</time>
        <extensions>
          <ns3:TrackPointExtension>
            <ns3:hr>71</ns3:hr>
            <ns3:cad>63</ns3:cad>
          </ns3:TrackPointExtension>
        </extensions>
      </trkpt>
      <trkpt lat="46.09202091582119464874267578125" lon="11.1599255539476871490478515625">
        <ele>827.4000244140625</ele>
        <time>2026-02-28T10:26:50.000Z</time>
        <extensions>
          <ns3:TrackPointExtension>
            <ns3:hr>71</ns3:hr>
            <ns3:cad>63</ns3:cad>
          </ns3:TrackPointExtension>
        </extensions>
      </trkpt>
      <trkpt lat="46.09202410094439983367919921875" lon="11.1599724926054477691650390625">
        <ele>826.5999755859375</ele>
        <time>2026-02-28T10:26:53.000Z</time>
        <extensions>
          <ns3:TrackPointExtension>
            <ns3:hr>71</ns3:hr>
            <ns3:cad>63</ns3:cad>
          </ns3:TrackPointExtension>
        </extensions>
      </trkpt>
      <trkpt lat="46.09201940707862377166748046875" lon="11.16000392474234104156494140625">
        <ele>826.20001220703125</ele>
        <time>2026-02-28T10:26:55.000Z</time>
        <extensions>
          <ns3:TrackPointExtension>
            <ns3:hr>71</ns3:hr>
            <ns3:cad>61</ns3:cad>
          </ns3:TrackPointExtension>
        </extensions>
      </trkpt>
      <trkpt lat="46.09202259220182895660400390625" lon="11.1600620113313198089599609375">
        <ele>825.4000244140625</ele>
        <time>2026-02-28T10:26:58.000Z</time>
        <extensions>
          <ns3:TrackPointExtension>
            <ns3:hr>71</ns3:hr>
            <ns3:cad>61</ns3:cad>
          </ns3:TrackPointExtension>
        </extensions>
      </trkpt>
      <trkpt lat="46.0920233465731143951416015625" lon="11.16009528748691082000732421875">
        <ele>825</ele>
        <time>2026-02-28T10:27:00.000Z</time>
        <extensions>
          <ns3:TrackPointExtension>
            <ns3:hr>71</ns3:hr>
            <ns3:cad>61</ns3:cad>
          </ns3:TrackPointExtension>
        </extensions>
      </trkpt>
      <trkpt lat="46.09203516505658626556396484375" lon="11.1601806990802288055419921875">
        <ele>824.4000244140625</ele>
        <time>2026-02-28T10:27:04.000Z</time>
        <extensions>
          <ns3:TrackPointExtension>
            <ns3:hr>71</ns3:hr>
            <ns3:cad>60</ns3:cad>
          </ns3:TrackPointExtension>
        </extensions>
      </trkpt>
      <trkpt lat="46.092055030167102813720703125" lon="11.16025303490459918975830078125">
        <ele>823.79998779296875</ele>
        <time>2026-02-28T10:27:08.000Z</time>
        <extensions>
          <ns3:TrackPointExtension>
            <ns3:hr>71</ns3:hr>
            <ns3:cad>59</ns3:cad>
          </ns3:TrackPointExtension>
        </extensions>
      </trkpt>
      <trkpt lat="46.09205142594873905181884765625" lon="11.1602980457246303558349609375">
        <ele>823.5999755859375</ele>
        <time>2026-02-28T10:27:13.000Z</time>
        <extensions>
          <ns3:TrackPointExtension>
            <ns3:hr>71</ns3:hr>
            <ns3:cad>0</ns3:cad>
          </ns3:TrackPointExtension>
        </extensions>
      </trkpt>
      <trkpt lat="46.09206617809832096099853515625" lon="11.16035160608589649200439453125">
        <ele>823.5999755859375</ele>
        <time>2026-02-28T10:27:19.000Z</time>
        <extensions>
          <ns3:TrackPointExtension>
            <ns3:hr>73</ns3:hr>
            <ns3:cad>0</ns3:cad>
          </ns3:TrackPointExtension>
        </extensions>
      </trkpt>
      <trkpt lat="46.09207556582987308502197265625" lon="11.16037960164248943328857421875">
        <ele>823.4000244140625</ele>
        <time>2026-02-28T10:27:21.000Z</time>
        <extensions>
          <ns3:TrackPointExtension>
            <ns3:hr>74</ns3:hr>
            <ns3:cad>0</ns3:cad>
          </ns3:TrackPointExtension>
        </extensions>
      </trkpt>
      <trkpt lat="46.0920987837016582489013671875" lon="11.1604174040257930755615234375">
        <ele>823</ele>
        <time>2026-02-28T10:27:26.000Z</time>
        <extensions>
          <ns3:TrackPointExtension>
            <ns3:hr>74</ns3:hr>
            <ns3:cad>53</ns3:cad>
          </ns3:TrackPointExtension>
        </extensions>
      </trkpt>
      <trkpt lat="46.0921406932175159454345703125" lon="11.16049460135400295257568359375">
        <ele>822.79998779296875</ele>
        <time>2026-02-28T10:27:31.000Z</time>
        <extensions>
          <ns3:TrackPointExtension>
            <ns3:hr>78</ns3:hr>
            <ns3:cad>55</ns3:cad>
          </ns3:TrackPointExtension>
        </extensions>
      </trkpt>
      <trkpt lat="46.09215200878679752349853515625" lon="11.16051455028355121612548828125">
        <ele>822.5999755859375</ele>
        <time>2026-02-28T10:27:32.000Z</time>
        <extensions>
          <ns3:TrackPointExtension>
            <ns3:hr>79</ns3:hr>
            <ns3:cad>55</ns3:cad>
          </ns3:TrackPointExtension>
        </extensions>
      </trkpt>
      <trkpt lat="46.092183776199817657470703125" lon="11.16058177314698696136474609375">
        <ele>822.4000244140625</ele>
        <time>2026-02-28T10:27:37.000Z</time>
        <extensions>
          <ns3:TrackPointExtension>
            <ns3:hr>78</ns3:hr>
            <ns3:cad>54</ns3:cad>
          </ns3:TrackPointExtension>
        </extensions>
      </trkpt>
      <trkpt lat="46.092175729572772979736328125" lon="11.160594932734966278076171875">
        <ele>822.4000244140625</ele>
        <time>2026-02-28T10:27:38.000Z</time>
        <extensions>
          <ns3:TrackPointExtension>
            <ns3:hr>78</ns3:hr>
            <ns3:cad>55</ns3:cad>
          </ns3:TrackPointExtension>
        </extensions>
      </trkpt>
      <trkpt lat="46.09216575510799884796142578125" lon="11.16061069071292877197265625">
        <ele>822.20001220703125</ele>
        <time>2026-02-28T10:27:39.000Z</time>
        <extensions>
          <ns3:TrackPointExtension>
            <ns3:hr>78</ns3:hr>
            <ns3:cad>55</ns3:cad>
          </ns3:TrackPointExtension>
        </extensions>
      </trkpt>
      <trkpt lat="46.09214211814105510711669921875" lon="11.1606108583509922027587890625">
        <ele>822</ele>
        <time>2026-02-28T10:27:41.000Z</time>
        <extensions>
          <ns3:TrackPointExtension>
            <ns3:hr>78</ns3:hr>
            <ns3:cad>57</ns3:cad>
          </ns3:TrackPointExtension>
        </extensions>
      </trkpt>
      <trkpt lat="46.09212778508663177490234375" lon="11.16060658358037471771240234375">
        <ele>821.79998779296875</ele>
        <time>2026-02-28T10:27:42.000Z</time>
        <extensions>
          <ns3:TrackPointExtension>
            <ns3:hr>78</ns3:hr>
            <ns3:cad>57</ns3:cad>
          </ns3:TrackPointExtension>
        </extensions>
      </trkpt>
      <trkpt lat="46.09207439236342906951904296875" lon="11.160535924136638641357421875">
        <ele>821.4000244140625</ele>
        <time>2026-02-28T10:27:47.000Z</time>
        <extensions>
          <ns3:TrackPointExtension>
            <ns3:hr>75</ns3:hr>
            <ns3:cad>58</ns3:cad>
          </ns3:TrackPointExtension>
        </extensions>
      </trkpt>
      <trkpt lat="46.0920592211186885833740234375" lon="11.16051421500742435455322265625">
        <ele>821.20001220703125</ele>
        <time>2026-02-28T10:27:49.000Z</time>
        <extensions>
          <ns3:TrackPointExtension>
            <ns3:hr>74</ns3:hr>
            <ns3:cad>57</ns3:cad>
          </ns3:TrackPointExtension>
        </extensions>
      </trkpt>
      <trkpt lat="46.09205427579581737518310546875" lon="11.16050482727587223052978515625">
        <ele>821</ele>
        <time>2026-02-28T10:27:50.000Z</time>
        <extensions>
          <ns3:TrackPointExtension>
            <ns3:hr>73</ns3:hr>
            <ns3:cad>57</ns3:cad>
          </ns3:TrackPointExtension>
        </extensions>
      </trkpt>
      <trkpt lat="46.092040948569774627685546875" lon="11.160485632717609405517578125">
        <ele>820.79998779296875</ele>
        <time>2026-02-28T10:27:52.000Z</time>
        <extensions>
          <ns3:TrackPointExtension>
            <ns3:hr>70</ns3:hr>
            <ns3:cad>57</ns3:cad>
          </ns3:TrackPointExtension>
        </extensions>
      </trkpt>
      <trkpt lat="46.0919904895126819610595703125" lon="11.160427629947662353515625">
        <ele>820</ele>
        <time>2026-02-28T10:27:57.000Z</time>
        <extensions>
          <ns3:TrackPointExtension>
            <ns3:hr>69</ns3:hr>
            <ns3:cad>56</ns3:cad>
          </ns3:TrackPointExtension>
        </extensions>
      </trkpt>
      <trkpt lat="46.09197548590600490570068359375" lon="11.1603892408311367034912109375">
        <ele>819.79998779296875</ele>
        <time>2026-02-28T10:27:59.000Z</time>
        <extensions>
          <ns3:TrackPointExtension>
            <ns3:hr>70</ns3:hr>
            <ns3:cad>57</ns3:cad>
          </ns3:TrackPointExtension>
        </extensions>
      </trkpt>
      <trkpt lat="46.09193843789398670196533203125" lon="11.16031087003648281097412109375">
        <ele>819</ele>
        <time>2026-02-28T10:28:04.000Z</time>
        <extensions>
          <ns3:TrackPointExtension>
            <ns3:hr>70</ns3:hr>
            <ns3:cad>56</ns3:cad>
          </ns3:TrackPointExtension>
        </extensions>
      </trkpt>
      <trkpt lat="46.09192452393472194671630859375" lon="11.16029745899140834808349609375">
        <ele>818.5999755859375</ele>
        <time>2026-02-28T10:28:06.000Z</time>
        <extensions>
          <ns3:TrackPointExtension>
            <ns3:hr>69</ns3:hr>
            <ns3:cad>56</ns3:cad>
          </ns3:TrackPointExtension>
        </extensions>
      </trkpt>
      <trkpt lat="46.09184791333973407745361328125" lon="11.1602653563022613525390625">
        <ele>818</ele>
        <time>2026-02-28T10:28:14.000Z</time>
        <extensions>
          <ns3:TrackPointExtension>
            <ns3:hr>71</ns3:hr>
            <ns3:cad>55</ns3:cad>
          </ns3:TrackPointExtension>
        </extensions>
      </trkpt>
      <trkpt lat="46.091786138713359832763671875" lon="11.16025990806519985198974609375">
        <ele>817</ele>
        <time>2026-02-28T10:28:19.000Z</time>
        <extensions>
          <ns3:TrackPointExtension>
            <ns3:hr>73</ns3:hr>
            <ns3:cad>56</ns3:cad>
          </ns3:TrackPointExtension>
        </extensions>
      </trkpt>
      <trkpt lat="46.0917676985263824462890625" lon="11.16026007570326328277587890625">
        <ele>816.5999755859375</ele>
        <time>2026-02-28T10:28:21.000Z</time>
        <extensions>
          <ns3:TrackPointExtension>
            <ns3:hr>73</ns3:hr>
            <ns3:cad>56</ns3:cad>
          </ns3:TrackPointExtension>
        </extensions>
      </trkpt>
      <trkpt lat="46.0917246155440807342529296875" lon="11.16027499549090862274169921875">
        <ele>815.79998779296875</ele>
        <time>2026-02-28T10:28:25.000Z</time>
        <extensions>
          <ns3:TrackPointExtension>
            <ns3:hr>73</ns3:hr>
            <ns3:cad>54</ns3:cad>
          </ns3:TrackPointExtension>
        </extensions>
      </trkpt>
      <trkpt lat="46.091684885323047637939453125" lon="11.1603024043142795562744140625">
        <ele>815</ele>
        <time>2026-02-28T10:28:28.000Z</time>
        <extensions>
          <ns3:TrackPointExtension>
            <ns3:hr>73</ns3:hr>
            <ns3:cad>54</ns3:cad>
          </ns3:TrackPointExtension>
        </extensions>
      </trkpt>
      <trkpt lat="46.09167558141052722930908203125" lon="11.1603181622922420501708984375">
        <ele>814.79998779296875</ele>
        <time>2026-02-28T10:28:29.000Z</time>
        <extensions>
          <ns3:TrackPointExtension>
            <ns3:hr>72</ns3:hr>
            <ns3:cad>54</ns3:cad>
          </ns3:TrackPointExtension>
        </extensions>
      </trkpt>
      <trkpt lat="46.0916545428335666656494140625" lon="11.16040416061878204345703125">
        <ele>813.5999755859375</ele>
        <time>2026-02-28T10:28:35.000Z</time>
        <extensions>
          <ns3:TrackPointExtension>
            <ns3:hr>72</ns3:hr>
            <ns3:cad>59</ns3:cad>
          </ns3:TrackPointExtension>
        </extensions>
      </trkpt>
      <trkpt lat="46.0916709713637828826904296875" lon="11.160458810627460479736328125">
        <ele>812.5999755859375</ele>
        <time>2026-02-28T10:28:38.000Z</time>
        <extensions>
          <ns3:TrackPointExtension>
            <ns3:hr>73</ns3:hr>
            <ns3:cad>57</ns3:cad>
          </ns3:TrackPointExtension>
        </extensions>
      </trkpt>
      <trkpt lat="46.09168362803757190704345703125" lon="11.1604955233633518218994140625">
        <ele>812</ele>
        <time>2026-02-28T10:28:40.000Z</time>
        <extensions>
          <ns3:TrackPointExtension>
            <ns3:hr>74</ns3:hr>
            <ns3:cad>56</ns3:cad>
          </ns3:TrackPointExtension>
        </extensions>
      </trkpt>
      <trkpt lat="46.09169787727296352386474609375" lon="11.16051681339740753173828125">
        <ele>811.4000244140625</ele>
        <time>2026-02-28T10:28:44.000Z</time>
        <extensions>
          <ns3:TrackPointExtension>
            <ns3:hr>74</ns3:hr>
            <ns3:cad>0</ns3:cad>
          </ns3:TrackPointExtension>
        </extensions>
      </trkpt>
      <trkpt lat="46.0917028225958347320556640625" lon="11.16051421500742435455322265625">
        <ele>811</ele>
        <time>2026-02-28T10:28:46.000Z</time>
        <extensions>
          <ns3:TrackPointExtension>
            <ns3:hr>74</ns3:hr>
            <ns3:cad>0</ns3:cad>
          </ns3:TrackPointExtension>
        </extensions>
      </trkpt>
      <trkpt lat="46.09170265495777130126953125" lon="11.16051614284515380859375">
        <ele>810.4000244140625</ele>
        <time>2026-02-28T10:28:51.000Z</time>
        <extensions>
          <ns3:TrackPointExtension>
            <ns3:hr>74</ns3:hr>
            <ns3:cad>0</ns3:cad>
          </ns3:TrackPointExtension>
        </extensions>
      </trkpt>
      <trkpt lat="46.09170072712004184722900390625" lon="11.16051907651126384735107421875">
        <ele>810.20001220703125</ele>
        <time>2026-02-28T10:28:53.000Z</time>
        <extensions>
          <ns3:TrackPointExtension>
            <ns3:hr>75</ns3:hr>
            <ns3:cad>0</ns3:cad>
          </ns3:TrackPointExtension>
        </extensions>
      </trkpt>
      <trkpt lat="46.09173626638948917388916015625" lon="11.16055293940007686614990234375">
        <ele>809.4000244140625</ele>
        <time>2026-02-28T10:29:01.000Z</time>
        <extensions>
          <ns3:TrackPointExtension>
            <ns3:hr>75</ns3:hr>
            <ns3:cad>0</ns3:cad>
          </ns3:TrackPointExtension>
        </extensions>
      </trkpt>
      <trkpt lat="46.0917380265891551971435546875" lon="11.16056148894131183624267578125">
        <ele>809.20001220703125</ele>
        <time>2026-02-28T10:29:02.000Z</time>
        <extensions>
          <ns3:TrackPointExtension>
            <ns3:hr>75</ns3:hr>
            <ns3:cad>0</ns3:cad>
          </ns3:TrackPointExtension>
        </extensions>
      </trkpt>
      <trkpt lat="46.0917531140148639678955078125" lon="11.1606167256832122802734375">
        <ele>808</ele>
        <time>2026-02-28T10:29:07.000Z</time>
        <extensions>
          <ns3:TrackPointExtension>
            <ns3:hr>73</ns3:hr>
            <ns3:cad>47</ns3:cad>
          </ns3:TrackPointExtension>
        </extensions>
      </trkpt>
      <trkpt lat="46.0917574726045131683349609375" lon="11.160650588572025299072265625">
        <ele>807</ele>
        <time>2026-02-28T10:29:10.000Z</time>
        <extensions>
          <ns3:TrackPointExtension>
            <ns3:hr>71</ns3:hr>
            <ns3:cad>55</ns3:cad>
          </ns3:TrackPointExtension>
        </extensions>
      </trkpt>
      <trkpt lat="46.09176099300384521484375" lon="11.16066299378871917724609375">
        <ele>806.5999755859375</ele>
        <time>2026-02-28T10:29:11.000Z</time>
        <extensions>
          <ns3:TrackPointExtension>
            <ns3:hr>71</ns3:hr>
            <ns3:cad>52</ns3:cad>
          </ns3:TrackPointExtension>
        </extensions>
      </trkpt>
      <trkpt lat="46.09177297912538051605224609375" lon="11.1606970243155956268310546875">
        <ele>805.5999755859375</ele>
        <time>2026-02-28T10:29:14.000Z</time>
        <extensions>
          <ns3:TrackPointExtension>
            <ns3:hr>71</ns3:hr>
            <ns3:cad>52</ns3:cad>
          </ns3:TrackPointExtension>
        </extensions>
      </trkpt>
      <trkpt lat="46.091792173683643341064453125" lon="11.16075192578136920928955078125">
        <ele>804.4000244140625</ele>
        <time>2026-02-28T10:29:18.000Z</time>
        <extensions>
          <ns3:TrackPointExtension>
            <ns3:hr>74</ns3:hr>
            <ns3:cad>50</ns3:cad>
          </ns3:TrackPointExtension>
        </extensions>
      </trkpt>
      <trkpt lat="46.0918097756803035736083984375" lon="11.1608086712658405303955078125">
        <ele>803.4000244140625</ele>
        <time>2026-02-28T10:29:23.000Z</time>
        <extensions>
          <ns3:TrackPointExtension>
            <ns3:hr>74</ns3:hr>
            <ns3:cad>52</ns3:cad>
          </ns3:TrackPointExtension>
        </extensions>
      </trkpt>
      <trkpt lat="46.0918114520609378814697265625" lon="11.16082099266350269317626953125">
        <ele>803.20001220703125</ele>
        <time>2026-02-28T10:29:24.000Z</time>
        <extensions>
          <ns3:TrackPointExtension>
            <ns3:hr>75</ns3:hr>
            <ns3:cad>52</ns3:cad>
          </ns3:TrackPointExtension>
        </extensions>
      </trkpt>
      <trkpt lat="46.09182595275342464447021484375" lon="11.16088385693728923797607421875">
        <ele>802.20001220703125</ele>
        <time>2026-02-28T10:29:28.000Z</time>
        <extensions>
          <ns3:TrackPointExtension>
            <ns3:hr>75</ns3:hr>
            <ns3:cad>53</ns3:cad>
          </ns3:TrackPointExtension>
        </extensions>
      </trkpt>
      <trkpt lat="46.0918359272181987762451171875" lon="11.16091302596032619476318359375">
        <ele>801.4000244140625</ele>
        <time>2026-02-28T10:29:31.000Z</time>
        <extensions>
          <ns3:TrackPointExtension>
            <ns3:hr>76</ns3:hr>
            <ns3:cad>100</ns3:cad>
          </ns3:TrackPointExtension>
        </extensions>
      </trkpt>
      <trkpt lat="46.0918369330465793609619140625" lon="11.16092375479638576507568359375">
        <ele>801.20001220703125</ele>
        <time>2026-02-28T10:29:32.000Z</time>
        <extensions>
          <ns3:TrackPointExtension>
            <ns3:hr>77</ns3:hr>
            <ns3:cad>100</ns3:cad>
          </ns3:TrackPointExtension>
        </extensions>
      </trkpt>
      <trkpt lat="46.0918372683227062225341796875" lon="11.16100019775331020355224609375">
        <ele>800</ele>
        <time>2026-02-28T10:29:37.000Z</time>
        <extensions>
          <ns3:TrackPointExtension>
            <ns3:hr>77</ns3:hr>
            <ns3:cad>53</ns3:cad>
          </ns3:TrackPointExtension>
        </extensions>
      </trkpt>
      <trkpt lat="46.09182871878147125244140625" lon="11.16108410060405731201171875">
        <ele>799</ele>
        <time>2026-02-28T10:29:43.000Z</time>
        <extensions>
          <ns3:TrackPointExtension>
            <ns3:hr>76</ns3:hr>
            <ns3:cad>50</ns3:cad>
          </ns3:TrackPointExtension>
        </extensions>
      </trkpt>
      <trkpt lat="46.0917945206165313720703125" lon="11.16113045252859592437744140625">
        <ele>797.79998779296875</ele>
        <time>2026-02-28T10:29:48.000Z</time>
        <extensions>
          <ns3:TrackPointExtension>
            <ns3:hr>77</ns3:hr>
            <ns3:cad>55</ns3:cad>
          </ns3:TrackPointExtension>
        </extensions>
      </trkpt>
      <trkpt lat="46.091784797608852386474609375" lon="11.161143779754638671875">
        <ele>797.5999755859375</ele>
        <time>2026-02-28T10:29:49.000Z</time>
        <extensions>
          <ns3:TrackPointExtension>
            <ns3:hr>76</ns3:hr>
            <ns3:cad>55</ns3:cad>
          </ns3:TrackPointExtension>
        </extensions>
      </trkpt>
      <trkpt lat="46.09177029691636562347412109375" lon="11.16120278835296630859375">
        <ele>796.5999755859375</ele>
        <time>2026-02-28T10:29:53.000Z</time>
        <extensions>
          <ns3:TrackPointExtension>
            <ns3:hr>77</ns3:hr>
            <ns3:cad>55</ns3:cad>
          </ns3:TrackPointExtension>
        </extensions>
      </trkpt>
      <trkpt lat="46.09177264384925365447998046875" lon="11.16121259517967700958251953125">
        <ele>796.4000244140625</ele>
        <time>2026-02-28T10:29:54.000Z</time>
        <extensions>
          <ns3:TrackPointExtension>
            <ns3:hr>77</ns3:hr>
            <ns3:cad>54</ns3:cad>
          </ns3:TrackPointExtension>
        </extensions>
      </trkpt>
      <trkpt lat="46.09177381731569766998291015625" lon="11.16121896542608737945556640625">
        <ele>796.4000244140625</ele>
        <time>2026-02-28T10:29:55.000Z</time>
        <extensions>
          <ns3:TrackPointExtension>
            <ns3:hr>76</ns3:hr>
            <ns3:cad>53</ns3:cad>
          </ns3:TrackPointExtension>
        </extensions>
      </trkpt>
      <trkpt lat="46.091768033802509307861328125" lon="11.16124377585947513580322265625">
        <ele>796</ele>
        <time>2026-02-28T10:29:57.000Z</time>
        <extensions>
          <ns3:TrackPointExtension>
            <ns3:hr>77</ns3:hr>
            <ns3:cad>53</ns3:cad>
          </ns3:TrackPointExtension>
        </extensions>
      </trkpt>
      <trkpt lat="46.09175437130033969879150390625" lon="11.16127110086381435394287109375">
        <ele>795.5999755859375</ele>
        <time>2026-02-28T10:29:59.000Z</time>
        <extensions>
          <ns3:TrackPointExtension>
            <ns3:hr>77</ns3:hr>
            <ns3:cad>53</ns3:cad>
          </ns3:TrackPointExtension>
        </extensions>
      </trkpt>
      <trkpt lat="46.09174020588397979736328125" lon="11.1612924747169017791748046875">
        <ele>795</ele>
        <time>2026-02-28T10:30:01.000Z</time>
        <extensions>
          <ns3:TrackPointExtension>
            <ns3:hr>76</ns3:hr>
            <ns3:cad>53</ns3:cad>
          </ns3:TrackPointExtension>
        </extensions>
      </trkpt>
      <trkpt lat="46.09172134660184383392333984375" lon="11.16132323630154132843017578125">
        <ele>794.4000244140625</ele>
        <time>2026-02-28T10:30:04.000Z</time>
        <extensions>
          <ns3:TrackPointExtension>
            <ns3:hr>77</ns3:hr>
            <ns3:cad>52</ns3:cad>
          </ns3:TrackPointExtension>
        </extensions>
      </trkpt>
      <trkpt lat="46.0916994698345661163330078125" lon="11.1613709293305873870849609375">
        <ele>793.5999755859375</ele>
        <time>2026-02-28T10:30:08.000Z</time>
        <extensions>
          <ns3:TrackPointExtension>
            <ns3:hr>76</ns3:hr>
            <ns3:cad>0</ns3:cad>
          </ns3:TrackPointExtension>
        </extensions>
      </trkpt>
      <trkpt lat="46.09169418923556804656982421875" lon="11.16138626821339130401611328125">
        <ele>793.20001220703125</ele>
        <time>2026-02-28T10:30:09.000Z</time>
        <extensions>
          <ns3:TrackPointExtension>
            <ns3:hr>76</ns3:hr>
            <ns3:cad>0</ns3:cad>
          </ns3:TrackPointExtension>
        </extensions>
      </trkpt>
      <trkpt lat="46.091672144830226898193359375" lon="11.1614373140037059783935546875">
        <ele>792.20001220703125</ele>
        <time>2026-02-28T10:30:13.000Z</time>
        <extensions>
          <ns3:TrackPointExtension>
            <ns3:hr>75</ns3:hr>
            <ns3:cad>53</ns3:cad>
          </ns3:TrackPointExtension>
        </extensions>
      </trkpt>
      <trkpt lat="46.091656722128391265869140625" lon="11.16147704422473907470703125">
        <ele>791</ele>
        <time>2026-02-28T10:30:17.000Z</time>
        <extensions>
          <ns3:TrackPointExtension>
            <ns3:hr>75</ns3:hr>
            <ns3:cad>54</ns3:cad>
          </ns3:TrackPointExtension>
        </extensions>
      </trkpt>
      <trkpt lat="46.0916454903781414031982421875" lon="11.16151400841772556304931640625">
        <ele>790.20001220703125</ele>
        <time>2026-02-28T10:30:20.000Z</time>
        <extensions>
          <ns3:TrackPointExtension>
            <ns3:hr>75</ns3:hr>
            <ns3:cad>54</ns3:cad>
          </ns3:TrackPointExtension>
        </extensions>
      </trkpt>
      <trkpt lat="46.09163937158882617950439453125" lon="11.1615321971476078033447265625">
        <ele>789.79998779296875</ele>
        <time>2026-02-28T10:30:21.000Z</time>
        <extensions>
          <ns3:TrackPointExtension>
            <ns3:hr>75</ns3:hr>
            <ns3:cad>56</ns3:cad>
          </ns3:TrackPointExtension>
        </extensions>
      </trkpt>
      <trkpt lat="46.09162579290568828582763671875" lon="11.16157318465411663055419921875">
        <ele>788.79998779296875</ele>
        <time>2026-02-28T10:30:26.000Z</time>
        <extensions>
          <ns3:TrackPointExtension>
            <ns3:hr>76</ns3:hr>
            <ns3:cad>53</ns3:cad>
          </ns3:TrackPointExtension>
        </extensions>
      </trkpt>
      <trkpt lat="46.091621182858943939208984375" lon="11.16159413941204547882080078125">
        <ele>788.5999755859375</ele>
        <time>2026-02-28T10:30:27.000Z</time>
        <extensions>
          <ns3:TrackPointExtension>
            <ns3:hr>76</ns3:hr>
            <ns3:cad>53</ns3:cad>
          </ns3:TrackPointExtension>
        </extensions>
      </trkpt>
      <trkpt lat="46.0916102863848209381103515625" lon="11.16163152270019054412841796875">
        <ele>787.5999755859375</ele>
        <time>2026-02-28T10:30:30.000Z</time>
        <extensions>
          <ns3:TrackPointExtension>
            <ns3:hr>76</ns3:hr>
            <ns3:cad>52</ns3:cad>
          </ns3:TrackPointExtension>
        </extensions>
      </trkpt>
      <trkpt lat="46.09159863553941249847412109375" lon="11.1616539023816585540771484375">
        <ele>787</ele>
        <time>2026-02-28T10:30:33.000Z</time>
        <extensions>
          <ns3:TrackPointExtension>
            <ns3:hr>76</ns3:hr>
            <ns3:cad>52</ns3:cad>
          </ns3:TrackPointExtension>
        </extensions>
      </trkpt>
      <trkpt lat="46.0915898345410823822021484375" lon="11.16168935783207416534423828125">
        <ele>786.4000244140625</ele>
        <time>2026-02-28T10:30:36.000Z</time>
        <extensions>
          <ns3:TrackPointExtension>
            <ns3:hr>76</ns3:hr>
            <ns3:cad>53</ns3:cad>
          </ns3:TrackPointExtension>
        </extensions>
      </trkpt>
      <trkpt lat="46.09157332219183444976806640625" lon="11.16173612885177135467529296875">
        <ele>785.20001220703125</ele>
        <time>2026-02-28T10:30:39.000Z</time>
        <extensions>
          <ns3:TrackPointExtension>
            <ns3:hr>75</ns3:hr>
            <ns3:cad>55</ns3:cad>
          </ns3:TrackPointExtension>
        </extensions>
      </trkpt>
      <trkpt lat="46.0915563069283962249755859375" lon="11.16177183575928211212158203125">
        <ele>784</ele>
        <time>2026-02-28T10:30:43.000Z</time>
        <extensions>
          <ns3:TrackPointExtension>
            <ns3:hr>75</ns3:hr>
            <ns3:cad>53</ns3:cad>
          </ns3:TrackPointExtension>
        </extensions>
      </trkpt>
      <trkpt lat="46.0915472544729709625244140625" lon="11.16180184297263622283935546875">
        <ele>783.20001220703125</ele>
        <time>2026-02-28T10:30:46.000Z</time>
        <extensions>
          <ns3:TrackPointExtension>
            <ns3:hr>75</ns3:hr>
            <ns3:cad>53</ns3:cad>
          </ns3:TrackPointExtension>
        </extensions>
      </trkpt>
      <trkpt lat="46.0915428958833217620849609375" lon="11.1618171818554401397705078125">
        <ele>783</ele>
        <time>2026-02-28T10:30:47.000Z</time>
        <extensions>
          <ns3:TrackPointExtension>
            <ns3:hr>75</ns3:hr>
            <ns3:cad>55</ns3:cad>
          </ns3:TrackPointExtension>
        </extensions>
      </trkpt>
      <trkpt lat="46.0915234498679637908935546875" lon="11.16185045801103115081787109375">
        <ele>781.79998779296875</ele>
        <time>2026-02-28T10:30:51.000Z</time>
        <extensions>
          <ns3:TrackPointExtension>
            <ns3:hr>76</ns3:hr>
            <ns3:cad>52</ns3:cad>
          </ns3:TrackPointExtension>
        </extensions>
      </trkpt>
      <trkpt lat="46.09151733107864856719970703125" lon="11.16186168976128101348876953125">
        <ele>781.5999755859375</ele>
        <time>2026-02-28T10:30:52.000Z</time>
        <extensions>
          <ns3:TrackPointExtension>
            <ns3:hr>76</ns3:hr>
            <ns3:cad>53</ns3:cad>
          </ns3:TrackPointExtension>
        </extensions>
      </trkpt>
      <trkpt lat="46.09149805270135402679443359375" lon="11.161901168525218963623046875">
        <ele>780.5999755859375</ele>
        <time>2026-02-28T10:30:55.000Z</time>
        <extensions>
          <ns3:TrackPointExtension>
            <ns3:hr>74</ns3:hr>
            <ns3:cad>53</ns3:cad>
          </ns3:TrackPointExtension>
        </extensions>
      </trkpt>
      <trkpt lat="46.09148204326629638671875" lon="11.16192631423473358154296875">
        <ele>779.79998779296875</ele>
        <time>2026-02-28T10:30:58.000Z</time>
        <extensions>
          <ns3:TrackPointExtension>
            <ns3:hr>72</ns3:hr>
            <ns3:cad>53</ns3:cad>
          </ns3:TrackPointExtension>
        </extensions>
      </trkpt>
      <trkpt lat="46.091479696333408355712890625" lon="11.1619311757385730743408203125">
        <ele>779.5999755859375</ele>
        <time>2026-02-28T10:30:59.000Z</time>
        <extensions>
          <ns3:TrackPointExtension>
            <ns3:hr>72</ns3:hr>
            <ns3:cad>52</ns3:cad>
          </ns3:TrackPointExtension>
        </extensions>
      </trkpt>
      <trkpt lat="46.09146737493574619293212890625" lon="11.16197585128247737884521484375">
        <ele>778.4000244140625</ele>
        <time>2026-02-28T10:31:04.000Z</time>
        <extensions>
          <ns3:TrackPointExtension>
            <ns3:hr>70</ns3:hr>
            <ns3:cad>52</ns3:cad>
          </ns3:TrackPointExtension>
        </extensions>
      </trkpt>
      <trkpt lat="46.09145865775644779205322265625" lon="11.16199529729783535003662109375">
        <ele>777.79998779296875</ele>
        <time>2026-02-28T10:31:06.000Z</time>
        <extensions>
          <ns3:TrackPointExtension>
            <ns3:hr>70</ns3:hr>
            <ns3:cad>52</ns3:cad>
          </ns3:TrackPointExtension>
        </extensions>
      </trkpt>
      <trkpt lat="46.09144994057714939117431640625" lon="11.1620143242180347442626953125">
        <ele>777.20001220703125</ele>
        <time>2026-02-28T10:31:08.000Z</time>
        <extensions>
          <ns3:TrackPointExtension>
            <ns3:hr>73</ns3:hr>
            <ns3:cad>57</ns3:cad>
          </ns3:TrackPointExtension>
        </extensions>
      </trkpt>
      <trkpt lat="46.0914315842092037200927734375" lon="11.16205237805843353271484375">
        <ele>776.20001220703125</ele>
        <time>2026-02-28T10:31:12.000Z</time>
        <extensions>
          <ns3:TrackPointExtension>
            <ns3:hr>75</ns3:hr>
            <ns3:cad>56</ns3:cad>
          </ns3:TrackPointExtension>
        </extensions>
      </trkpt>
      <trkpt lat="46.09142663888633251190185546875" lon="11.16206989623606204986572265625">
        <ele>776</ele>
        <time>2026-02-28T10:31:13.000Z</time>
        <extensions>
          <ns3:TrackPointExtension>
            <ns3:hr>75</ns3:hr>
            <ns3:cad>56</ns3:cad>
          </ns3:TrackPointExtension>
        </extensions>
      </trkpt>
      <trkpt lat="46.09141507185995578765869140625" lon="11.16211817599833011627197265625">
        <ele>774.79998779296875</ele>
        <time>2026-02-28T10:31:17.000Z</time>
        <extensions>
          <ns3:TrackPointExtension>
            <ns3:hr>75</ns3:hr>
            <ns3:cad>109</ns3:cad>
          </ns3:TrackPointExtension>
        </extensions>
      </trkpt>
      <trkpt lat="46.09141188673675060272216796875" lon="11.16213074885308742523193359375">
        <ele>774.4000244140625</ele>
        <time>2026-02-28T10:31:18.000Z</time>
        <extensions>
          <ns3:TrackPointExtension>
            <ns3:hr>75</ns3:hr>
            <ns3:cad>109</ns3:cad>
          </ns3:TrackPointExtension>
        </extensions>
      </trkpt>
      <trkpt lat="46.09140668995678424835205078125" lon="11.16217282600700855255126953125">
        <ele>773.5999755859375</ele>
        <time>2026-02-28T10:31:22.000Z</time>
        <extensions>
          <ns3:TrackPointExtension>
            <ns3:hr>76</ns3:hr>
            <ns3:cad>48</ns3:cad>
          </ns3:TrackPointExtension>
        </extensions>
      </trkpt>
      <trkpt lat="46.09140182845294475555419921875" lon="11.16222328506410121917724609375">
        <ele>772.79998779296875</ele>
        <time>2026-02-28T10:31:25.000Z</time>
        <extensions>
          <ns3:TrackPointExtension>
            <ns3:hr>76</ns3:hr>
            <ns3:cad>51</ns3:cad>
          </ns3:TrackPointExtension>
        </extensions>
      </trkpt>
      <trkpt lat="46.0914004035294055938720703125" lon="11.16223686374723911285400390625">
        <ele>772.5999755859375</ele>
        <time>2026-02-28T10:31:26.000Z</time>
        <extensions>
          <ns3:TrackPointExtension>
            <ns3:hr>76</ns3:hr>
            <ns3:cad>51</ns3:cad>
          </ns3:TrackPointExtension>
        </extensions>
      </trkpt>
      <trkpt lat="46.09139151871204376220703125" lon="11.16230391897261142730712890625">
        <ele>771.4000244140625</ele>
        <time>2026-02-28T10:31:31.000Z</time>
        <extensions>
          <ns3:TrackPointExtension>
            <ns3:hr>76</ns3:hr>
            <ns3:cad>55</ns3:cad>
          </ns3:TrackPointExtension>
        </extensions>
      </trkpt>
      <trkpt lat="46.091392524540424346923828125" lon="11.16232504136860370635986328125">
        <ele>771</ele>
        <time>2026-02-28T10:31:32.000Z</time>
        <extensions>
          <ns3:TrackPointExtension>
            <ns3:hr>76</ns3:hr>
            <ns3:cad>55</ns3:cad>
          </ns3:TrackPointExtension>
        </extensions>
      </trkpt>
      <trkpt lat="46.09137902967631816864013671875" lon="11.1623789370059967041015625">
        <ele>770.20001220703125</ele>
        <time>2026-02-28T10:31:35.000Z</time>
        <extensions>
          <ns3:TrackPointExtension>
            <ns3:hr>76</ns3:hr>
            <ns3:cad>55</ns3:cad>
          </ns3:TrackPointExtension>
        </extensions>
      </trkpt>
      <trkpt lat="46.09136478044092655181884765625" lon="11.16243015043437480926513671875">
        <ele>769.5999755859375</ele>
        <time>2026-02-28T10:31:38.000Z</time>
        <extensions>
          <ns3:TrackPointExtension>
            <ns3:hr>77</ns3:hr>
            <ns3:cad>58</ns3:cad>
          </ns3:TrackPointExtension>
        </extensions>
      </trkpt>
      <trkpt lat="46.09135908074676990509033203125" lon="11.16245982237160205841064453125">
        <ele>769.20001220703125</ele>
        <time>2026-02-28T10:31:40.000Z</time>
        <extensions>
          <ns3:TrackPointExtension>
            <ns3:hr>77</ns3:hr>
            <ns3:cad>58</ns3:cad>
          </ns3:TrackPointExtension>
        </extensions>
      </trkpt>
      <trkpt lat="46.09135656617581844329833984375" lon="11.1624927632510662078857421875">
        <ele>768.79998779296875</ele>
        <time>2026-02-28T10:31:43.000Z</time>
        <extensions>
          <ns3:TrackPointExtension>
            <ns3:hr>76</ns3:hr>
            <ns3:cad>55</ns3:cad>
          </ns3:TrackPointExtension>
        </extensions>
      </trkpt>
      <trkpt lat="46.0913467593491077423095703125" lon="11.1625715531408786773681640625">
        <ele>768.20001220703125</ele>
        <time>2026-02-28T10:31:47.000Z</time>
        <extensions>
          <ns3:TrackPointExtension>
            <ns3:hr>76</ns3:hr>
            <ns3:cad>52</ns3:cad>
          </ns3:TrackPointExtension>
        </extensions>
      </trkpt>
      <trkpt lat="46.09133519232273101806640625" lon="11.16263332776725292205810546875">
        <ele>767.5999755859375</ele>
        <time>2026-02-28T10:31:50.000Z</time>
        <extensions>
          <ns3:TrackPointExtension>
            <ns3:hr>76</ns3:hr>
            <ns3:cad>55</ns3:cad>
          </ns3:TrackPointExtension>
        </extensions>
      </trkpt>
      <trkpt lat="46.09134114347398281097412109375" lon="11.16267867386341094970703125">
        <ele>767</ele>
        <time>2026-02-28T10:31:53.000Z</time>
        <extensions>
          <ns3:TrackPointExtension>
            <ns3:hr>76</ns3:hr>
            <ns3:cad>56</ns3:cad>
          </ns3:TrackPointExtension>
        </extensions>
      </trkpt>
      <trkpt lat="46.0913591645658016204833984375" lon="11.16274765692651271820068359375">
        <ele>766.20001220703125</ele>
        <time>2026-02-28T10:31:57.000Z</time>
        <extensions>
          <ns3:TrackPointExtension>
            <ns3:hr>75</ns3:hr>
            <ns3:cad>57</ns3:cad>
          </ns3:TrackPointExtension>
        </extensions>
      </trkpt>
      <trkpt lat="46.09136394225060939788818359375" lon="11.162761487066745758056640625">
        <ele>766</ele>
        <time>2026-02-28T10:31:58.000Z</time>
        <extensions>
          <ns3:TrackPointExtension>
            <ns3:hr>75</ns3:hr>
            <ns3:cad>57</ns3:cad>
          </ns3:TrackPointExtension>
        </extensions>
      </trkpt>
      <trkpt lat="46.091398894786834716796875" lon="11.16283893585205078125">
        <ele>765</ele>
        <time>2026-02-28T10:32:04.000Z</time>
        <extensions>
          <ns3:TrackPointExtension>
            <ns3:hr>74</ns3:hr>
            <ns3:cad>55</ns3:cad>
          </ns3:TrackPointExtension>
        </extensions>
      </trkpt>
      <trkpt lat="46.09141540713608264923095703125" lon="11.16294681094586849212646484375">
        <ele>764.20001220703125</ele>
        <time>2026-02-28T10:32:10.000Z</time>
        <extensions>
          <ns3:TrackPointExtension>
            <ns3:hr>72</ns3:hr>
            <ns3:cad>58</ns3:cad>
          </ns3:TrackPointExtension>
        </extensions>
      </trkpt>
      <trkpt lat="46.09141037799417972564697265625" lon="11.16297648288309574127197265625">
        <ele>763.79998779296875</ele>
        <time>2026-02-28T10:32:12.000Z</time>
        <extensions>
          <ns3:TrackPointExtension>
            <ns3:hr>72</ns3:hr>
            <ns3:cad>58</ns3:cad>
          </ns3:TrackPointExtension>
        </extensions>
      </trkpt>
      <trkpt lat="46.0913963802158832550048828125" lon="11.16305560804903507232666015625">
        <ele>763</ele>
        <time>2026-02-28T10:32:16.000Z</time>
        <extensions>
          <ns3:TrackPointExtension>
            <ns3:hr>71</ns3:hr>
            <ns3:cad>57</ns3:cad>
          </ns3:TrackPointExtension>
        </extensions>
      </trkpt>
      <trkpt lat="46.09139478765428066253662109375" lon="11.16307270713150501251220703125">
        <ele>762.79998779296875</ele>
        <time>2026-02-28T10:32:17.000Z</time>
        <extensions>
          <ns3:TrackPointExtension>
            <ns3:hr>71</ns3:hr>
            <ns3:cad>57</ns3:cad>
          </ns3:TrackPointExtension>
        </extensions>
      </trkpt>
      <trkpt lat="46.0913755930960178375244140625" lon="11.16311595775187015533447265625">
        <ele>762.4000244140625</ele>
        <time>2026-02-28T10:32:21.000Z</time>
        <extensions>
          <ns3:TrackPointExtension>
            <ns3:hr>72</ns3:hr>
            <ns3:cad>0</ns3:cad>
          </ns3:TrackPointExtension>
        </extensions>
      </trkpt>
      <trkpt lat="46.09136528335511684417724609375" lon="11.16312249563634395599365234375">
        <ele>762.4000244140625</ele>
        <time>2026-02-28T10:32:22.000Z</time>
        <extensions>
          <ns3:TrackPointExtension>
            <ns3:hr>72</ns3:hr>
            <ns3:cad>0</ns3:cad>
          </ns3:TrackPointExtension>
        </extensions>
      </trkpt>
      <trkpt lat="46.09128984622657299041748046875" lon="11.16311863996088504791259765625">
        <ele>761.79998779296875</ele>
        <time>2026-02-28T10:32:27.000Z</time>
        <extensions>
          <ns3:TrackPointExtension>
            <ns3:hr>71</ns3:hr>
            <ns3:cad>57</ns3:cad>
          </ns3:TrackPointExtension>
        </extensions>
      </trkpt>
      <trkpt lat="46.09125531278550624847412109375" lon="11.16314210928976535797119140625">
        <ele>761.20001220703125</ele>
        <time>2026-02-28T10:32:33.000Z</time>
        <extensions>
          <ns3:TrackPointExtension>
            <ns3:hr>72</ns3:hr>
            <ns3:cad>56</ns3:cad>
          </ns3:TrackPointExtension>
        </extensions>
      </trkpt>
      <trkpt lat="46.09125330112874507904052734375" lon="11.1631460487842559814453125">
        <ele>761</ele>
        <time>2026-02-28T10:32:41.000Z</time>
        <extensions>
          <ns3:TrackPointExtension>
            <ns3:hr>69</ns3:hr>
            <ns3:cad>0</ns3:cad>
          </ns3:TrackPointExtension>
        </extensions>
      </trkpt>
      <trkpt lat="46.0912553966045379638671875" lon="11.1631482280790805816650390625">
        <ele>760.79998779296875</ele>
        <time>2026-02-28T10:32:42.000Z</time>
        <extensions>
          <ns3:TrackPointExtension>
            <ns3:hr>69</ns3:hr>
            <ns3:cad>0</ns3:cad>
          </ns3:TrackPointExtension>
        </extensions>
      </trkpt>
      <trkpt lat="46.09125279821455478668212890625" lon="11.16315384395420551300048828125">
        <ele>760.79998779296875</ele>
        <time>2026-02-28T10:32:44.000Z</time>
        <extensions>
          <ns3:TrackPointExtension>
            <ns3:hr>69</ns3:hr>
            <ns3:cad>0</ns3:cad>
          </ns3:TrackPointExtension>
        </extensions>
      </trkpt>
      <trkpt lat="46.09123234637081623077392578125" lon="11.16314697079360485076904296875">
        <ele>760.5999755859375</ele>
        <time>2026-02-28T10:32:48.000Z</time>
        <extensions>
          <ns3:TrackPointExtension>
            <ns3:hr>69</ns3:hr>
            <ns3:cad>0</ns3:cad>
          </ns3:TrackPointExtension>
        </extensions>
      </trkpt>
      <trkpt lat="46.0912099666893482208251953125" lon="11.16314001381397247314453125">
        <ele>760.5999755859375</ele>
        <time>2026-02-28T10:32:55.000Z</time>
        <extensions>
          <ns3:TrackPointExtension>
            <ns3:hr>71</ns3:hr>
            <ns3:cad>0</ns3:cad>
          </ns3:TrackPointExtension>
        </extensions>
      </trkpt>
      <trkpt lat="46.0911730863153934478759765625" lon="11.163083352148532867431640625">
        <ele>760.5999755859375</ele>
        <time>2026-02-28T10:33:01.000Z</time>
        <extensions>
          <ns3:TrackPointExtension>
            <ns3:hr>72</ns3:hr>
            <ns3:cad>47</ns3:cad>
          </ns3:TrackPointExtension>
        </extensions>
      </trkpt>
      <trkpt lat="46.0911412350833415985107421875" lon="11.1630184762179851531982421875">
        <ele>760.79998779296875</ele>
        <time>2026-02-28T10:33:07.000Z</time>
        <extensions>
          <ns3:TrackPointExtension>
            <ns3:hr>71</ns3:hr>
            <ns3:cad>48</ns3:cad>
          </ns3:TrackPointExtension>
        </extensions>
      </trkpt>
      <trkpt lat="46.09111265279352664947509765625" lon="11.16293373517692089080810546875">
        <ele>760.79998779296875</ele>
        <time>2026-02-28T10:33:13.000Z</time>
        <extensions>
          <ns3:TrackPointExtension>
            <ns3:hr>71</ns3:hr>
            <ns3:cad>0</ns3:cad>
          </ns3:TrackPointExtension>
        </extensions>
      </trkpt>
      <trkpt lat="46.0910654626786708831787109375" lon="11.16285578347742557525634765625">
        <ele>760.5999755859375</ele>
        <time>2026-02-28T10:33:20.000Z</time>
        <extensions>
          <ns3:TrackPointExtension>
            <ns3:hr>72</ns3:hr>
            <ns3:cad>54</ns3:cad>
          </ns3:TrackPointExtension>
        </extensions>
      </trkpt>
      <trkpt lat="46.09104685485363006591796875" lon="11.16273290477693080902099609375">
        <ele>759.5999755859375</ele>
        <time>2026-02-28T10:33:27.000Z</time>
        <extensions>
          <ns3:TrackPointExtension>
            <ns3:hr>71</ns3:hr>
            <ns3:cad>51</ns3:cad>
          </ns3:TrackPointExtension>
        </extensions>
      </trkpt>
      <trkpt lat="46.0910265706479549407958984375" lon="11.16261840797960758209228515625">
        <ele>759</ele>
        <time>2026-02-28T10:33:33.000Z</time>
        <extensions>
          <ns3:TrackPointExtension>
            <ns3:hr>71</ns3:hr>
            <ns3:cad>56</ns3:cad>
          </ns3:TrackPointExtension>
        </extensions>
      </trkpt>
      <trkpt lat="46.09102212823927402496337890625" lon="11.1625707149505615234375">
        <ele>758.4000244140625</ele>
        <time>2026-02-28T10:33:36.000Z</time>
        <extensions>
          <ns3:TrackPointExtension>
            <ns3:hr>71</ns3:hr>
            <ns3:cad>56</ns3:cad>
          </ns3:TrackPointExtension>
        </extensions>
      </trkpt>
      <trkpt lat="46.0910181887447834014892578125" lon="11.16253660060465335845947265625">
        <ele>758</ele>
        <time>2026-02-28T10:33:38.000Z</time>
        <extensions>
          <ns3:TrackPointExtension>
            <ns3:hr>72</ns3:hr>
            <ns3:cad>53</ns3:cad>
          </ns3:TrackPointExtension>
        </extensions>
      </trkpt>
      <trkpt lat="46.09101341105997562408447265625" lon="11.16248295642435550689697265625">
        <ele>757.20001220703125</ele>
        <time>2026-02-28T10:33:41.000Z</time>
        <extensions>
          <ns3:TrackPointExtension>
            <ns3:hr>71</ns3:hr>
            <ns3:cad>57</ns3:cad>
          </ns3:TrackPointExtension>
        </extensions>
      </trkpt>
      <trkpt lat="46.0909925401210784912109375" lon="11.1623908393085002899169921875">
        <ele>756.20001220703125</ele>
        <time>2026-02-28T10:33:46.000Z</time>
        <extensions>
          <ns3:TrackPointExtension>
            <ns3:hr>71</ns3:hr>
            <ns3:cad>57</ns3:cad>
          </ns3:TrackPointExtension>
        </extensions>
      </trkpt>
      <trkpt lat="46.0909833200275897979736328125" lon="11.1623770929872989654541015625">
        <ele>756</ele>
        <time>2026-02-28T10:33:47.000Z</time>
        <extensions>
          <ns3:TrackPointExtension>
            <ns3:hr>71</ns3:hr>
            <ns3:cad>57</ns3:cad>
          </ns3:TrackPointExtension>
        </extensions>
      </trkpt>
      <trkpt lat="46.0909387283027172088623046875" lon="11.1623190902173519134521484375">
        <ele>754.79998779296875</ele>
        <time>2026-02-28T10:33:52.000Z</time>
        <extensions>
          <ns3:TrackPointExtension>
            <ns3:hr>71</ns3:hr>
            <ns3:cad>57</ns3:cad>
          </ns3:TrackPointExtension>
        </extensions>
      </trkpt>
      <trkpt lat="46.090927831828594207763671875" lon="11.162309534847736358642578125">
        <ele>754.4000244140625</ele>
        <time>2026-02-28T10:33:53.000Z</time>
        <extensions>
          <ns3:TrackPointExtension>
            <ns3:hr>71</ns3:hr>
            <ns3:cad>57</ns3:cad>
          </ns3:TrackPointExtension>
        </extensions>
      </trkpt>
      <trkpt lat="46.0908931307494640350341796875" lon="11.1622838862240314483642578125">
        <ele>753.5999755859375</ele>
        <time>2026-02-28T10:33:56.000Z</time>
        <extensions>
          <ns3:TrackPointExtension>
            <ns3:hr>71</ns3:hr>
            <ns3:cad>57</ns3:cad>
          </ns3:TrackPointExtension>
        </extensions>
      </trkpt>
      <trkpt lat="46.090842671692371368408203125" lon="11.162292771041393280029296875">
        <ele>752.79998779296875</ele>
        <time>2026-02-28T10:34:00.000Z</time>
        <extensions>
          <ns3:TrackPointExtension>
            <ns3:hr>72</ns3:hr>
            <ns3:cad>57</ns3:cad>
          </ns3:TrackPointExtension>
        </extensions>
      </trkpt>
      <trkpt lat="46.090849377214908599853515625" lon="11.16230852901935577392578125">
        <ele>752.5999755859375</ele>
        <time>2026-02-28T10:34:05.000Z</time>
        <extensions>
          <ns3:TrackPointExtension>
            <ns3:hr>72</ns3:hr>
            <ns3:cad>0</ns3:cad>
          </ns3:TrackPointExtension>
        </extensions>
      </trkpt>
      <trkpt lat="46.09084107913076877593994140625" lon="11.162308193743228912353515625">
        <ele>752.5999755859375</ele>
        <time>2026-02-28T10:34:06.000Z</time>
        <extensions>
          <ns3:TrackPointExtension>
            <ns3:hr>73</ns3:hr>
            <ns3:cad>0</ns3:cad>
          </ns3:TrackPointExtension>
        </extensions>
      </trkpt>
      <trkpt lat="46.09083739109337329864501953125" lon="11.16230291314423084259033203125">
        <ele>752.20001220703125</ele>
        <time>2026-02-28T10:34:10.000Z</time>
        <extensions>
          <ns3:TrackPointExtension>
            <ns3:hr>73</ns3:hr>
            <ns3:cad>0</ns3:cad>
          </ns3:TrackPointExtension>
        </extensions>
      </trkpt>
      <trkpt lat="46.09083806164562702178955078125" lon="11.16229922510683536529541015625">
        <ele>751.5999755859375</ele>
        <time>2026-02-28T10:34:15.000Z</time>
        <extensions>
          <ns3:TrackPointExtension>
            <ns3:hr>74</ns3:hr>
            <ns3:cad>0</ns3:cad>
          </ns3:TrackPointExtension>
        </extensions>
      </trkpt>
      <trkpt lat="46.09083219431340694427490234375" lon="11.16230048239231109619140625">
        <ele>751.4000244140625</ele>
        <time>2026-02-28T10:34:18.000Z</time>
        <extensions>
          <ns3:TrackPointExtension>
            <ns3:hr>75</ns3:hr>
            <ns3:cad>0</ns3:cad>
          </ns3:TrackPointExtension>
        </extensions>
      </trkpt>
      <trkpt lat="46.0908153466880321502685546875" lon="11.16228011436760425567626953125">
        <ele>750.79998779296875</ele>
        <time>2026-02-28T10:34:22.000Z</time>
        <extensions>
          <ns3:TrackPointExtension>
            <ns3:hr>74</ns3:hr>
            <ns3:cad>0</ns3:cad>
          </ns3:TrackPointExtension>
        </extensions>
      </trkpt>
      <trkpt lat="46.09081350266933441162109375" lon="11.1622708104550838470458984375">
        <ele>750.5999755859375</ele>
        <time>2026-02-28T10:34:23.000Z</time>
        <extensions>
          <ns3:TrackPointExtension>
            <ns3:hr>75</ns3:hr>
            <ns3:cad>0</ns3:cad>
          </ns3:TrackPointExtension>
        </extensions>
      </trkpt>
      <trkpt lat="46.09081107191741466522216796875" lon="11.16225756704807281494140625">
        <ele>750.5999755859375</ele>
        <time>2026-02-28T10:34:24.000Z</time>
        <extensions>
          <ns3:TrackPointExtension>
            <ns3:hr>75</ns3:hr>
            <ns3:cad>0</ns3:cad>
          </ns3:TrackPointExtension>
        </extensions>
      </trkpt>
      <trkpt lat="46.09081526286900043487548828125" lon="11.162186153233051300048828125">
        <ele>749.4000244140625</ele>
        <time>2026-02-28T10:34:30.000Z</time>
        <extensions>
          <ns3:TrackPointExtension>
            <ns3:hr>75</ns3:hr>
            <ns3:cad>0</ns3:cad>
          </ns3:TrackPointExtension>
        </extensions>
      </trkpt>
      <trkpt lat="46.09081526286900043487548828125" lon="11.1621393822133541107177734375">
        <ele>748.4000244140625</ele>
        <time>2026-02-28T10:34:35.000Z</time>
        <extensions>
          <ns3:TrackPointExtension>
            <ns3:hr>74</ns3:hr>
            <ns3:cad>51</ns3:cad>
          </ns3:TrackPointExtension>
        </extensions>
      </trkpt>
      <trkpt lat="46.0907955653965473175048828125" lon="11.16210208274424076080322265625">
        <ele>747</ele>
        <time>2026-02-28T10:34:39.000Z</time>
        <extensions>
          <ns3:TrackPointExtension>
            <ns3:hr>74</ns3:hr>
            <ns3:cad>51</ns3:cad>
          </ns3:TrackPointExtension>
        </extensions>
      </trkpt>
      <trkpt lat="46.0907881893217563629150390625" lon="11.162052042782306671142578125">
        <ele>745.79998779296875</ele>
        <time>2026-02-28T10:34:42.000Z</time>
        <extensions>
          <ns3:TrackPointExtension>
            <ns3:hr>72</ns3:hr>
            <ns3:cad>48</ns3:cad>
          </ns3:TrackPointExtension>
        </extensions>
      </trkpt>
      <trkpt lat="46.0907881893217563629150390625" lon="11.16204039193689823150634765625">
        <ele>745.5999755859375</ele>
        <time>2026-02-28T10:34:43.000Z</time>
        <extensions>
          <ns3:TrackPointExtension>
            <ns3:hr>72</ns3:hr>
            <ns3:cad>51</ns3:cad>
          </ns3:TrackPointExtension>
        </extensions>
      </trkpt>
      <trkpt lat="46.09078408218920230865478515625" lon="11.16200753487646579742431640625">
        <ele>744.5999755859375</ele>
        <time>2026-02-28T10:34:46.000Z</time>
        <extensions>
          <ns3:TrackPointExtension>
            <ns3:hr>71</ns3:hr>
            <ns3:cad>53</ns3:cad>
          </ns3:TrackPointExtension>
        </extensions>
      </trkpt>
      <trkpt lat="46.090788356959819793701171875" lon="11.1619422398507595062255859375">
        <ele>743.4000244140625</ele>
        <time>2026-02-28T10:34:50.000Z</time>
        <extensions>
          <ns3:TrackPointExtension>
            <ns3:hr>72</ns3:hr>
            <ns3:cad>53</ns3:cad>
          </ns3:TrackPointExtension>
        </extensions>
      </trkpt>
      <trkpt lat="46.0908059589564800262451171875" lon="11.1619122326374053955078125">
        <ele>742.4000244140625</ele>
        <time>2026-02-28T10:34:54.000Z</time>
        <extensions>
          <ns3:TrackPointExtension>
            <ns3:hr>74</ns3:hr>
            <ns3:cad>53</ns3:cad>
          </ns3:TrackPointExtension>
        </extensions>
      </trkpt>
      <trkpt lat="46.09080889262259006500244140625" lon="11.16188650019466876983642578125">
        <ele>741.79998779296875</ele>
        <time>2026-02-28T10:34:56.000Z</time>
        <extensions>
          <ns3:TrackPointExtension>
            <ns3:hr>76</ns3:hr>
            <ns3:cad>52</ns3:cad>
          </ns3:TrackPointExtension>
        </extensions>
      </trkpt>
      <trkpt lat="46.09080822207033634185791015625" lon="11.16185397841036319732666015625">
        <ele>741.20001220703125</ele>
        <time>2026-02-28T10:34:58.000Z</time>
        <extensions>
          <ns3:TrackPointExtension>
            <ns3:hr>77</ns3:hr>
            <ns3:cad>51</ns3:cad>
          </ns3:TrackPointExtension>
        </extensions>
      </trkpt>
      <trkpt lat="46.09080067835748195648193359375" lon="11.1618141643702983856201171875">
        <ele>740</ele>
        <time>2026-02-28T10:35:02.000Z</time>
        <extensions>
          <ns3:TrackPointExtension>
            <ns3:hr>78</ns3:hr>
            <ns3:cad>53</ns3:cad>
          </ns3:TrackPointExtension>
        </extensions>
      </trkpt>
      <trkpt lat="46.09078642912209033966064453125" lon="11.1617544852197170257568359375">
        <ele>738.79998779296875</ele>
        <time>2026-02-28T10:35:06.000Z</time>
        <extensions>
          <ns3:TrackPointExtension>
            <ns3:hr>81</ns3:hr>
            <ns3:cad>58</ns3:cad>
          </ns3:TrackPointExtension>
        </extensions>
      </trkpt>
      <trkpt lat="46.09078592620790004730224609375" lon="11.16173495538532733917236328125">
        <ele>738.20001220703125</ele>
        <time>2026-02-28T10:35:08.000Z</time>
        <extensions>
          <ns3:TrackPointExtension>
            <ns3:hr>81</ns3:hr>
            <ns3:cad>53</ns3:cad>
          </ns3:TrackPointExtension>
        </extensions>
      </trkpt>
      <trkpt lat="46.0907878540456295013427734375" lon="11.16172020323574542999267578125">
        <ele>737.79998779296875</ele>
        <time>2026-02-28T10:35:10.000Z</time>
        <extensions>
          <ns3:TrackPointExtension>
            <ns3:hr>81</ns3:hr>
            <ns3:cad>53</ns3:cad>
          </ns3:TrackPointExtension>
        </extensions>
      </trkpt>
      <trkpt lat="46.0907808132469654083251953125" lon="11.16167418658733367919921875">
        <ele>736.5999755859375</ele>
        <time>2026-02-28T10:35:15.000Z</time>
        <extensions>
          <ns3:TrackPointExtension>
            <ns3:hr>81</ns3:hr>
            <ns3:cad>50</ns3:cad>
          </ns3:TrackPointExtension>
        </extensions>
      </trkpt>
      <trkpt lat="46.090762875974178314208984375" lon="11.16165784187614917755126953125">
        <ele>735.4000244140625</ele>
        <time>2026-02-28T10:35:21.000Z</time>
        <extensions>
          <ns3:TrackPointExtension>
            <ns3:hr>82</ns3:hr>
            <ns3:cad>55</ns3:cad>
          </ns3:TrackPointExtension>
        </extensions>
      </trkpt>
      <trkpt lat="46.09075524844229221343994140625" lon="11.161645352840423583984375">
        <ele>735.4000244140625</ele>
        <time>2026-02-28T10:35:22.000Z</time>
        <extensions>
          <ns3:TrackPointExtension>
            <ns3:hr>82</ns3:hr>
            <ns3:cad>56</ns3:cad>
          </ns3:TrackPointExtension>
        </extensions>
      </trkpt>
      <trkpt lat="46.0907462798058986663818359375" lon="11.16161224432289600372314453125">
        <ele>734.20001220703125</ele>
        <time>2026-02-28T10:35:26.000Z</time>
        <extensions>
          <ns3:TrackPointExtension>
            <ns3:hr>81</ns3:hr>
            <ns3:cad>56</ns3:cad>
          </ns3:TrackPointExtension>
        </extensions>
      </trkpt>
      <trkpt lat="46.0907430946826934814453125" lon="11.161594055593013763427734375">
        <ele>733.79998779296875</ele>
        <time>2026-02-28T10:35:28.000Z</time>
        <extensions>
          <ns3:TrackPointExtension>
            <ns3:hr>80</ns3:hr>
            <ns3:cad>56</ns3:cad>
          </ns3:TrackPointExtension>
        </extensions>
      </trkpt>
      <trkpt lat="46.0907422564923763275146484375" lon="11.1615774594247341156005859375">
        <ele>733.20001220703125</ele>
        <time>2026-02-28T10:35:31.000Z</time>
        <extensions>
          <ns3:TrackPointExtension>
            <ns3:hr>80</ns3:hr>
            <ns3:cad>0</ns3:cad>
          </ns3:TrackPointExtension>
        </extensions>
      </trkpt>
      <trkpt lat="46.0907385684549808502197265625" lon="11.161525659263134002685546875">
        <ele>732</ele>
        <time>2026-02-28T10:35:35.000Z</time>
        <extensions>
          <ns3:TrackPointExtension>
            <ns3:hr>80</ns3:hr>
            <ns3:cad>46</ns3:cad>
          </ns3:TrackPointExtension>
        </extensions>
      </trkpt>
      <trkpt lat="46.09073580242693424224853515625" lon="11.16151099093258380889892578125">
        <ele>731.5999755859375</ele>
        <time>2026-02-28T10:35:37.000Z</time>
        <extensions>
          <ns3:TrackPointExtension>
            <ns3:hr>80</ns3:hr>
            <ns3:cad>0</ns3:cad>
          </ns3:TrackPointExtension>
        </extensions>
      </trkpt>
      <trkpt lat="46.09073110856115818023681640625" lon="11.1614906229078769683837890625">
        <ele>731</ele>
        <time>2026-02-28T10:35:40.000Z</time>
        <extensions>
          <ns3:TrackPointExtension>
            <ns3:hr>80</ns3:hr>
            <ns3:cad>0</ns3:cad>
          </ns3:TrackPointExtension>
        </extensions>
      </trkpt>
      <trkpt lat="46.0907281748950481414794921875" lon="11.16145558655261993408203125">
        <ele>729.79998779296875</ele>
        <time>2026-02-28T10:35:44.000Z</time>
        <extensions>
          <ns3:TrackPointExtension>
            <ns3:hr>79</ns3:hr>
            <ns3:cad>52</ns3:cad>
          </ns3:TrackPointExtension>
        </extensions>
      </trkpt>
      <trkpt lat="46.09072658233344554901123046875" lon="11.1614319495856761932373046875">
        <ele>729.4000244140625</ele>
        <time>2026-02-28T10:35:46.000Z</time>
        <extensions>
          <ns3:TrackPointExtension>
            <ns3:hr>78</ns3:hr>
            <ns3:cad>57</ns3:cad>
          </ns3:TrackPointExtension>
        </extensions>
      </trkpt>
      <trkpt lat="46.0907167755067348480224609375" lon="11.16141258738934993743896484375">
        <ele>728.79998779296875</ele>
        <time>2026-02-28T10:35:49.000Z</time>
        <extensions>
          <ns3:TrackPointExtension>
            <ns3:hr>76</ns3:hr>
            <ns3:cad>59</ns3:cad>
          </ns3:TrackPointExtension>
        </extensions>
      </trkpt>
      <trkpt lat="46.09069540165364742279052734375" lon="11.16137503646314144134521484375">
        <ele>727.5999755859375</ele>
        <time>2026-02-28T10:35:54.000Z</time>
        <extensions>
          <ns3:TrackPointExtension>
            <ns3:hr>75</ns3:hr>
            <ns3:cad>58</ns3:cad>
          </ns3:TrackPointExtension>
        </extensions>
      </trkpt>
      <trkpt lat="46.09068986959755420684814453125" lon="11.161366067826747894287109375">
        <ele>727.4000244140625</ele>
        <time>2026-02-28T10:35:55.000Z</time>
        <extensions>
          <ns3:TrackPointExtension>
            <ns3:hr>76</ns3:hr>
            <ns3:cad>58</ns3:cad>
          </ns3:TrackPointExtension>
        </extensions>
      </trkpt>
      <trkpt lat="46.09066438861191272735595703125" lon="11.161329858005046844482421875">
        <ele>726.4000244140625</ele>
        <time>2026-02-28T10:35:59.000Z</time>
        <extensions>
          <ns3:TrackPointExtension>
            <ns3:hr>76</ns3:hr>
            <ns3:cad>58</ns3:cad>
          </ns3:TrackPointExtension>
        </extensions>
      </trkpt>
      <trkpt lat="46.09064427204430103302001953125" lon="11.16127596236765384674072265625">
        <ele>725.20001220703125</ele>
        <time>2026-02-28T10:36:03.000Z</time>
        <extensions>
          <ns3:TrackPointExtension>
            <ns3:hr>76</ns3:hr>
            <ns3:cad>58</ns3:cad>
          </ns3:TrackPointExtension>
        </extensions>
      </trkpt>
      <trkpt lat="46.090642176568508148193359375" lon="11.16126154549419879913330078125">
        <ele>725</ele>
        <time>2026-02-28T10:36:04.000Z</time>
        <extensions>
          <ns3:TrackPointExtension>
            <ns3:hr>76</ns3:hr>
            <ns3:cad>58</ns3:cad>
          </ns3:TrackPointExtension>
        </extensions>
      </trkpt>
      <trkpt lat="46.09063438139855861663818359375" lon="11.161227263510227203369140625">
        <ele>724</ele>
        <time>2026-02-28T10:36:08.000Z</time>
        <extensions>
          <ns3:TrackPointExtension>
            <ns3:hr>76</ns3:hr>
            <ns3:cad>58</ns3:cad>
          </ns3:TrackPointExtension>
        </extensions>
      </trkpt>
      <trkpt lat="46.09063320793211460113525390625" lon="11.16118476726114749908447265625">
        <ele>723</ele>
        <time>2026-02-28T10:36:12.000Z</time>
        <extensions>
          <ns3:TrackPointExtension>
            <ns3:hr>76</ns3:hr>
            <ns3:cad>58</ns3:cad>
          </ns3:TrackPointExtension>
        </extensions>
      </trkpt>
      <trkpt lat="46.09063086099922657012939453125" lon="11.16113841533660888671875">
        <ele>722</ele>
        <time>2026-02-28T10:36:18.000Z</time>
        <extensions>
          <ns3:TrackPointExtension>
            <ns3:hr>74</ns3:hr>
            <ns3:cad>51</ns3:cad>
          </ns3:TrackPointExtension>
        </extensions>
      </trkpt>
      <trkpt lat="46.09062767587602138519287109375" lon="11.16110463626682758331298828125">
        <ele>721</ele>
        <time>2026-02-28T10:36:22.000Z</time>
        <extensions>
          <ns3:TrackPointExtension>
            <ns3:hr>74</ns3:hr>
            <ns3:cad>51</ns3:cad>
          </ns3:TrackPointExtension>
        </extensions>
      </trkpt>
      <trkpt lat="46.09062599949538707733154296875" lon="11.1610973440110683441162109375">
        <ele>720.5999755859375</ele>
        <time>2026-02-28T10:36:23.000Z</time>
        <extensions>
          <ns3:TrackPointExtension>
            <ns3:hr>74</ns3:hr>
            <ns3:cad>0</ns3:cad>
          </ns3:TrackPointExtension>
        </extensions>
      </trkpt>
      <trkpt lat="46.0906195454299449920654296875" lon="11.16107529960572719573974609375">
        <ele>719.4000244140625</ele>
        <time>2026-02-28T10:36:28.000Z</time>
        <extensions>
          <ns3:TrackPointExtension>
            <ns3:hr>74</ns3:hr>
            <ns3:cad>0</ns3:cad>
          </ns3:TrackPointExtension>
        </extensions>
      </trkpt>
      <trkpt lat="46.09061510302126407623291015625" lon="11.1610349826514720916748046875">
        <ele>718.5999755859375</ele>
        <time>2026-02-28T10:36:31.000Z</time>
        <extensions>
          <ns3:TrackPointExtension>
            <ns3:hr>72</ns3:hr>
            <ns3:cad>0</ns3:cad>
          </ns3:TrackPointExtension>
        </extensions>
      </trkpt>
      <trkpt lat="46.09061636030673980712890625" lon="11.16102048195898532867431640625">
        <ele>718.4000244140625</ele>
        <time>2026-02-28T10:36:32.000Z</time>
        <extensions>
          <ns3:TrackPointExtension>
            <ns3:hr>71</ns3:hr>
            <ns3:cad>0</ns3:cad>
          </ns3:TrackPointExtension>
        </extensions>
      </trkpt>
      <trkpt lat="46.09058878384530544281005859375" lon="11.16097991354763507843017578125">
        <ele>717.20001220703125</ele>
        <time>2026-02-28T10:36:37.000Z</time>
        <extensions>
          <ns3:TrackPointExtension>
            <ns3:hr>68</ns3:hr>
            <ns3:cad>53</ns3:cad>
          </ns3:TrackPointExtension>
        </extensions>
      </trkpt>
      <trkpt lat="46.09058509580790996551513671875" lon="11.1609680950641632080078125">
        <ele>717</ele>
        <time>2026-02-28T10:36:38.000Z</time>
        <extensions>
          <ns3:TrackPointExtension>
            <ns3:hr>68</ns3:hr>
            <ns3:cad>52</ns3:cad>
          </ns3:TrackPointExtension>
        </extensions>
      </trkpt>
      <trkpt lat="46.09057889319956302642822265625" lon="11.16091403178870677947998046875">
        <ele>716</ele>
        <time>2026-02-28T10:36:42.000Z</time>
        <extensions>
          <ns3:TrackPointExtension>
            <ns3:hr>68</ns3:hr>
            <ns3:cad>55</ns3:cad>
          </ns3:TrackPointExtension>
        </extensions>
      </trkpt>
      <trkpt lat="46.09058140777051448822021484375" lon="11.1608822643756866455078125">
        <ele>715</ele>
        <time>2026-02-28T10:36:46.000Z</time>
        <extensions>
          <ns3:TrackPointExtension>
            <ns3:hr>69</ns3:hr>
            <ns3:cad>55</ns3:cad>
          </ns3:TrackPointExtension>
        </extensions>
      </trkpt>
      <trkpt lat="46.09058174304664134979248046875" lon="11.1608715355396270751953125">
        <ele>714.5999755859375</ele>
        <time>2026-02-28T10:36:47.000Z</time>
        <extensions>
          <ns3:TrackPointExtension>
            <ns3:hr>69</ns3:hr>
            <ns3:cad>55</ns3:cad>
          </ns3:TrackPointExtension>
        </extensions>
      </trkpt>
      <trkpt lat="46.0905776359140872955322265625" lon="11.1608358286321163177490234375">
        <ele>713.79998779296875</ele>
        <time>2026-02-28T10:36:50.000Z</time>
        <extensions>
          <ns3:TrackPointExtension>
            <ns3:hr>69</ns3:hr>
            <ns3:cad>61</ns3:cad>
          </ns3:TrackPointExtension>
        </extensions>
      </trkpt>
      <trkpt lat="46.09058023430407047271728515625" lon="11.16076399572193622589111328125">
        <ele>712.5999755859375</ele>
        <time>2026-02-28T10:36:55.000Z</time>
        <extensions>
          <ns3:TrackPointExtension>
            <ns3:hr>68</ns3:hr>
            <ns3:cad>61</ns3:cad>
          </ns3:TrackPointExtension>
        </extensions>
      </trkpt>
      <trkpt lat="46.09057520516216754913330078125" lon="11.16074211895465850830078125">
        <ele>712.20001220703125</ele>
        <time>2026-02-28T10:36:57.000Z</time>
        <extensions>
          <ns3:TrackPointExtension>
            <ns3:hr>68</ns3:hr>
            <ns3:cad>0</ns3:cad>
          </ns3:TrackPointExtension>
        </extensions>
      </trkpt>
      <trkpt lat="46.09057084657251834869384765625" lon="11.16070213727653026580810546875">
        <ele>711.4000244140625</ele>
        <time>2026-02-28T10:37:00.000Z</time>
        <extensions>
          <ns3:TrackPointExtension>
            <ns3:hr>68</ns3:hr>
            <ns3:cad>0</ns3:cad>
          </ns3:TrackPointExtension>
        </extensions>
      </trkpt>
      <trkpt lat="46.09056632034480571746826171875" lon="11.16067196242511272430419921875">
        <ele>710.4000244140625</ele>
        <time>2026-02-28T10:37:04.000Z</time>
        <extensions>
          <ns3:TrackPointExtension>
            <ns3:hr>68</ns3:hr>
            <ns3:cad>48</ns3:cad>
          </ns3:TrackPointExtension>
        </extensions>
      </trkpt>
      <trkpt lat="46.09056380577385425567626953125" lon="11.160655282437801361083984375">
        <ele>709.79998779296875</ele>
        <time>2026-02-28T10:37:07.000Z</time>
        <extensions>
          <ns3:TrackPointExtension>
            <ns3:hr>67</ns3:hr>
            <ns3:cad>52</ns3:cad>
          </ns3:TrackPointExtension>
        </extensions>
      </trkpt>
      <trkpt lat="46.09056313522160053253173828125" lon="11.1606443859636783599853515625">
        <ele>709.20001220703125</ele>
        <time>2026-02-28T10:37:10.000Z</time>
        <extensions>
          <ns3:TrackPointExtension>
            <ns3:hr>67</ns3:hr>
            <ns3:cad>50</ns3:cad>
          </ns3:TrackPointExtension>
        </extensions>
      </trkpt>
      <trkpt lat="46.09055240638554096221923828125" lon="11.160604991018772125244140625">
        <ele>708.20001220703125</ele>
        <time>2026-02-28T10:37:16.000Z</time>
        <extensions>
          <ns3:TrackPointExtension>
            <ns3:hr>66</ns3:hr>
            <ns3:cad>51</ns3:cad>
          </ns3:TrackPointExtension>
        </extensions>
      </trkpt>
      <trkpt lat="46.09052441082894802093505859375" lon="11.16054690442979335784912109375">
        <ele>707.20001220703125</ele>
        <time>2026-02-28T10:37:21.000Z</time>
        <extensions>
          <ns3:TrackPointExtension>
            <ns3:hr>66</ns3:hr>
            <ns3:cad>51</ns3:cad>
          </ns3:TrackPointExtension>
        </extensions>
      </trkpt>
      <trkpt lat="46.09051552601158618927001953125" lon="11.16051572374999523162841796875">
        <ele>706.4000244140625</ele>
        <time>2026-02-28T10:37:24.000Z</time>
        <extensions>
          <ns3:TrackPointExtension>
            <ns3:hr>66</ns3:hr>
            <ns3:cad>56</ns3:cad>
          </ns3:TrackPointExtension>
        </extensions>
      </trkpt>
      <trkpt lat="46.090512759983539581298828125" lon="11.16050541400909423828125">
        <ele>706</ele>
        <time>2026-02-28T10:37:25.000Z</time>
        <extensions>
          <ns3:TrackPointExtension>
            <ns3:hr>67</ns3:hr>
            <ns3:cad>56</ns3:cad>
          </ns3:TrackPointExtension>
        </extensions>
      </trkpt>
      <trkpt lat="46.0904998518526554107666015625" lon="11.16047297604382038116455078125">
        <ele>705</ele>
        <time>2026-02-28T10:37:29.000Z</time>
        <extensions>
          <ns3:TrackPointExtension>
            <ns3:hr>68</ns3:hr>
            <ns3:cad>59</ns3:cad>
          </ns3:TrackPointExtension>
        </extensions>
      </trkpt>
      <trkpt lat="46.09047663398087024688720703125" lon="11.1604321561753749847412109375">
        <ele>704</ele>
        <time>2026-02-28T10:37:33.000Z</time>
        <extensions>
          <ns3:TrackPointExtension>
            <ns3:hr>69</ns3:hr>
            <ns3:cad>58</ns3:cad>
          </ns3:TrackPointExtension>
        </extensions>
      </trkpt>
      <trkpt lat="46.09047445468604564666748046875" lon="11.16041916422545909881591796875">
        <ele>703.5999755859375</ele>
        <time>2026-02-28T10:37:34.000Z</time>
        <extensions>
          <ns3:TrackPointExtension>
            <ns3:hr>69</ns3:hr>
            <ns3:cad>56</ns3:cad>
          </ns3:TrackPointExtension>
        </extensions>
      </trkpt>
      <trkpt lat="46.09046607278287410736083984375" lon="11.160373985767364501953125">
        <ele>702.79998779296875</ele>
        <time>2026-02-28T10:37:38.000Z</time>
        <extensions>
          <ns3:TrackPointExtension>
            <ns3:hr>69</ns3:hr>
            <ns3:cad>54</ns3:cad>
          </ns3:TrackPointExtension>
        </extensions>
      </trkpt>
      <trkpt lat="46.0904566012322902679443359375" lon="11.16034925915300846099853515625">
        <ele>702</ele>
        <time>2026-02-28T10:37:41.000Z</time>
        <extensions>
          <ns3:TrackPointExtension>
            <ns3:hr>69</ns3:hr>
            <ns3:cad>56</ns3:cad>
          </ns3:TrackPointExtension>
        </extensions>
      </trkpt>
      <trkpt lat="46.09045668505132198333740234375" lon="11.1603476665914058685302734375">
        <ele>701.79998779296875</ele>
        <time>2026-02-28T10:37:42.000Z</time>
        <extensions>
          <ns3:TrackPointExtension>
            <ns3:hr>70</ns3:hr>
            <ns3:cad>56</ns3:cad>
          </ns3:TrackPointExtension>
        </extensions>
      </trkpt>
      <trkpt lat="46.0904592834413051605224609375" lon="11.16029125638306140899658203125">
        <ele>700.5999755859375</ele>
        <time>2026-02-28T10:37:46.000Z</time>
        <extensions>
          <ns3:TrackPointExtension>
            <ns3:hr>70</ns3:hr>
            <ns3:cad>56</ns3:cad>
          </ns3:TrackPointExtension>
        </extensions>
      </trkpt>
      <trkpt lat="46.09045366756618022918701171875" lon="11.160248927772045135498046875">
        <ele>700.20001220703125</ele>
        <time>2026-02-28T10:37:48.000Z</time>
        <extensions>
          <ns3:TrackPointExtension>
            <ns3:hr>71</ns3:hr>
            <ns3:cad>56</ns3:cad>
          </ns3:TrackPointExtension>
        </extensions>
      </trkpt>
      <trkpt lat="46.0904478840529918670654296875" lon="11.16021833382546901702880859375">
        <ele>699.4000244140625</ele>
        <time>2026-02-28T10:37:51.000Z</time>
        <extensions>
          <ns3:TrackPointExtension>
            <ns3:hr>74</ns3:hr>
            <ns3:cad>53</ns3:cad>
          </ns3:TrackPointExtension>
        </extensions>
      </trkpt>
      <trkpt lat="46.090435646474361419677734375" lon="11.1601875722408294677734375">
        <ele>698.4000244140625</ele>
        <time>2026-02-28T10:37:55.000Z</time>
        <extensions>
          <ns3:TrackPointExtension>
            <ns3:hr>75</ns3:hr>
            <ns3:cad>55</ns3:cad>
          </ns3:TrackPointExtension>
        </extensions>
      </trkpt>
      <trkpt lat="46.09042324125766754150390625" lon="11.16016016341745853424072265625">
        <ele>697.4000244140625</ele>
        <time>2026-02-28T10:37:58.000Z</time>
        <extensions>
          <ns3:TrackPointExtension>
            <ns3:hr>75</ns3:hr>
            <ns3:cad>55</ns3:cad>
          </ns3:TrackPointExtension>
        </extensions>
      </trkpt>
      <trkpt lat="46.090409494936466217041015625" lon="11.16010283119976520538330078125">
        <ele>696.20001220703125</ele>
        <time>2026-02-28T10:38:02.000Z</time>
        <extensions>
          <ns3:TrackPointExtension>
            <ns3:hr>75</ns3:hr>
            <ns3:cad>52</ns3:cad>
          </ns3:TrackPointExtension>
        </extensions>
      </trkpt>
      <trkpt lat="46.09040446579456329345703125" lon="11.16008304990828037261962890625">
        <ele>696</ele>
        <time>2026-02-28T10:38:03.000Z</time>
        <extensions>
          <ns3:TrackPointExtension>
            <ns3:hr>75</ns3:hr>
            <ns3:cad>52</ns3:cad>
          </ns3:TrackPointExtension>
        </extensions>
      </trkpt>
      <trkpt lat="46.09039507806301116943359375" lon="11.16003803908824920654296875">
        <ele>695.20001220703125</ele>
        <time>2026-02-28T10:38:06.000Z</time>
        <extensions>
          <ns3:TrackPointExtension>
            <ns3:hr>74</ns3:hr>
            <ns3:cad>110</ns3:cad>
          </ns3:TrackPointExtension>
        </extensions>
      </trkpt>
      <trkpt lat="46.09039717353880405426025390625" lon="11.159949861466884613037109375">
        <ele>694.20001220703125</ele>
        <time>2026-02-28T10:38:11.000Z</time>
        <extensions>
          <ns3:TrackPointExtension>
            <ns3:hr>76</ns3:hr>
            <ns3:cad>58</ns3:cad>
          </ns3:TrackPointExtension>
        </extensions>
      </trkpt>
      <trkpt lat="46.0904002748429775238037109375" lon="11.15991775877773761749267578125">
        <ele>693.5999755859375</ele>
        <time>2026-02-28T10:38:13.000Z</time>
        <extensions>
          <ns3:TrackPointExtension>
            <ns3:hr>77</ns3:hr>
            <ns3:cad>56</ns3:cad>
          </ns3:TrackPointExtension>
        </extensions>
      </trkpt>
      <trkpt lat="46.09040052630007266998291015625" lon="11.15988054312765598297119140625">
        <ele>693</ele>
        <time>2026-02-28T10:38:16.000Z</time>
        <extensions>
          <ns3:TrackPointExtension>
            <ns3:hr>76</ns3:hr>
            <ns3:cad>56</ns3:cad>
          </ns3:TrackPointExtension>
        </extensions>
      </trkpt>
      <trkpt lat="46.0903892107307910919189453125" lon="11.1598442494869232177734375">
        <ele>691.79998779296875</ele>
        <time>2026-02-28T10:38:21.000Z</time>
        <extensions>
          <ns3:TrackPointExtension>
            <ns3:hr>76</ns3:hr>
            <ns3:cad>53</ns3:cad>
          </ns3:TrackPointExtension>
        </extensions>
      </trkpt>
      <trkpt lat="46.090384684503078460693359375" lon="11.15983762778341770172119140625">
        <ele>691.4000244140625</ele>
        <time>2026-02-28T10:38:22.000Z</time>
        <extensions>
          <ns3:TrackPointExtension>
            <ns3:hr>76</ns3:hr>
            <ns3:cad>52</ns3:cad>
          </ns3:TrackPointExtension>
        </extensions>
      </trkpt>
      <trkpt lat="46.0903757996857166290283203125" lon="11.15981784649193286895751953125">
        <ele>690.5999755859375</ele>
        <time>2026-02-28T10:38:25.000Z</time>
        <extensions>
          <ns3:TrackPointExtension>
            <ns3:hr>76</ns3:hr>
            <ns3:cad>0</ns3:cad>
          </ns3:TrackPointExtension>
        </extensions>
      </trkpt>
      <trkpt lat="46.090359203517436981201171875" lon="11.1597847379744052886962890625">
        <ele>689.5999755859375</ele>
        <time>2026-02-28T10:38:29.000Z</time>
        <extensions>
          <ns3:TrackPointExtension>
            <ns3:hr>76</ns3:hr>
            <ns3:cad>49</ns3:cad>
          </ns3:TrackPointExtension>
        </extensions>
      </trkpt>
      <trkpt lat="46.09034906141459941864013671875" lon="11.1597418226301670074462890625">
        <ele>688.5999755859375</ele>
        <time>2026-02-28T10:38:33.000Z</time>
        <extensions>
          <ns3:TrackPointExtension>
            <ns3:hr>77</ns3:hr>
            <ns3:cad>49</ns3:cad>
          </ns3:TrackPointExtension>
        </extensions>
      </trkpt>
      <trkpt lat="46.09034411609172821044921875" lon="11.1596640385687351226806640625">
        <ele>687.4000244140625</ele>
        <time>2026-02-28T10:38:37.000Z</time>
        <extensions>
          <ns3:TrackPointExtension>
            <ns3:hr>76</ns3:hr>
            <ns3:cad>58</ns3:cad>
          </ns3:TrackPointExtension>
        </extensions>
      </trkpt>
      <trkpt lat="46.09034285880625247955322265625" lon="11.15965423174202442169189453125">
        <ele>687.20001220703125</ele>
        <time>2026-02-28T10:38:38.000Z</time>
        <extensions>
          <ns3:TrackPointExtension>
            <ns3:hr>75</ns3:hr>
            <ns3:cad>58</ns3:cad>
          </ns3:TrackPointExtension>
        </extensions>
      </trkpt>
      <trkpt lat="46.09033229760825634002685546875" lon="11.1596650443971157073974609375">
        <ele>686.20001220703125</ele>
        <time>2026-02-28T10:38:41.000Z</time>
        <extensions>
          <ns3:TrackPointExtension>
            <ns3:hr>75</ns3:hr>
            <ns3:cad>58</ns3:cad>
          </ns3:TrackPointExtension>
        </extensions>
      </trkpt>
      <trkpt lat="46.09032358042895793914794921875" lon="11.15966412238776683807373046875">
        <ele>686</ele>
        <time>2026-02-28T10:38:42.000Z</time>
        <extensions>
          <ns3:TrackPointExtension>
            <ns3:hr>75</ns3:hr>
            <ns3:cad>110</ns3:cad>
          </ns3:TrackPointExtension>
        </extensions>
      </trkpt>
      <trkpt lat="46.0903127677738666534423828125" lon="11.1596388928592205047607421875">
        <ele>685.4000244140625</ele>
        <time>2026-02-28T10:38:44.000Z</time>
        <extensions>
          <ns3:TrackPointExtension>
            <ns3:hr>76</ns3:hr>
            <ns3:cad>110</ns3:cad>
          </ns3:TrackPointExtension>
        </extensions>
      </trkpt>
      <trkpt lat="46.09031050466001033782958984375" lon="11.159622967243194580078125">
        <ele>685.20001220703125</ele>
        <time>2026-02-28T10:38:45.000Z</time>
        <extensions>
          <ns3:TrackPointExtension>
            <ns3:hr>76</ns3:hr>
            <ns3:cad>110</ns3:cad>
          </ns3:TrackPointExtension>
        </extensions>
      </trkpt>
      <trkpt lat="46.0903090797364711761474609375" lon="11.15954057313501834869384765625">
        <ele>684.20001220703125</ele>
        <time>2026-02-28T10:38:51.000Z</time>
        <extensions>
          <ns3:TrackPointExtension>
            <ns3:hr>77</ns3:hr>
            <ns3:cad>56</ns3:cad>
          </ns3:TrackPointExtension>
        </extensions>
      </trkpt>
      <trkpt lat="46.0902986861765384674072265625" lon="11.159436218440532684326171875">
        <ele>683</ele>
        <time>2026-02-28T10:38:57.000Z</time>
        <extensions>
          <ns3:TrackPointExtension>
            <ns3:hr>79</ns3:hr>
            <ns3:cad>53</ns3:cad>
          </ns3:TrackPointExtension>
        </extensions>
      </trkpt>
      <trkpt lat="46.09028787352144718170166015625" lon="11.15941601805388927459716796875">
        <ele>682.4000244140625</ele>
        <time>2026-02-28T10:38:59.000Z</time>
        <extensions>
          <ns3:TrackPointExtension>
            <ns3:hr>79</ns3:hr>
            <ns3:cad>55</ns3:cad>
          </ns3:TrackPointExtension>
        </extensions>
      </trkpt>
      <trkpt lat="46.09027546830475330352783203125" lon="11.1593974940478801727294921875">
        <ele>681.79998779296875</ele>
        <time>2026-02-28T10:39:02.000Z</time>
        <extensions>
          <ns3:TrackPointExtension>
            <ns3:hr>77</ns3:hr>
            <ns3:cad>57</ns3:cad>
          </ns3:TrackPointExtension>
        </extensions>
      </trkpt>
      <trkpt lat="46.09026423655450344085693359375" lon="11.1593399941921234130859375">
        <ele>680.5999755859375</ele>
        <time>2026-02-28T10:39:06.000Z</time>
        <extensions>
          <ns3:TrackPointExtension>
            <ns3:hr>78</ns3:hr>
            <ns3:cad>58</ns3:cad>
          </ns3:TrackPointExtension>
        </extensions>
      </trkpt>
      <trkpt lat="46.0902343131601810455322265625" lon="11.15921937860548496246337890625">
        <ele>679.5999755859375</ele>
        <time>2026-02-28T10:39:12.000Z</time>
        <extensions>
          <ns3:TrackPointExtension>
            <ns3:hr>81</ns3:hr>
            <ns3:cad>57</ns3:cad>
          </ns3:TrackPointExtension>
        </extensions>
      </trkpt>
      <trkpt lat="46.09022609889507293701171875" lon="11.15920764394104480743408203125">
        <ele>679.4000244140625</ele>
        <time>2026-02-28T10:39:13.000Z</time>
        <extensions>
          <ns3:TrackPointExtension>
            <ns3:hr>81</ns3:hr>
            <ns3:cad>57</ns3:cad>
          </ns3:TrackPointExtension>
        </extensions>
      </trkpt>
      <trkpt lat="46.09019391238689422607421875" lon="11.159167326986789703369140625">
        <ele>678.4000244140625</ele>
        <time>2026-02-28T10:39:17.000Z</time>
        <extensions>
          <ns3:TrackPointExtension>
            <ns3:hr>81</ns3:hr>
            <ns3:cad>55</ns3:cad>
          </ns3:TrackPointExtension>
        </extensions>
      </trkpt>
      <trkpt lat="46.0901615582406520843505859375" lon="11.15914863534271717071533203125">
        <ele>677.4000244140625</ele>
        <time>2026-02-28T10:39:21.000Z</time>
        <extensions>
          <ns3:TrackPointExtension>
            <ns3:hr>81</ns3:hr>
            <ns3:cad>55</ns3:cad>
          </ns3:TrackPointExtension>
        </extensions>
      </trkpt>
      <trkpt lat="46.09010749496519565582275390625" lon="11.1591339670121669769287109375">
        <ele>676.20001220703125</ele>
        <time>2026-02-28T10:39:25.000Z</time>
        <extensions>
          <ns3:TrackPointExtension>
            <ns3:hr>79</ns3:hr>
            <ns3:cad>56</ns3:cad>
          </ns3:TrackPointExtension>
        </extensions>
      </trkpt>
      <trkpt lat="46.0900779068470001220703125" lon="11.15914427675306797027587890625">
        <ele>675.5999755859375</ele>
        <time>2026-02-28T10:39:28.000Z</time>
        <extensions>
          <ns3:TrackPointExtension>
            <ns3:hr>77</ns3:hr>
            <ns3:cad>57</ns3:cad>
          </ns3:TrackPointExtension>
        </extensions>
      </trkpt>
      <trkpt lat="46.090074218809604644775390625" lon="11.15915265865623950958251953125">
        <ele>675.20001220703125</ele>
        <time>2026-02-28T10:39:29.000Z</time>
        <extensions>
          <ns3:TrackPointExtension>
            <ns3:hr>77</ns3:hr>
            <ns3:cad>57</ns3:cad>
          </ns3:TrackPointExtension>
        </extensions>
      </trkpt>
      <trkpt lat="46.09004479832947254180908203125" lon="11.1591869406402111053466796875">
        <ele>674.20001220703125</ele>
        <time>2026-02-28T10:39:33.000Z</time>
        <extensions>
          <ns3:TrackPointExtension>
            <ns3:hr>77</ns3:hr>
            <ns3:cad>57</ns3:cad>
          </ns3:TrackPointExtension>
        </extensions>
      </trkpt>
      <trkpt lat="46.09003239311277866363525390625" lon="11.15920445881783962249755859375">
        <ele>673.79998779296875</ele>
        <time>2026-02-28T10:39:35.000Z</time>
        <extensions>
          <ns3:TrackPointExtension>
            <ns3:hr>77</ns3:hr>
            <ns3:cad>57</ns3:cad>
          </ns3:TrackPointExtension>
        </extensions>
      </trkpt>
      <trkpt lat="46.09002359211444854736328125" lon="11.159218959510326385498046875">
        <ele>673.4000244140625</ele>
        <time>2026-02-28T10:39:36.000Z</time>
        <extensions>
          <ns3:TrackPointExtension>
            <ns3:hr>77</ns3:hr>
            <ns3:cad>57</ns3:cad>
          </ns3:TrackPointExtension>
        </extensions>
      </trkpt>
      <trkpt lat="46.0900123603641986846923828125" lon="11.15923874080181121826171875">
        <ele>673.20001220703125</ele>
        <time>2026-02-28T10:39:37.000Z</time>
        <extensions>
          <ns3:TrackPointExtension>
            <ns3:hr>78</ns3:hr>
            <ns3:cad>57</ns3:cad>
          </ns3:TrackPointExtension>
        </extensions>
      </trkpt>
      <trkpt lat="46.0899888910353183746337890625" lon="11.15928961895406246185302734375">
        <ele>672</ele>
        <time>2026-02-28T10:39:41.000Z</time>
        <extensions>
          <ns3:TrackPointExtension>
            <ns3:hr>78</ns3:hr>
            <ns3:cad>59</ns3:cad>
          </ns3:TrackPointExtension>
        </extensions>
      </trkpt>
      <trkpt lat="46.0899840295314788818359375" lon="11.159306131303310394287109375">
        <ele>671.79998779296875</ele>
        <time>2026-02-28T10:39:42.000Z</time>
        <extensions>
          <ns3:TrackPointExtension>
            <ns3:hr>78</ns3:hr>
            <ns3:cad>59</ns3:cad>
          </ns3:TrackPointExtension>
        </extensions>
      </trkpt>
      <trkpt lat="46.0899697802960872650146484375" lon="11.15936907939612865447998046875">
        <ele>670.79998779296875</ele>
        <time>2026-02-28T10:39:47.000Z</time>
        <extensions>
          <ns3:TrackPointExtension>
            <ns3:hr>78</ns3:hr>
            <ns3:cad>52</ns3:cad>
          </ns3:TrackPointExtension>
        </extensions>
      </trkpt>
      <trkpt lat="46.089969612658023834228515625" lon="11.1593748629093170166015625">
        <ele>670.5999755859375</ele>
        <time>2026-02-28T10:39:48.000Z</time>
        <extensions>
          <ns3:TrackPointExtension>
            <ns3:hr>79</ns3:hr>
            <ns3:cad>53</ns3:cad>
          </ns3:TrackPointExtension>
        </extensions>
      </trkpt>
      <trkpt lat="46.08996517024934291839599609375" lon="11.15938819013535976409912109375">
        <ele>669.79998779296875</ele>
        <time>2026-02-28T10:39:51.000Z</time>
        <extensions>
          <ns3:TrackPointExtension>
            <ns3:hr>79</ns3:hr>
            <ns3:cad>56</ns3:cad>
          </ns3:TrackPointExtension>
        </extensions>
      </trkpt>
      <trkpt lat="46.089939773082733154296875" lon="11.159416772425174713134765625">
        <ele>669.20001220703125</ele>
        <time>2026-02-28T10:39:55.000Z</time>
        <extensions>
          <ns3:TrackPointExtension>
            <ns3:hr>79</ns3:hr>
            <ns3:cad>57</ns3:cad>
          </ns3:TrackPointExtension>
        </extensions>
      </trkpt>
      <trkpt lat="46.0899308882653713226318359375" lon="11.15944066084921360015869140625">
        <ele>668.79998779296875</ele>
        <time>2026-02-28T10:39:58.000Z</time>
        <extensions>
          <ns3:TrackPointExtension>
            <ns3:hr>78</ns3:hr>
            <ns3:cad>53</ns3:cad>
          </ns3:TrackPointExtension>
        </extensions>
      </trkpt>
      <trkpt lat="46.08993097208440303802490234375" lon="11.15945122204720973968505859375">
        <ele>668.4000244140625</ele>
        <time>2026-02-28T10:40:00.000Z</time>
        <extensions>
          <ns3:TrackPointExtension>
            <ns3:hr>77</ns3:hr>
            <ns3:cad>0</ns3:cad>
          </ns3:TrackPointExtension>
        </extensions>
      </trkpt>
      <trkpt lat="46.0899151302874088287353515625" lon="11.15950570441782474517822265625">
        <ele>667.5999755859375</ele>
        <time>2026-02-28T10:40:05.000Z</time>
        <extensions>
          <ns3:TrackPointExtension>
            <ns3:hr>76</ns3:hr>
            <ns3:cad>55</ns3:cad>
          </ns3:TrackPointExtension>
        </extensions>
      </trkpt>
      <trkpt lat="46.0899074189364910125732421875" lon="11.1595202051103115081787109375">
        <ele>667.4000244140625</ele>
        <time>2026-02-28T10:40:06.000Z</time>
        <extensions>
          <ns3:TrackPointExtension>
            <ns3:hr>76</ns3:hr>
            <ns3:cad>52</ns3:cad>
          </ns3:TrackPointExtension>
        </extensions>
      </trkpt>
      <trkpt lat="46.08989777974784374237060546875" lon="11.15955113433301448822021484375">
        <ele>666.4000244140625</ele>
        <time>2026-02-28T10:40:10.000Z</time>
        <extensions>
          <ns3:TrackPointExtension>
            <ns3:hr>76</ns3:hr>
            <ns3:cad>50</ns3:cad>
          </ns3:TrackPointExtension>
        </extensions>
      </trkpt>
      <trkpt lat="46.08988411724567413330078125" lon="11.15959153510630130767822265625">
        <ele>665.79998779296875</ele>
        <time>2026-02-28T10:40:13.000Z</time>
        <extensions>
          <ns3:TrackPointExtension>
            <ns3:hr>74</ns3:hr>
            <ns3:cad>50</ns3:cad>
          </ns3:TrackPointExtension>
        </extensions>
      </trkpt>
      <trkpt lat="46.0898759029805660247802734375" lon="11.1596140824258327484130859375">
        <ele>665.4000244140625</ele>
        <time>2026-02-28T10:40:15.000Z</time>
        <extensions>
          <ns3:TrackPointExtension>
            <ns3:hr>72</ns3:hr>
            <ns3:cad>54</ns3:cad>
          </ns3:TrackPointExtension>
        </extensions>
      </trkpt>
      <trkpt lat="46.0898604802787303924560546875" lon="11.1596626974642276763916015625">
        <ele>664.4000244140625</ele>
        <time>2026-02-28T10:40:19.000Z</time>
        <extensions>
          <ns3:TrackPointExtension>
            <ns3:hr>71</ns3:hr>
            <ns3:cad>55</ns3:cad>
          </ns3:TrackPointExtension>
        </extensions>
      </trkpt>
      <trkpt lat="46.08985587023198604583740234375" lon="11.159678958356380462646484375">
        <ele>664.20001220703125</ele>
        <time>2026-02-28T10:40:20.000Z</time>
        <extensions>
          <ns3:TrackPointExtension>
            <ns3:hr>71</ns3:hr>
            <ns3:cad>57</ns3:cad>
          </ns3:TrackPointExtension>
        </extensions>
      </trkpt>
      <trkpt lat="46.0898458957672119140625" lon="11.1597468517720699310302734375">
        <ele>663.20001220703125</ele>
        <time>2026-02-28T10:40:24.000Z</time>
        <extensions>
          <ns3:TrackPointExtension>
            <ns3:hr>70</ns3:hr>
            <ns3:cad>54</ns3:cad>
          </ns3:TrackPointExtension>
        </extensions>
      </trkpt>
      <trkpt lat="46.089832819998264312744140625" lon="11.15978934802114963531494140625">
        <ele>662.4000244140625</ele>
        <time>2026-02-28T10:40:27.000Z</time>
        <extensions>
          <ns3:TrackPointExtension>
            <ns3:hr>69</ns3:hr>
            <ns3:cad>57</ns3:cad>
          </ns3:TrackPointExtension>
        </extensions>
      </trkpt>
      <trkpt lat="46.089827455580234527587890625" lon="11.15980225615203380584716796875">
        <ele>662.20001220703125</ele>
        <time>2026-02-28T10:40:28.000Z</time>
        <extensions>
          <ns3:TrackPointExtension>
            <ns3:hr>70</ns3:hr>
            <ns3:cad>57</ns3:cad>
          </ns3:TrackPointExtension>
        </extensions>
      </trkpt>
      <trkpt lat="46.08980306424200534820556640625" lon="11.15988272242248058319091796875">
        <ele>661</ele>
        <time>2026-02-28T10:40:33.000Z</time>
        <extensions>
          <ns3:TrackPointExtension>
            <ns3:hr>69</ns3:hr>
            <ns3:cad>57</ns3:cad>
          </ns3:TrackPointExtension>
        </extensions>
      </trkpt>
      <trkpt lat="46.08979870565235614776611328125" lon="11.15990258753299713134765625">
        <ele>660.79998779296875</ele>
        <time>2026-02-28T10:40:34.000Z</time>
        <extensions>
          <ns3:TrackPointExtension>
            <ns3:hr>69</ns3:hr>
            <ns3:cad>56</ns3:cad>
          </ns3:TrackPointExtension>
        </extensions>
      </trkpt>
      <trkpt lat="46.089795939624309539794921875" lon="11.1599409766495227813720703125">
        <ele>660</ele>
        <time>2026-02-28T10:40:38.000Z</time>
        <extensions>
          <ns3:TrackPointExtension>
            <ns3:hr>70</ns3:hr>
            <ns3:cad>59</ns3:cad>
          </ns3:TrackPointExtension>
        </extensions>
      </trkpt>
      <trkpt lat="46.0897894017398357391357421875" lon="11.1599768511950969696044921875">
        <ele>659.4000244140625</ele>
        <time>2026-02-28T10:40:40.000Z</time>
        <extensions>
          <ns3:TrackPointExtension>
            <ns3:hr>69</ns3:hr>
            <ns3:cad>59</ns3:cad>
          </ns3:TrackPointExtension>
        </extensions>
      </trkpt>
      <trkpt lat="46.08978630043566226959228515625" lon="11.16001130081713199615478515625">
        <ele>658.79998779296875</ele>
        <time>2026-02-28T10:40:43.000Z</time>
        <extensions>
          <ns3:TrackPointExtension>
            <ns3:hr>70</ns3:hr>
            <ns3:cad>57</ns3:cad>
          </ns3:TrackPointExtension>
        </extensions>
      </trkpt>
      <trkpt lat="46.08978713862597942352294921875" lon="11.1600563116371631622314453125">
        <ele>658.20001220703125</ele>
        <time>2026-02-28T10:40:46.000Z</time>
        <extensions>
          <ns3:TrackPointExtension>
            <ns3:hr>70</ns3:hr>
            <ns3:cad>55</ns3:cad>
          </ns3:TrackPointExtension>
        </extensions>
      </trkpt>
      <trkpt lat="46.08977858908474445343017578125" lon="11.16011154837906360626220703125">
        <ele>657.5999755859375</ele>
        <time>2026-02-28T10:40:49.000Z</time>
        <extensions>
          <ns3:TrackPointExtension>
            <ns3:hr>71</ns3:hr>
            <ns3:cad>55</ns3:cad>
          </ns3:TrackPointExtension>
        </extensions>
      </trkpt>
      <trkpt lat="46.08975268900394439697265625" lon="11.1601924337446689605712890625">
        <ele>656.79998779296875</ele>
        <time>2026-02-28T10:40:54.000Z</time>
        <extensions>
          <ns3:TrackPointExtension>
            <ns3:hr>70</ns3:hr>
            <ns3:cad>58</ns3:cad>
          </ns3:TrackPointExtension>
        </extensions>
      </trkpt>
      <trkpt lat="46.089746989309787750244140625" lon="11.1602115444839000701904296875">
        <ele>656.5999755859375</ele>
        <time>2026-02-28T10:40:55.000Z</time>
        <extensions>
          <ns3:TrackPointExtension>
            <ns3:hr>70</ns3:hr>
            <ns3:cad>58</ns3:cad>
          </ns3:TrackPointExtension>
        </extensions>
      </trkpt>
      <trkpt lat="46.08973030932247638702392578125" lon="11.160304248332977294921875">
        <ele>655.4000244140625</ele>
        <time>2026-02-28T10:41:00.000Z</time>
        <extensions>
          <ns3:TrackPointExtension>
            <ns3:hr>70</ns3:hr>
            <ns3:cad>57</ns3:cad>
          </ns3:TrackPointExtension>
        </extensions>
      </trkpt>
      <trkpt lat="46.08971589244902133941650390625" lon="11.16035412065684795379638671875">
        <ele>654.79998779296875</ele>
        <time>2026-02-28T10:41:03.000Z</time>
        <extensions>
          <ns3:TrackPointExtension>
            <ns3:hr>70</ns3:hr>
            <ns3:cad>58</ns3:cad>
          </ns3:TrackPointExtension>
        </extensions>
      </trkpt>
      <trkpt lat="46.08970114029943943023681640625" lon="11.1604117043316364288330078125">
        <ele>654.20001220703125</ele>
        <time>2026-02-28T10:41:07.000Z</time>
        <extensions>
          <ns3:TrackPointExtension>
            <ns3:hr>70</ns3:hr>
            <ns3:cad>58</ns3:cad>
          </ns3:TrackPointExtension>
        </extensions>
      </trkpt>
      <trkpt lat="46.089693009853363037109375" lon="11.1604557931423187255859375">
        <ele>653.79998779296875</ele>
        <time>2026-02-28T10:41:10.000Z</time>
        <extensions>
          <ns3:TrackPointExtension>
            <ns3:hr>70</ns3:hr>
            <ns3:cad>57</ns3:cad>
          </ns3:TrackPointExtension>
        </extensions>
      </trkpt>
      <trkpt lat="46.08968487940728664398193359375" lon="11.1605032347142696380615234375">
        <ele>653.20001220703125</ele>
        <time>2026-02-28T10:41:13.000Z</time>
        <extensions>
          <ns3:TrackPointExtension>
            <ns3:hr>69</ns3:hr>
            <ns3:cad>57</ns3:cad>
          </ns3:TrackPointExtension>
        </extensions>
      </trkpt>
      <trkpt lat="46.08966283500194549560546875" lon="11.16059065796434879302978515625">
        <ele>652.20001220703125</ele>
        <time>2026-02-28T10:41:18.000Z</time>
        <extensions>
          <ns3:TrackPointExtension>
            <ns3:hr>68</ns3:hr>
            <ns3:cad>59</ns3:cad>
          </ns3:TrackPointExtension>
        </extensions>
      </trkpt>
      <trkpt lat="46.0896566323935985565185546875" lon="11.16062334738671779632568359375">
        <ele>651.79998779296875</ele>
        <time>2026-02-28T10:41:20.000Z</time>
        <extensions>
          <ns3:TrackPointExtension>
            <ns3:hr>69</ns3:hr>
            <ns3:cad>59</ns3:cad>
          </ns3:TrackPointExtension>
        </extensions>
      </trkpt>
      <trkpt lat="46.08963198959827423095703125" lon="11.16072476841509342193603515625">
        <ele>651</ele>
        <time>2026-02-28T10:41:25.000Z</time>
        <extensions>
          <ns3:TrackPointExtension>
            <ns3:hr>69</ns3:hr>
            <ns3:cad>59</ns3:cad>
          </ns3:TrackPointExtension>
        </extensions>
      </trkpt>
      <trkpt lat="46.08962821774184703826904296875" lon="11.160741783678531646728515625">
        <ele>650.79998779296875</ele>
        <time>2026-02-28T10:41:26.000Z</time>
        <extensions>
          <ns3:TrackPointExtension>
            <ns3:hr>69</ns3:hr>
            <ns3:cad>58</ns3:cad>
          </ns3:TrackPointExtension>
        </extensions>
      </trkpt>
      <trkpt lat="46.0896106995642185211181640625" lon="11.16081059910356998443603515625">
        <ele>650</ele>
        <time>2026-02-28T10:41:30.000Z</time>
        <extensions>
          <ns3:TrackPointExtension>
            <ns3:hr>69</ns3:hr>
            <ns3:cad>58</ns3:cad>
          </ns3:TrackPointExtension>
        </extensions>
      </trkpt>
      <trkpt lat="46.08958773314952850341796875" lon="11.16089659743010997772216796875">
        <ele>649</ele>
        <time>2026-02-28T10:41:35.000Z</time>
        <extensions>
          <ns3:TrackPointExtension>
            <ns3:hr>69</ns3:hr>
            <ns3:cad>61</ns3:cad>
          </ns3:TrackPointExtension>
        </extensions>
      </trkpt>
      <trkpt lat="46.08958379365503787994384765625" lon="11.16091419942677021026611328125">
        <ele>648.79998779296875</ele>
        <time>2026-02-28T10:41:36.000Z</time>
        <extensions>
          <ns3:TrackPointExtension>
            <ns3:hr>69</ns3:hr>
            <ns3:cad>60</ns3:cad>
          </ns3:TrackPointExtension>
        </extensions>
      </trkpt>
      <trkpt lat="46.08956015668809413909912109375" lon="11.16103984415531158447265625">
        <ele>647.79998779296875</ele>
        <time>2026-02-28T10:41:42.000Z</time>
        <extensions>
          <ns3:TrackPointExtension>
            <ns3:hr>69</ns3:hr>
            <ns3:cad>58</ns3:cad>
          </ns3:TrackPointExtension>
        </extensions>
      </trkpt>
      <trkpt lat="46.08954615890979766845703125" lon="11.16108267568051815032958984375">
        <ele>647.4000244140625</ele>
        <time>2026-02-28T10:41:44.000Z</time>
        <extensions>
          <ns3:TrackPointExtension>
            <ns3:hr>70</ns3:hr>
            <ns3:cad>58</ns3:cad>
          </ns3:TrackPointExtension>
        </extensions>
      </trkpt>
      <trkpt lat="46.089523695409297943115234375" lon="11.16114621050655841827392578125">
        <ele>646.79998779296875</ele>
        <time>2026-02-28T10:41:48.000Z</time>
        <extensions>
          <ns3:TrackPointExtension>
            <ns3:hr>70</ns3:hr>
            <ns3:cad>60</ns3:cad>
          </ns3:TrackPointExtension>
        </extensions>
      </trkpt>
      <trkpt lat="46.08948136679828166961669921875" lon="11.16121008060872554779052734375">
        <ele>645.5999755859375</ele>
        <time>2026-02-28T10:41:53.000Z</time>
        <extensions>
          <ns3:TrackPointExtension>
            <ns3:hr>70</ns3:hr>
            <ns3:cad>59</ns3:cad>
          </ns3:TrackPointExtension>
        </extensions>
      </trkpt>
      <trkpt lat="46.08943845145404338836669921875" lon="11.16125584580004215240478515625">
        <ele>644.4000244140625</ele>
        <time>2026-02-28T10:41:58.000Z</time>
        <extensions>
          <ns3:TrackPointExtension>
            <ns3:hr>71</ns3:hr>
            <ns3:cad>57</ns3:cad>
          </ns3:TrackPointExtension>
        </extensions>
      </trkpt>
      <trkpt lat="46.0894065164029598236083984375" lon="11.1612685024738311767578125">
        <ele>643.5999755859375</ele>
        <time>2026-02-28T10:42:01.000Z</time>
        <extensions>
          <ns3:TrackPointExtension>
            <ns3:hr>71</ns3:hr>
            <ns3:cad>58</ns3:cad>
          </ns3:TrackPointExtension>
        </extensions>
      </trkpt>
      <trkpt lat="46.0893966257572174072265625" lon="11.1612669937312602996826171875">
        <ele>643.20001220703125</ele>
        <time>2026-02-28T10:42:02.000Z</time>
        <extensions>
          <ns3:TrackPointExtension>
            <ns3:hr>70</ns3:hr>
            <ns3:cad>58</ns3:cad>
          </ns3:TrackPointExtension>
        </extensions>
      </trkpt>
      <trkpt lat="46.08933535404503345489501953125" lon="11.16125752218067646026611328125">
        <ele>642</ele>
        <time>2026-02-28T10:42:07.000Z</time>
        <extensions>
          <ns3:TrackPointExtension>
            <ns3:hr>70</ns3:hr>
            <ns3:cad>60</ns3:cad>
          </ns3:TrackPointExtension>
        </extensions>
      </trkpt>
      <trkpt lat="46.08929595910012722015380859375" lon="11.1612550914287567138671875">
        <ele>641.4000244140625</ele>
        <time>2026-02-28T10:42:10.000Z</time>
        <extensions>
          <ns3:TrackPointExtension>
            <ns3:hr>70</ns3:hr>
            <ns3:cad>61</ns3:cad>
          </ns3:TrackPointExtension>
        </extensions>
      </trkpt>
      <trkpt lat="46.0892646946012973785400390625" lon="11.1612569354474544525146484375">
        <ele>641</ele>
        <time>2026-02-28T10:42:12.000Z</time>
        <extensions>
          <ns3:TrackPointExtension>
            <ns3:hr>70</ns3:hr>
            <ns3:cad>60</ns3:cad>
          </ns3:TrackPointExtension>
        </extensions>
      </trkpt>
      <trkpt lat="46.089150197803974151611328125" lon="11.16127990186214447021484375">
        <ele>639.79998779296875</ele>
        <time>2026-02-28T10:42:19.000Z</time>
        <extensions>
          <ns3:TrackPointExtension>
            <ns3:hr>69</ns3:hr>
            <ns3:cad>60</ns3:cad>
          </ns3:TrackPointExtension>
        </extensions>
      </trkpt>
      <trkpt lat="46.08911566436290740966796875" lon="11.1613149382174015045166015625">
        <ele>638.5999755859375</ele>
        <time>2026-02-28T10:42:26.000Z</time>
        <extensions>
          <ns3:TrackPointExtension>
            <ns3:hr>70</ns3:hr>
            <ns3:cad>54</ns3:cad>
          </ns3:TrackPointExtension>
        </extensions>
      </trkpt>
      <trkpt lat="46.08911222778260707855224609375" lon="11.16131518967449665069580078125">
        <ele>638.5999755859375</ele>
        <time>2026-02-28T10:42:27.000Z</time>
        <extensions>
          <ns3:TrackPointExtension>
            <ns3:hr>69</ns3:hr>
            <ns3:cad>54</ns3:cad>
          </ns3:TrackPointExtension>
        </extensions>
      </trkpt>
      <trkpt lat="46.08907735906541347503662109375" lon="11.161343269050121307373046875">
        <ele>638.20001220703125</ele>
        <time>2026-02-28T10:42:34.000Z</time>
        <extensions>
          <ns3:TrackPointExtension>
            <ns3:hr>70</ns3:hr>
            <ns3:cad>0</ns3:cad>
          </ns3:TrackPointExtension>
        </extensions>
      </trkpt>
      <trkpt lat="46.08906512148678302764892578125" lon="11.16136036813259124755859375">
        <ele>637.5999755859375</ele>
        <time>2026-02-28T10:42:37.000Z</time>
        <extensions>
          <ns3:TrackPointExtension>
            <ns3:hr>73</ns3:hr>
            <ns3:cad>54</ns3:cad>
          </ns3:TrackPointExtension>
        </extensions>
      </trkpt>
      <trkpt lat="46.0890641994774341583251953125" lon="11.16136313416063785552978515625">
        <ele>637.5999755859375</ele>
        <time>2026-02-28T10:42:38.000Z</time>
        <extensions>
          <ns3:TrackPointExtension>
            <ns3:hr>78</ns3:hr>
            <ns3:cad>54</ns3:cad>
          </ns3:TrackPointExtension>
        </extensions>
      </trkpt>
      <trkpt lat="46.08905171044170856475830078125" lon="11.16137235425412654876708984375">
        <ele>637.4000244140625</ele>
        <time>2026-02-28T10:42:41.000Z</time>
        <extensions>
          <ns3:TrackPointExtension>
            <ns3:hr>83</ns3:hr>
            <ns3:cad>0</ns3:cad>
          </ns3:TrackPointExtension>
        </extensions>
      </trkpt>
      <trkpt lat="46.089049279689788818359375" lon="11.161371767520904541015625">
        <ele>637.4000244140625</ele>
        <time>2026-02-28T10:42:42.000Z</time>
        <extensions>
          <ns3:TrackPointExtension>
            <ns3:hr>87</ns3:hr>
            <ns3:cad>0</ns3:cad>
          </ns3:TrackPointExtension>
        </extensions>
      </trkpt>
      <trkpt lat="46.08904064632952213287353515625" lon="11.16137604229152202606201171875">
        <ele>637.20001220703125</ele>
        <time>2026-02-28T10:42:43.000Z</time>
        <extensions>
          <ns3:TrackPointExtension>
            <ns3:hr>88</ns3:hr>
            <ns3:cad>0</ns3:cad>
          </ns3:TrackPointExtension>
        </extensions>
      </trkpt>
      <trkpt lat="46.08901617117226123809814453125" lon="11.16138945333659648895263671875">
        <ele>637</ele>
        <time>2026-02-28T10:42:45.000Z</time>
        <extensions>
          <ns3:TrackPointExtension>
            <ns3:hr>91</ns3:hr>
            <ns3:cad>0</ns3:cad>
          </ns3:TrackPointExtension>
        </extensions>
      </trkpt>
      <trkpt lat="46.0889572463929653167724609375" lon="11.1614326201379299163818359375">
        <ele>636.5999755859375</ele>
        <time>2026-02-28T10:42:49.000Z</time>
        <extensions>
          <ns3:TrackPointExtension>
            <ns3:hr>90</ns3:hr>
            <ns3:cad>0</ns3:cad>
          </ns3:TrackPointExtension>
        </extensions>
      </trkpt>
      <trkpt lat="46.0889438353478908538818359375" lon="11.1614416725933551788330078125">
        <ele>636.4000244140625</ele>
        <time>2026-02-28T10:42:50.000Z</time>
        <extensions>
          <ns3:TrackPointExtension>
            <ns3:hr>90</ns3:hr>
            <ns3:cad>55</ns3:cad>
          </ns3:TrackPointExtension>
        </extensions>
      </trkpt>
      <trkpt lat="46.08890837989747524261474609375" lon="11.16147167980670928955078125">
        <ele>636</ele>
        <time>2026-02-28T10:42:55.000Z</time>
        <extensions>
          <ns3:TrackPointExtension>
            <ns3:hr>92</ns3:hr>
            <ns3:cad>0</ns3:cad>
          </ns3:TrackPointExtension>
        </extensions>
      </trkpt>
      <trkpt lat="46.088871248066425323486328125" lon="11.161496154963970184326171875">
        <ele>635.5999755859375</ele>
        <time>2026-02-28T10:42:58.000Z</time>
        <extensions>
          <ns3:TrackPointExtension>
            <ns3:hr>92</ns3:hr>
            <ns3:cad>0</ns3:cad>
          </ns3:TrackPointExtension>
        </extensions>
      </trkpt>
      <trkpt lat="46.088854484260082244873046875" lon="11.1615057103335857391357421875">
        <ele>635</ele>
        <time>2026-02-28T10:43:01.000Z</time>
        <extensions>
          <ns3:TrackPointExtension>
            <ns3:hr>92</ns3:hr>
            <ns3:cad>51</ns3:cad>
          </ns3:TrackPointExtension>
        </extensions>
      </trkpt>
      <trkpt lat="46.08886311762034893035888671875" lon="11.1615013517439365386962890625">
        <ele>635</ele>
        <time>2026-02-28T10:43:10.000Z</time>
        <extensions>
          <ns3:TrackPointExtension>
            <ns3:hr>90</ns3:hr>
            <ns3:cad>0</ns3:cad>
          </ns3:TrackPointExtension>
        </extensions>
      </trkpt>
      <trkpt lat="46.0888308472931385040283203125" lon="11.16154099814593791961669921875">
        <ele>634.4000244140625</ele>
        <time>2026-02-28T10:43:15.000Z</time>
        <extensions>
          <ns3:TrackPointExtension>
            <ns3:hr>89</ns3:hr>
            <ns3:cad>0</ns3:cad>
          </ns3:TrackPointExtension>
        </extensions>
      </trkpt>
      <trkpt lat="46.08882254920899868011474609375" lon="11.16154770366847515106201171875">
        <ele>634</ele>
        <time>2026-02-28T10:43:16.000Z</time>
        <extensions>
          <ns3:TrackPointExtension>
            <ns3:hr>89</ns3:hr>
            <ns3:cad>0</ns3:cad>
          </ns3:TrackPointExtension>
        </extensions>
      </trkpt>
      <trkpt lat="46.08878650702536106109619140625" lon="11.1615737713873386383056640625">
        <ele>633.20001220703125</ele>
        <time>2026-02-28T10:43:20.000Z</time>
        <extensions>
          <ns3:TrackPointExtension>
            <ns3:hr>89</ns3:hr>
            <ns3:cad>0</ns3:cad>
          </ns3:TrackPointExtension>
        </extensions>
      </trkpt>
      <trkpt lat="46.0887547396123409271240234375" lon="11.161579973995685577392578125">
        <ele>633</ele>
        <time>2026-02-28T10:43:24.000Z</time>
        <extensions>
          <ns3:TrackPointExtension>
            <ns3:hr>88</ns3:hr>
            <ns3:cad>0</ns3:cad>
          </ns3:TrackPointExtension>
        </extensions>
      </trkpt>
      <trkpt lat="46.088757254183292388916015625" lon="11.16156463511288166046142578125">
        <ele>632.5999755859375</ele>
        <time>2026-02-28T10:43:32.000Z</time>
        <extensions>
          <ns3:TrackPointExtension>
            <ns3:hr>89</ns3:hr>
            <ns3:cad>0</ns3:cad>
          </ns3:TrackPointExtension>
        </extensions>
      </trkpt>
      <trkpt lat="46.088759601116180419921875" lon="11.16152339614927768707275390625">
        <ele>632.20001220703125</ele>
        <time>2026-02-28T10:43:36.000Z</time>
        <extensions>
          <ns3:TrackPointExtension>
            <ns3:hr>92</ns3:hr>
            <ns3:cad>50</ns3:cad>
          </ns3:TrackPointExtension>
        </extensions>
      </trkpt>
      <trkpt lat="46.08876035548746585845947265625" lon="11.16151400841772556304931640625">
        <ele>632</ele>
        <time>2026-02-28T10:43:37.000Z</time>
        <extensions>
          <ns3:TrackPointExtension>
            <ns3:hr>92</ns3:hr>
            <ns3:cad>50</ns3:cad>
          </ns3:TrackPointExtension>
        </extensions>
      </trkpt>
      <trkpt lat="46.0887564159929752349853515625" lon="11.16148509085178375244140625">
        <ele>631.5999755859375</ele>
        <time>2026-02-28T10:43:40.000Z</time>
        <extensions>
          <ns3:TrackPointExtension>
            <ns3:hr>93</ns3:hr>
            <ns3:cad>50</ns3:cad>
          </ns3:TrackPointExtension>
        </extensions>
      </trkpt>
      <trkpt lat="46.08875180594623088836669921875" lon="11.1614232324063777923583984375">
        <ele>630.79998779296875</ele>
        <time>2026-02-28T10:43:46.000Z</time>
        <extensions>
          <ns3:TrackPointExtension>
            <ns3:hr>93</ns3:hr>
            <ns3:cad>52</ns3:cad>
          </ns3:TrackPointExtension>
        </extensions>
      </trkpt>
      <trkpt lat="46.0887406580150127410888671875" lon="11.16134754382073879241943359375">
        <ele>629.79998779296875</ele>
        <time>2026-02-28T10:43:54.000Z</time>
        <extensions>
          <ns3:TrackPointExtension>
            <ns3:hr>91</ns3:hr>
            <ns3:cad>50</ns3:cad>
          </ns3:TrackPointExtension>
        </extensions>
      </trkpt>
      <trkpt lat="46.08873873017728328704833984375" lon="11.1613253317773342132568359375">
        <ele>629.4000244140625</ele>
        <time>2026-02-28T10:43:56.000Z</time>
        <extensions>
          <ns3:TrackPointExtension>
            <ns3:hr>90</ns3:hr>
            <ns3:cad>50</ns3:cad>
          </ns3:TrackPointExtension>
        </extensions>
      </trkpt>
      <trkpt lat="46.08873470686376094818115234375" lon="11.1612817458808422088623046875">
        <ele>628.79998779296875</ele>
        <time>2026-02-28T10:44:00.000Z</time>
        <extensions>
          <ns3:TrackPointExtension>
            <ns3:hr>90</ns3:hr>
            <ns3:cad>53</ns3:cad>
          </ns3:TrackPointExtension>
        </extensions>
      </trkpt>
      <trkpt lat="46.08872280456125736236572265625" lon="11.1612193845212459564208984375">
        <ele>627.79998779296875</ele>
        <time>2026-02-28T10:44:04.000Z</time>
        <extensions>
          <ns3:TrackPointExtension>
            <ns3:hr>89</ns3:hr>
            <ns3:cad>53</ns3:cad>
          </ns3:TrackPointExtension>
        </extensions>
      </trkpt>
      <trkpt lat="46.08872012235224246978759765625" lon="11.16120639257133007049560546875">
        <ele>627.5999755859375</ele>
        <time>2026-02-28T10:44:05.000Z</time>
        <extensions>
          <ns3:TrackPointExtension>
            <ns3:hr>90</ns3:hr>
            <ns3:cad>53</ns3:cad>
          </ns3:TrackPointExtension>
        </extensions>
      </trkpt>
      <trkpt lat="46.08870654366910457611083984375" lon="11.1611466296017169952392578125">
        <ele>626.5999755859375</ele>
        <time>2026-02-28T10:44:09.000Z</time>
        <extensions>
          <ns3:TrackPointExtension>
            <ns3:hr>91</ns3:hr>
            <ns3:cad>58</ns3:cad>
          </ns3:TrackPointExtension>
        </extensions>
      </trkpt>
      <trkpt lat="46.08869464136660099029541015625" lon="11.16111989133059978485107421875">
        <ele>626.20001220703125</ele>
        <time>2026-02-28T10:44:11.000Z</time>
        <extensions>
          <ns3:TrackPointExtension>
            <ns3:hr>92</ns3:hr>
            <ns3:cad>58</ns3:cad>
          </ns3:TrackPointExtension>
        </extensions>
      </trkpt>
      <trkpt lat="46.0886885225772857666015625" lon="11.16110463626682758331298828125">
        <ele>626</ele>
        <time>2026-02-28T10:44:12.000Z</time>
        <extensions>
          <ns3:TrackPointExtension>
            <ns3:hr>92</ns3:hr>
            <ns3:cad>58</ns3:cad>
          </ns3:TrackPointExtension>
        </extensions>
      </trkpt>
      <trkpt lat="46.088677458465099334716796875" lon="11.161060966551303863525390625">
        <ele>625.4000244140625</ele>
        <time>2026-02-28T10:44:15.000Z</time>
        <extensions>
          <ns3:TrackPointExtension>
            <ns3:hr>91</ns3:hr>
            <ns3:cad>58</ns3:cad>
          </ns3:TrackPointExtension>
        </extensions>
      </trkpt>
      <trkpt lat="46.0886702500283718109130859375" lon="11.16100187413394451141357421875">
        <ele>624.5999755859375</ele>
        <time>2026-02-28T10:44:19.000Z</time>
        <extensions>
          <ns3:TrackPointExtension>
            <ns3:hr>90</ns3:hr>
            <ns3:cad>56</ns3:cad>
          </ns3:TrackPointExtension>
        </extensions>
      </trkpt>
      <trkpt lat="46.08866010792553424835205078125" lon="11.16096734069287776947021484375">
        <ele>624.20001220703125</ele>
        <time>2026-02-28T10:44:21.000Z</time>
        <extensions>
          <ns3:TrackPointExtension>
            <ns3:hr>90</ns3:hr>
            <ns3:cad>56</ns3:cad>
          </ns3:TrackPointExtension>
        </extensions>
      </trkpt>
      <trkpt lat="46.0886330343782901763916015625" lon="11.16088637150824069976806640625">
        <ele>623.5999755859375</ele>
        <time>2026-02-28T10:44:27.000Z</time>
        <extensions>
          <ns3:TrackPointExtension>
            <ns3:hr>88</ns3:hr>
            <ns3:cad>56</ns3:cad>
          </ns3:TrackPointExtension>
        </extensions>
      </trkpt>
      <trkpt lat="46.0886303521692752838134765625" lon="11.1608743853867053985595703125">
        <ele>623.20001220703125</ele>
        <time>2026-02-28T10:44:28.000Z</time>
        <extensions>
          <ns3:TrackPointExtension>
            <ns3:hr>88</ns3:hr>
            <ns3:cad>56</ns3:cad>
          </ns3:TrackPointExtension>
        </extensions>
      </trkpt>
      <trkpt lat="46.0886068828403949737548828125" lon="11.1607972718775272369384765625">
        <ele>622.20001220703125</ele>
        <time>2026-02-28T10:44:33.000Z</time>
        <extensions>
          <ns3:TrackPointExtension>
            <ns3:hr>86</ns3:hr>
            <ns3:cad>57</ns3:cad>
          </ns3:TrackPointExtension>
        </extensions>
      </trkpt>
      <trkpt lat="46.088600344955921173095703125" lon="11.16076936013996601104736328125">
        <ele>621.79998779296875</ele>
        <time>2026-02-28T10:44:35.000Z</time>
        <extensions>
          <ns3:TrackPointExtension>
            <ns3:hr>86</ns3:hr>
            <ns3:cad>57</ns3:cad>
          </ns3:TrackPointExtension>
        </extensions>
      </trkpt>
      <trkpt lat="46.0885934717953205108642578125" lon="11.16069115698337554931640625">
        <ele>621</ele>
        <time>2026-02-28T10:44:41.000Z</time>
        <extensions>
          <ns3:TrackPointExtension>
            <ns3:hr>84</ns3:hr>
            <ns3:cad>54</ns3:cad>
          </ns3:TrackPointExtension>
        </extensions>
      </trkpt>
      <trkpt lat="46.0885881073772907257080078125" lon="11.1606648378074169158935546875">
        <ele>620.79998779296875</ele>
        <time>2026-02-28T10:44:43.000Z</time>
        <extensions>
          <ns3:TrackPointExtension>
            <ns3:hr>84</ns3:hr>
            <ns3:cad>54</ns3:cad>
          </ns3:TrackPointExtension>
        </extensions>
      </trkpt>
      <trkpt lat="46.08853940851986408233642578125" lon="11.16055947728455066680908203125">
        <ele>619.79998779296875</ele>
        <time>2026-02-28T10:44:49.000Z</time>
        <extensions>
          <ns3:TrackPointExtension>
            <ns3:hr>84</ns3:hr>
            <ns3:cad>55</ns3:cad>
          </ns3:TrackPointExtension>
        </extensions>
      </trkpt>
      <trkpt lat="46.08852960169315338134765625" lon="11.1605495028197765350341796875">
        <ele>619.79998779296875</ele>
        <time>2026-02-28T10:44:50.000Z</time>
        <extensions>
          <ns3:TrackPointExtension>
            <ns3:hr>84</ns3:hr>
            <ns3:cad>54</ns3:cad>
          </ns3:TrackPointExtension>
        </extensions>
      </trkpt>
      <trkpt lat="46.08846187591552734375" lon="11.16052276454865932464599609375">
        <ele>618.79998779296875</ele>
        <time>2026-02-28T10:44:57.000Z</time>
        <extensions>
          <ns3:TrackPointExtension>
            <ns3:hr>84</ns3:hr>
            <ns3:cad>57</ns3:cad>
          </ns3:TrackPointExtension>
        </extensions>
      </trkpt>
      <trkpt lat="46.08845324255526065826416015625" lon="11.16051170043647289276123046875">
        <ele>618.5999755859375</ele>
        <time>2026-02-28T10:44:58.000Z</time>
        <extensions>
          <ns3:TrackPointExtension>
            <ns3:hr>84</ns3:hr>
            <ns3:cad>57</ns3:cad>
          </ns3:TrackPointExtension>
        </extensions>
      </trkpt>
      <trkpt lat="46.08839591033756732940673828125" lon="11.16043877787888050079345703125">
        <ele>617.5999755859375</ele>
        <time>2026-02-28T10:45:05.000Z</time>
        <extensions>
          <ns3:TrackPointExtension>
            <ns3:hr>83</ns3:hr>
            <ns3:cad>55</ns3:cad>
          </ns3:TrackPointExtension>
        </extensions>
      </trkpt>
      <trkpt lat="46.0883882828056812286376953125" lon="11.16042821668088436126708984375">
        <ele>617.4000244140625</ele>
        <time>2026-02-28T10:45:06.000Z</time>
        <extensions>
          <ns3:TrackPointExtension>
            <ns3:hr>83</ns3:hr>
            <ns3:cad>56</ns3:cad>
          </ns3:TrackPointExtension>
        </extensions>
      </trkpt>
      <trkpt lat="46.08836137689650058746337890625" lon="11.1603520251810550689697265625">
        <ele>616.5999755859375</ele>
        <time>2026-02-28T10:45:11.000Z</time>
        <extensions>
          <ns3:TrackPointExtension>
            <ns3:hr>80</ns3:hr>
            <ns3:cad>55</ns3:cad>
          </ns3:TrackPointExtension>
        </extensions>
      </trkpt>
      <trkpt lat="46.08834193088114261627197265625" lon="11.16030734963715076446533203125">
        <ele>616.20001220703125</ele>
        <time>2026-02-28T10:45:13.000Z</time>
        <extensions>
          <ns3:TrackPointExtension>
            <ns3:hr>80</ns3:hr>
            <ns3:cad>55</ns3:cad>
          </ns3:TrackPointExtension>
        </extensions>
      </trkpt>
      <trkpt lat="46.08829029835760593414306640625" lon="11.1602420546114444732666015625">
        <ele>615.5999755859375</ele>
        <time>2026-02-28T10:45:18.000Z</time>
        <extensions>
          <ns3:TrackPointExtension>
            <ns3:hr>80</ns3:hr>
            <ns3:cad>56</ns3:cad>
          </ns3:TrackPointExtension>
        </extensions>
      </trkpt>
      <trkpt lat="46.08828091062605381011962890625" lon="11.1602346785366535186767578125">
        <ele>615.4000244140625</ele>
        <time>2026-02-28T10:45:19.000Z</time>
        <extensions>
          <ns3:TrackPointExtension>
            <ns3:hr>80</ns3:hr>
            <ns3:cad>56</ns3:cad>
          </ns3:TrackPointExtension>
        </extensions>
      </trkpt>
      <trkpt lat="46.088255345821380615234375" lon="11.16020877845585346221923828125">
        <ele>614.79998779296875</ele>
        <time>2026-02-28T10:45:23.000Z</time>
        <extensions>
          <ns3:TrackPointExtension>
            <ns3:hr>82</ns3:hr>
            <ns3:cad>56</ns3:cad>
          </ns3:TrackPointExtension>
        </extensions>
      </trkpt>
      <trkpt lat="46.08824067749083042144775390625" lon="11.160190589725971221923828125">
        <ele>614.79998779296875</ele>
        <time>2026-02-28T10:45:25.000Z</time>
        <extensions>
          <ns3:TrackPointExtension>
            <ns3:hr>82</ns3:hr>
            <ns3:cad>56</ns3:cad>
          </ns3:TrackPointExtension>
        </extensions>
      </trkpt>
      <trkpt lat="46.0881897993385791778564453125" lon="11.16011842153966426849365234375">
        <ele>614.4000244140625</ele>
        <time>2026-02-28T10:45:30.000Z</time>
        <extensions>
          <ns3:TrackPointExtension>
            <ns3:hr>82</ns3:hr>
            <ns3:cad>55</ns3:cad>
          </ns3:TrackPointExtension>
        </extensions>
      </trkpt>
      <trkpt lat="46.0881770588457584381103515625" lon="11.16010031662881374359130859375">
        <ele>614.4000244140625</ele>
        <time>2026-02-28T10:45:31.000Z</time>
        <extensions>
          <ns3:TrackPointExtension>
            <ns3:hr>82</ns3:hr>
            <ns3:cad>55</ns3:cad>
          </ns3:TrackPointExtension>
        </extensions>
      </trkpt>
      <trkpt lat="46.0881328023970127105712890625" lon="11.1600212752819061279296875">
        <ele>613.4000244140625</ele>
        <time>2026-02-28T10:45:36.000Z</time>
        <extensions>
          <ns3:TrackPointExtension>
            <ns3:hr>82</ns3:hr>
            <ns3:cad>58</ns3:cad>
          </ns3:TrackPointExtension>
        </extensions>
      </trkpt>
      <trkpt lat="46.08811662532389163970947265625" lon="11.1599996499717235565185546875">
        <ele>613.20001220703125</ele>
        <time>2026-02-28T10:45:38.000Z</time>
        <extensions>
          <ns3:TrackPointExtension>
            <ns3:hr>82</ns3:hr>
            <ns3:cad>57</ns3:cad>
          </ns3:TrackPointExtension>
        </extensions>
      </trkpt>
      <trkpt lat="46.0880536772310733795166015625" lon="11.159914322197437286376953125">
        <ele>612.4000244140625</ele>
        <time>2026-02-28T10:45:46.000Z</time>
        <extensions>
          <ns3:TrackPointExtension>
            <ns3:hr>82</ns3:hr>
            <ns3:cad>60</ns3:cad>
          </ns3:TrackPointExtension>
        </extensions>
      </trkpt>
      <trkpt lat="46.0879785753786563873291015625" lon="11.15983176045119762420654296875">
        <ele>611.79998779296875</ele>
        <time>2026-02-28T10:45:55.000Z</time>
        <extensions>
          <ns3:TrackPointExtension>
            <ns3:hr>81</ns3:hr>
            <ns3:cad>57</ns3:cad>
          </ns3:TrackPointExtension>
        </extensions>
      </trkpt>
      <trkpt lat="46.0879267752170562744140625" lon="11.15978348068892955780029296875">
        <ele>611.20001220703125</ele>
        <time>2026-02-28T10:45:58.000Z</time>
        <extensions>
          <ns3:TrackPointExtension>
            <ns3:hr>82</ns3:hr>
            <ns3:cad>57</ns3:cad>
          </ns3:TrackPointExtension>
        </extensions>
      </trkpt>
      <trkpt lat="46.08786977827548980712890625" lon="11.159731931984424591064453125">
        <ele>610.20001220703125</ele>
        <time>2026-02-28T10:46:03.000Z</time>
        <extensions>
          <ns3:TrackPointExtension>
            <ns3:hr>84</ns3:hr>
            <ns3:cad>57</ns3:cad>
          </ns3:TrackPointExtension>
        </extensions>
      </trkpt>
      <trkpt lat="46.08786248601973056793212890625" lon="11.15971843712031841278076171875">
        <ele>610</ele>
        <time>2026-02-28T10:46:04.000Z</time>
        <extensions>
          <ns3:TrackPointExtension>
            <ns3:hr>85</ns3:hr>
            <ns3:cad>57</ns3:cad>
          </ns3:TrackPointExtension>
        </extensions>
      </trkpt>
      <trkpt lat="46.0878132842481136322021484375" lon="11.1596737615764141082763671875">
        <ele>609.20001220703125</ele>
        <time>2026-02-28T10:46:09.000Z</time>
        <extensions>
          <ns3:TrackPointExtension>
            <ns3:hr>85</ns3:hr>
            <ns3:cad>58</ns3:cad>
          </ns3:TrackPointExtension>
        </extensions>
      </trkpt>
      <trkpt lat="46.087804399430751800537109375" lon="11.1596670560538768768310546875">
        <ele>609</ele>
        <time>2026-02-28T10:46:10.000Z</time>
        <extensions>
          <ns3:TrackPointExtension>
            <ns3:hr>85</ns3:hr>
            <ns3:cad>58</ns3:cad>
          </ns3:TrackPointExtension>
        </extensions>
      </trkpt>
      <trkpt lat="46.08779140748083591461181640625" lon="11.159654147922992706298828125">
        <ele>608.20001220703125</ele>
        <time>2026-02-28T10:46:13.000Z</time>
        <extensions>
          <ns3:TrackPointExtension>
            <ns3:hr>81</ns3:hr>
            <ns3:cad>59</ns3:cad>
          </ns3:TrackPointExtension>
        </extensions>
      </trkpt>
      <trkpt lat="46.08778051100671291351318359375" lon="11.15963730029761791229248046875">
        <ele>607.79998779296875</ele>
        <time>2026-02-28T10:46:14.000Z</time>
        <extensions>
          <ns3:TrackPointExtension>
            <ns3:hr>80</ns3:hr>
            <ns3:cad>59</ns3:cad>
          </ns3:TrackPointExtension>
        </extensions>
      </trkpt>
      <trkpt lat="46.08773876912891864776611328125" lon="11.15958197973668575286865234375">
        <ele>606.79998779296875</ele>
        <time>2026-02-28T10:46:19.000Z</time>
        <extensions>
          <ns3:TrackPointExtension>
            <ns3:hr>80</ns3:hr>
            <ns3:cad>60</ns3:cad>
          </ns3:TrackPointExtension>
        </extensions>
      </trkpt>
      <trkpt lat="46.0876935906708240509033203125" lon="11.15950553677976131439208984375">
        <ele>605.79998779296875</ele>
        <time>2026-02-28T10:46:24.000Z</time>
        <extensions>
          <ns3:TrackPointExtension>
            <ns3:hr>80</ns3:hr>
            <ns3:cad>59</ns3:cad>
          </ns3:TrackPointExtension>
        </extensions>
      </trkpt>
      <trkpt lat="46.0876647569239139556884765625" lon="11.1594856716692447662353515625">
        <ele>605.4000244140625</ele>
        <time>2026-02-28T10:46:26.000Z</time>
        <extensions>
          <ns3:TrackPointExtension>
            <ns3:hr>80</ns3:hr>
            <ns3:cad>58</ns3:cad>
          </ns3:TrackPointExtension>
        </extensions>
      </trkpt>
      <trkpt lat="46.08762728981673717498779296875" lon="11.15945524536073207855224609375">
        <ele>604.5999755859375</ele>
        <time>2026-02-28T10:46:29.000Z</time>
        <extensions>
          <ns3:TrackPointExtension>
            <ns3:hr>81</ns3:hr>
            <ns3:cad>58</ns3:cad>
          </ns3:TrackPointExtension>
        </extensions>
      </trkpt>
      <trkpt lat="46.08758269809186458587646484375" lon="11.15938416682183742523193359375">
        <ele>604</ele>
        <time>2026-02-28T10:46:34.000Z</time>
        <extensions>
          <ns3:TrackPointExtension>
            <ns3:hr>81</ns3:hr>
            <ns3:cad>60</ns3:cad>
          </ns3:TrackPointExtension>
        </extensions>
      </trkpt>
      <trkpt lat="46.0875722207129001617431640625" lon="11.15934628061950206756591796875">
        <ele>603.5999755859375</ele>
        <time>2026-02-28T10:46:36.000Z</time>
        <extensions>
          <ns3:TrackPointExtension>
            <ns3:hr>81</ns3:hr>
            <ns3:cad>60</ns3:cad>
          </ns3:TrackPointExtension>
        </extensions>
      </trkpt>
      <trkpt lat="46.08756056986749172210693359375" lon="11.15928056649863719940185546875">
        <ele>602.79998779296875</ele>
        <time>2026-02-28T10:46:40.000Z</time>
        <extensions>
          <ns3:TrackPointExtension>
            <ns3:hr>80</ns3:hr>
            <ns3:cad>57</ns3:cad>
          </ns3:TrackPointExtension>
        </extensions>
      </trkpt>
      <trkpt lat="46.08755487017333507537841796875" lon="11.15924469195306301116943359375">
        <ele>602.4000244140625</ele>
        <time>2026-02-28T10:46:42.000Z</time>
        <extensions>
          <ns3:TrackPointExtension>
            <ns3:hr>81</ns3:hr>
            <ns3:cad>57</ns3:cad>
          </ns3:TrackPointExtension>
        </extensions>
      </trkpt>
      <trkpt lat="46.0875286348164081573486328125" lon="11.1591728590428829193115234375">
        <ele>601.20001220703125</ele>
        <time>2026-02-28T10:46:47.000Z</time>
        <extensions>
          <ns3:TrackPointExtension>
            <ns3:hr>82</ns3:hr>
            <ns3:cad>59</ns3:cad>
          </ns3:TrackPointExtension>
        </extensions>
      </trkpt>
      <trkpt lat="46.0875232703983783721923828125" lon="11.15915835835039615631103515625">
        <ele>601</ele>
        <time>2026-02-28T10:46:48.000Z</time>
        <extensions>
          <ns3:TrackPointExtension>
            <ns3:hr>82</ns3:hr>
            <ns3:cad>59</ns3:cad>
          </ns3:TrackPointExtension>
        </extensions>
      </trkpt>
      <trkpt lat="46.0875083506107330322265625" lon="11.15910060703754425048828125">
        <ele>600.20001220703125</ele>
        <time>2026-02-28T10:46:51.000Z</time>
        <extensions>
          <ns3:TrackPointExtension>
            <ns3:hr>82</ns3:hr>
            <ns3:cad>60</ns3:cad>
          </ns3:TrackPointExtension>
        </extensions>
      </trkpt>
      <trkpt lat="46.08748546801507472991943359375" lon="11.1590736173093318939208984375">
        <ele>599.5999755859375</ele>
        <time>2026-02-28T10:46:53.000Z</time>
        <extensions>
          <ns3:TrackPointExtension>
            <ns3:hr>82</ns3:hr>
            <ns3:cad>61</ns3:cad>
          </ns3:TrackPointExtension>
        </extensions>
      </trkpt>
      <trkpt lat="46.08746367506682872772216796875" lon="11.15906548686325550079345703125">
        <ele>599</ele>
        <time>2026-02-28T10:46:55.000Z</time>
        <extensions>
          <ns3:TrackPointExtension>
            <ns3:hr>83</ns3:hr>
            <ns3:cad>61</ns3:cad>
          </ns3:TrackPointExtension>
        </extensions>
      </trkpt>
      <trkpt lat="46.087420843541622161865234375" lon="11.1590340547263622283935546875">
        <ele>598</ele>
        <time>2026-02-28T10:46:59.000Z</time>
        <extensions>
          <ns3:TrackPointExtension>
            <ns3:hr>82</ns3:hr>
            <ns3:cad>57</ns3:cad>
          </ns3:TrackPointExtension>
        </extensions>
      </trkpt>
      <trkpt lat="46.0873432271182537078857421875" lon="11.1589807458221912384033203125">
        <ele>597</ele>
        <time>2026-02-28T10:47:06.000Z</time>
        <extensions>
          <ns3:TrackPointExtension>
            <ns3:hr>83</ns3:hr>
            <ns3:cad>56</ns3:cad>
          </ns3:TrackPointExtension>
        </extensions>
      </trkpt>
      <trkpt lat="46.08728480525314807891845703125" lon="11.15903749130666255950927734375">
        <ele>595.79998779296875</ele>
        <time>2026-02-28T10:47:12.000Z</time>
        <extensions>
          <ns3:TrackPointExtension>
            <ns3:hr>82</ns3:hr>
            <ns3:cad>55</ns3:cad>
          </ns3:TrackPointExtension>
        </extensions>
      </trkpt>
      <trkpt lat="46.0872696340084075927734375" lon="11.15909365005791187286376953125">
        <ele>594.5999755859375</ele>
        <time>2026-02-28T10:47:16.000Z</time>
        <extensions>
          <ns3:TrackPointExtension>
            <ns3:hr>82</ns3:hr>
            <ns3:cad>57</ns3:cad>
          </ns3:TrackPointExtension>
        </extensions>
      </trkpt>
      <trkpt lat="46.087264604866504669189453125" lon="11.15913321264088153839111328125">
        <ele>593.5999755859375</ele>
        <time>2026-02-28T10:47:19.000Z</time>
        <extensions>
          <ns3:TrackPointExtension>
            <ns3:hr>82</ns3:hr>
            <ns3:cad>59</ns3:cad>
          </ns3:TrackPointExtension>
        </extensions>
      </trkpt>
      <trkpt lat="46.0872615873813629150390625" lon="11.15914310328662395477294921875">
        <ele>593.4000244140625</ele>
        <time>2026-02-28T10:47:20.000Z</time>
        <extensions>
          <ns3:TrackPointExtension>
            <ns3:hr>82</ns3:hr>
            <ns3:cad>59</ns3:cad>
          </ns3:TrackPointExtension>
        </extensions>
      </trkpt>
      <trkpt lat="46.0872258804738521575927734375" lon="11.15921719931066036224365234375">
        <ele>592.20001220703125</ele>
        <time>2026-02-28T10:47:25.000Z</time>
        <extensions>
          <ns3:TrackPointExtension>
            <ns3:hr>82</ns3:hr>
            <ns3:cad>57</ns3:cad>
          </ns3:TrackPointExtension>
        </extensions>
      </trkpt>
      <trkpt lat="46.0871886648237705230712890625" lon="11.15924804471433162689208984375">
        <ele>591.5999755859375</ele>
        <time>2026-02-28T10:47:28.000Z</time>
        <extensions>
          <ns3:TrackPointExtension>
            <ns3:hr>81</ns3:hr>
            <ns3:cad>57</ns3:cad>
          </ns3:TrackPointExtension>
        </extensions>
      </trkpt>
      <trkpt lat="46.0871598310768604278564453125" lon="11.15926397033035755157470703125">
        <ele>591</ele>
        <time>2026-02-28T10:47:30.000Z</time>
        <extensions>
          <ns3:TrackPointExtension>
            <ns3:hr>80</ns3:hr>
            <ns3:cad>119</ns3:cad>
          </ns3:TrackPointExtension>
        </extensions>
      </trkpt>
      <trkpt lat="46.08711649663746356964111328125" lon="11.159298084676265716552734375">
        <ele>590</ele>
        <time>2026-02-28T10:47:35.000Z</time>
        <extensions>
          <ns3:TrackPointExtension>
            <ns3:hr>80</ns3:hr>
            <ns3:cad>119</ns3:cad>
          </ns3:TrackPointExtension>
        </extensions>
      </trkpt>
      <trkpt lat="46.08707358129322528839111328125" lon="11.15933127701282501220703125">
        <ele>588.5999755859375</ele>
        <time>2026-02-28T10:47:40.000Z</time>
        <extensions>
          <ns3:TrackPointExtension>
            <ns3:hr>80</ns3:hr>
            <ns3:cad>57</ns3:cad>
          </ns3:TrackPointExtension>
        </extensions>
      </trkpt>
      <trkpt lat="46.086984984576702117919921875" lon="11.15937880240380764007568359375">
        <ele>587.5999755859375</ele>
        <time>2026-02-28T10:47:46.000Z</time>
        <extensions>
          <ns3:TrackPointExtension>
            <ns3:hr>79</ns3:hr>
            <ns3:cad>59</ns3:cad>
          </ns3:TrackPointExtension>
        </extensions>
      </trkpt>
      <trkpt lat="46.08692740090191364288330078125" lon="11.15940277464687824249267578125">
        <ele>586.5999755859375</ele>
        <time>2026-02-28T10:47:50.000Z</time>
        <extensions>
          <ns3:TrackPointExtension>
            <ns3:hr>78</ns3:hr>
            <ns3:cad>59</ns3:cad>
          </ns3:TrackPointExtension>
        </extensions>
      </trkpt>
      <trkpt lat="46.0869167558848857879638671875" lon="11.15940763615071773529052734375">
        <ele>586.20001220703125</ele>
        <time>2026-02-28T10:47:51.000Z</time>
        <extensions>
          <ns3:TrackPointExtension>
            <ns3:hr>78</ns3:hr>
            <ns3:cad>59</ns3:cad>
          </ns3:TrackPointExtension>
        </extensions>
      </trkpt>
      <trkpt lat="46.08684358187019824981689453125" lon="11.1594397388398647308349609375">
        <ele>585.4000244140625</ele>
        <time>2026-02-28T10:47:57.000Z</time>
        <extensions>
          <ns3:TrackPointExtension>
            <ns3:hr>79</ns3:hr>
            <ns3:cad>59</ns3:cad>
          </ns3:TrackPointExtension>
        </extensions>
      </trkpt>
      <trkpt lat="46.08682480640709400177001953125" lon="11.15946161560714244842529296875">
        <ele>585</ele>
        <time>2026-02-28T10:48:00.000Z</time>
        <extensions>
          <ns3:TrackPointExtension>
            <ns3:hr>79</ns3:hr>
            <ns3:cad>58</ns3:cad>
          </ns3:TrackPointExtension>
        </extensions>
      </trkpt>
      <trkpt lat="46.086783148348331451416015625" lon="11.15949212573468685150146484375">
        <ele>584.4000244140625</ele>
        <time>2026-02-28T10:48:04.000Z</time>
        <extensions>
          <ns3:TrackPointExtension>
            <ns3:hr>80</ns3:hr>
            <ns3:cad>58</ns3:cad>
          </ns3:TrackPointExtension>
        </extensions>
      </trkpt>
      <trkpt lat="46.0867273248732089996337890625" lon="11.15951928310096263885498046875">
        <ele>583.5999755859375</ele>
        <time>2026-02-28T10:48:08.000Z</time>
        <extensions>
          <ns3:TrackPointExtension>
            <ns3:hr>81</ns3:hr>
            <ns3:cad>56</ns3:cad>
          </ns3:TrackPointExtension>
        </extensions>
      </trkpt>
      <trkpt lat="46.08668097294867038726806640625" lon="11.1595545709133148193359375">
        <ele>583.20001220703125</ele>
        <time>2026-02-28T10:48:11.000Z</time>
        <extensions>
          <ns3:TrackPointExtension>
            <ns3:hr>83</ns3:hr>
            <ns3:cad>57</ns3:cad>
          </ns3:TrackPointExtension>
        </extensions>
      </trkpt>
      <trkpt lat="46.086631603538990020751953125" lon="11.1595812253654003143310546875">
        <ele>582.4000244140625</ele>
        <time>2026-02-28T10:48:16.000Z</time>
        <extensions>
          <ns3:TrackPointExtension>
            <ns3:hr>83</ns3:hr>
            <ns3:cad>56</ns3:cad>
          </ns3:TrackPointExtension>
        </extensions>
      </trkpt>
      <trkpt lat="46.086606122553348541259765625" lon="11.159589104354381561279296875">
        <ele>582.20001220703125</ele>
        <time>2026-02-28T10:48:18.000Z</time>
        <extensions>
          <ns3:TrackPointExtension>
            <ns3:hr>83</ns3:hr>
            <ns3:cad>57</ns3:cad>
          </ns3:TrackPointExtension>
        </extensions>
      </trkpt>
      <trkpt lat="46.086573936045169830322265625" lon="11.159610562026500701904296875">
        <ele>581.5999755859375</ele>
        <time>2026-02-28T10:48:22.000Z</time>
        <extensions>
          <ns3:TrackPointExtension>
            <ns3:hr>83</ns3:hr>
            <ns3:cad>58</ns3:cad>
          </ns3:TrackPointExtension>
        </extensions>
      </trkpt>
      <trkpt lat="46.08655256219208240509033203125" lon="11.159624643623828887939453125">
        <ele>581.20001220703125</ele>
        <time>2026-02-28T10:48:25.000Z</time>
        <extensions>
          <ns3:TrackPointExtension>
            <ns3:hr>83</ns3:hr>
            <ns3:cad>59</ns3:cad>
          </ns3:TrackPointExtension>
        </extensions>
      </trkpt>
      <trkpt lat="46.08649539761245250701904296875" lon="11.15966429002583026885986328125">
        <ele>580.4000244140625</ele>
        <time>2026-02-28T10:48:30.000Z</time>
        <extensions>
          <ns3:TrackPointExtension>
            <ns3:hr>83</ns3:hr>
            <ns3:cad>58</ns3:cad>
          </ns3:TrackPointExtension>
        </extensions>
      </trkpt>
      <trkpt lat="46.0864517278969287872314453125" lon="11.15967451594769954681396484375">
        <ele>580</ele>
        <time>2026-02-28T10:48:33.000Z</time>
        <extensions>
          <ns3:TrackPointExtension>
            <ns3:hr>82</ns3:hr>
            <ns3:cad>58</ns3:cad>
          </ns3:TrackPointExtension>
        </extensions>
      </trkpt>
      <trkpt lat="46.08639062382280826568603515625" lon="11.1596725881099700927734375">
        <ele>579.20001220703125</ele>
        <time>2026-02-28T10:48:37.000Z</time>
        <extensions>
          <ns3:TrackPointExtension>
            <ns3:hr>82</ns3:hr>
            <ns3:cad>57</ns3:cad>
          </ns3:TrackPointExtension>
        </extensions>
      </trkpt>
      <trkpt lat="46.08637989498674869537353515625" lon="11.1596707440912723541259765625">
        <ele>579</ele>
        <time>2026-02-28T10:48:38.000Z</time>
        <extensions>
          <ns3:TrackPointExtension>
            <ns3:hr>82</ns3:hr>
            <ns3:cad>57</ns3:cad>
          </ns3:TrackPointExtension>
        </extensions>
      </trkpt>
      <trkpt lat="46.08631585724651813507080078125" lon="11.15965708158910274505615234375">
        <ele>578</ele>
        <time>2026-02-28T10:48:43.000Z</time>
        <extensions>
          <ns3:TrackPointExtension>
            <ns3:hr>82</ns3:hr>
            <ns3:cad>59</ns3:cad>
          </ns3:TrackPointExtension>
        </extensions>
      </trkpt>
      <trkpt lat="46.08628886751830577850341796875" lon="11.159652806818485260009765625">
        <ele>577.5999755859375</ele>
        <time>2026-02-28T10:48:45.000Z</time>
        <extensions>
          <ns3:TrackPointExtension>
            <ns3:hr>82</ns3:hr>
            <ns3:cad>59</ns3:cad>
          </ns3:TrackPointExtension>
        </extensions>
      </trkpt>
      <trkpt lat="46.0862374864518642425537109375" lon="11.15965305827558040618896484375">
        <ele>577</ele>
        <time>2026-02-28T10:48:49.000Z</time>
        <extensions>
          <ns3:TrackPointExtension>
            <ns3:hr>82</ns3:hr>
            <ns3:cad>58</ns3:cad>
          </ns3:TrackPointExtension>
        </extensions>
      </trkpt>
      <trkpt lat="46.0861741192638874053955078125" lon="11.15964467637240886688232421875">
        <ele>576</ele>
        <time>2026-02-28T10:48:55.000Z</time>
        <extensions>
          <ns3:TrackPointExtension>
            <ns3:hr>83</ns3:hr>
            <ns3:cad>60</ns3:cad>
          </ns3:TrackPointExtension>
        </extensions>
      </trkpt>
      <trkpt lat="46.08616095967590808868408203125" lon="11.1596449278295040130615234375">
        <ele>575.79998779296875</ele>
        <time>2026-02-28T10:48:56.000Z</time>
        <extensions>
          <ns3:TrackPointExtension>
            <ns3:hr>83</ns3:hr>
            <ns3:cad>60</ns3:cad>
          </ns3:TrackPointExtension>
        </extensions>
      </trkpt>
      <trkpt lat="46.08604193665087223052978515625" lon="11.1595912836492061614990234375">
        <ele>574.79998779296875</ele>
        <time>2026-02-28T10:49:05.000Z</time>
        <extensions>
          <ns3:TrackPointExtension>
            <ns3:hr>83</ns3:hr>
            <ns3:cad>55</ns3:cad>
          </ns3:TrackPointExtension>
        </extensions>
      </trkpt>
      <trkpt lat="46.0859877057373523712158203125" lon="11.15957007743418216705322265625">
        <ele>574.5999755859375</ele>
        <time>2026-02-28T10:49:10.000Z</time>
        <extensions>
          <ns3:TrackPointExtension>
            <ns3:hr>83</ns3:hr>
            <ns3:cad>55</ns3:cad>
          </ns3:TrackPointExtension>
        </extensions>
      </trkpt>
      <trkpt lat="46.085979826748371124267578125" lon="11.1595701612532138824462890625">
        <ele>574.5999755859375</ele>
        <time>2026-02-28T10:49:11.000Z</time>
        <extensions>
          <ns3:TrackPointExtension>
            <ns3:hr>83</ns3:hr>
            <ns3:cad>55</ns3:cad>
          </ns3:TrackPointExtension>
        </extensions>
      </trkpt>
      <trkpt lat="46.0859105922281742095947265625" lon="11.15957527421414852142333984375">
        <ele>574.5999755859375</ele>
        <time>2026-02-28T10:49:17.000Z</time>
        <extensions>
          <ns3:TrackPointExtension>
            <ns3:hr>84</ns3:hr>
            <ns3:cad>55</ns3:cad>
          </ns3:TrackPointExtension>
        </extensions>
      </trkpt>
      <trkpt lat="46.08584873378276824951171875" lon="11.159494221210479736328125">
        <ele>574</ele>
        <time>2026-02-28T10:49:24.000Z</time>
        <extensions>
          <ns3:TrackPointExtension>
            <ns3:hr>85</ns3:hr>
            <ns3:cad>55</ns3:cad>
          </ns3:TrackPointExtension>
        </extensions>
      </trkpt>
      <trkpt lat="46.085816882550716400146484375" lon="11.15942272357642650604248046875">
        <ele>573.5999755859375</ele>
        <time>2026-02-28T10:49:29.000Z</time>
        <extensions>
          <ns3:TrackPointExtension>
            <ns3:hr>86</ns3:hr>
            <ns3:cad>57</ns3:cad>
          </ns3:TrackPointExtension>
        </extensions>
      </trkpt>
      <trkpt lat="46.08579911291599273681640625" lon="11.15937897004187107086181640625">
        <ele>573.20001220703125</ele>
        <time>2026-02-28T10:49:32.000Z</time>
        <extensions>
          <ns3:TrackPointExtension>
            <ns3:hr>86</ns3:hr>
            <ns3:cad>56</ns3:cad>
          </ns3:TrackPointExtension>
        </extensions>
      </trkpt>
      <trkpt lat="46.08569853007793426513671875" lon="11.15925894118845462799072265625">
        <ele>573.5999755859375</ele>
        <time>2026-02-28T10:49:41.000Z</time>
        <extensions>
          <ns3:TrackPointExtension>
            <ns3:hr>86</ns3:hr>
            <ns3:cad>55</ns3:cad>
          </ns3:TrackPointExtension>
        </extensions>
      </trkpt>
      <trkpt lat="46.08563222922384738922119140625" lon="11.15918065421283245086669921875">
        <ele>573.5999755859375</ele>
        <time>2026-02-28T10:49:48.000Z</time>
        <extensions>
          <ns3:TrackPointExtension>
            <ns3:hr>87</ns3:hr>
            <ns3:cad>53</ns3:cad>
          </ns3:TrackPointExtension>
        </extensions>
      </trkpt>
      <trkpt lat="46.0856095142662525177001953125" lon="11.1590944044291973114013671875">
        <ele>573.5999755859375</ele>
        <time>2026-02-28T10:49:54.000Z</time>
        <extensions>
          <ns3:TrackPointExtension>
            <ns3:hr>86</ns3:hr>
            <ns3:cad>55</ns3:cad>
          </ns3:TrackPointExtension>
        </extensions>
      </trkpt>
      <trkpt lat="46.08554162085056304931640625" lon="11.1589944921433925628662109375">
        <ele>573.4000244140625</ele>
        <time>2026-02-28T10:50:01.000Z</time>
        <extensions>
          <ns3:TrackPointExtension>
            <ns3:hr>85</ns3:hr>
            <ns3:cad>55</ns3:cad>
          </ns3:TrackPointExtension>
        </extensions>
      </trkpt>
      <trkpt lat="46.08546920120716094970703125" lon="11.1588952504098415374755859375">
        <ele>573.4000244140625</ele>
        <time>2026-02-28T10:50:08.000Z</time>
        <extensions>
          <ns3:TrackPointExtension>
            <ns3:hr>83</ns3:hr>
            <ns3:cad>55</ns3:cad>
          </ns3:TrackPointExtension>
        </extensions>
      </trkpt>
      <trkpt lat="46.08542921952903270721435546875" lon="11.158803217113018035888671875">
        <ele>573</ele>
        <time>2026-02-28T10:50:15.000Z</time>
        <extensions>
          <ns3:TrackPointExtension>
            <ns3:hr>83</ns3:hr>
            <ns3:cad>55</ns3:cad>
          </ns3:TrackPointExtension>
        </extensions>
      </trkpt>
      <trkpt lat="46.0853920876979827880859375" lon="11.158697269856929779052734375">
        <ele>573.4000244140625</ele>
        <time>2026-02-28T10:50:21.000Z</time>
        <extensions>
          <ns3:TrackPointExtension>
            <ns3:hr>82</ns3:hr>
            <ns3:cad>0</ns3:cad>
          </ns3:TrackPointExtension>
        </extensions>
      </trkpt>
      <trkpt lat="46.08538077212870121002197265625" lon="11.158591322600841522216796875">
        <ele>573.4000244140625</ele>
        <time>2026-02-28T10:50:27.000Z</time>
        <extensions>
          <ns3:TrackPointExtension>
            <ns3:hr>82</ns3:hr>
            <ns3:cad>55</ns3:cad>
          </ns3:TrackPointExtension>
        </extensions>
      </trkpt>
      <trkpt lat="46.08537708409130573272705078125" lon="11.1585274524986743927001953125">
        <ele>573.4000244140625</ele>
        <time>2026-02-28T10:50:31.000Z</time>
        <extensions>
          <ns3:TrackPointExtension>
            <ns3:hr>82</ns3:hr>
            <ns3:cad>55</ns3:cad>
          </ns3:TrackPointExtension>
        </extensions>
      </trkpt>
      <trkpt lat="46.085373647511005401611328125" lon="11.15844254381954669952392578125">
        <ele>572.5999755859375</ele>
        <time>2026-02-28T10:50:37.000Z</time>
        <extensions>
          <ns3:TrackPointExtension>
            <ns3:hr>81</ns3:hr>
            <ns3:cad>57</ns3:cad>
          </ns3:TrackPointExtension>
        </extensions>
      </trkpt>
      <trkpt lat="46.0853681154549121856689453125" lon="11.15842309780418872833251953125">
        <ele>572.4000244140625</ele>
        <time>2026-02-28T10:50:38.000Z</time>
        <extensions>
          <ns3:TrackPointExtension>
            <ns3:hr>81</ns3:hr>
            <ns3:cad>57</ns3:cad>
          </ns3:TrackPointExtension>
        </extensions>
      </trkpt>
      <trkpt lat="46.0853617452085018157958984375" lon="11.158405244350433349609375">
        <ele>572.20001220703125</ele>
        <time>2026-02-28T10:50:39.000Z</time>
        <extensions>
          <ns3:TrackPointExtension>
            <ns3:hr>81</ns3:hr>
            <ns3:cad>57</ns3:cad>
          </ns3:TrackPointExtension>
        </extensions>
      </trkpt>
      <trkpt lat="46.08535814099013805389404296875" lon="11.1583878099918365478515625">
        <ele>571.5999755859375</ele>
        <time>2026-02-28T10:50:42.000Z</time>
        <extensions>
          <ns3:TrackPointExtension>
            <ns3:hr>81</ns3:hr>
            <ns3:cad>59</ns3:cad>
          </ns3:TrackPointExtension>
        </extensions>
      </trkpt>
      <trkpt lat="46.0853406228125095367431640625" lon="11.158370710909366607666015625">
        <ele>571.20001220703125</ele>
        <time>2026-02-28T10:50:44.000Z</time>
        <extensions>
          <ns3:TrackPointExtension>
            <ns3:hr>81</ns3:hr>
            <ns3:cad>57</ns3:cad>
          </ns3:TrackPointExtension>
        </extensions>
      </trkpt>
      <trkpt lat="46.085277087986469268798828125" lon="11.15834564901888370513916015625">
        <ele>570.79998779296875</ele>
        <time>2026-02-28T10:50:49.000Z</time>
        <extensions>
          <ns3:TrackPointExtension>
            <ns3:hr>83</ns3:hr>
            <ns3:cad>55</ns3:cad>
          </ns3:TrackPointExtension>
        </extensions>
      </trkpt>
      <trkpt lat="46.0852547921240329742431640625" lon="11.158343218266963958740234375">
        <ele>570.4000244140625</ele>
        <time>2026-02-28T10:50:51.000Z</time>
        <extensions>
          <ns3:TrackPointExtension>
            <ns3:hr>83</ns3:hr>
            <ns3:cad>57</ns3:cad>
          </ns3:TrackPointExtension>
        </extensions>
      </trkpt>
      <trkpt lat="46.08519368804991245269775390625" lon="11.15834397263824939727783203125">
        <ele>569.79998779296875</ele>
        <time>2026-02-28T10:50:55.000Z</time>
        <extensions>
          <ns3:TrackPointExtension>
            <ns3:hr>82</ns3:hr>
            <ns3:cad>58</ns3:cad>
          </ns3:TrackPointExtension>
        </extensions>
      </trkpt>
      <trkpt lat="46.08515932224690914154052734375" lon="11.158331818878650665283203125">
        <ele>569.4000244140625</ele>
        <time>2026-02-28T10:50:58.000Z</time>
        <extensions>
          <ns3:TrackPointExtension>
            <ns3:hr>81</ns3:hr>
            <ns3:cad>57</ns3:cad>
          </ns3:TrackPointExtension>
        </extensions>
      </trkpt>
      <trkpt lat="46.0851236991584300994873046875" lon="11.158302985131740570068359375">
        <ele>568.4000244140625</ele>
        <time>2026-02-28T10:51:03.000Z</time>
        <extensions>
          <ns3:TrackPointExtension>
            <ns3:hr>81</ns3:hr>
            <ns3:cad>59</ns3:cad>
          </ns3:TrackPointExtension>
        </extensions>
      </trkpt>
      <trkpt lat="46.08507198281586170196533203125" lon="11.15825235843658447265625">
        <ele>567.20001220703125</ele>
        <time>2026-02-28T10:51:08.000Z</time>
        <extensions>
          <ns3:TrackPointExtension>
            <ns3:hr>83</ns3:hr>
            <ns3:cad>58</ns3:cad>
          </ns3:TrackPointExtension>
        </extensions>
      </trkpt>
      <trkpt lat="46.08503744937479496002197265625" lon="11.15821070037782192230224609375">
        <ele>566.5999755859375</ele>
        <time>2026-02-28T10:51:12.000Z</time>
        <extensions>
          <ns3:TrackPointExtension>
            <ns3:hr>84</ns3:hr>
            <ns3:cad>59</ns3:cad>
          </ns3:TrackPointExtension>
        </extensions>
      </trkpt>
      <trkpt lat="46.085020266473293304443359375" lon="11.15813777782022953033447265625">
        <ele>566.20001220703125</ele>
        <time>2026-02-28T10:51:17.000Z</time>
        <extensions>
          <ns3:TrackPointExtension>
            <ns3:hr>84</ns3:hr>
            <ns3:cad>55</ns3:cad>
          </ns3:TrackPointExtension>
        </extensions>
      </trkpt>
      <trkpt lat="46.08501632697880268096923828125" lon="11.158086396753787994384765625">
        <ele>565.79998779296875</ele>
        <time>2026-02-28T10:51:20.000Z</time>
        <extensions>
          <ns3:TrackPointExtension>
            <ns3:hr>84</ns3:hr>
            <ns3:cad>56</ns3:cad>
          </ns3:TrackPointExtension>
        </extensions>
      </trkpt>
      <trkpt lat="46.08502102084457874298095703125" lon="11.15797868929803371429443359375">
        <ele>565</ele>
        <time>2026-02-28T10:51:26.000Z</time>
        <extensions>
          <ns3:TrackPointExtension>
            <ns3:hr>83</ns3:hr>
            <ns3:cad>58</ns3:cad>
          </ns3:TrackPointExtension>
        </extensions>
      </trkpt>
      <trkpt lat="46.08503275550901889801025390625" lon="11.1578622646629810333251953125">
        <ele>564</ele>
        <time>2026-02-28T10:51:33.000Z</time>
        <extensions>
          <ns3:TrackPointExtension>
            <ns3:hr>79</ns3:hr>
            <ns3:cad>57</ns3:cad>
          </ns3:TrackPointExtension>
        </extensions>
      </trkpt>
      <trkpt lat="46.08503828756511211395263671875" lon="11.15782530046999454498291015625">
        <ele>563.5999755859375</ele>
        <time>2026-02-28T10:51:35.000Z</time>
        <extensions>
          <ns3:TrackPointExtension>
            <ns3:hr>76</ns3:hr>
            <ns3:cad>57</ns3:cad>
          </ns3:TrackPointExtension>
        </extensions>
      </trkpt>
      <trkpt lat="46.08505270443856716156005859375" lon="11.15772991441190242767333984375">
        <ele>562.79998779296875</ele>
        <time>2026-02-28T10:51:40.000Z</time>
        <extensions>
          <ns3:TrackPointExtension>
            <ns3:hr>75</ns3:hr>
            <ns3:cad>60</ns3:cad>
          </ns3:TrackPointExtension>
        </extensions>
      </trkpt>
      <trkpt lat="46.08505756594240665435791015625" lon="11.157642491161823272705078125">
        <ele>561.79998779296875</ele>
        <time>2026-02-28T10:51:45.000Z</time>
        <extensions>
          <ns3:TrackPointExtension>
            <ns3:hr>76</ns3:hr>
            <ns3:cad>59</ns3:cad>
          </ns3:TrackPointExtension>
        </extensions>
      </trkpt>
      <trkpt lat="46.0850559733808040618896484375" lon="11.15759379230439662933349609375">
        <ele>561.4000244140625</ele>
        <time>2026-02-28T10:51:48.000Z</time>
        <extensions>
          <ns3:TrackPointExtension>
            <ns3:hr>76</ns3:hr>
            <ns3:cad>0</ns3:cad>
          </ns3:TrackPointExtension>
        </extensions>
      </trkpt>
      <trkpt lat="46.08505186624825000762939453125" lon="11.1575326882302761077880859375">
        <ele>560.79998779296875</ele>
        <time>2026-02-28T10:51:51.000Z</time>
        <extensions>
          <ns3:TrackPointExtension>
            <ns3:hr>76</ns3:hr>
            <ns3:cad>58</ns3:cad>
          </ns3:TrackPointExtension>
        </extensions>
      </trkpt>
      <trkpt lat="46.08505572192370891571044921875" lon="11.157430596649646759033203125">
        <ele>560</ele>
        <time>2026-02-28T10:51:56.000Z</time>
        <extensions>
          <ns3:TrackPointExtension>
            <ns3:hr>75</ns3:hr>
            <ns3:cad>58</ns3:cad>
          </ns3:TrackPointExtension>
        </extensions>
      </trkpt>
      <trkpt lat="46.0850586555898189544677734375" lon="11.15739245899021625518798828125">
        <ele>559.79998779296875</ele>
        <time>2026-02-28T10:51:58.000Z</time>
        <extensions>
          <ns3:TrackPointExtension>
            <ns3:hr>73</ns3:hr>
            <ns3:cad>57</ns3:cad>
          </ns3:TrackPointExtension>
        </extensions>
      </trkpt>
      <trkpt lat="46.08506460674107074737548828125" lon="11.157274357974529266357421875">
        <ele>558.79998779296875</ele>
        <time>2026-02-28T10:52:05.000Z</time>
        <extensions>
          <ns3:TrackPointExtension>
            <ns3:hr>73</ns3:hr>
            <ns3:cad>57</ns3:cad>
          </ns3:TrackPointExtension>
        </extensions>
      </trkpt>
      <trkpt lat="46.08506309799849987030029296875" lon="11.157264970242977142333984375">
        <ele>558.5999755859375</ele>
        <time>2026-02-28T10:52:06.000Z</time>
        <extensions>
          <ns3:TrackPointExtension>
            <ns3:hr>72</ns3:hr>
            <ns3:cad>55</ns3:cad>
          </ns3:TrackPointExtension>
        </extensions>
      </trkpt>
      <trkpt lat="46.0850675404071807861328125" lon="11.15716933272778987884521484375">
        <ele>558</ele>
        <time>2026-02-28T10:52:11.000Z</time>
        <extensions>
          <ns3:TrackPointExtension>
            <ns3:hr>73</ns3:hr>
            <ns3:cad>55</ns3:cad>
          </ns3:TrackPointExtension>
        </extensions>
      </trkpt>
      <trkpt lat="46.0850663669407367706298828125" lon="11.15707914344966411590576171875">
        <ele>557.4000244140625</ele>
        <time>2026-02-28T10:52:15.000Z</time>
        <extensions>
          <ns3:TrackPointExtension>
            <ns3:hr>72</ns3:hr>
            <ns3:cad>57</ns3:cad>
          </ns3:TrackPointExtension>
        </extensions>
      </trkpt>
      <trkpt lat="46.0850563086569309234619140625" lon="11.15702499635517597198486328125">
        <ele>557.20001220703125</ele>
        <time>2026-02-28T10:52:19.000Z</time>
        <extensions>
          <ns3:TrackPointExtension>
            <ns3:hr>72</ns3:hr>
            <ns3:cad>55</ns3:cad>
          </ns3:TrackPointExtension>
        </extensions>
      </trkpt>
      <trkpt lat="46.085036695003509521484375" lon="11.15693648345768451690673828125">
        <ele>556.5999755859375</ele>
        <time>2026-02-28T10:52:25.000Z</time>
        <extensions>
          <ns3:TrackPointExtension>
            <ns3:hr>72</ns3:hr>
            <ns3:cad>55</ns3:cad>
          </ns3:TrackPointExtension>
        </extensions>
      </trkpt>
      <trkpt lat="46.08502839691936969757080078125" lon="11.1569224856793880462646484375">
        <ele>556.4000244140625</ele>
        <time>2026-02-28T10:52:26.000Z</time>
        <extensions>
          <ns3:TrackPointExtension>
            <ns3:hr>72</ns3:hr>
            <ns3:cad>55</ns3:cad>
          </ns3:TrackPointExtension>
        </extensions>
      </trkpt>
      <trkpt lat="46.08495564199984073638916015625" lon="11.1568329669535160064697265625">
        <ele>555.79998779296875</ele>
        <time>2026-02-28T10:52:32.000Z</time>
        <extensions>
          <ns3:TrackPointExtension>
            <ns3:hr>75</ns3:hr>
            <ns3:cad>55</ns3:cad>
          </ns3:TrackPointExtension>
        </extensions>
      </trkpt>
      <trkpt lat="46.08491532504558563232421875" lon="11.1567997746169567108154296875">
        <ele>555.4000244140625</ele>
        <time>2026-02-28T10:52:36.000Z</time>
        <extensions>
          <ns3:TrackPointExtension>
            <ns3:hr>76</ns3:hr>
            <ns3:cad>55</ns3:cad>
          </ns3:TrackPointExtension>
        </extensions>
      </trkpt>
      <trkpt lat="46.08487777411937713623046875" lon="11.156770102679729461669921875">
        <ele>554.79998779296875</ele>
        <time>2026-02-28T10:52:39.000Z</time>
        <extensions>
          <ns3:TrackPointExtension>
            <ns3:hr>76</ns3:hr>
            <ns3:cad>56</ns3:cad>
          </ns3:TrackPointExtension>
        </extensions>
      </trkpt>
      <trkpt lat="46.08484826982021331787109375" lon="11.15673649124801158905029296875">
        <ele>554.20001220703125</ele>
        <time>2026-02-28T10:52:42.000Z</time>
        <extensions>
          <ns3:TrackPointExtension>
            <ns3:hr>75</ns3:hr>
            <ns3:cad>57</ns3:cad>
          </ns3:TrackPointExtension>
        </extensions>
      </trkpt>
      <trkpt lat="46.08481834642589092254638671875" lon="11.15669525228440761566162109375">
        <ele>553.5999755859375</ele>
        <time>2026-02-28T10:52:45.000Z</time>
        <extensions>
          <ns3:TrackPointExtension>
            <ns3:hr>72</ns3:hr>
            <ns3:cad>57</ns3:cad>
          </ns3:TrackPointExtension>
        </extensions>
      </trkpt>
      <trkpt lat="46.084805019199848175048828125" lon="11.1566777341067790985107421875">
        <ele>553.4000244140625</ele>
        <time>2026-02-28T10:52:46.000Z</time>
        <extensions>
          <ns3:TrackPointExtension>
            <ns3:hr>72</ns3:hr>
            <ns3:cad>57</ns3:cad>
          </ns3:TrackPointExtension>
        </extensions>
      </trkpt>
      <trkpt lat="46.08479797840118408203125" lon="11.1566666699945926666259765625">
        <ele>553.20001220703125</ele>
        <time>2026-02-28T10:52:47.000Z</time>
        <extensions>
          <ns3:TrackPointExtension>
            <ns3:hr>72</ns3:hr>
            <ns3:cad>57</ns3:cad>
          </ns3:TrackPointExtension>
        </extensions>
      </trkpt>
      <trkpt lat="46.0847974754869937896728515625" lon="11.15661554038524627685546875">
        <ele>552.79998779296875</ele>
        <time>2026-02-28T10:52:50.000Z</time>
        <extensions>
          <ns3:TrackPointExtension>
            <ns3:hr>72</ns3:hr>
            <ns3:cad>59</ns3:cad>
          </ns3:TrackPointExtension>
        </extensions>
      </trkpt>
      <trkpt lat="46.08476704917848110198974609375" lon="11.15655845962464809417724609375">
        <ele>552.20001220703125</ele>
        <time>2026-02-28T10:52:55.000Z</time>
        <extensions>
          <ns3:TrackPointExtension>
            <ns3:hr>73</ns3:hr>
            <ns3:cad>55</ns3:cad>
          </ns3:TrackPointExtension>
        </extensions>
      </trkpt>
      <trkpt lat="46.08474500477313995361328125" lon="11.15653515793383121490478515625">
        <ele>551.79998779296875</ele>
        <time>2026-02-28T10:52:57.000Z</time>
        <extensions>
          <ns3:TrackPointExtension>
            <ns3:hr>73</ns3:hr>
            <ns3:cad>55</ns3:cad>
          </ns3:TrackPointExtension>
        </extensions>
      </trkpt>
      <trkpt lat="46.08470016159117221832275390625" lon="11.15648419596254825592041015625">
        <ele>551</ele>
        <time>2026-02-28T10:53:02.000Z</time>
        <extensions>
          <ns3:TrackPointExtension>
            <ns3:hr>74</ns3:hr>
            <ns3:cad>57</ns3:cad>
          </ns3:TrackPointExtension>
        </extensions>
      </trkpt>
      <trkpt lat="46.0846734233200550079345703125" lon="11.15646525286138057708740234375">
        <ele>550.5999755859375</ele>
        <time>2026-02-28T10:53:04.000Z</time>
        <extensions>
          <ns3:TrackPointExtension>
            <ns3:hr>75</ns3:hr>
            <ns3:cad>57</ns3:cad>
          </ns3:TrackPointExtension>
        </extensions>
      </trkpt>
      <trkpt lat="46.08463377691805362701416015625" lon="11.15644295699894428253173828125">
        <ele>550</ele>
        <time>2026-02-28T10:53:07.000Z</time>
        <extensions>
          <ns3:TrackPointExtension>
            <ns3:hr>75</ns3:hr>
            <ns3:cad>56</ns3:cad>
          </ns3:TrackPointExtension>
        </extensions>
      </trkpt>
      <trkpt lat="46.0845954716205596923828125" lon="11.156426779925823211669921875">
        <ele>549.4000244140625</ele>
        <time>2026-02-28T10:53:11.000Z</time>
        <extensions>
          <ns3:TrackPointExtension>
            <ns3:hr>73</ns3:hr>
            <ns3:cad>0</ns3:cad>
          </ns3:TrackPointExtension>
        </extensions>
      </trkpt>
      <trkpt lat="46.0845835693180561065673828125" lon="11.15641303360462188720703125">
        <ele>548.79998779296875</ele>
        <time>2026-02-28T10:53:13.000Z</time>
        <extensions>
          <ns3:TrackPointExtension>
            <ns3:hr>73</ns3:hr>
            <ns3:cad>0</ns3:cad>
          </ns3:TrackPointExtension>
        </extensions>
      </trkpt>
      <trkpt lat="46.08451995067298412322998046875" lon="11.1563642509281635284423828125">
        <ele>548</ele>
        <time>2026-02-28T10:53:19.000Z</time>
        <extensions>
          <ns3:TrackPointExtension>
            <ns3:hr>73</ns3:hr>
            <ns3:cad>57</ns3:cad>
          </ns3:TrackPointExtension>
        </extensions>
      </trkpt>
      <trkpt lat="46.08451324515044689178466796875" lon="11.15635477937757968902587890625">
        <ele>547.79998779296875</ele>
        <time>2026-02-28T10:53:20.000Z</time>
        <extensions>
          <ns3:TrackPointExtension>
            <ns3:hr>72</ns3:hr>
            <ns3:cad>58</ns3:cad>
          </ns3:TrackPointExtension>
        </extensions>
      </trkpt>
      <trkpt lat="46.08444065786898136138916015625" lon="11.15627934224903583526611328125">
        <ele>546.5999755859375</ele>
        <time>2026-02-28T10:53:27.000Z</time>
        <extensions>
          <ns3:TrackPointExtension>
            <ns3:hr>73</ns3:hr>
            <ns3:cad>57</ns3:cad>
          </ns3:TrackPointExtension>
        </extensions>
      </trkpt>
      <trkpt lat="46.08440444804728031158447265625" lon="11.156240366399288177490234375">
        <ele>546</ele>
        <time>2026-02-28T10:53:30.000Z</time>
        <extensions>
          <ns3:TrackPointExtension>
            <ns3:hr>72</ns3:hr>
            <ns3:cad>58</ns3:cad>
          </ns3:TrackPointExtension>
        </extensions>
      </trkpt>
      <trkpt lat="46.0843834094703197479248046875" lon="11.1562140472233295440673828125">
        <ele>545.5999755859375</ele>
        <time>2026-02-28T10:53:32.000Z</time>
        <extensions>
          <ns3:TrackPointExtension>
            <ns3:hr>73</ns3:hr>
            <ns3:cad>59</ns3:cad>
          </ns3:TrackPointExtension>
        </extensions>
      </trkpt>
      <trkpt lat="46.084342338144779205322265625" lon="11.1561681143939495086669921875">
        <ele>545</ele>
        <time>2026-02-28T10:53:36.000Z</time>
        <extensions>
          <ns3:TrackPointExtension>
            <ns3:hr>72</ns3:hr>
            <ns3:cad>58</ns3:cad>
          </ns3:TrackPointExtension>
        </extensions>
      </trkpt>
      <trkpt lat="46.084321551024913787841796875" lon="11.1561459861695766448974609375">
        <ele>544.4000244140625</ele>
        <time>2026-02-28T10:53:38.000Z</time>
        <extensions>
          <ns3:TrackPointExtension>
            <ns3:hr>73</ns3:hr>
            <ns3:cad>58</ns3:cad>
          </ns3:TrackPointExtension>
        </extensions>
      </trkpt>
      <trkpt lat="46.08427050523459911346435546875" lon="11.15608404390513896942138671875">
        <ele>543.4000244140625</ele>
        <time>2026-02-28T10:53:43.000Z</time>
        <extensions>
          <ns3:TrackPointExtension>
            <ns3:hr>73</ns3:hr>
            <ns3:cad>60</ns3:cad>
          </ns3:TrackPointExtension>
        </extensions>
      </trkpt>
      <trkpt lat="46.084190122783184051513671875" lon="11.1560329981148242950439453125">
        <ele>542.20001220703125</ele>
        <time>2026-02-28T10:53:50.000Z</time>
        <extensions>
          <ns3:TrackPointExtension>
            <ns3:hr>74</ns3:hr>
            <ns3:cad>57</ns3:cad>
          </ns3:TrackPointExtension>
        </extensions>
      </trkpt>
      <trkpt lat="46.08417662791907787322998046875" lon="11.15602947771549224853515625">
        <ele>542</ele>
        <time>2026-02-28T10:53:51.000Z</time>
        <extensions>
          <ns3:TrackPointExtension>
            <ns3:hr>73</ns3:hr>
            <ns3:cad>57</ns3:cad>
          </ns3:TrackPointExtension>
        </extensions>
      </trkpt>
      <trkpt lat="46.08409331180155277252197265625" lon="11.156017072498798370361328125">
        <ele>541.20001220703125</ele>
        <time>2026-02-28T10:53:57.000Z</time>
        <extensions>
          <ns3:TrackPointExtension>
            <ns3:hr>74</ns3:hr>
            <ns3:cad>55</ns3:cad>
          </ns3:TrackPointExtension>
        </extensions>
      </trkpt>
      <trkpt lat="46.084028184413909912109375" lon="11.1560071818530559539794921875">
        <ele>540.20001220703125</ele>
        <time>2026-02-28T10:54:04.000Z</time>
        <extensions>
          <ns3:TrackPointExtension>
            <ns3:hr>76</ns3:hr>
            <ns3:cad>55</ns3:cad>
          </ns3:TrackPointExtension>
        </extensions>
      </trkpt>
      <trkpt lat="46.084017790853977203369140625" lon="11.15601195953786373138427734375">
        <ele>540</ele>
        <time>2026-02-28T10:54:05.000Z</time>
        <extensions>
          <ns3:TrackPointExtension>
            <ns3:hr>76</ns3:hr>
            <ns3:cad>54</ns3:cad>
          </ns3:TrackPointExtension>
        </extensions>
      </trkpt>
      <trkpt lat="46.083990298211574554443359375" lon="11.15601112134754657745361328125">
        <ele>539.20001220703125</ele>
        <time>2026-02-28T10:54:07.000Z</time>
        <extensions>
          <ns3:TrackPointExtension>
            <ns3:hr>80</ns3:hr>
            <ns3:cad>0</ns3:cad>
          </ns3:TrackPointExtension>
        </extensions>
      </trkpt>
      <trkpt lat="46.083980239927768707275390625" lon="11.156005002558231353759765625">
        <ele>539</ele>
        <time>2026-02-28T10:54:08.000Z</time>
        <extensions>
          <ns3:TrackPointExtension>
            <ns3:hr>82</ns3:hr>
            <ns3:cad>0</ns3:cad>
          </ns3:TrackPointExtension>
        </extensions>
      </trkpt>
      <trkpt lat="46.08395249582827091217041015625" lon="11.15599838085472583770751953125">
        <ele>538.5999755859375</ele>
        <time>2026-02-28T10:54:10.000Z</time>
        <extensions>
          <ns3:TrackPointExtension>
            <ns3:hr>82</ns3:hr>
            <ns3:cad>56</ns3:cad>
          </ns3:TrackPointExtension>
        </extensions>
      </trkpt>
      <trkpt lat="46.0839331336319446563720703125" lon="11.15598388016223907470703125">
        <ele>537.79998779296875</ele>
        <time>2026-02-28T10:54:14.000Z</time>
        <extensions>
          <ns3:TrackPointExtension>
            <ns3:hr>83</ns3:hr>
            <ns3:cad>56</ns3:cad>
          </ns3:TrackPointExtension>
        </extensions>
      </trkpt>
      <trkpt lat="46.08390681445598602294921875" lon="11.15597843192517757415771484375">
        <ele>537</ele>
        <time>2026-02-28T10:54:17.000Z</time>
        <extensions>
          <ns3:TrackPointExtension>
            <ns3:hr>83</ns3:hr>
            <ns3:cad>57</ns3:cad>
          </ns3:TrackPointExtension>
        </extensions>
      </trkpt>
      <trkpt lat="46.0838965885341167449951171875" lon="11.15597893483936786651611328125">
        <ele>536.79998779296875</ele>
        <time>2026-02-28T10:54:18.000Z</time>
        <extensions>
          <ns3:TrackPointExtension>
            <ns3:hr>83</ns3:hr>
            <ns3:cad>57</ns3:cad>
          </ns3:TrackPointExtension>
        </extensions>
      </trkpt>
      <trkpt lat="46.0838617198169231414794921875" lon="11.15597046911716461181640625">
        <ele>535.5999755859375</ele>
        <time>2026-02-28T10:54:22.000Z</time>
        <extensions>
          <ns3:TrackPointExtension>
            <ns3:hr>83</ns3:hr>
            <ns3:cad>56</ns3:cad>
          </ns3:TrackPointExtension>
        </extensions>
      </trkpt>
      <trkpt lat="46.08385182917118072509765625" lon="11.15596351213753223419189453125">
        <ele>535.4000244140625</ele>
        <time>2026-02-28T10:54:23.000Z</time>
        <extensions>
          <ns3:TrackPointExtension>
            <ns3:hr>84</ns3:hr>
            <ns3:cad>56</ns3:cad>
          </ns3:TrackPointExtension>
        </extensions>
      </trkpt>
      <trkpt lat="46.08382760547101497650146484375" lon="11.15595311857759952545166015625">
        <ele>535</ele>
        <time>2026-02-28T10:54:25.000Z</time>
        <extensions>
          <ns3:TrackPointExtension>
            <ns3:hr>84</ns3:hr>
            <ns3:cad>59</ns3:cad>
          </ns3:TrackPointExtension>
        </extensions>
      </trkpt>
      <trkpt lat="46.08378955163061618804931640625" lon="11.1559334211051464080810546875">
        <ele>534.4000244140625</ele>
        <time>2026-02-28T10:54:28.000Z</time>
        <extensions>
          <ns3:TrackPointExtension>
            <ns3:hr>84</ns3:hr>
            <ns3:cad>59</ns3:cad>
          </ns3:TrackPointExtension>
        </extensions>
      </trkpt>
      <trkpt lat="46.0837443731725215911865234375" lon="11.15590886212885379791259765625">
        <ele>533.5999755859375</ele>
        <time>2026-02-28T10:54:31.000Z</time>
        <extensions>
          <ns3:TrackPointExtension>
            <ns3:hr>84</ns3:hr>
            <ns3:cad>58</ns3:cad>
          </ns3:TrackPointExtension>
        </extensions>
      </trkpt>
      <trkpt lat="46.083717383444309234619140625" lon="11.15589134395122528076171875">
        <ele>533.20001220703125</ele>
        <time>2026-02-28T10:54:33.000Z</time>
        <extensions>
          <ns3:TrackPointExtension>
            <ns3:hr>83</ns3:hr>
            <ns3:cad>59</ns3:cad>
          </ns3:TrackPointExtension>
        </extensions>
      </trkpt>
      <trkpt lat="46.08366047032177448272705078125" lon="11.15585513412952423095703125">
        <ele>532.79998779296875</ele>
        <time>2026-02-28T10:54:38.000Z</time>
        <extensions>
          <ns3:TrackPointExtension>
            <ns3:hr>83</ns3:hr>
            <ns3:cad>57</ns3:cad>
          </ns3:TrackPointExtension>
        </extensions>
      </trkpt>
      <trkpt lat="46.08363431878387928009033203125" lon="11.15583392791450023651123046875">
        <ele>532</ele>
        <time>2026-02-28T10:54:41.000Z</time>
        <extensions>
          <ns3:TrackPointExtension>
            <ns3:hr>82</ns3:hr>
            <ns3:cad>60</ns3:cad>
          </ns3:TrackPointExtension>
        </extensions>
      </trkpt>
      <trkpt lat="46.08360766433179378509521484375" lon="11.15580593235790729522705078125">
        <ele>531.4000244140625</ele>
        <time>2026-02-28T10:54:44.000Z</time>
        <extensions>
          <ns3:TrackPointExtension>
            <ns3:hr>79</ns3:hr>
            <ns3:cad>60</ns3:cad>
          </ns3:TrackPointExtension>
        </extensions>
      </trkpt>
      <trkpt lat="46.083532311022281646728515625" lon="11.15577156655490398406982421875">
        <ele>531</ele>
        <time>2026-02-28T10:54:49.000Z</time>
        <extensions>
          <ns3:TrackPointExtension>
            <ns3:hr>77</ns3:hr>
            <ns3:cad>60</ns3:cad>
          </ns3:TrackPointExtension>
        </extensions>
      </trkpt>
      <trkpt lat="46.08351848088204860687255859375" lon="11.15577056072652339935302734375">
        <ele>530.79998779296875</ele>
        <time>2026-02-28T10:54:50.000Z</time>
        <extensions>
          <ns3:TrackPointExtension>
            <ns3:hr>78</ns3:hr>
            <ns3:cad>60</ns3:cad>
          </ns3:TrackPointExtension>
        </extensions>
      </trkpt>
      <trkpt lat="46.0834463126957416534423828125" lon="11.15575723350048065185546875">
        <ele>529.79998779296875</ele>
        <time>2026-02-28T10:54:57.000Z</time>
        <extensions>
          <ns3:TrackPointExtension>
            <ns3:hr>79</ns3:hr>
            <ns3:cad>58</ns3:cad>
          </ns3:TrackPointExtension>
        </extensions>
      </trkpt>
      <trkpt lat="46.08339509926736354827880859375" lon="11.15570870228111743927001953125">
        <ele>528.5999755859375</ele>
        <time>2026-02-28T10:55:04.000Z</time>
        <extensions>
          <ns3:TrackPointExtension>
            <ns3:hr>78</ns3:hr>
            <ns3:cad>55</ns3:cad>
          </ns3:TrackPointExtension>
        </extensions>
      </trkpt>
      <trkpt lat="46.083382107317447662353515625" lon="11.155693531036376953125">
        <ele>528.4000244140625</ele>
        <time>2026-02-28T10:55:06.000Z</time>
        <extensions>
          <ns3:TrackPointExtension>
            <ns3:hr>79</ns3:hr>
            <ns3:cad>55</ns3:cad>
          </ns3:TrackPointExtension>
        </extensions>
      </trkpt>
      <trkpt lat="46.08335830271244049072265625" lon="11.1556799523532390594482421875">
        <ele>527.5999755859375</ele>
        <time>2026-02-28T10:55:10.000Z</time>
        <extensions>
          <ns3:TrackPointExtension>
            <ns3:hr>77</ns3:hr>
            <ns3:cad>53</ns3:cad>
          </ns3:TrackPointExtension>
        </extensions>
      </trkpt>
      <trkpt lat="46.08333416283130645751953125" lon="11.155673079192638397216796875">
        <ele>527.20001220703125</ele>
        <time>2026-02-28T10:55:12.000Z</time>
        <extensions>
          <ns3:TrackPointExtension>
            <ns3:hr>76</ns3:hr>
            <ns3:cad>53</ns3:cad>
          </ns3:TrackPointExtension>
        </extensions>
      </trkpt>
      <trkpt lat="46.0832954384386539459228515625" lon="11.155644245445728302001953125">
        <ele>526.4000244140625</ele>
        <time>2026-02-28T10:55:16.000Z</time>
        <extensions>
          <ns3:TrackPointExtension>
            <ns3:hr>77</ns3:hr>
            <ns3:cad>55</ns3:cad>
          </ns3:TrackPointExtension>
        </extensions>
      </trkpt>
      <trkpt lat="46.0832639224827289581298828125" lon="11.15561700426042079925537109375">
        <ele>525.79998779296875</ele>
        <time>2026-02-28T10:55:19.000Z</time>
        <extensions>
          <ns3:TrackPointExtension>
            <ns3:hr>79</ns3:hr>
            <ns3:cad>57</ns3:cad>
          </ns3:TrackPointExtension>
        </extensions>
      </trkpt>
      <trkpt lat="46.0832297243177890777587890625" lon="11.1555817164480686187744140625">
        <ele>525.4000244140625</ele>
        <time>2026-02-28T10:55:22.000Z</time>
        <extensions>
          <ns3:TrackPointExtension>
            <ns3:hr>79</ns3:hr>
            <ns3:cad>57</ns3:cad>
          </ns3:TrackPointExtension>
        </extensions>
      </trkpt>
      <trkpt lat="46.0831878148019313812255859375" lon="11.15555665455758571624755859375">
        <ele>524</ele>
        <time>2026-02-28T10:55:27.000Z</time>
        <extensions>
          <ns3:TrackPointExtension>
            <ns3:hr>78</ns3:hr>
            <ns3:cad>57</ns3:cad>
          </ns3:TrackPointExtension>
        </extensions>
      </trkpt>
      <trkpt lat="46.08313224278390407562255859375" lon="11.15553595125675201416015625">
        <ele>523</ele>
        <time>2026-02-28T10:55:31.000Z</time>
        <extensions>
          <ns3:TrackPointExtension>
            <ns3:hr>78</ns3:hr>
            <ns3:cad>57</ns3:cad>
          </ns3:TrackPointExtension>
        </extensions>
      </trkpt>
      <trkpt lat="46.08311179094016551971435546875" lon="11.1555232107639312744140625">
        <ele>522.4000244140625</ele>
        <time>2026-02-28T10:55:33.000Z</time>
        <extensions>
          <ns3:TrackPointExtension>
            <ns3:hr>78</ns3:hr>
            <ns3:cad>57</ns3:cad>
          </ns3:TrackPointExtension>
        </extensions>
      </trkpt>
      <trkpt lat="46.08309368602931499481201171875" lon="11.1555151641368865966796875">
        <ele>522</ele>
        <time>2026-02-28T10:55:35.000Z</time>
        <extensions>
          <ns3:TrackPointExtension>
            <ns3:hr>77</ns3:hr>
            <ns3:cad>57</ns3:cad>
          </ns3:TrackPointExtension>
        </extensions>
      </trkpt>
      <trkpt lat="46.083049513399600982666015625" lon="11.15549965761601924896240234375">
        <ele>520.79998779296875</ele>
        <time>2026-02-28T10:55:40.000Z</time>
        <extensions>
          <ns3:TrackPointExtension>
            <ns3:hr>77</ns3:hr>
            <ns3:cad>58</ns3:cad>
          </ns3:TrackPointExtension>
        </extensions>
      </trkpt>
      <trkpt lat="46.0830344259738922119140625" lon="11.155495382845401763916015625">
        <ele>520.5999755859375</ele>
        <time>2026-02-28T10:55:41.000Z</time>
        <extensions>
          <ns3:TrackPointExtension>
            <ns3:hr>77</ns3:hr>
            <ns3:cad>58</ns3:cad>
          </ns3:TrackPointExtension>
        </extensions>
      </trkpt>
      <trkpt lat="46.08298815786838531494140625" lon="11.15548431873321533203125">
        <ele>519.79998779296875</ele>
        <time>2026-02-28T10:55:44.000Z</time>
        <extensions>
          <ns3:TrackPointExtension>
            <ns3:hr>78</ns3:hr>
            <ns3:cad>59</ns3:cad>
          </ns3:TrackPointExtension>
        </extensions>
      </trkpt>
      <trkpt lat="46.08293426223099231719970703125" lon="11.15547987632453441619873046875">
        <ele>518.5999755859375</ele>
        <time>2026-02-28T10:55:49.000Z</time>
        <extensions>
          <ns3:TrackPointExtension>
            <ns3:hr>78</ns3:hr>
            <ns3:cad>59</ns3:cad>
          </ns3:TrackPointExtension>
        </extensions>
      </trkpt>
      <trkpt lat="46.082925461232662200927734375" lon="11.15547853522002696990966796875">
        <ele>518.4000244140625</ele>
        <time>2026-02-28T10:55:50.000Z</time>
        <extensions>
          <ns3:TrackPointExtension>
            <ns3:hr>77</ns3:hr>
            <ns3:cad>59</ns3:cad>
          </ns3:TrackPointExtension>
        </extensions>
      </trkpt>
      <trkpt lat="46.082896627485752105712890625" lon="11.15549043752253055572509765625">
        <ele>517.5999755859375</ele>
        <time>2026-02-28T10:55:53.000Z</time>
        <extensions>
          <ns3:TrackPointExtension>
            <ns3:hr>77</ns3:hr>
            <ns3:cad>110</ns3:cad>
          </ns3:TrackPointExtension>
        </extensions>
      </trkpt>
      <trkpt lat="46.08285413123667240142822265625" lon="11.15550871007144451141357421875">
        <ele>516.5999755859375</ele>
        <time>2026-02-28T10:55:56.000Z</time>
        <extensions>
          <ns3:TrackPointExtension>
            <ns3:hr>75</ns3:hr>
            <ns3:cad>57</ns3:cad>
          </ns3:TrackPointExtension>
        </extensions>
      </trkpt>
      <trkpt lat="46.08282730914652347564697265625" lon="11.15551189519464969635009765625">
        <ele>516</ele>
        <time>2026-02-28T10:55:58.000Z</time>
        <extensions>
          <ns3:TrackPointExtension>
            <ns3:hr>72</ns3:hr>
            <ns3:cad>57</ns3:cad>
          </ns3:TrackPointExtension>
        </extensions>
      </trkpt>
      <trkpt lat="46.082806773483753204345703125" lon="11.15550820715725421905517578125">
        <ele>515.4000244140625</ele>
        <time>2026-02-28T10:56:00.000Z</time>
        <extensions>
          <ns3:TrackPointExtension>
            <ns3:hr>72</ns3:hr>
            <ns3:cad>59</ns3:cad>
          </ns3:TrackPointExtension>
        </extensions>
      </trkpt>
      <trkpt lat="46.082756817340850830078125" lon="11.155502088367938995361328125">
        <ele>514.20001220703125</ele>
        <time>2026-02-28T10:56:04.000Z</time>
        <extensions>
          <ns3:TrackPointExtension>
            <ns3:hr>72</ns3:hr>
            <ns3:cad>58</ns3:cad>
          </ns3:TrackPointExtension>
        </extensions>
      </trkpt>
      <trkpt lat="46.08273644931614398956298828125" lon="11.15548809058964252471923828125">
        <ele>513.5999755859375</ele>
        <time>2026-02-28T10:56:06.000Z</time>
        <extensions>
          <ns3:TrackPointExtension>
            <ns3:hr>72</ns3:hr>
            <ns3:cad>59</ns3:cad>
          </ns3:TrackPointExtension>
        </extensions>
      </trkpt>
      <trkpt lat="46.08271666802465915679931640625" lon="11.15547970868647098541259765625">
        <ele>513</ele>
        <time>2026-02-28T10:56:08.000Z</time>
        <extensions>
          <ns3:TrackPointExtension>
            <ns3:hr>72</ns3:hr>
            <ns3:cad>60</ns3:cad>
          </ns3:TrackPointExtension>
        </extensions>
      </trkpt>
      <trkpt lat="46.08266805298626422882080078125" lon="11.15544567815959453582763671875">
        <ele>512</ele>
        <time>2026-02-28T10:56:12.000Z</time>
        <extensions>
          <ns3:TrackPointExtension>
            <ns3:hr>72</ns3:hr>
            <ns3:cad>60</ns3:cad>
          </ns3:TrackPointExtension>
        </extensions>
      </trkpt>
      <trkpt lat="46.0826510377228260040283203125" lon="11.1554248072206974029541015625">
        <ele>511.399993896484375</ele>
        <time>2026-02-28T10:56:14.000Z</time>
        <extensions>
          <ns3:TrackPointExtension>
            <ns3:hr>72</ns3:hr>
            <ns3:cad>60</ns3:cad>
          </ns3:TrackPointExtension>
        </extensions>
      </trkpt>
      <trkpt lat="46.08263410627841949462890625" lon="11.1554030142724514007568359375">
        <ele>510.79998779296875</ele>
        <time>2026-02-28T10:56:16.000Z</time>
        <extensions>
          <ns3:TrackPointExtension>
            <ns3:hr>72</ns3:hr>
            <ns3:cad>58</ns3:cad>
          </ns3:TrackPointExtension>
        </extensions>
      </trkpt>
      <trkpt lat="46.08259127475321292877197265625" lon="11.15536563098430633544921875">
        <ele>509.600006103515625</ele>
        <time>2026-02-28T10:56:20.000Z</time>
        <extensions>
          <ns3:TrackPointExtension>
            <ns3:hr>73</ns3:hr>
            <ns3:cad>58</ns3:cad>
          </ns3:TrackPointExtension>
        </extensions>
      </trkpt>
      <trkpt lat="46.08258004300296306610107421875" lon="11.1553554050624370574951171875">
        <ele>509.399993896484375</ele>
        <time>2026-02-28T10:56:21.000Z</time>
        <extensions>
          <ns3:TrackPointExtension>
            <ns3:hr>72</ns3:hr>
            <ns3:cad>58</ns3:cad>
          </ns3:TrackPointExtension>
        </extensions>
      </trkpt>
      <trkpt lat="46.08254559338092803955078125" lon="11.15533235482871532440185546875">
        <ele>508.399993896484375</ele>
        <time>2026-02-28T10:56:24.000Z</time>
        <extensions>
          <ns3:TrackPointExtension>
            <ns3:hr>72</ns3:hr>
            <ns3:cad>118</ns3:cad>
          </ns3:TrackPointExtension>
        </extensions>
      </trkpt>
      <trkpt lat="46.0825108923017978668212890625" lon="11.155309639871120452880859375">
        <ele>507.600006103515625</ele>
        <time>2026-02-28T10:56:27.000Z</time>
        <extensions>
          <ns3:TrackPointExtension>
            <ns3:hr>73</ns3:hr>
            <ns3:cad>60</ns3:cad>
          </ns3:TrackPointExtension>
        </extensions>
      </trkpt>
      <trkpt lat="46.08250041492283344268798828125" lon="11.15530259907245635986328125">
        <ele>507.20001220703125</ele>
        <time>2026-02-28T10:56:28.000Z</time>
        <extensions>
          <ns3:TrackPointExtension>
            <ns3:hr>73</ns3:hr>
            <ns3:cad>60</ns3:cad>
          </ns3:TrackPointExtension>
        </extensions>
      </trkpt>
      <trkpt lat="46.0824606008827686309814453125" lon="11.155268065631389617919921875">
        <ele>506</ele>
        <time>2026-02-28T10:56:32.000Z</time>
        <extensions>
          <ns3:TrackPointExtension>
            <ns3:hr>73</ns3:hr>
            <ns3:cad>58</ns3:cad>
          </ns3:TrackPointExtension>
        </extensions>
      </trkpt>
      <trkpt lat="46.0824336111545562744140625" lon="11.15524820052087306976318359375">
        <ele>505.20001220703125</ele>
        <time>2026-02-28T10:56:35.000Z</time>
        <extensions>
          <ns3:TrackPointExtension>
            <ns3:hr>74</ns3:hr>
            <ns3:cad>58</ns3:cad>
          </ns3:TrackPointExtension>
        </extensions>
      </trkpt>
      <trkpt lat="46.0824255645275115966796875" lon="11.15524250082671642303466796875">
        <ele>505</ele>
        <time>2026-02-28T10:56:36.000Z</time>
        <extensions>
          <ns3:TrackPointExtension>
            <ns3:hr>73</ns3:hr>
            <ns3:cad>58</ns3:cad>
          </ns3:TrackPointExtension>
        </extensions>
      </trkpt>
      <trkpt lat="46.08238868415355682373046875" lon="11.1552166007459163665771484375">
        <ele>503.79998779296875</ele>
        <time>2026-02-28T10:56:40.000Z</time>
        <extensions>
          <ns3:TrackPointExtension>
            <ns3:hr>75</ns3:hr>
            <ns3:cad>58</ns3:cad>
          </ns3:TrackPointExtension>
        </extensions>
      </trkpt>
      <trkpt lat="46.08234685845673084259033203125" lon="11.15518265403807163238525390625">
        <ele>502.79998779296875</ele>
        <time>2026-02-28T10:56:44.000Z</time>
        <extensions>
          <ns3:TrackPointExtension>
            <ns3:hr>78</ns3:hr>
            <ns3:cad>57</ns3:cad>
          </ns3:TrackPointExtension>
        </extensions>
      </trkpt>
      <trkpt lat="46.0823305137455463409423828125" lon="11.15516773425042629241943359375">
        <ele>502.20001220703125</ele>
        <time>2026-02-28T10:56:46.000Z</time>
        <extensions>
          <ns3:TrackPointExtension>
            <ns3:hr>78</ns3:hr>
            <ns3:cad>58</ns3:cad>
          </ns3:TrackPointExtension>
        </extensions>
      </trkpt>
      <trkpt lat="46.08230687677860260009765625" lon="11.15514778532087802886962890625">
        <ele>501.600006103515625</ele>
        <time>2026-02-28T10:56:48.000Z</time>
        <extensions>
          <ns3:TrackPointExtension>
            <ns3:hr>77</ns3:hr>
            <ns3:cad>59</ns3:cad>
          </ns3:TrackPointExtension>
        </extensions>
      </trkpt>
      <trkpt lat="46.08226873911917209625244140625" lon="11.15510101430118083953857421875">
        <ele>500.600006103515625</ele>
        <time>2026-02-28T10:56:52.000Z</time>
        <extensions>
          <ns3:TrackPointExtension>
            <ns3:hr>77</ns3:hr>
            <ns3:cad>58</ns3:cad>
          </ns3:TrackPointExtension>
        </extensions>
      </trkpt>
      <trkpt lat="46.08223906718194484710693359375" lon="11.15506564266979694366455078125">
        <ele>499.79998779296875</ele>
        <time>2026-02-28T10:56:55.000Z</time>
        <extensions>
          <ns3:TrackPointExtension>
            <ns3:hr>77</ns3:hr>
            <ns3:cad>61</ns3:cad>
          </ns3:TrackPointExtension>
        </extensions>
      </trkpt>
      <trkpt lat="46.08221576549112796783447265625" lon="11.155036054551601409912109375">
        <ele>499.399993896484375</ele>
        <time>2026-02-28T10:56:57.000Z</time>
        <extensions>
          <ns3:TrackPointExtension>
            <ns3:hr>76</ns3:hr>
            <ns3:cad>60</ns3:cad>
          </ns3:TrackPointExtension>
        </extensions>
      </trkpt>
      <trkpt lat="46.0821855068206787109375" lon="11.154993809759616851806640625">
        <ele>498.20001220703125</ele>
        <time>2026-02-28T10:57:01.000Z</time>
        <extensions>
          <ns3:TrackPointExtension>
            <ns3:hr>76</ns3:hr>
            <ns3:cad>60</ns3:cad>
          </ns3:TrackPointExtension>
        </extensions>
      </trkpt>
      <trkpt lat="46.08216740190982818603515625" lon="11.15496690385043621063232421875">
        <ele>497.79998779296875</ele>
        <time>2026-02-28T10:57:03.000Z</time>
        <extensions>
          <ns3:TrackPointExtension>
            <ns3:hr>76</ns3:hr>
            <ns3:cad>59</ns3:cad>
          </ns3:TrackPointExtension>
        </extensions>
      </trkpt>
      <trkpt lat="46.08214016072452068328857421875" lon="11.154927425086498260498046875">
        <ele>497.20001220703125</ele>
        <time>2026-02-28T10:57:06.000Z</time>
        <extensions>
          <ns3:TrackPointExtension>
            <ns3:hr>77</ns3:hr>
            <ns3:cad>58</ns3:cad>
          </ns3:TrackPointExtension>
        </extensions>
      </trkpt>
      <trkpt lat="46.082109399139881134033203125" lon="11.15486766211688518524169921875">
        <ele>496</ele>
        <time>2026-02-28T10:57:11.000Z</time>
        <extensions>
          <ns3:TrackPointExtension>
            <ns3:hr>76</ns3:hr>
            <ns3:cad>57</ns3:cad>
          </ns3:TrackPointExtension>
        </extensions>
      </trkpt>
      <trkpt lat="46.08209355734288692474365234375" lon="11.15483480505645275115966796875">
        <ele>495.399993896484375</ele>
        <time>2026-02-28T10:57:14.000Z</time>
        <extensions>
          <ns3:TrackPointExtension>
            <ns3:hr>77</ns3:hr>
            <ns3:cad>58</ns3:cad>
          </ns3:TrackPointExtension>
        </extensions>
      </trkpt>
      <trkpt lat="46.08208182267844676971435546875" lon="11.15480865351855754852294921875">
        <ele>495</ele>
        <time>2026-02-28T10:57:16.000Z</time>
        <extensions>
          <ns3:TrackPointExtension>
            <ns3:hr>77</ns3:hr>
            <ns3:cad>57</ns3:cad>
          </ns3:TrackPointExtension>
        </extensions>
      </trkpt>
      <trkpt lat="46.08205650933086872100830078125" lon="11.15474746562540531158447265625">
        <ele>493.79998779296875</ele>
        <time>2026-02-28T10:57:21.000Z</time>
        <extensions>
          <ns3:TrackPointExtension>
            <ns3:hr>77</ns3:hr>
            <ns3:cad>57</ns3:cad>
          </ns3:TrackPointExtension>
        </extensions>
      </trkpt>
      <trkpt lat="46.08203857205808162689208984375" lon="11.15471226163208484649658203125">
        <ele>493.399993896484375</ele>
        <time>2026-02-28T10:57:23.000Z</time>
        <extensions>
          <ns3:TrackPointExtension>
            <ns3:hr>77</ns3:hr>
            <ns3:cad>57</ns3:cad>
          </ns3:TrackPointExtension>
        </extensions>
      </trkpt>
      <trkpt lat="46.0820203833281993865966796875" lon="11.15467672236263751983642578125">
        <ele>492.600006103515625</ele>
        <time>2026-02-28T10:57:25.000Z</time>
        <extensions>
          <ns3:TrackPointExtension>
            <ns3:hr>77</ns3:hr>
            <ns3:cad>57</ns3:cad>
          </ns3:TrackPointExtension>
        </extensions>
      </trkpt>
      <trkpt lat="46.08199615962803363800048828125" lon="11.1545963399112224578857421875">
        <ele>491.399993896484375</ele>
        <time>2026-02-28T10:57:30.000Z</time>
        <extensions>
          <ns3:TrackPointExtension>
            <ns3:hr>76</ns3:hr>
            <ns3:cad>56</ns3:cad>
          </ns3:TrackPointExtension>
        </extensions>
      </trkpt>
      <trkpt lat="46.0819923877716064453125" lon="11.154578067362308502197265625">
        <ele>491.20001220703125</ele>
        <time>2026-02-28T10:57:31.000Z</time>
        <extensions>
          <ns3:TrackPointExtension>
            <ns3:hr>77</ns3:hr>
            <ns3:cad>58</ns3:cad>
          </ns3:TrackPointExtension>
        </extensions>
      </trkpt>
      <trkpt lat="46.081973277032375335693359375" lon="11.15450606681406497955322265625">
        <ele>490.399993896484375</ele>
        <time>2026-02-28T10:57:35.000Z</time>
        <extensions>
          <ns3:TrackPointExtension>
            <ns3:hr>78</ns3:hr>
            <ns3:cad>57</ns3:cad>
          </ns3:TrackPointExtension>
        </extensions>
      </trkpt>
      <trkpt lat="46.081957183778285980224609375" lon="11.1544179730117321014404296875">
        <ele>489.20001220703125</ele>
        <time>2026-02-28T10:57:40.000Z</time>
        <extensions>
          <ns3:TrackPointExtension>
            <ns3:hr>79</ns3:hr>
            <ns3:cad>57</ns3:cad>
          </ns3:TrackPointExtension>
        </extensions>
      </trkpt>
      <trkpt lat="46.0819513164460659027099609375" lon="11.1543502472341060638427734375">
        <ele>488</ele>
        <time>2026-02-28T10:57:45.000Z</time>
        <extensions>
          <ns3:TrackPointExtension>
            <ns3:hr>79</ns3:hr>
            <ns3:cad>59</ns3:cad>
          </ns3:TrackPointExtension>
        </extensions>
      </trkpt>
      <trkpt lat="46.0819536633789539337158203125" lon="11.15432652644813060760498046875">
        <ele>487.600006103515625</ele>
        <time>2026-02-28T10:57:47.000Z</time>
        <extensions>
          <ns3:TrackPointExtension>
            <ns3:hr>79</ns3:hr>
            <ns3:cad>59</ns3:cad>
          </ns3:TrackPointExtension>
        </extensions>
      </trkpt>
      <trkpt lat="46.08195341192185878753662109375" lon="11.15431395359337329864501953125">
        <ele>487.399993896484375</ele>
        <time>2026-02-28T10:57:48.000Z</time>
        <extensions>
          <ns3:TrackPointExtension>
            <ns3:hr>79</ns3:hr>
            <ns3:cad>58</ns3:cad>
          </ns3:TrackPointExtension>
        </extensions>
      </trkpt>
      <trkpt lat="46.08195148408412933349609375" lon="11.1542825214564800262451171875">
        <ele>487</ele>
        <time>2026-02-28T10:57:50.000Z</time>
        <extensions>
          <ns3:TrackPointExtension>
            <ns3:hr>80</ns3:hr>
            <ns3:cad>58</ns3:cad>
          </ns3:TrackPointExtension>
        </extensions>
      </trkpt>
      <trkpt lat="46.08194301836192607879638671875" lon="11.154183112084865570068359375">
        <ele>486</ele>
        <time>2026-02-28T10:57:56.000Z</time>
        <extensions>
          <ns3:TrackPointExtension>
            <ns3:hr>79</ns3:hr>
            <ns3:cad>57</ns3:cad>
          </ns3:TrackPointExtension>
        </extensions>
      </trkpt>
      <trkpt lat="46.0819412581622600555419921875" lon="11.15416668355464935302734375">
        <ele>485.79998779296875</ele>
        <time>2026-02-28T10:57:57.000Z</time>
        <extensions>
          <ns3:TrackPointExtension>
            <ns3:hr>79</ns3:hr>
            <ns3:cad>57</ns3:cad>
          </ns3:TrackPointExtension>
        </extensions>
      </trkpt>
      <trkpt lat="46.08189859427511692047119140625" lon="11.15404824726283550262451171875">
        <ele>484.79998779296875</ele>
        <time>2026-02-28T10:58:05.000Z</time>
        <extensions>
          <ns3:TrackPointExtension>
            <ns3:hr>78</ns3:hr>
            <ns3:cad>55</ns3:cad>
          </ns3:TrackPointExtension>
        </extensions>
      </trkpt>
      <trkpt lat="46.08185400255024433135986328125" lon="11.153985969722270965576171875">
        <ele>483.79998779296875</ele>
        <time>2026-02-28T10:58:11.000Z</time>
        <extensions>
          <ns3:TrackPointExtension>
            <ns3:hr>79</ns3:hr>
            <ns3:cad>57</ns3:cad>
          </ns3:TrackPointExtension>
        </extensions>
      </trkpt>
      <trkpt lat="46.08184528537094593048095703125" lon="11.15393894724547863006591796875">
        <ele>483.399993896484375</ele>
        <time>2026-02-28T10:58:13.000Z</time>
        <extensions>
          <ns3:TrackPointExtension>
            <ns3:hr>79</ns3:hr>
            <ns3:cad>58</ns3:cad>
          </ns3:TrackPointExtension>
        </extensions>
      </trkpt>
      <trkpt lat="46.0818383283913135528564453125" lon="11.15387289784848690032958984375">
        <ele>483</ele>
        <time>2026-02-28T10:58:16.000Z</time>
        <extensions>
          <ns3:TrackPointExtension>
            <ns3:hr>76</ns3:hr>
            <ns3:cad>55</ns3:cad>
          </ns3:TrackPointExtension>
        </extensions>
      </trkpt>
      <trkpt lat="46.08183137141168117523193359375" lon="11.15382931195199489593505859375">
        <ele>482.600006103515625</ele>
        <time>2026-02-28T10:58:18.000Z</time>
        <extensions>
          <ns3:TrackPointExtension>
            <ns3:hr>76</ns3:hr>
            <ns3:cad>55</ns3:cad>
          </ns3:TrackPointExtension>
        </extensions>
      </trkpt>
      <trkpt lat="46.0818041302263736724853515625" lon="11.15378337912261486053466796875">
        <ele>481.79998779296875</ele>
        <time>2026-02-28T10:58:22.000Z</time>
        <extensions>
          <ns3:TrackPointExtension>
            <ns3:hr>75</ns3:hr>
            <ns3:cad>56</ns3:cad>
          </ns3:TrackPointExtension>
        </extensions>
      </trkpt>
      <trkpt lat="46.081796921789646148681640625" lon="11.1537797749042510986328125">
        <ele>481.600006103515625</ele>
        <time>2026-02-28T10:58:23.000Z</time>
        <extensions>
          <ns3:TrackPointExtension>
            <ns3:hr>74</ns3:hr>
            <ns3:cad>57</ns3:cad>
          </ns3:TrackPointExtension>
        </extensions>
      </trkpt>
      <trkpt lat="46.08177806250751018524169921875" lon="11.15378136746585369110107421875">
        <ele>481.20001220703125</ele>
        <time>2026-02-28T10:58:25.000Z</time>
        <extensions>
          <ns3:TrackPointExtension>
            <ns3:hr>74</ns3:hr>
            <ns3:cad>57</ns3:cad>
          </ns3:TrackPointExtension>
        </extensions>
      </trkpt>
      <trkpt lat="46.0817199759185314178466796875" lon="11.1538173258304595947265625">
        <ele>481</ele>
        <time>2026-02-28T10:58:29.000Z</time>
        <extensions>
          <ns3:TrackPointExtension>
            <ns3:hr>73</ns3:hr>
            <ns3:cad>57</ns3:cad>
          </ns3:TrackPointExtension>
        </extensions>
      </trkpt>
      <trkpt lat="46.08169474638998508453369140625" lon="11.153902821242809295654296875">
        <ele>481.20001220703125</ele>
        <time>2026-02-28T10:58:36.000Z</time>
        <extensions>
          <ns3:TrackPointExtension>
            <ns3:hr>73</ns3:hr>
            <ns3:cad>54</ns3:cad>
          </ns3:TrackPointExtension>
        </extensions>
      </trkpt>
      <trkpt lat="46.08166624791920185089111328125" lon="11.15402108989655971527099609375">
        <ele>481</ele>
        <time>2026-02-28T10:58:43.000Z</time>
        <extensions>
          <ns3:TrackPointExtension>
            <ns3:hr>72</ns3:hr>
            <ns3:cad>55</ns3:cad>
          </ns3:TrackPointExtension>
        </extensions>
      </trkpt>
      <trkpt lat="46.081622578203678131103515625" lon="11.15410189144313335418701171875">
        <ele>481</ele>
        <time>2026-02-28T10:58:49.000Z</time>
        <extensions>
          <ns3:TrackPointExtension>
            <ns3:hr>72</ns3:hr>
            <ns3:cad>55</ns3:cad>
          </ns3:TrackPointExtension>
        </extensions>
      </trkpt>
      <trkpt lat="46.081592738628387451171875" lon="11.15417481400072574615478515625">
        <ele>480.79998779296875</ele>
        <time>2026-02-28T10:58:55.000Z</time>
        <extensions>
          <ns3:TrackPointExtension>
            <ns3:hr>73</ns3:hr>
            <ns3:cad>53</ns3:cad>
          </ns3:TrackPointExtension>
        </extensions>
      </trkpt>
      <trkpt lat="46.08155711553990840911865234375" lon="11.15426047705113887786865234375">
        <ele>480.600006103515625</ele>
        <time>2026-02-28T10:59:02.000Z</time>
        <extensions>
          <ns3:TrackPointExtension>
            <ns3:hr>71</ns3:hr>
            <ns3:cad>51</ns3:cad>
          </ns3:TrackPointExtension>
        </extensions>
      </trkpt>
      <trkpt lat="46.08149374835193157196044921875" lon="11.15436038933694362640380859375">
        <ele>480.20001220703125</ele>
        <time>2026-02-28T10:59:09.000Z</time>
        <extensions>
          <ns3:TrackPointExtension>
            <ns3:hr>72</ns3:hr>
            <ns3:cad>59</ns3:cad>
          </ns3:TrackPointExtension>
        </extensions>
      </trkpt>
      <trkpt lat="46.08146290294826030731201171875" lon="11.15442015230655670166015625">
        <ele>480.79998779296875</ele>
        <time>2026-02-28T10:59:14.000Z</time>
        <extensions>
          <ns3:TrackPointExtension>
            <ns3:hr>75</ns3:hr>
            <ns3:cad>55</ns3:cad>
          </ns3:TrackPointExtension>
        </extensions>
      </trkpt>
      <trkpt lat="46.0814116895198822021484375" lon="11.1544659174978733062744140625">
        <ele>481.399993896484375</ele>
        <time>2026-02-28T10:59:20.000Z</time>
        <extensions>
          <ns3:TrackPointExtension>
            <ns3:hr>76</ns3:hr>
            <ns3:cad>43</ns3:cad>
          </ns3:TrackPointExtension>
        </extensions>
      </trkpt>
      <trkpt lat="46.08134337700903415679931640625" lon="11.1544612236320972442626953125">
        <ele>481.20001220703125</ele>
        <time>2026-02-28T10:59:26.000Z</time>
        <extensions>
          <ns3:TrackPointExtension>
            <ns3:hr>78</ns3:hr>
            <ns3:cad>54</ns3:cad>
          </ns3:TrackPointExtension>
        </extensions>
      </trkpt>
      <trkpt lat="46.08131823129951953887939453125" lon="11.1544927395880222320556640625">
        <ele>481</ele>
        <time>2026-02-28T10:59:28.000Z</time>
        <extensions>
          <ns3:TrackPointExtension>
            <ns3:hr>79</ns3:hr>
            <ns3:cad>50</ns3:cad>
          </ns3:TrackPointExtension>
        </extensions>
      </trkpt>
      <trkpt lat="46.08130884356796741485595703125" lon="11.1545507423579692840576171875">
        <ele>480.79998779296875</ele>
        <time>2026-02-28T10:59:31.000Z</time>
        <extensions>
          <ns3:TrackPointExtension>
            <ns3:hr>80</ns3:hr>
            <ns3:cad>49</ns3:cad>
          </ns3:TrackPointExtension>
        </extensions>
      </trkpt>
      <trkpt lat="46.08129861764609813690185546875" lon="11.1546322144567966461181640625">
        <ele>480.20001220703125</ele>
        <time>2026-02-28T10:59:37.000Z</time>
        <extensions>
          <ns3:TrackPointExtension>
            <ns3:hr>79</ns3:hr>
            <ns3:cad>55</ns3:cad>
          </ns3:TrackPointExtension>
        </extensions>
      </trkpt>
      <trkpt lat="46.08129694126546382904052734375" lon="11.15471829660236835479736328125">
        <ele>480</ele>
        <time>2026-02-28T10:59:43.000Z</time>
        <extensions>
          <ns3:TrackPointExtension>
            <ns3:hr>81</ns3:hr>
            <ns3:cad>52</ns3:cad>
          </ns3:TrackPointExtension>
        </extensions>
      </trkpt>
      <trkpt lat="46.0813236795365810394287109375" lon="11.154811084270477294921875">
        <ele>479.600006103515625</ele>
        <time>2026-02-28T10:59:50.000Z</time>
        <extensions>
          <ns3:TrackPointExtension>
            <ns3:hr>83</ns3:hr>
            <ns3:cad>52</ns3:cad>
          </ns3:TrackPointExtension>
        </extensions>
      </trkpt>
      <trkpt lat="46.08134404756128787994384765625" lon="11.1548541672527790069580078125">
        <ele>479.399993896484375</ele>
        <time>2026-02-28T10:59:53.000Z</time>
        <extensions>
          <ns3:TrackPointExtension>
            <ns3:hr>82</ns3:hr>
            <ns3:cad>53</ns3:cad>
          </ns3:TrackPointExtension>
        </extensions>
      </trkpt>
      <trkpt lat="46.08138277195394039154052734375" lon="11.15493647754192352294921875">
        <ele>479.600006103515625</ele>
        <time>2026-02-28T10:59:59.000Z</time>
        <extensions>
          <ns3:TrackPointExtension>
            <ns3:hr>83</ns3:hr>
            <ns3:cad>56</ns3:cad>
          </ns3:TrackPointExtension>
        </extensions>
      </trkpt>
      <trkpt lat="46.08140624128282070159912109375" lon="11.1550600267946720123291015625">
        <ele>479.20001220703125</ele>
        <time>2026-02-28T11:00:06.000Z</time>
        <extensions>
          <ns3:TrackPointExtension>
            <ns3:hr>85</ns3:hr>
            <ns3:cad>55</ns3:cad>
          </ns3:TrackPointExtension>
        </extensions>
      </trkpt>
      <trkpt lat="46.0814202390611171722412109375" lon="11.155156083405017852783203125">
        <ele>479</ele>
        <time>2026-02-28T11:00:12.000Z</time>
        <extensions>
          <ns3:TrackPointExtension>
            <ns3:hr>82</ns3:hr>
            <ns3:cad>55</ns3:cad>
          </ns3:TrackPointExtension>
        </extensions>
      </trkpt>
      <trkpt lat="46.08142551966011524200439453125" lon="11.15518391132354736328125">
        <ele>479</ele>
        <time>2026-02-28T11:00:14.000Z</time>
        <extensions>
          <ns3:TrackPointExtension>
            <ns3:hr>81</ns3:hr>
            <ns3:cad>57</ns3:cad>
          </ns3:TrackPointExtension>
        </extensions>
      </trkpt>
      <trkpt lat="46.081458963453769683837890625" lon="11.15530502982437610626220703125">
        <ele>478.79998779296875</ele>
        <time>2026-02-28T11:00:21.000Z</time>
        <extensions>
          <ns3:TrackPointExtension>
            <ns3:hr>81</ns3:hr>
            <ns3:cad>55</ns3:cad>
          </ns3:TrackPointExtension>
        </extensions>
      </trkpt>
      <trkpt lat="46.08148721046745777130126953125" lon="11.15542329847812652587890625">
        <ele>478.600006103515625</ele>
        <time>2026-02-28T11:00:28.000Z</time>
        <extensions>
          <ns3:TrackPointExtension>
            <ns3:hr>80</ns3:hr>
            <ns3:cad>57</ns3:cad>
          </ns3:TrackPointExtension>
        </extensions>
      </trkpt>
      <trkpt lat="46.08149039559066295623779296875" lon="11.155530251562595367431640625">
        <ele>478.399993896484375</ele>
        <time>2026-02-28T11:00:33.000Z</time>
        <extensions>
          <ns3:TrackPointExtension>
            <ns3:hr>80</ns3:hr>
            <ns3:cad>56</ns3:cad>
          </ns3:TrackPointExtension>
        </extensions>
      </trkpt>
      <trkpt lat="46.081488132476806640625" lon="11.15554760210216045379638671875">
        <ele>478.399993896484375</ele>
        <time>2026-02-28T11:00:34.000Z</time>
        <extensions>
          <ns3:TrackPointExtension>
            <ns3:hr>80</ns3:hr>
            <ns3:cad>56</ns3:cad>
          </ns3:TrackPointExtension>
        </extensions>
      </trkpt>
      <trkpt lat="46.0814852826297283172607421875" lon="11.155635528266429901123046875">
        <ele>478</ele>
        <time>2026-02-28T11:00:40.000Z</time>
        <extensions>
          <ns3:TrackPointExtension>
            <ns3:hr>79</ns3:hr>
            <ns3:cad>56</ns3:cad>
          </ns3:TrackPointExtension>
        </extensions>
      </trkpt>
      <trkpt lat="46.0814769007265567779541015625" lon="11.1558029986917972564697265625">
        <ele>477.399993896484375</ele>
        <time>2026-02-28T11:00:48.000Z</time>
        <extensions>
          <ns3:TrackPointExtension>
            <ns3:hr>79</ns3:hr>
            <ns3:cad>57</ns3:cad>
          </ns3:TrackPointExtension>
        </extensions>
      </trkpt>
      <trkpt lat="46.08146659098565578460693359375" lon="11.15582152269780635833740234375">
        <ele>477.399993896484375</ele>
        <time>2026-02-28T11:00:49.000Z</time>
        <extensions>
          <ns3:TrackPointExtension>
            <ns3:hr>79</ns3:hr>
            <ns3:cad>57</ns3:cad>
          </ns3:TrackPointExtension>
        </extensions>
      </trkpt>
      <trkpt lat="46.08139081858098506927490234375" lon="11.15588958375155925750732421875">
        <ele>476.79998779296875</ele>
        <time>2026-02-28T11:00:55.000Z</time>
        <extensions>
          <ns3:TrackPointExtension>
            <ns3:hr>78</ns3:hr>
            <ns3:cad>57</ns3:cad>
          </ns3:TrackPointExtension>
        </extensions>
      </trkpt>
      <trkpt lat="46.081357039511203765869140625" lon="11.15594473667442798614501953125">
        <ele>476.399993896484375</ele>
        <time>2026-02-28T11:01:00.000Z</time>
        <extensions>
          <ns3:TrackPointExtension>
            <ns3:hr>76</ns3:hr>
            <ns3:cad>56</ns3:cad>
          </ns3:TrackPointExtension>
        </extensions>
      </trkpt>
      <trkpt lat="46.08132460154592990875244140625" lon="11.1560091935098171234130859375">
        <ele>476.20001220703125</ele>
        <time>2026-02-28T11:01:04.000Z</time>
        <extensions>
          <ns3:TrackPointExtension>
            <ns3:hr>76</ns3:hr>
            <ns3:cad>57</ns3:cad>
          </ns3:TrackPointExtension>
        </extensions>
      </trkpt>
      <trkpt lat="46.0812841169536113739013671875" lon="11.15609326399862766265869140625">
        <ele>475.600006103515625</ele>
        <time>2026-02-28T11:01:12.000Z</time>
        <extensions>
          <ns3:TrackPointExtension>
            <ns3:hr>76</ns3:hr>
            <ns3:cad>53</ns3:cad>
          </ns3:TrackPointExtension>
        </extensions>
      </trkpt>
      <trkpt lat="46.0812777467072010040283203125" lon="11.15610650740563869476318359375">
        <ele>475.399993896484375</ele>
        <time>2026-02-28T11:01:13.000Z</time>
        <extensions>
          <ns3:TrackPointExtension>
            <ns3:hr>77</ns3:hr>
            <ns3:cad>53</ns3:cad>
          </ns3:TrackPointExtension>
        </extensions>
      </trkpt>
      <trkpt lat="46.0812291316688060760498046875" lon="11.15619552321732044219970703125">
        <ele>474.79998779296875</ele>
        <time>2026-02-28T11:01:19.000Z</time>
        <extensions>
          <ns3:TrackPointExtension>
            <ns3:hr>78</ns3:hr>
            <ns3:cad>53</ns3:cad>
          </ns3:TrackPointExtension>
        </extensions>
      </trkpt>
      <trkpt lat="46.081188060343265533447265625" lon="11.156293340027332305908203125">
        <ele>474.399993896484375</ele>
        <time>2026-02-28T11:01:27.000Z</time>
        <extensions>
          <ns3:TrackPointExtension>
            <ns3:hr>80</ns3:hr>
            <ns3:cad>56</ns3:cad>
          </ns3:TrackPointExtension>
        </extensions>
      </trkpt>
      <trkpt lat="46.081178002059459686279296875" lon="11.156346984207630157470703125">
        <ele>474.20001220703125</ele>
        <time>2026-02-28T11:01:30.000Z</time>
        <extensions>
          <ns3:TrackPointExtension>
            <ns3:hr>81</ns3:hr>
            <ns3:cad>55</ns3:cad>
          </ns3:TrackPointExtension>
        </extensions>
      </trkpt>
      <trkpt lat="46.081177331507205963134765625" lon="11.15643893368542194366455078125">
        <ele>473.600006103515625</ele>
        <time>2026-02-28T11:01:35.000Z</time>
        <extensions>
          <ns3:TrackPointExtension>
            <ns3:hr>80</ns3:hr>
            <ns3:cad>56</ns3:cad>
          </ns3:TrackPointExtension>
        </extensions>
      </trkpt>
      <trkpt lat="46.081168949604034423828125" lon="11.15647346712648868560791015625">
        <ele>473.600006103515625</ele>
        <time>2026-02-28T11:01:37.000Z</time>
        <extensions>
          <ns3:TrackPointExtension>
            <ns3:hr>81</ns3:hr>
            <ns3:cad>58</ns3:cad>
          </ns3:TrackPointExtension>
        </extensions>
      </trkpt>
      <trkpt lat="46.081144809722900390625" lon="11.1565355770289897918701171875">
        <ele>473.399993896484375</ele>
        <time>2026-02-28T11:01:41.000Z</time>
        <extensions>
          <ns3:TrackPointExtension>
            <ns3:hr>80</ns3:hr>
            <ns3:cad>55</ns3:cad>
          </ns3:TrackPointExtension>
        </extensions>
      </trkpt>
      <trkpt lat="46.08111086301505565643310546875" lon="11.1565912328660488128662109375">
        <ele>473.20001220703125</ele>
        <time>2026-02-28T11:01:45.000Z</time>
        <extensions>
          <ns3:TrackPointExtension>
            <ns3:hr>81</ns3:hr>
            <ns3:cad>55</ns3:cad>
          </ns3:TrackPointExtension>
        </extensions>
      </trkpt>
      <trkpt lat="46.0810839571058750152587890625" lon="11.15665870718657970428466796875">
        <ele>472.79998779296875</ele>
        <time>2026-02-28T11:01:50.000Z</time>
        <extensions>
          <ns3:TrackPointExtension>
            <ns3:hr>81</ns3:hr>
            <ns3:cad>57</ns3:cad>
          </ns3:TrackPointExtension>
        </extensions>
      </trkpt>
      <trkpt lat="46.08102704398334026336669921875" lon="11.15675644017755985260009765625">
        <ele>472.399993896484375</ele>
        <time>2026-02-28T11:01:57.000Z</time>
        <extensions>
          <ns3:TrackPointExtension>
            <ns3:hr>80</ns3:hr>
            <ns3:cad>55</ns3:cad>
          </ns3:TrackPointExtension>
        </extensions>
      </trkpt>
      <trkpt lat="46.08097407035529613494873046875" lon="11.15684763528406620025634765625">
        <ele>472.20001220703125</ele>
        <time>2026-02-28T11:02:03.000Z</time>
        <extensions>
          <ns3:TrackPointExtension>
            <ns3:hr>79</ns3:hr>
            <ns3:cad>57</ns3:cad>
          </ns3:TrackPointExtension>
        </extensions>
      </trkpt>
      <trkpt lat="46.08096652664244174957275390625" lon="11.1568601243197917938232421875">
        <ele>472.20001220703125</ele>
        <time>2026-02-28T11:02:04.000Z</time>
        <extensions>
          <ns3:TrackPointExtension>
            <ns3:hr>78</ns3:hr>
            <ns3:cad>56</ns3:cad>
          </ns3:TrackPointExtension>
        </extensions>
      </trkpt>
      <trkpt lat="46.0809535346925258636474609375" lon="11.1569120921194553375244140625">
        <ele>472</ele>
        <time>2026-02-28T11:02:08.000Z</time>
        <extensions>
          <ns3:TrackPointExtension>
            <ns3:hr>76</ns3:hr>
            <ns3:cad>55</ns3:cad>
          </ns3:TrackPointExtension>
        </extensions>
      </trkpt>
      <trkpt lat="46.0809491761028766632080078125" lon="11.1569462902843952178955078125">
        <ele>471.600006103515625</ele>
        <time>2026-02-28T11:02:10.000Z</time>
        <extensions>
          <ns3:TrackPointExtension>
            <ns3:hr>76</ns3:hr>
            <ns3:cad>56</ns3:cad>
          </ns3:TrackPointExtension>
        </extensions>
      </trkpt>
      <trkpt lat="46.0809139721095561981201171875" lon="11.15705676376819610595703125">
        <ele>471.399993896484375</ele>
        <time>2026-02-28T11:02:16.000Z</time>
        <extensions>
          <ns3:TrackPointExtension>
            <ns3:hr>76</ns3:hr>
            <ns3:cad>57</ns3:cad>
          </ns3:TrackPointExtension>
        </extensions>
      </trkpt>
      <trkpt lat="46.080902405083179473876953125" lon="11.1570976674556732177734375">
        <ele>471.20001220703125</ele>
        <time>2026-02-28T11:02:18.000Z</time>
        <extensions>
          <ns3:TrackPointExtension>
            <ns3:hr>76</ns3:hr>
            <ns3:cad>58</ns3:cad>
          </ns3:TrackPointExtension>
        </extensions>
      </trkpt>
      <trkpt lat="46.0808945260941982269287109375" lon="11.15716698579490184783935546875">
        <ele>470.600006103515625</ele>
        <time>2026-02-28T11:02:22.000Z</time>
        <extensions>
          <ns3:TrackPointExtension>
            <ns3:hr>77</ns3:hr>
            <ns3:cad>58</ns3:cad>
          </ns3:TrackPointExtension>
        </extensions>
      </trkpt>
      <trkpt lat="46.08089326880872249603271484375" lon="11.15723504684865474700927734375">
        <ele>470</ele>
        <time>2026-02-28T11:02:26.000Z</time>
        <extensions>
          <ns3:TrackPointExtension>
            <ns3:hr>77</ns3:hr>
            <ns3:cad>57</ns3:cad>
          </ns3:TrackPointExtension>
        </extensions>
      </trkpt>
      <trkpt lat="46.0808962024748325347900390625" lon="11.1572872661054134368896484375">
        <ele>469.600006103515625</ele>
        <time>2026-02-28T11:02:30.000Z</time>
        <extensions>
          <ns3:TrackPointExtension>
            <ns3:hr>78</ns3:hr>
            <ns3:cad>58</ns3:cad>
          </ns3:TrackPointExtension>
        </extensions>
      </trkpt>
      <trkpt lat="46.08090014196932315826416015625" lon="11.15733931772410869598388671875">
        <ele>469.20001220703125</ele>
        <time>2026-02-28T11:02:33.000Z</time>
        <extensions>
          <ns3:TrackPointExtension>
            <ns3:hr>81</ns3:hr>
            <ns3:cad>57</ns3:cad>
          </ns3:TrackPointExtension>
        </extensions>
      </trkpt>
      <trkpt lat="46.0809032432734966278076171875" lon="11.15737871266901493072509765625">
        <ele>469</ele>
        <time>2026-02-28T11:02:35.000Z</time>
        <extensions>
          <ns3:TrackPointExtension>
            <ns3:hr>82</ns3:hr>
            <ns3:cad>57</ns3:cad>
          </ns3:TrackPointExtension>
        </extensions>
      </trkpt>
      <trkpt lat="46.08090139925479888916015625" lon="11.15739916451275348663330078125">
        <ele>468.79998779296875</ele>
        <time>2026-02-28T11:02:36.000Z</time>
        <extensions>
          <ns3:TrackPointExtension>
            <ns3:hr>82</ns3:hr>
            <ns3:cad>57</ns3:cad>
          </ns3:TrackPointExtension>
        </extensions>
      </trkpt>
      <trkpt lat="46.08086829073727130889892578125" lon="11.15754098631441593170166015625">
        <ele>468.399993896484375</ele>
        <time>2026-02-28T11:02:43.000Z</time>
        <extensions>
          <ns3:TrackPointExtension>
            <ns3:hr>83</ns3:hr>
            <ns3:cad>57</ns3:cad>
          </ns3:TrackPointExtension>
        </extensions>
      </trkpt>
      <trkpt lat="46.0808757506310939788818359375" lon="11.1576010845601558685302734375">
        <ele>468</ele>
        <time>2026-02-28T11:02:47.000Z</time>
        <extensions>
          <ns3:TrackPointExtension>
            <ns3:hr>82</ns3:hr>
            <ns3:cad>55</ns3:cad>
          </ns3:TrackPointExtension>
        </extensions>
      </trkpt>
      <trkpt lat="46.08088203705847263336181640625" lon="11.157632432878017425537109375">
        <ele>467.79998779296875</ele>
        <time>2026-02-28T11:02:49.000Z</time>
        <extensions>
          <ns3:TrackPointExtension>
            <ns3:hr>82</ns3:hr>
            <ns3:cad>55</ns3:cad>
          </ns3:TrackPointExtension>
        </extensions>
      </trkpt>
      <trkpt lat="46.08088404871523380279541015625" lon="11.15775413811206817626953125">
        <ele>467.20001220703125</ele>
        <time>2026-02-28T11:02:56.000Z</time>
        <extensions>
          <ns3:TrackPointExtension>
            <ns3:hr>84</ns3:hr>
            <ns3:cad>55</ns3:cad>
          </ns3:TrackPointExtension>
        </extensions>
      </trkpt>
      <trkpt lat="46.0808754153549671173095703125" lon="11.1577995680272579193115234375">
        <ele>466.79998779296875</ele>
        <time>2026-02-28T11:02:59.000Z</time>
        <extensions>
          <ns3:TrackPointExtension>
            <ns3:hr>84</ns3:hr>
            <ns3:cad>55</ns3:cad>
          </ns3:TrackPointExtension>
        </extensions>
      </trkpt>
      <trkpt lat="46.0808680392801761627197265625" lon="11.15788154304027557373046875">
        <ele>466.20001220703125</ele>
        <time>2026-02-28T11:03:05.000Z</time>
        <extensions>
          <ns3:TrackPointExtension>
            <ns3:hr>84</ns3:hr>
            <ns3:cad>57</ns3:cad>
          </ns3:TrackPointExtension>
        </extensions>
      </trkpt>
      <trkpt lat="46.08085873536765575408935546875" lon="11.15795019082725048065185546875">
        <ele>465.79998779296875</ele>
        <time>2026-02-28T11:03:09.000Z</time>
        <extensions>
          <ns3:TrackPointExtension>
            <ns3:hr>84</ns3:hr>
            <ns3:cad>57</ns3:cad>
          </ns3:TrackPointExtension>
        </extensions>
      </trkpt>
      <trkpt lat="46.0808485932648181915283203125" lon="11.15800919942557811737060546875">
        <ele>465.600006103515625</ele>
        <time>2026-02-28T11:03:12.000Z</time>
        <extensions>
          <ns3:TrackPointExtension>
            <ns3:hr>83</ns3:hr>
            <ns3:cad>57</ns3:cad>
          </ns3:TrackPointExtension>
        </extensions>
      </trkpt>
      <trkpt lat="46.080846749246120452880859375" lon="11.1581643484532833099365234375">
        <ele>464.79998779296875</ele>
        <time>2026-02-28T11:03:20.000Z</time>
        <extensions>
          <ns3:TrackPointExtension>
            <ns3:hr>82</ns3:hr>
            <ns3:cad>56</ns3:cad>
          </ns3:TrackPointExtension>
        </extensions>
      </trkpt>
      <trkpt lat="46.0808485932648181915283203125" lon="11.1581804417073726654052734375">
        <ele>464.79998779296875</ele>
        <time>2026-02-28T11:03:21.000Z</time>
        <extensions>
          <ns3:TrackPointExtension>
            <ns3:hr>82</ns3:hr>
            <ns3:cad>56</ns3:cad>
          </ns3:TrackPointExtension>
        </extensions>
      </trkpt>
      <trkpt lat="46.0808495990931987762451171875" lon="11.15819477476179599761962890625">
        <ele>464.600006103515625</ele>
        <time>2026-02-28T11:03:22.000Z</time>
        <extensions>
          <ns3:TrackPointExtension>
            <ns3:hr>82</ns3:hr>
            <ns3:cad>56</ns3:cad>
          </ns3:TrackPointExtension>
        </extensions>
      </trkpt>
    </trkseg>
  </trk>
</gpx>
